attempt_record,case_id,cell_key,data_movement_bytes,k,l2_hit_rate,makespan_cycles,problem,status,verified_success
E:\HWCupA2026\derived\production\case_001\REF1\attempt_record.json,case_001,case_001/REF1,0,1,,233110,REF,SUCCESS,True
E:\HWCupA2026\derived\production\case_001\A2\attempt_record.json,case_001,case_001/A2,1152,2,,116868,A,SUCCESS,True
E:\HWCupA2026\derived\production\case_001\A3\attempt_record.json,case_001,case_001/A3,2304,3,,78545,A,SUCCESS,True
E:\HWCupA2026\derived\production\case_001\A4\attempt_record.json,case_001,case_001/A4,3456,4,,58984,A,SUCCESS,True
E:\HWCupA2026\derived\production\case_001\A5\attempt_record.json,case_001,case_001/A5,4608,5,,47502,A,SUCCESS,True
E:\HWCupA2026\derived\production\case_001\B1\attempt_record.json,case_001,case_001/B1,0,1,,233110,B,SUCCESS,True
E:\HWCupA2026\derived\production\case_001\B2\attempt_record.json,case_001,case_001/B2,1152,2,,116868,B,SUCCESS,True
E:\HWCupA2026\derived\production\case_001\B3\attempt_record.json,case_001,case_001/B3,2304,3,,78545,B,SUCCESS,True
E:\HWCupA2026\derived\production\case_001\B4\attempt_record.json,case_001,case_001/B4,3456,4,,58984,B,SUCCESS,True
E:\HWCupA2026\derived\production\case_001\B5\attempt_record.json,case_001,case_001/B5,4608,5,,47502,B,SUCCESS,True
E:\HWCupA2026\derived\production\case_001\L21\attempt_record.json,case_001,case_001/L21,0,1,0.0,233110,L2,SUCCESS,True
E:\HWCupA2026\derived\production\case_001\L22\attempt_record.json,case_001,case_001/L22,1152,2,0.0,116868,L2,SUCCESS,True
E:\HWCupA2026\derived\production\case_001\L23\attempt_record.json,case_001,case_001/L23,2304,3,0.0,78545,L2,SUCCESS,True
E:\HWCupA2026\derived\production\case_001\L24\attempt_record.json,case_001,case_001/L24,3456,4,0.0,58984,L2,SUCCESS,True
E:\HWCupA2026\derived\production\case_001\L25\attempt_record.json,case_001,case_001/L25,4608,5,0.0,47502,L2,SUCCESS,True
E:\HWCupA2026\derived\production\case_002\REF1\attempt_record.json,case_002,case_002/REF1,0,1,,261945,REF,SUCCESS,True
E:\HWCupA2026\derived\production\case_002\A2\attempt_record.json,case_002,case_002/A2,1216512,2,,153854,A,SUCCESS,True
E:\HWCupA2026\derived\production\case_002\A3\attempt_record.json,case_002,case_002/A3,1216512,3,,110380,A,SUCCESS,True
E:\HWCupA2026\derived\production\case_002\A4\attempt_record.json,case_002,case_002/A4,1216512,4,,87733,A,SUCCESS,True
E:\HWCupA2026\derived\production\case_002\A5\attempt_record.json,case_002,case_002/A5,1216512,5,,75422,A,SUCCESS,True
E:\HWCupA2026\derived\production\case_002\B1\attempt_record.json,case_002,case_002/B1,402432,1,,270245,B,SUCCESS,True
E:\HWCupA2026\derived\production\case_002\B2\attempt_record.json,case_002,case_002/B2,602112,2,,140458,B,SUCCESS,True
E:\HWCupA2026\derived\production\case_002\B3\attempt_record.json,case_002,case_002/B3,801792,3,,97067,B,SUCCESS,True
E:\HWCupA2026\derived\production\case_002\B4\attempt_record.json,case_002,case_002/B4,755712,4,,75104,B,SUCCESS,True
E:\HWCupA2026\derived\production\case_002\B5\attempt_record.json,case_002,case_002/B5,967680,5,,62539,B,SUCCESS,True
E:\HWCupA2026\derived\production\case_002\L21\attempt_record.json,case_002,case_002/L21,402432,1,0.0,270245,L2,SUCCESS,True
E:\HWCupA2026\derived\production\case_002\L22\attempt_record.json,case_002,case_002/L22,602112,2,0.0,140458,L2,SUCCESS,True
E:\HWCupA2026\derived\production\case_002\L23\attempt_record.json,case_002,case_002/L23,801792,3,0.0,97067,L2,SUCCESS,True
E:\HWCupA2026\derived\production\case_002\L24\attempt_record.json,case_002,case_002/L24,755712,4,0.0,75104,L2,SUCCESS,True
E:\HWCupA2026\derived\production\case_002\L25\attempt_record.json,case_002,case_002/L25,967680,5,0.0,62539,L2,SUCCESS,True
E:\HWCupA2026\derived\production\case_003\REF1\attempt_record.json,case_003,case_003/REF1,0,1,,602212,REF,SUCCESS,True
E:\HWCupA2026\derived\production\case_003\A2\attempt_record.json,case_003,case_003/A2,13824314,2,,493374,A,SUCCESS,True
E:\HWCupA2026\derived\production\case_003\A3\attempt_record.json,case_003,case_003/A3,14174820,3,,409025,A,SUCCESS,True
E:\HWCupA2026\derived\production\case_003\A4\attempt_record.json,case_003,case_003/A4,15763728,4,,395533,A,SUCCESS,True
E:\HWCupA2026\derived\production\case_003\A5\attempt_record.json,case_003,case_003/A5,16859718,5,,407424,A,SUCCESS,True
E:\HWCupA2026\derived\production\case_003\B1\attempt_record.json,case_003,case_003/B1,0,1,,591726,B,SUCCESS,True
E:\HWCupA2026\derived\production\case_003\B2\attempt_record.json,case_003,case_003/B2,4913410,2,,362427,B,SUCCESS,True
E:\HWCupA2026\derived\production\case_003\B3\attempt_record.json,case_003,case_003/B3,6300084,3,,266269,B,SUCCESS,True
E:\HWCupA2026\derived\production\case_003\B4\attempt_record.json,case_003,case_003/B4,8939754,4,,249034,B,SUCCESS,True
E:\HWCupA2026\derived\production\case_003\B5\attempt_record.json,case_003,case_003/B5,10784224,5,,259650,B,SUCCESS,True
E:\HWCupA2026\derived\production\case_003\L21\attempt_record.json,case_003,case_003/L21,0,1,0.0,591726,L2,SUCCESS,True
E:\HWCupA2026\derived\production\case_003\L22\attempt_record.json,case_003,case_003/L22,4913410,2,0.09053784575457746,362188,L2,SUCCESS,True
E:\HWCupA2026\derived\production\case_003\L23\attempt_record.json,case_003,case_003/L23,6300084,3,0.16923490380464062,263603,L2,SUCCESS,True
E:\HWCupA2026\derived\production\case_003\L24\attempt_record.json,case_003,case_003/L24,8939754,4,0.33195578998014236,239221,L2,SUCCESS,True
E:\HWCupA2026\derived\production\case_003\L25\attempt_record.json,case_003,case_003/L25,10784224,5,0.3488235378088773,230599,L2,SUCCESS,True
E:\HWCupA2026\derived\production\case_004\REF1\attempt_record.json,case_004,case_004/REF1,0,1,,392357,REF,SUCCESS,True
E:\HWCupA2026\derived\production\case_004\A2\attempt_record.json,case_004,case_004/A2,6856704,2,,258308,A,SUCCESS,True
E:\HWCupA2026\derived\production\case_004\A3\attempt_record.json,case_004,case_004/A3,7041024,3,,195192,A,SUCCESS,True
E:\HWCupA2026\derived\production\case_004\A4\attempt_record.json,case_004,case_004/A4,7004160,4,,163817,A,SUCCESS,True
E:\HWCupA2026\derived\production\case_004\A5\attempt_record.json,case_004,case_004/A5,7262208,5,,155893,A,SUCCESS,True
E:\HWCupA2026\derived\production\case_004\B1\attempt_record.json,case_004,case_004/B1,4580352,1,,469341,B,SUCCESS,True
E:\HWCupA2026\derived\production\case_004\B2\attempt_record.json,case_004,case_004/B2,4064256,2,,237714,B,SUCCESS,True
E:\HWCupA2026\derived\production\case_004\B3\attempt_record.json,case_004,case_004/B3,3179520,3,,158619,B,SUCCESS,True
E:\HWCupA2026\derived\production\case_004\B4\attempt_record.json,case_004,case_004/B4,2651136,4,,116231,B,SUCCESS,True
E:\HWCupA2026\derived\production\case_004\B5\attempt_record.json,case_004,case_004/B5,2417664,5,,92812,B,SUCCESS,True
E:\HWCupA2026\derived\production\case_004\L21\attempt_record.json,case_004,case_004/L21,4580352,1,0.053388090349075976,468067,L2,SUCCESS,True
E:\HWCupA2026\derived\production\case_004\L22\attempt_record.json,case_004,case_004/L22,4064256,2,0.13758389261744966,234620,L2,SUCCESS,True
E:\HWCupA2026\derived\production\case_004\L23\attempt_record.json,case_004,case_004/L23,3179520,3,0.14682539682539683,158619,L2,SUCCESS,True
E:\HWCupA2026\derived\production\case_004\L24\attempt_record.json,case_004,case_004/L24,2651136,4,0.2033132530120482,114646,L2,SUCCESS,True
E:\HWCupA2026\derived\production\case_004\L25\attempt_record.json,case_004,case_004/L25,2417664,5,0.1661676646706587,92812,L2,SUCCESS,True
E:\HWCupA2026\derived\production\case_005\REF1\attempt_record.json,case_005,case_005/REF1,0,1,,95618,REF,SUCCESS,True
E:\HWCupA2026\derived\production\case_005\A2\attempt_record.json,case_005,case_005/A2,5165186,2,,130362,A,SUCCESS,True
E:\HWCupA2026\derived\production\case_005\A3\attempt_record.json,case_005,case_005/A3,5394454,3,,135516,A,SUCCESS,True
E:\HWCupA2026\derived\production\case_005\A4\attempt_record.json,case_005,case_005/A4,5844138,4,,136918,A,SUCCESS,True
E:\HWCupA2026\derived\production\case_005\A5\attempt_record.json,case_005,case_005/A5,5833406,5,,137915,A,SUCCESS,True
E:\HWCupA2026\derived\production\case_005\B1\attempt_record.json,case_005,case_005/B1,0,1,,92369,B,SUCCESS,True
E:\HWCupA2026\derived\production\case_005\B2\attempt_record.json,case_005,case_005/B2,2229894,2,,70165,B,SUCCESS,True
E:\HWCupA2026\derived\production\case_005\B3\attempt_record.json,case_005,case_005/B3,2755308,3,,68265,B,SUCCESS,True
E:\HWCupA2026\derived\production\case_005\B4\attempt_record.json,case_005,case_005/B4,2949042,4,,67722,B,SUCCESS,True
E:\HWCupA2026\derived\production\case_005\B5\attempt_record.json,case_005,case_005/B5,3300184,5,,72407,B,SUCCESS,True
E:\HWCupA2026\derived\production\case_005\L21\attempt_record.json,case_005,case_005/L21,0,1,0.0,92369,L2,SUCCESS,True
E:\HWCupA2026\derived\production\case_005\L22\attempt_record.json,case_005,case_005/L22,2229894,2,0.08513255852591438,70173,L2,SUCCESS,True
E:\HWCupA2026\derived\production\case_005\L23\attempt_record.json,case_005,case_005/L23,2755308,3,0.16672004027178963,66293,L2,SUCCESS,True
E:\HWCupA2026\derived\production\case_005\L24\attempt_record.json,case_005,case_005/L24,2949042,4,0.33643182911651615,61920,L2,SUCCESS,True
E:\HWCupA2026\derived\production\case_005\L25\attempt_record.json,case_005,case_005/L25,3300184,5,0.3598668380339424,63262,L2,SUCCESS,True
E:\HWCupA2026\derived\production\case_006\REF1\attempt_record.json,case_006,case_006/REF1,16400,1,,82837,REF,SUCCESS,True
E:\HWCupA2026\derived\production\case_006\A2\attempt_record.json,case_006,case_006/A2,1121026,2,,56272,A,SUCCESS,True
E:\HWCupA2026\derived\production\case_006\A3\attempt_record.json,case_006,case_006/A3,1238930,3,,45061,A,SUCCESS,True
E:\HWCupA2026\derived\production\case_006\A4\attempt_record.json,case_006,case_006/A4,1165728,4,,41876,A,SUCCESS,True
E:\HWCupA2026\derived\production\case_006\A5\attempt_record.json,case_006,case_006/A5,1268902,5,,40560,A,SUCCESS,True
E:\HWCupA2026\derived\production\case_006\B1\attempt_record.json,case_006,case_006/B1,55340,1,,82034,B,SUCCESS,True
E:\HWCupA2026\derived\production\case_006\B2\attempt_record.json,case_006,case_006/B2,695712,2,,43960,B,SUCCESS,True
E:\HWCupA2026\derived\production\case_006\B3\attempt_record.json,case_006,case_006/B3,966700,3,,35166,B,SUCCESS,True
E:\HWCupA2026\derived\production\case_006\B4\attempt_record.json,case_006,case_006/B4,986836,4,,31644,B,SUCCESS,True
E:\HWCupA2026\derived\production\case_006\B5\attempt_record.json,case_006,case_006/B5,1104428,5,,32115,B,SUCCESS,True
E:\HWCupA2026\derived\production\case_006\L21\attempt_record.json,case_006,case_006/L21,55340,1,0.03523901619824699,81747,L2,SUCCESS,True
E:\HWCupA2026\derived\production\case_006\L22\attempt_record.json,case_006,case_006/L22,695712,2,0.31198487882979864,43752,L2,SUCCESS,True
E:\HWCupA2026\derived\production\case_006\L23\attempt_record.json,case_006,case_006/L23,966700,3,0.36138686340474424,33290,L2,SUCCESS,True
E:\HWCupA2026\derived\production\case_006\L24\attempt_record.json,case_006,case_006/L24,986836,4,0.3592017458655532,27184,L2,SUCCESS,True
E:\HWCupA2026\derived\production\case_006\L25\attempt_record.json,case_006,case_006/L25,1104428,5,0.3440215106244726,27618,L2,SUCCESS,True
E:\HWCupA2026\derived\production\case_007\REF1\attempt_record.json,case_007,case_007/REF1,0,1,,1012562,REF,SUCCESS,True
E:\HWCupA2026\derived\production\case_007\A2\attempt_record.json,case_007,case_007/A2,17058816,2,,687612,A,SUCCESS,True
E:\HWCupA2026\derived\production\case_007\A3\attempt_record.json,case_007,case_007/A3,17104896,3,,490248,A,SUCCESS,True
E:\HWCupA2026\derived\production\case_007\A4\attempt_record.json,case_007,case_007/A4,17095680,4,,405394,A,SUCCESS,True
E:\HWCupA2026\derived\production\case_007\A5\attempt_record.json,case_007,case_007/A5,17160192,5,,364772,A,SUCCESS,True
E:\HWCupA2026\derived\production\case_007\B1\attempt_record.json,case_007,case_007/B1,14163456,1,,1371060,B,SUCCESS,True
E:\HWCupA2026\derived\production\case_007\B2\attempt_record.json,case_007,case_007/B2,13986816,2,,706597,B,SUCCESS,True
E:\HWCupA2026\derived\production\case_007\B3\attempt_record.json,case_007,case_007/B3,10967040,3,,518832,B,SUCCESS,True
E:\HWCupA2026\derived\production\case_007\B4\attempt_record.json,case_007,case_007/B4,11172864,4,,368809,B,SUCCESS,True
E:\HWCupA2026\derived\production\case_007\B5\attempt_record.json,case_007,case_007/B5,8681472,5,,334420,B,SUCCESS,True
E:\HWCupA2026\derived\production\case_007\L21\attempt_record.json,case_007,case_007/L21,14163456,1,0.0,1371060,L2,SUCCESS,True
E:\HWCupA2026\derived\production\case_007\L22\attempt_record.json,case_007,case_007/L22,13986816,2,0.1035768774368537,701318,L2,SUCCESS,True
E:\HWCupA2026\derived\production\case_007\L23\attempt_record.json,case_007,case_007/L23,10967040,3,0.11657214870825457,504423,L2,SUCCESS,True
E:\HWCupA2026\derived\production\case_007\L24\attempt_record.json,case_007,case_007/L24,11172864,4,0.12178533475026568,360126,L2,SUCCESS,True
E:\HWCupA2026\derived\production\case_007\L25\attempt_record.json,case_007,case_007/L25,8681472,5,0.14939434724091522,320025,L2,SUCCESS,True
E:\HWCupA2026\derived\production\case_008\REF1\attempt_record.json,case_008,case_008/REF1,0,1,,487605,REF,SUCCESS,True
E:\HWCupA2026\derived\production\case_008\A2\attempt_record.json,case_008,case_008/A2,12026880,2,,263510,A,SUCCESS,True
E:\HWCupA2026\derived\production\case_008\A3\attempt_record.json,case_008,case_008/A3,12026880,3,,248110,A,SUCCESS,True
E:\HWCupA2026\derived\production\case_008\A4\attempt_record.json,case_008,case_008/A4,12026880,4,,248154,A,SUCCESS,True
E:\HWCupA2026\derived\production\case_008\A5\attempt_record.json,case_008,case_008/A5,12026880,5,,247038,A,SUCCESS,True
E:\HWCupA2026\derived\production\case_008\B1\attempt_record.json,case_008,case_008/B1,11410176,1,,489877,B,SUCCESS,True
E:\HWCupA2026\derived\production\case_008\B2\attempt_record.json,case_008,case_008/B2,10793472,2,,303776,B,SUCCESS,True
E:\HWCupA2026\derived\production\case_008\B3\attempt_record.json,case_008,case_008/B3,10176768,3,,255966,B,SUCCESS,True
E:\HWCupA2026\derived\production\case_008\B4\attempt_record.json,case_008,case_008/B4,9560064,4,,233922,B,SUCCESS,True
E:\HWCupA2026\derived\production\case_008\B5\attempt_record.json,case_008,case_008/B5,8943360,5,,209492,B,SUCCESS,True
E:\HWCupA2026\derived\production\case_008\L21\attempt_record.json,case_008,case_008/L21,11410176,1,0.0,489877,L2,SUCCESS,True
E:\HWCupA2026\derived\production\case_008\L22\attempt_record.json,case_008,case_008/L22,10793472,2,0.0,303776,L2,SUCCESS,True
E:\HWCupA2026\derived\production\case_008\L23\attempt_record.json,case_008,case_008/L23,10176768,3,0.0,255966,L2,SUCCESS,True
E:\HWCupA2026\derived\production\case_008\L24\attempt_record.json,case_008,case_008/L24,9560064,4,0.0,233922,L2,SUCCESS,True
E:\HWCupA2026\derived\production\case_008\L25\attempt_record.json,case_008,case_008/L25,8943360,5,0.0,209492,L2,SUCCESS,True
E:\HWCupA2026\derived\production\case_009\REF1\attempt_record.json,case_009,case_009/REF1,0,1,,153261,REF,SUCCESS,True
E:\HWCupA2026\derived\production\case_009\A2\attempt_record.json,case_009,case_009/A2,3316430,2,,194514,A,SUCCESS,True
E:\HWCupA2026\derived\production\case_009\A3\attempt_record.json,case_009,case_009/A3,3538704,3,,171227,A,SUCCESS,True
E:\HWCupA2026\derived\production\case_009\A4\attempt_record.json,case_009,case_009/A4,3583790,4,,166491,A,SUCCESS,True
E:\HWCupA2026\derived\production\case_009\A5\attempt_record.json,case_009,case_009/A5,3797684,5,,164774,A,SUCCESS,True
E:\HWCupA2026\derived\production\case_009\B1\attempt_record.json,case_009,case_009/B1,218758,1,,147522,B,SUCCESS,True
E:\HWCupA2026\derived\production\case_009\B2\attempt_record.json,case_009,case_009/B2,1081466,2,,123228,B,SUCCESS,True
E:\HWCupA2026\derived\production\case_009\B3\attempt_record.json,case_009,case_009/B3,1987566,3,,97358,B,SUCCESS,True
E:\HWCupA2026\derived\production\case_009\B4\attempt_record.json,case_009,case_009/B4,2052928,4,,93153,B,SUCCESS,True
E:\HWCupA2026\derived\production\case_009\B5\attempt_record.json,case_009,case_009/B5,2538948,5,,87164,B,SUCCESS,True
E:\HWCupA2026\derived\production\case_009\L21\attempt_record.json,case_009,case_009/L21,218758,1,0.12094435620976991,146712,L2,SUCCESS,True
E:\HWCupA2026\derived\production\case_009\L22\attempt_record.json,case_009,case_009/L22,1081466,2,0.09657647566966084,123039,L2,SUCCESS,True
E:\HWCupA2026\derived\production\case_009\L23\attempt_record.json,case_009,case_009/L23,1987566,3,0.20515971119169024,96687,L2,SUCCESS,True
E:\HWCupA2026\derived\production\case_009\L24\attempt_record.json,case_009,case_009/L24,2052928,4,0.2786429429732432,89327,L2,SUCCESS,True
E:\HWCupA2026\derived\production\case_009\L25\attempt_record.json,case_009,case_009/L25,2538948,5,0.3023768635157748,80642,L2,SUCCESS,True
E:\HWCupA2026\derived\production\case_010\REF1\attempt_record.json,case_010,case_010/REF1,0,1,,86969,REF,SUCCESS,True
E:\HWCupA2026\derived\production\case_010\A2\attempt_record.json,case_010,case_010/A2,1439462,2,,57313,A,SUCCESS,True
E:\HWCupA2026\derived\production\case_010\A3\attempt_record.json,case_010,case_010/A3,1491240,3,,45800,A,SUCCESS,True
E:\HWCupA2026\derived\production\case_010\A4\attempt_record.json,case_010,case_010/A4,1527082,4,,42868,A,SUCCESS,True
E:\HWCupA2026\derived\production\case_010\A5\attempt_record.json,case_010,case_010/A5,1588140,5,,41860,A,SUCCESS,True
E:\HWCupA2026\derived\production\case_010\B1\attempt_record.json,case_010,case_010/B1,63892,1,,86057,B,SUCCESS,True
E:\HWCupA2026\derived\production\case_010\B2\attempt_record.json,case_010,case_010/B2,884852,2,,47779,B,SUCCESS,True
E:\HWCupA2026\derived\production\case_010\B3\attempt_record.json,case_010,case_010/B3,871032,3,,32901,B,SUCCESS,True
E:\HWCupA2026\derived\production\case_010\B4\attempt_record.json,case_010,case_010/B4,1242016,4,,33005,B,SUCCESS,True
E:\HWCupA2026\derived\production\case_010\B5\attempt_record.json,case_010,case_010/B5,1349652,5,,31583,B,SUCCESS,True
E:\HWCupA2026\derived\production\case_010\L21\attempt_record.json,case_010,case_010/L21,63892,1,0.0,86057,L2,SUCCESS,True
E:\HWCupA2026\derived\production\case_010\L22\attempt_record.json,case_010,case_010/L22,884852,2,0.27185213064023755,47605,L2,SUCCESS,True
E:\HWCupA2026\derived\production\case_010\L23\attempt_record.json,case_010,case_010/L23,871032,3,0.31672112445516376,32460,L2,SUCCESS,True
E:\HWCupA2026\derived\production\case_010\L24\attempt_record.json,case_010,case_010/L24,1242016,4,0.31589470520032636,30493,L2,SUCCESS,True
E:\HWCupA2026\derived\production\case_010\L25\attempt_record.json,case_010,case_010/L25,1349652,5,0.3765124856513803,27879,L2,SUCCESS,True
E:\HWCupA2026\derived\production\case_011\REF1\attempt_record.json,case_011,case_011/REF1,0,1,,184697,REF,SUCCESS,True
E:\HWCupA2026\derived\production\case_011\A2\attempt_record.json,case_011,case_011/A2,5505024,2,,166718,A,SUCCESS,True
E:\HWCupA2026\derived\production\case_011\A3\attempt_record.json,case_011,case_011/A3,6586368,3,,132943,A,SUCCESS,True
E:\HWCupA2026\derived\production\case_011\A4\attempt_record.json,case_011,case_011/A4,5685248,4,,122660,A,SUCCESS,True
E:\HWCupA2026\derived\production\case_011\A5\attempt_record.json,case_011,case_011/A5,7127040,5,,132203,A,SUCCESS,True
E:\HWCupA2026\derived\production\case_011\B1\attempt_record.json,case_011,case_011/B1,1933312,1,,209814,B,SUCCESS,True
E:\HWCupA2026\derived\production\case_011\B2\attempt_record.json,case_011,case_011/B2,1441792,2,,106120,B,SUCCESS,True
E:\HWCupA2026\derived\production\case_011\B3\attempt_record.json,case_011,case_011/B3,2916352,3,,74367,B,SUCCESS,True
E:\HWCupA2026\derived\production\case_011\B4\attempt_record.json,case_011,case_011/B4,2342912,4,,61342,B,SUCCESS,True
E:\HWCupA2026\derived\production\case_011\B5\attempt_record.json,case_011,case_011/B5,3923968,5,,76747,B,SUCCESS,True
E:\HWCupA2026\derived\production\case_011\L21\attempt_record.json,case_011,case_011/L21,1933312,1,0.0,209814,L2,SUCCESS,True
E:\HWCupA2026\derived\production\case_011\L22\attempt_record.json,case_011,case_011/L22,1441792,2,0.0,106120,L2,SUCCESS,True
E:\HWCupA2026\derived\production\case_011\L23\attempt_record.json,case_011,case_011/L23,2916352,3,0.3975806451612903,74367,L2,SUCCESS,True
E:\HWCupA2026\derived\production\case_011\L24\attempt_record.json,case_011,case_011/L24,2342912,4,0.1,61342,L2,SUCCESS,True
E:\HWCupA2026\derived\production\case_011\L25\attempt_record.json,case_011,case_011/L25,3923968,5,0.4814585908529048,54613,L2,SUCCESS,True
E:\HWCupA2026\derived\production\case_012\REF1\attempt_record.json,case_012,case_012/REF1,0,1,,59088,REF,SUCCESS,True
E:\HWCupA2026\derived\production\case_012\A2\attempt_record.json,case_012,case_012/A2,823478,2,,37889,A,SUCCESS,True
E:\HWCupA2026\derived\production\case_012\A3\attempt_record.json,case_012,case_012/A3,861710,3,,32351,A,SUCCESS,True
E:\HWCupA2026\derived\production\case_012\A4\attempt_record.json,case_012,case_012/A4,895774,4,,31774,A,SUCCESS,True
E:\HWCupA2026\derived\production\case_012\A5\attempt_record.json,case_012,case_012/A5,887794,5,,30894,A,SUCCESS,True
E:\HWCupA2026\derived\production\case_012\B1\attempt_record.json,case_012,case_012/B1,6144,1,,62965,B,SUCCESS,True
E:\HWCupA2026\derived\production\case_012\B2\attempt_record.json,case_012,case_012/B2,438142,2,,32207,B,SUCCESS,True
E:\HWCupA2026\derived\production\case_012\B3\attempt_record.json,case_012,case_012/B3,590184,3,,24011,B,SUCCESS,True
E:\HWCupA2026\derived\production\case_012\B4\attempt_record.json,case_012,case_012/B4,700326,4,,23436,B,SUCCESS,True
E:\HWCupA2026\derived\production\case_012\B5\attempt_record.json,case_012,case_012/B5,726270,5,,23350,B,SUCCESS,True
E:\HWCupA2026\derived\production\case_012\L21\attempt_record.json,case_012,case_012/L21,6144,1,0.012532637075718016,62965,L2,SUCCESS,True
E:\HWCupA2026\derived\production\case_012\L22\attempt_record.json,case_012,case_012/L22,438142,2,0.18137816081557764,31991,L2,SUCCESS,True
E:\HWCupA2026\derived\production\case_012\L23\attempt_record.json,case_012,case_012/L23,590184,3,0.2269841951846081,23725,L2,SUCCESS,True
E:\HWCupA2026\derived\production\case_012\L24\attempt_record.json,case_012,case_012/L24,700326,4,0.22559962744824918,20764,L2,SUCCESS,True
E:\HWCupA2026\derived\production\case_012\L25\attempt_record.json,case_012,case_012/L25,726270,5,0.2170522463748814,20712,L2,SUCCESS,True
E:\HWCupA2026\derived\production\case_013\REF1\attempt_record.json,case_013,case_013/REF1,0,1,,263949,REF,SUCCESS,True
E:\HWCupA2026\derived\production\case_013\A2\attempt_record.json,case_013,case_013/A2,6045696,2,,211688,A,SUCCESS,True
E:\HWCupA2026\derived\production\case_013\A3\attempt_record.json,case_013,case_013/A3,6062080,3,,167913,A,SUCCESS,True
E:\HWCupA2026\derived\production\case_013\A4\attempt_record.json,case_013,case_013/A4,6045696,4,,148606,A,SUCCESS,True
E:\HWCupA2026\derived\production\case_013\A5\attempt_record.json,case_013,case_013/A5,6078464,5,,149085,A,SUCCESS,True
E:\HWCupA2026\derived\production\case_013\B1\attempt_record.json,case_013,case_013/B1,3973120,1,,384032,B,SUCCESS,True
E:\HWCupA2026\derived\production\case_013\B2\attempt_record.json,case_013,case_013/B2,3022848,2,,174752,B,SUCCESS,True
E:\HWCupA2026\derived\production\case_013\B3\attempt_record.json,case_013,case_013/B3,4046848,3,,133800,B,SUCCESS,True
E:\HWCupA2026\derived\production\case_013\B4\attempt_record.json,case_013,case_013/B4,4534272,4,,120708,B,SUCCESS,True
E:\HWCupA2026\derived\production\case_013\B5\attempt_record.json,case_013,case_013/B5,4866048,5,,126368,B,SUCCESS,True
E:\HWCupA2026\derived\production\case_013\L21\attempt_record.json,case_013,case_013/L21,3973120,1,0.0,384032,L2,SUCCESS,True
E:\HWCupA2026\derived\production\case_013\L22\attempt_record.json,case_013,case_013/L22,3022848,2,0.0,174752,L2,SUCCESS,True
E:\HWCupA2026\derived\production\case_013\L23\attempt_record.json,case_013,case_013/L23,4046848,3,0.0030303030303030303,133800,L2,SUCCESS,True
E:\HWCupA2026\derived\production\case_013\L24\attempt_record.json,case_013,case_013/L24,4534272,4,0.0,120708,L2,SUCCESS,True
E:\HWCupA2026\derived\production\case_013\L25\attempt_record.json,case_013,case_013/L25,4866048,5,0.006868131868131868,125843,L2,SUCCESS,True
E:\HWCupA2026\derived\production\case_014\REF1\attempt_record.json,case_014,case_014/REF1,71010720,1,,17698626,REF,SUCCESS,True
E:\HWCupA2026\derived\production\case_014\A2\attempt_record.json,case_014,case_014/A2,367881872,2,,13959370,A,SUCCESS,True
E:\HWCupA2026\derived\production\case_014\A3\attempt_record.json,case_014,case_014/A3,336985064,3,,10625893,A,SUCCESS,True
E:\HWCupA2026\derived\production\case_014\A4\attempt_record.json,case_014,case_014/A4,363522368,4,,8633798,A,SUCCESS,True
E:\HWCupA2026\derived\production\case_014\A5\attempt_record.json,case_014,case_014/A5,349232792,5,,7655127,A,SUCCESS,True
E:\HWCupA2026\derived\production\case_014\B1\attempt_record.json,case_014,case_014/B1,382815744,1,,22720207,B,SUCCESS,True
E:\HWCupA2026\derived\production\case_014\B2\attempt_record.json,case_014,case_014/B2,330830336,2,,13084627,B,SUCCESS,True
E:\HWCupA2026\derived\production\case_014\B3\attempt_record.json,case_014,case_014/B3,326760660,3,,9838581,B,SUCCESS,True
E:\HWCupA2026\derived\production\case_014\B4\attempt_record.json,case_014,case_014/B4,344118824,4,,8274662,B,SUCCESS,True
E:\HWCupA2026\derived\production\case_014\B5\attempt_record.json,case_014,case_014/B5,329758612,5,,7271324,B,SUCCESS,True
E:\HWCupA2026\derived\production\case_014\L21\attempt_record.json,case_014,case_014/L21,382815744,1,0.039867886318678485,22691214,L2,SUCCESS,True
E:\HWCupA2026\derived\production\case_014\L22\attempt_record.json,case_014,case_014/L22,330830336,2,0.036321348995272326,13082214,L2,SUCCESS,True
E:\HWCupA2026\derived\production\case_014\L23\attempt_record.json,case_014,case_014/L23,326760660,3,0.006231166405272525,9838487,L2,SUCCESS,True
E:\HWCupA2026\derived\production\case_014\L24\attempt_record.json,case_014,case_014/L24,344118824,4,0.0954836673176665,8247687,L2,SUCCESS,True
E:\HWCupA2026\derived\production\case_014\L25\attempt_record.json,case_014,case_014/L25,329758612,5,0.04942273072690104,7265117,L2,SUCCESS,True
E:\HWCupA2026\derived\production\case_015\REF1\attempt_record.json,case_015,case_015/REF1,180256,1,,177362,REF,SUCCESS,True
E:\HWCupA2026\derived\production\case_015\A2\attempt_record.json,case_015,case_015/A2,2826922,2,,131363,A,SUCCESS,True
E:\HWCupA2026\derived\production\case_015\A3\attempt_record.json,case_015,case_015/A3,3209868,3,,104303,A,SUCCESS,True
E:\HWCupA2026\derived\production\case_015\A4\attempt_record.json,case_015,case_015/A4,3030480,4,,91360,A,SUCCESS,True
E:\HWCupA2026\derived\production\case_015\A5\attempt_record.json,case_015,case_015/A5,3343370,5,,93905,A,SUCCESS,True
E:\HWCupA2026\derived\production\case_015\B1\attempt_record.json,case_015,case_015/B1,890300,1,,197059,B,SUCCESS,True
E:\HWCupA2026\derived\production\case_015\B2\attempt_record.json,case_015,case_015/B2,1598956,2,,109987,B,SUCCESS,True
E:\HWCupA2026\derived\production\case_015\B3\attempt_record.json,case_015,case_015/B3,2625296,3,,95135,B,SUCCESS,True
E:\HWCupA2026\derived\production\case_015\B4\attempt_record.json,case_015,case_015/B4,2285728,4,,73817,B,SUCCESS,True
E:\HWCupA2026\derived\production\case_015\B5\attempt_record.json,case_015,case_015/B5,2506224,5,,74123,B,SUCCESS,True
E:\HWCupA2026\derived\production\case_015\L21\attempt_record.json,case_015,case_015/L21,890300,1,0.22427829654479797,193545,L2,SUCCESS,True
E:\HWCupA2026\derived\production\case_015\L22\attempt_record.json,case_015,case_015/L22,1598956,2,0.2843921825922798,107543,L2,SUCCESS,True
E:\HWCupA2026\derived\production\case_015\L23\attempt_record.json,case_015,case_015/L23,2625296,3,0.3121418745660458,90422,L2,SUCCESS,True
E:\HWCupA2026\derived\production\case_015\L24\attempt_record.json,case_015,case_015/L24,2285728,4,0.3358043210215894,66980,L2,SUCCESS,True
E:\HWCupA2026\derived\production\case_015\L25\attempt_record.json,case_015,case_015/L25,2506224,5,0.36805084907726887,61255,L2,SUCCESS,True
E:\HWCupA2026\derived\production\case_016\REF1\attempt_record.json,case_016,case_016/REF1,0,1,,7715523,REF,SUCCESS,True
E:\HWCupA2026\derived\production\case_016\A2\attempt_record.json,case_016,case_016/A2,119566328,2,,4708804,A,SUCCESS,True
E:\HWCupA2026\derived\production\case_016\A3\attempt_record.json,case_016,case_016/A3,119566936,3,,3856385,A,SUCCESS,True
E:\HWCupA2026\derived\production\case_016\A4\attempt_record.json,case_016,case_016/A4,119567544,4,,3584149,A,SUCCESS,True
E:\HWCupA2026\derived\production\case_016\A5\attempt_record.json,case_016,case_016/A5,119568152,5,,3401118,A,SUCCESS,True
E:\HWCupA2026\derived\production\case_016\B1\attempt_record.json,case_016,case_016/B1,0,1,,7715523,B,SUCCESS,True
E:\HWCupA2026\derived\production\case_016\B2\attempt_record.json,case_016,case_016/B2,401768,2,,4038048,B,SUCCESS,True
E:\HWCupA2026\derived\production\case_016\B3\attempt_record.json,case_016,case_016/B3,17080,3,,2890756,B,SUCCESS,True
E:\HWCupA2026\derived\production\case_016\B4\attempt_record.json,case_016,case_016/B4,18304,4,,2256753,B,SUCCESS,True
E:\HWCupA2026\derived\production\case_016\B5\attempt_record.json,case_016,case_016/B5,212468,5,,2108040,B,SUCCESS,True
E:\HWCupA2026\derived\production\case_016\L21\attempt_record.json,case_016,case_016/L21,0,1,0.0,7715523,L2,SUCCESS,True
E:\HWCupA2026\derived\production\case_016\L22\attempt_record.json,case_016,case_016/L22,401768,2,0.49729609413335896,4037708,L2,SUCCESS,True
E:\HWCupA2026\derived\production\case_016\L23\attempt_record.json,case_016,case_016/L23,17080,3,0.0015133563655552126,2890756,L2,SUCCESS,True
E:\HWCupA2026\derived\production\case_016\L24\attempt_record.json,case_016,case_016/L24,18304,4,0.0030221091140448545,2256753,L2,SUCCESS,True
E:\HWCupA2026\derived\production\case_016\L25\attempt_record.json,case_016,case_016/L25,212468,5,0.33196264684134275,2107621,L2,SUCCESS,True
E:\HWCupA2026\derived\production\case_017\REF1\attempt_record.json,case_017,case_017/REF1,22528,1,,162810,REF,SUCCESS,True
E:\HWCupA2026\derived\production\case_017\A2\attempt_record.json,case_017,case_017/A2,1749980,2,,96614,A,SUCCESS,True
E:\HWCupA2026\derived\production\case_017\A3\attempt_record.json,case_017,case_017/A3,1923082,3,,74400,A,SUCCESS,True
E:\HWCupA2026\derived\production\case_017\A4\attempt_record.json,case_017,case_017/A4,1951032,4,,65307,A,SUCCESS,True
E:\HWCupA2026\derived\production\case_017\A5\attempt_record.json,case_017,case_017/A5,2163296,5,,60571,A,SUCCESS,True
E:\HWCupA2026\derived\production\case_017\B1\attempt_record.json,case_017,case_017/B1,319492,1,,168284,B,SUCCESS,True
E:\HWCupA2026\derived\production\case_017\B2\attempt_record.json,case_017,case_017/B2,1148440,2,,86613,B,SUCCESS,True
E:\HWCupA2026\derived\production\case_017\B3\attempt_record.json,case_017,case_017/B3,1375956,3,,64247,B,SUCCESS,True
E:\HWCupA2026\derived\production\case_017\B4\attempt_record.json,case_017,case_017/B4,1325188,4,,50549,B,SUCCESS,True
E:\HWCupA2026\derived\production\case_017\B5\attempt_record.json,case_017,case_017/B5,1913004,5,,50102,B,SUCCESS,True
E:\HWCupA2026\derived\production\case_017\L21\attempt_record.json,case_017,case_017/L21,319492,1,0.20619152846905267,167309,L2,SUCCESS,True
E:\HWCupA2026\derived\production\case_017\L22\attempt_record.json,case_017,case_017/L22,1148440,2,0.2059638801849657,86450,L2,SUCCESS,True
E:\HWCupA2026\derived\production\case_017\L23\attempt_record.json,case_017,case_017/L23,1375956,3,0.3429507098196674,62926,L2,SUCCESS,True
E:\HWCupA2026\derived\production\case_017\L24\attempt_record.json,case_017,case_017/L24,1325188,4,0.37971058550075865,48083,L2,SUCCESS,True
E:\HWCupA2026\derived\production\case_017\L25\attempt_record.json,case_017,case_017/L25,1913004,5,0.3662354174002332,46780,L2,SUCCESS,True
E:\HWCupA2026\derived\production\case_018\REF1\attempt_record.json,case_018,case_018/REF1,1970176,1,,1004367,REF,SUCCESS,True
E:\HWCupA2026\derived\production\case_018\A2\attempt_record.json,case_018,case_018/A2,16759568,2,,691375,A,SUCCESS,True
E:\HWCupA2026\derived\production\case_018\A3\attempt_record.json,case_018,case_018/A3,18928656,3,,544330,A,SUCCESS,True
E:\HWCupA2026\derived\production\case_018\A4\attempt_record.json,case_018,case_018/A4,18866960,4,,455181,A,SUCCESS,True
E:\HWCupA2026\derived\production\case_018\A5\attempt_record.json,case_018,case_018/A5,19133968,5,,413838,A,SUCCESS,True
E:\HWCupA2026\derived\production\case_018\B1\attempt_record.json,case_018,case_018/B1,9632384,1,,1087133,B,SUCCESS,True
E:\HWCupA2026\derived\production\case_018\B2\attempt_record.json,case_018,case_018/B2,12281224,2,,620458,B,SUCCESS,True
E:\HWCupA2026\derived\production\case_018\B3\attempt_record.json,case_018,case_018/B3,14646408,3,,463977,B,SUCCESS,True
E:\HWCupA2026\derived\production\case_018\B4\attempt_record.json,case_018,case_018/B4,13437580,4,,368181,B,SUCCESS,True
E:\HWCupA2026\derived\production\case_018\B5\attempt_record.json,case_018,case_018/B5,14200072,5,,328140,B,SUCCESS,True
E:\HWCupA2026\derived\production\case_018\L21\attempt_record.json,case_018,case_018/L21,9632384,1,0.1688569862200054,1084925,L2,SUCCESS,True
E:\HWCupA2026\derived\production\case_018\L22\attempt_record.json,case_018,case_018/L22,12281224,2,0.08819692759501026,620154,L2,SUCCESS,True
E:\HWCupA2026\derived\production\case_018\L23\attempt_record.json,case_018,case_018/L23,14646408,3,0.24793010826046447,461636,L2,SUCCESS,True
E:\HWCupA2026\derived\production\case_018\L24\attempt_record.json,case_018,case_018/L24,13437580,4,0.2660259613185795,364532,L2,SUCCESS,True
E:\HWCupA2026\derived\production\case_018\L25\attempt_record.json,case_018,case_018/L25,14200072,5,0.2839493370861418,324655,L2,SUCCESS,True
E:\HWCupA2026\derived\production\case_019\REF1\attempt_record.json,case_019,case_019/REF1,0,1,,81144,REF,SUCCESS,True
E:\HWCupA2026\derived\production\case_019\A2\attempt_record.json,case_019,case_019/A2,1467216,2,,52989,A,SUCCESS,True
E:\HWCupA2026\derived\production\case_019\A3\attempt_record.json,case_019,case_019/A3,1531472,3,,44650,A,SUCCESS,True
E:\HWCupA2026\derived\production\case_019\A4\attempt_record.json,case_019,case_019/A4,1550448,4,,39032,A,SUCCESS,True
E:\HWCupA2026\derived\production\case_019\A5\attempt_record.json,case_019,case_019/A5,1538704,5,,36322,A,SUCCESS,True
E:\HWCupA2026\derived\production\case_019\B1\attempt_record.json,case_019,case_019/B1,285708,1,,84010,B,SUCCESS,True
E:\HWCupA2026\derived\production\case_019\B2\attempt_record.json,case_019,case_019/B2,688188,2,,44196,B,SUCCESS,True
E:\HWCupA2026\derived\production\case_019\B3\attempt_record.json,case_019,case_019/B3,934704,3,,33302,B,SUCCESS,True
E:\HWCupA2026\derived\production\case_019\B4\attempt_record.json,case_019,case_019/B4,1257828,4,,29879,B,SUCCESS,True
E:\HWCupA2026\derived\production\case_019\B5\attempt_record.json,case_019,case_019/B5,1304200,5,,28884,B,SUCCESS,True
E:\HWCupA2026\derived\production\case_019\L21\attempt_record.json,case_019,case_019/L21,285708,1,0.04960369121217809,84010,L2,SUCCESS,True
E:\HWCupA2026\derived\production\case_019\L22\attempt_record.json,case_019,case_019/L22,688188,2,0.07030355359292281,44110,L2,SUCCESS,True
E:\HWCupA2026\derived\production\case_019\L23\attempt_record.json,case_019,case_019/L23,934704,3,0.20145197900001732,32683,L2,SUCCESS,True
E:\HWCupA2026\derived\production\case_019\L24\attempt_record.json,case_019,case_019/L24,1257828,4,0.27192534440163896,28060,L2,SUCCESS,True
E:\HWCupA2026\derived\production\case_019\L25\attempt_record.json,case_019,case_019/L25,1304200,5,0.25898762654668167,25693,L2,SUCCESS,True
E:\HWCupA2026\derived\production\case_020\REF1\attempt_record.json,case_020,case_020/REF1,0,1,,532746,REF,SUCCESS,True
E:\HWCupA2026\derived\production\case_020\A2\attempt_record.json,case_020,case_020/A2,35573760,2,,660961,A,SUCCESS,True
E:\HWCupA2026\derived\production\case_020\A3\attempt_record.json,case_020,case_020/A3,35094528,3,,647843,A,SUCCESS,True
E:\HWCupA2026\derived\production\case_020\A4\attempt_record.json,case_020,case_020/A4,35110912,4,,643948,A,SUCCESS,True
E:\HWCupA2026\derived\production\case_020\A5\attempt_record.json,case_020,case_020/A5,36098048,5,,651221,A,SUCCESS,True
E:\HWCupA2026\derived\production\case_020\B1\attempt_record.json,case_020,case_020/B1,30552064,1,,847733,B,SUCCESS,True
E:\HWCupA2026\derived\production\case_020\B2\attempt_record.json,case_020,case_020/B2,34037760,2,,641333,B,SUCCESS,True
E:\HWCupA2026\derived\production\case_020\B3\attempt_record.json,case_020,case_020/B3,31797248,3,,603437,B,SUCCESS,True
E:\HWCupA2026\derived\production\case_020\B4\attempt_record.json,case_020,case_020/B4,31559680,4,,581840,B,SUCCESS,True
E:\HWCupA2026\derived\production\case_020\B5\attempt_record.json,case_020,case_020/B5,37797888,5,,676626,B,SUCCESS,True
E:\HWCupA2026\derived\production\case_020\L21\attempt_record.json,case_020,case_020/L21,30552064,1,0.0,847733,L2,SUCCESS,True
E:\HWCupA2026\derived\production\case_020\L22\attempt_record.json,case_020,case_020/L22,34037760,2,0.050905180139810005,622633,L2,SUCCESS,True
E:\HWCupA2026\derived\production\case_020\L23\attempt_record.json,case_020,case_020/L23,31797248,3,0.09443474888501066,575132,L2,SUCCESS,True
E:\HWCupA2026\derived\production\case_020\L24\attempt_record.json,case_020,case_020/L24,31559680,4,0.08423966778722562,553198,L2,SUCCESS,True
E:\HWCupA2026\derived\production\case_020\L25\attempt_record.json,case_020,case_020/L25,37797888,5,0.05223753615790369,655469,L2,SUCCESS,True
E:\HWCupA2026\derived\production\case_021\REF1\attempt_record.json,case_021,case_021/REF1,4501504,1,,6567937,REF,SUCCESS,True
E:\HWCupA2026\derived\production\case_021\A2\attempt_record.json,case_021,case_021/A2,96759808,2,,4467070,A,SUCCESS,True
E:\HWCupA2026\derived\production\case_021\A3\attempt_record.json,case_021,case_021/A3,101859328,3,,3338245,A,SUCCESS,True
E:\HWCupA2026\derived\production\case_021\A4\attempt_record.json,case_021,case_021/A4,98979840,4,,2736956,A,SUCCESS,True
E:\HWCupA2026\derived\production\case_021\A5\attempt_record.json,case_021,case_021/A5,94371840,5,,2427733,A,SUCCESS,True
E:\HWCupA2026\derived\production\case_021\B1\attempt_record.json,case_021,case_021/B1,93229056,1,,8373891,B,SUCCESS,True
E:\HWCupA2026\derived\production\case_021\B2\attempt_record.json,case_021,case_021/B2,85438464,2,,4455768,B,SUCCESS,True
E:\HWCupA2026\derived\production\case_021\B3\attempt_record.json,case_021,case_021/B3,88948736,3,,3169234,B,SUCCESS,True
E:\HWCupA2026\derived\production\case_021\B4\attempt_record.json,case_021,case_021/B4,84946944,4,,2589551,B,SUCCESS,True
E:\HWCupA2026\derived\production\case_021\B5\attempt_record.json,case_021,case_021/B5,80388096,5,,2229905,B,SUCCESS,True
E:\HWCupA2026\derived\production\case_021\L21\attempt_record.json,case_021,case_021/L21,93229056,1,0.061435913909412145,8337045,L2,SUCCESS,True
E:\HWCupA2026\derived\production\case_021\L22\attempt_record.json,case_021,case_021/L22,85438464,2,0.0012062187276626161,4455768,L2,SUCCESS,True
E:\HWCupA2026\derived\production\case_021\L23\attempt_record.json,case_021,case_021/L23,88948736,3,0.0566107853662565,3126610,L2,SUCCESS,True
E:\HWCupA2026\derived\production\case_021\L24\attempt_record.json,case_021,case_021/L24,84946944,4,0.06569913965412358,2589317,L2,SUCCESS,True
E:\HWCupA2026\derived\production\case_021\L25\attempt_record.json,case_021,case_021/L25,80388096,5,0.0,2229905,L2,SUCCESS,True
E:\HWCupA2026\derived\production\case_022\REF1\attempt_record.json,case_022,case_022/REF1,0,1,,56780,REF,SUCCESS,True
E:\HWCupA2026\derived\production\case_022\A2\attempt_record.json,case_022,case_022/A2,1639742,2,,48300,A,SUCCESS,True
E:\HWCupA2026\derived\production\case_022\A3\attempt_record.json,case_022,case_022/A3,1778278,3,,51457,A,SUCCESS,True
E:\HWCupA2026\derived\production\case_022\A4\attempt_record.json,case_022,case_022/A4,1751436,4,,49423,A,SUCCESS,True
E:\HWCupA2026\derived\production\case_022\A5\attempt_record.json,case_022,case_022/A5,1808300,5,,49578,A,SUCCESS,True
E:\HWCupA2026\derived\production\case_022\B1\attempt_record.json,case_022,case_022/B1,609008,1,,58388,B,SUCCESS,True
E:\HWCupA2026\derived\production\case_022\B2\attempt_record.json,case_022,case_022/B2,940850,2,,33611,B,SUCCESS,True
E:\HWCupA2026\derived\production\case_022\B3\attempt_record.json,case_022,case_022/B3,1140502,3,,31878,B,SUCCESS,True
E:\HWCupA2026\derived\production\case_022\B4\attempt_record.json,case_022,case_022/B4,1421102,4,,33843,B,SUCCESS,True
E:\HWCupA2026\derived\production\case_022\B5\attempt_record.json,case_022,case_022/B5,1531446,5,,35217,B,SUCCESS,True
E:\HWCupA2026\derived\production\case_022\L21\attempt_record.json,case_022,case_022/L21,609008,1,0.18478573180559935,58093,L2,SUCCESS,True
E:\HWCupA2026\derived\production\case_022\L22\attempt_record.json,case_022,case_022/L22,940850,2,0.21810178831412128,33068,L2,SUCCESS,True
E:\HWCupA2026\derived\production\case_022\L23\attempt_record.json,case_022,case_022/L23,1140502,3,0.297419628784022,29094,L2,SUCCESS,True
E:\HWCupA2026\derived\production\case_022\L24\attempt_record.json,case_022,case_022/L24,1421102,4,0.3483708205448318,29077,L2,SUCCESS,True
E:\HWCupA2026\derived\production\case_022\L25\attempt_record.json,case_022,case_022/L25,1531446,5,0.35116668949363994,29926,L2,SUCCESS,True
E:\HWCupA2026\derived\production\case_023\REF1\attempt_record.json,case_023,case_023/REF1,0,1,,122614,REF,SUCCESS,True
E:\HWCupA2026\derived\production\case_023\A2\attempt_record.json,case_023,case_023/A2,2513436,2,,76287,A,SUCCESS,True
E:\HWCupA2026\derived\production\case_023\A3\attempt_record.json,case_023,case_023/A3,2743592,3,,68955,A,SUCCESS,True
E:\HWCupA2026\derived\production\case_023\A4\attempt_record.json,case_023,case_023/A4,2727018,4,,64522,A,SUCCESS,True
E:\HWCupA2026\derived\production\case_023\A5\attempt_record.json,case_023,case_023/A5,2877294,5,,63907,A,SUCCESS,True
E:\HWCupA2026\derived\production\case_023\B1\attempt_record.json,case_023,case_023/B1,1059892,1,,130624,B,SUCCESS,True
E:\HWCupA2026\derived\production\case_023\B2\attempt_record.json,case_023,case_023/B2,1234262,2,,64349,B,SUCCESS,True
E:\HWCupA2026\derived\production\case_023\B3\attempt_record.json,case_023,case_023/B3,2076094,3,,51188,B,SUCCESS,True
E:\HWCupA2026\derived\production\case_023\B4\attempt_record.json,case_023,case_023/B4,2041864,4,,48262,B,SUCCESS,True
E:\HWCupA2026\derived\production\case_023\B5\attempt_record.json,case_023,case_023/B5,1988394,5,,43304,B,SUCCESS,True
E:\HWCupA2026\derived\production\case_023\L21\attempt_record.json,case_023,case_023/L21,1059892,1,0.2058176539556697,129238,L2,SUCCESS,True
E:\HWCupA2026\derived\production\case_023\L22\attempt_record.json,case_023,case_023/L22,1234262,2,0.16564385062756176,64248,L2,SUCCESS,True
E:\HWCupA2026\derived\production\case_023\L23\attempt_record.json,case_023,case_023/L23,2076094,3,0.2575361197923612,47872,L2,SUCCESS,True
E:\HWCupA2026\derived\production\case_023\L24\attempt_record.json,case_023,case_023/L24,2041864,4,0.25078699748627903,43593,L2,SUCCESS,True
E:\HWCupA2026\derived\production\case_023\L25\attempt_record.json,case_023,case_023/L25,1988394,5,0.33999408921472357,35602,L2,SUCCESS,True
E:\HWCupA2026\derived\production\case_024\REF1\attempt_record.json,case_024,case_024/REF1,0,1,,2555343,REF,SUCCESS,True
E:\HWCupA2026\derived\production\case_024\A2\attempt_record.json,case_024,case_024/A2,39331088,2,,1560268,A,SUCCESS,True
E:\HWCupA2026\derived\production\case_024\A3\attempt_record.json,case_024,case_024/A3,39331288,3,,1277417,A,SUCCESS,True
E:\HWCupA2026\derived\production\case_024\A4\attempt_record.json,case_024,case_024/A4,39331488,4,,1186945,A,SUCCESS,True
E:\HWCupA2026\derived\production\case_024\A5\attempt_record.json,case_024,case_024/A5,39331688,5,,1127334,A,SUCCESS,True
E:\HWCupA2026\derived\production\case_024\B1\attempt_record.json,case_024,case_024/B1,0,1,,2555343,B,SUCCESS,True
E:\HWCupA2026\derived\production\case_024\B2\attempt_record.json,case_024,case_024/B2,396056,2,,1340964,B,SUCCESS,True
E:\HWCupA2026\derived\production\case_024\B3\attempt_record.json,case_024,case_024/B3,5656,3,,959488,B,SUCCESS,True
E:\HWCupA2026\derived\production\case_024\B4\attempt_record.json,case_024,case_024/B4,6064,4,,750621,B,SUCCESS,True
E:\HWCupA2026\derived\production\case_024\B5\attempt_record.json,case_024,case_024/B5,201860,5,,701664,B,SUCCESS,True
E:\HWCupA2026\derived\production\case_024\L21\attempt_record.json,case_024,case_024/L21,0,1,0.0,2555343,L2,SUCCESS,True
E:\HWCupA2026\derived\production\case_024\L22\attempt_record.json,case_024,case_024/L22,396056,2,0.4990988155135736,1340624,L2,SUCCESS,True
E:\HWCupA2026\derived\production\case_024\L23\attempt_record.json,case_024,case_024/L23,5656,3,0.0005049943945622204,959488,L2,SUCCESS,True
E:\HWCupA2026\derived\production\case_024\L24\attempt_record.json,case_024,case_024/L24,6064,4,0.0010094688175082273,750621,L2,SUCCESS,True
E:\HWCupA2026\derived\production\case_024\L25\attempt_record.json,case_024,case_024/L25,201860,5,0.3328685965060343,701245,L2,SUCCESS,True
E:\HWCupA2026\derived\production\case_025\REF1\attempt_record.json,case_025,case_025/REF1,0,1,,4863026,REF,SUCCESS,True
E:\HWCupA2026\derived\production\case_025\A2\attempt_record.json,case_025,case_025/A2,81908736,2,,3297246,A,SUCCESS,True
E:\HWCupA2026\derived\production\case_025\A3\attempt_record.json,case_025,case_025/A3,81954816,3,,2348707,A,SUCCESS,True
E:\HWCupA2026\derived\production\case_025\A4\attempt_record.json,case_025,case_025/A4,81945600,4,,1935036,A,SUCCESS,True
E:\HWCupA2026\derived\production\case_025\A5\attempt_record.json,case_025,case_025/A5,82010112,5,,1740494,A,SUCCESS,True
E:\HWCupA2026\derived\production\case_025\B1\attempt_record.json,case_025,case_025/B1,75770880,1,,6770998,B,SUCCESS,True
E:\HWCupA2026\derived\production\case_025\B2\attempt_record.json,case_025,case_025/B2,78836736,2,,3603622,B,SUCCESS,True
E:\HWCupA2026\derived\production\case_025\B3\attempt_record.json,case_025,case_025/B3,75816960,3,,2899402,B,SUCCESS,True
E:\HWCupA2026\derived\production\case_025\B4\attempt_record.json,case_025,case_025/B4,75801600,4,,2224464,B,SUCCESS,True
E:\HWCupA2026\derived\production\case_025\B5\attempt_record.json,case_025,case_025/B5,71780352,5,,2117441,B,SUCCESS,True
E:\HWCupA2026\derived\production\case_025\L21\attempt_record.json,case_025,case_025/L21,75770880,1,0.0,6770998,L2,SUCCESS,True
E:\HWCupA2026\derived\production\case_025\L22\attempt_record.json,case_025,case_025/L22,78836736,2,0.0,3603622,L2,SUCCESS,True
E:\HWCupA2026\derived\production\case_025\L23\attempt_record.json,case_025,case_025/L23,75816960,3,0.0007452490373866601,2908248,L2,SUCCESS,True
E:\HWCupA2026\derived\production\case_025\L24\attempt_record.json,case_025,case_025/L24,75801600,4,0.0,2224464,L2,SUCCESS,True
E:\HWCupA2026\derived\production\case_025\L25\attempt_record.json,case_025,case_025/L25,71780352,5,0.0003925673907354096,2116756,L2,SUCCESS,True
E:\HWCupA2026\derived\production\case_026\REF1\attempt_record.json,case_026,case_026/REF1,0,1,,99203,REF,SUCCESS,True
E:\HWCupA2026\derived\production\case_026\A2\attempt_record.json,case_026,case_026/A2,2758624,2,,80338,A,SUCCESS,True
E:\HWCupA2026\derived\production\case_026\A3\attempt_record.json,case_026,case_026/A3,2786200,3,,73776,A,SUCCESS,True
E:\HWCupA2026\derived\production\case_026\A4\attempt_record.json,case_026,case_026/A4,2857008,4,,71488,A,SUCCESS,True
E:\HWCupA2026\derived\production\case_026\A5\attempt_record.json,case_026,case_026/A5,2879560,5,,72399,A,SUCCESS,True
E:\HWCupA2026\derived\production\case_026\B1\attempt_record.json,case_026,case_026/B1,590104,1,,108551,B,SUCCESS,True
E:\HWCupA2026\derived\production\case_026\B2\attempt_record.json,case_026,case_026/B2,1328084,2,,63064,B,SUCCESS,True
E:\HWCupA2026\derived\production\case_026\B3\attempt_record.json,case_026,case_026/B3,1624484,3,,53531,B,SUCCESS,True
E:\HWCupA2026\derived\production\case_026\B4\attempt_record.json,case_026,case_026/B4,2025956,4,,52684,B,SUCCESS,True
E:\HWCupA2026\derived\production\case_026\B5\attempt_record.json,case_026,case_026/B5,2207536,5,,54479,B,SUCCESS,True
E:\HWCupA2026\derived\production\case_026\L21\attempt_record.json,case_026,case_026/L21,590104,1,0.1040164654040288,108350,L2,SUCCESS,True
E:\HWCupA2026\derived\production\case_026\L22\attempt_record.json,case_026,case_026/L22,1328084,2,0.24370715590577766,60198,L2,SUCCESS,True
E:\HWCupA2026\derived\production\case_026\L23\attempt_record.json,case_026,case_026/L23,1624484,3,0.29353737728613105,47501,L2,SUCCESS,True
E:\HWCupA2026\derived\production\case_026\L24\attempt_record.json,case_026,case_026/L24,2025956,4,0.33466759175250393,44759,L2,SUCCESS,True
E:\HWCupA2026\derived\production\case_026\L25\attempt_record.json,case_026,case_026/L25,2207536,5,0.36004164702591546,45321,L2,SUCCESS,True
E:\HWCupA2026\derived\production\case_027\REF1\attempt_record.json,case_027,case_027/REF1,1400832,1,,2363952,REF,SUCCESS,True
E:\HWCupA2026\derived\production\case_027\A2\attempt_record.json,case_027,case_027/A2,36249600,2,,1576858,A,SUCCESS,True
E:\HWCupA2026\derived\production\case_027\A3\attempt_record.json,case_027,case_027/A3,34603008,3,,1180970,A,SUCCESS,True
E:\HWCupA2026\derived\production\case_027\A4\attempt_record.json,case_027,case_027/A4,37920768,4,,1015000,A,SUCCESS,True
E:\HWCupA2026\derived\production\case_027\A5\attempt_record.json,case_027,case_027/A5,34603008,5,,884331,A,SUCCESS,True
E:\HWCupA2026\derived\production\case_027\B1\attempt_record.json,case_027,case_027/B1,18362368,1,,2601637,B,SUCCESS,True
E:\HWCupA2026\derived\production\case_027\B2\attempt_record.json,case_027,case_027/B2,18014208,2,,1257174,B,SUCCESS,True
E:\HWCupA2026\derived\production\case_027\B3\attempt_record.json,case_027,case_027/B3,18006016,3,,892349,B,SUCCESS,True
E:\HWCupA2026\derived\production\case_027\B4\attempt_record.json,case_027,case_027/B4,18063360,4,,766160,B,SUCCESS,True
E:\HWCupA2026\derived\production\case_027\B5\attempt_record.json,case_027,case_027/B5,15900672,5,,582125,B,SUCCESS,True
E:\HWCupA2026\derived\production\case_027\L21\attempt_record.json,case_027,case_027/L21,18362368,1,0.07042747021723897,2593426,L2,SUCCESS,True
E:\HWCupA2026\derived\production\case_027\L22\attempt_record.json,case_027,case_027/L22,18014208,2,0.0,1257174,L2,SUCCESS,True
E:\HWCupA2026\derived\production\case_027\L23\attempt_record.json,case_027,case_027/L23,18006016,3,0.027922561429635145,892349,L2,SUCCESS,True
E:\HWCupA2026\derived\production\case_027\L24\attempt_record.json,case_027,case_027/L24,18063360,4,0.17254901960784313,747620,L2,SUCCESS,True
E:\HWCupA2026\derived\production\case_027\L25\attempt_record.json,case_027,case_027/L25,15900672,5,0.0,582125,L2,SUCCESS,True
E:\HWCupA2026\derived\production\case_028\REF1\attempt_record.json,case_028,case_028/REF1,277412256,1,,43836040,REF,SUCCESS,True
E:\HWCupA2026\derived\production\case_028\A2\attempt_record.json,case_028,case_028/A2,97047168,2,,20554354,A,SUCCESS,True
E:\HWCupA2026\derived\production\case_028\A3\attempt_record.json,case_028,case_028/A3,98668800,3,,14076015,A,SUCCESS,True
E:\HWCupA2026\derived\production\case_028\A4\attempt_record.json,case_028,case_028/A4,103973760,4,,10579410,A,SUCCESS,True
E:\HWCupA2026\derived\production\case_028\A5\attempt_record.json,case_028,case_028/A5,106122240,5,,8554086,A,SUCCESS,True
E:\HWCupA2026\derived\production\case_028\B1\attempt_record.json,case_028,case_028/B1,62779392,1,,41576363,B,SUCCESS,True
E:\HWCupA2026\derived\production\case_028\B2\attempt_record.json,case_028,case_028/B2,52622976,2,,20674807,B,SUCCESS,True
E:\HWCupA2026\derived\production\case_028\B3\attempt_record.json,case_028,case_028/B3,34820352,3,,13848390,B,SUCCESS,True
E:\HWCupA2026\derived\production\case_028\B4\attempt_record.json,case_028,case_028/B4,39729024,4,,10314234,B,SUCCESS,True
E:\HWCupA2026\derived\production\case_028\B5\attempt_record.json,case_028,case_028/B5,40272384,5,,8233217,B,SUCCESS,True
E:\HWCupA2026\derived\production\case_028\L21\attempt_record.json,case_028,case_028/L21,62779392,1,0.03381466809527086,41555374,L2,SUCCESS,True
E:\HWCupA2026\derived\production\case_028\L22\attempt_record.json,case_028,case_028/L22,52622976,2,0.10511305605991829,20672199,L2,SUCCESS,True
E:\HWCupA2026\derived\production\case_028\L23\attempt_record.json,case_028,case_028/L23,34820352,3,0.0,13848390,L2,SUCCESS,True
E:\HWCupA2026\derived\production\case_028\L24\attempt_record.json,case_028,case_028/L24,39729024,4,0.27588544764494294,10313803,L2,SUCCESS,True
E:\HWCupA2026\derived\production\case_028\L25\attempt_record.json,case_028,case_028/L25,40272384,5,0.36382118620056936,8239708,L2,SUCCESS,True
E:\HWCupA2026\derived\production\case_029\REF1\attempt_record.json,case_029,case_029/REF1,0,1,,37555,REF,SUCCESS,True
E:\HWCupA2026\derived\production\case_029\A2\attempt_record.json,case_029,case_029/A2,603582,2,,26178,A,SUCCESS,True
E:\HWCupA2026\derived\production\case_029\A3\attempt_record.json,case_029,case_029/A3,689682,3,,26050,A,SUCCESS,True
E:\HWCupA2026\derived\production\case_029\A4\attempt_record.json,case_029,case_029/A4,775782,4,,26851,A,SUCCESS,True
E:\HWCupA2026\derived\production\case_029\A5\attempt_record.json,case_029,case_029/A5,947824,5,,29527,A,SUCCESS,True
E:\HWCupA2026\derived\production\case_029\B1\attempt_record.json,case_029,case_029/B1,143360,1,,39030,B,SUCCESS,True
E:\HWCupA2026\derived\production\case_029\B2\attempt_record.json,case_029,case_029/B2,430838,2,,21749,B,SUCCESS,True
E:\HWCupA2026\derived\production\case_029\B3\attempt_record.json,case_029,case_029/B3,173194,3,,15381,B,SUCCESS,True
E:\HWCupA2026\derived\production\case_029\B4\attempt_record.json,case_029,case_029/B4,259414,4,,15589,B,SUCCESS,True
E:\HWCupA2026\derived\production\case_029\B5\attempt_record.json,case_029,case_029/B5,841018,5,,23318,B,SUCCESS,True
E:\HWCupA2026\derived\production\case_029\L21\attempt_record.json,case_029,case_029/L21,143360,1,0.12787648294261225,38260,L2,SUCCESS,True
E:\HWCupA2026\derived\production\case_029\L22\attempt_record.json,case_029,case_029/L22,430838,2,0.16659181540129311,21652,L2,SUCCESS,True
E:\HWCupA2026\derived\production\case_029\L23\attempt_record.json,case_029,case_029/L23,173194,3,0.3996322829564079,15337,L2,SUCCESS,True
E:\HWCupA2026\derived\production\case_029\L24\attempt_record.json,case_029,case_029/L24,259414,4,0.49563151500143166,12678,L2,SUCCESS,True
E:\HWCupA2026\derived\production\case_029\L25\attempt_record.json,case_029,case_029/L25,841018,5,0.4666616296264315,16489,L2,SUCCESS,True
E:\HWCupA2026\derived\production\case_030\REF1\attempt_record.json,case_030,case_030/REF1,5519360,1,,2808034,REF,SUCCESS,True
E:\HWCupA2026\derived\production\case_030\A2\attempt_record.json,case_030,case_030/A2,77873168,2,,2331420,A,SUCCESS,True
E:\HWCupA2026\derived\production\case_030\A3\attempt_record.json,case_030,case_030/A3,81448976,3,,1928539,A,SUCCESS,True
E:\HWCupA2026\derived\production\case_030\A4\attempt_record.json,case_030,case_030/A4,79578128,4,,1637742,A,SUCCESS,True
E:\HWCupA2026\derived\production\case_030\A5\attempt_record.json,case_030,case_030/A5,83759120,5,,1547389,A,SUCCESS,True
E:\HWCupA2026\derived\production\case_030\B1\attempt_record.json,case_030,case_030/B1,78480384,1,,3983238,B,SUCCESS,True
E:\HWCupA2026\derived\production\case_030\B2\attempt_record.json,case_030,case_030/B2,69258248,2,,2300995,B,SUCCESS,True
E:\HWCupA2026\derived\production\case_030\B3\attempt_record.json,case_030,case_030/B3,73541636,3,,1756441,B,SUCCESS,True
E:\HWCupA2026\derived\production\case_030\B4\attempt_record.json,case_030,case_030/B4,68476940,4,,1482041,B,SUCCESS,True
E:\HWCupA2026\derived\production\case_030\B5\attempt_record.json,case_030,case_030/B5,76843016,5,,1404723,B,SUCCESS,True
E:\HWCupA2026\derived\production\case_030\L21\attempt_record.json,case_030,case_030/L21,78480384,1,0.0423121387283237,3982247,L2,SUCCESS,True
E:\HWCupA2026\derived\production\case_030\L22\attempt_record.json,case_030,case_030/L22,69258248,2,0.015905007002894888,2301260,L2,SUCCESS,True
E:\HWCupA2026\derived\production\case_030\L23\attempt_record.json,case_030,case_030/L23,73541636,3,0.03775134198354843,1755280,L2,SUCCESS,True
E:\HWCupA2026\derived\production\case_030\L24\attempt_record.json,case_030,case_030/L24,68476940,4,0.038762098540755165,1484718,L2,SUCCESS,True
E:\HWCupA2026\derived\production\case_030\L25\attempt_record.json,case_030,case_030/L25,76843016,5,0.10147961110169526,1399442,L2,SUCCESS,True
E:\HWCupA2026\derived\production\case_031\REF1\attempt_record.json,case_031,case_031/REF1,3491328,1,,1414369,REF,SUCCESS,True
E:\HWCupA2026\derived\production\case_031\A2\attempt_record.json,case_031,case_031/A2,29556394,2,,1067510,A,SUCCESS,True
E:\HWCupA2026\derived\production\case_031\A3\attempt_record.json,case_031,case_031/A3,31887934,3,,863173,A,SUCCESS,True
E:\HWCupA2026\derived\production\case_031\A4\attempt_record.json,case_031,case_031/A4,31585074,4,,753050,A,SUCCESS,True
E:\HWCupA2026\derived\production\case_031\A5\attempt_record.json,case_031,case_031/A5,36772202,5,,719008,A,SUCCESS,True
E:\HWCupA2026\derived\production\case_031\B1\attempt_record.json,case_031,case_031/B1,25572354,1,,1772640,B,SUCCESS,True
E:\HWCupA2026\derived\production\case_031\B2\attempt_record.json,case_031,case_031/B2,23628108,2,,973065,B,SUCCESS,True
E:\HWCupA2026\derived\production\case_031\B3\attempt_record.json,case_031,case_031/B3,24998544,3,,735155,B,SUCCESS,True
E:\HWCupA2026\derived\production\case_031\B4\attempt_record.json,case_031,case_031/B4,27723446,4,,651878,B,SUCCESS,True
E:\HWCupA2026\derived\production\case_031\B5\attempt_record.json,case_031,case_031/B5,32027002,5,,613238,B,SUCCESS,True
E:\HWCupA2026\derived\production\case_031\L21\attempt_record.json,case_031,case_031/L21,25572354,1,0.09196111069484572,1771096,L2,SUCCESS,True
E:\HWCupA2026\derived\production\case_031\L22\attempt_record.json,case_031,case_031/L22,23628108,2,0.0332996615678973,973060,L2,SUCCESS,True
E:\HWCupA2026\derived\production\case_031\L23\attempt_record.json,case_031,case_031/L23,24998544,3,0.08280719212914087,733715,L2,SUCCESS,True
E:\HWCupA2026\derived\production\case_031\L24\attempt_record.json,case_031,case_031/L24,27723446,4,0.14109882836104576,647966,L2,SUCCESS,True
E:\HWCupA2026\derived\production\case_031\L25\attempt_record.json,case_031,case_031/L25,32027002,5,0.23431842822369206,591633,L2,SUCCESS,True
E:\HWCupA2026\derived\production\case_032\REF1\attempt_record.json,case_032,case_032/REF1,0,1,,41443,REF,SUCCESS,True
E:\HWCupA2026\derived\production\case_032\A2\attempt_record.json,case_032,case_032/A2,610066,2,,32842,A,SUCCESS,True
E:\HWCupA2026\derived\production\case_032\A3\attempt_record.json,case_032,case_032/A3,671616,3,,33612,A,SUCCESS,True
E:\HWCupA2026\derived\production\case_032\A4\attempt_record.json,case_032,case_032/A4,698264,4,,33060,A,SUCCESS,True
E:\HWCupA2026\derived\production\case_032\A5\attempt_record.json,case_032,case_032/A5,710504,5,,31634,A,SUCCESS,True
E:\HWCupA2026\derived\production\case_032\B1\attempt_record.json,case_032,case_032/B1,0,1,,40430,B,SUCCESS,True
E:\HWCupA2026\derived\production\case_032\B2\attempt_record.json,case_032,case_032/B2,304162,2,,22291,B,SUCCESS,True
E:\HWCupA2026\derived\production\case_032\B3\attempt_record.json,case_032,case_032/B3,453024,3,,20424,B,SUCCESS,True
E:\HWCupA2026\derived\production\case_032\B4\attempt_record.json,case_032,case_032/B4,486920,4,,20857,B,SUCCESS,True
E:\HWCupA2026\derived\production\case_032\B5\attempt_record.json,case_032,case_032/B5,574704,5,,20018,B,SUCCESS,True
E:\HWCupA2026\derived\production\case_032\L21\attempt_record.json,case_032,case_032/L21,0,1,0.0,40430,L2,SUCCESS,True
E:\HWCupA2026\derived\production\case_032\L22\attempt_record.json,case_032,case_032/L22,304162,2,0.2729879115635438,22342,L2,SUCCESS,True
E:\HWCupA2026\derived\production\case_032\L23\attempt_record.json,case_032,case_032/L23,453024,3,0.3109835105928162,19653,L2,SUCCESS,True
E:\HWCupA2026\derived\production\case_032\L24\attempt_record.json,case_032,case_032/L24,486920,4,0.30888363088836307,18553,L2,SUCCESS,True
E:\HWCupA2026\derived\production\case_032\L25\attempt_record.json,case_032,case_032/L25,574704,5,0.3722243416402051,17663,L2,SUCCESS,True
E:\HWCupA2026\derived\production\case_033\REF1\attempt_record.json,case_033,case_033/REF1,4592640,1,,1774196,REF,SUCCESS,True
E:\HWCupA2026\derived\production\case_033\A2\attempt_record.json,case_033,case_033/A2,39750888,2,,1345567,A,SUCCESS,True
E:\HWCupA2026\derived\production\case_033\A3\attempt_record.json,case_033,case_033/A3,34312464,3,,1012926,A,SUCCESS,True
E:\HWCupA2026\derived\production\case_033\A4\attempt_record.json,case_033,case_033/A4,42351920,4,,882621,A,SUCCESS,True
E:\HWCupA2026\derived\production\case_033\A5\attempt_record.json,case_033,case_033/A5,42598736,5,,843196,A,SUCCESS,True
E:\HWCupA2026\derived\production\case_033\B1\attempt_record.json,case_033,case_033/B1,33458712,1,,2214967,B,SUCCESS,True
E:\HWCupA2026\derived\production\case_033\B2\attempt_record.json,case_033,case_033/B2,30619788,2,,1203746,B,SUCCESS,True
E:\HWCupA2026\derived\production\case_033\B3\attempt_record.json,case_033,case_033/B3,29208288,3,,915091,B,SUCCESS,True
E:\HWCupA2026\derived\production\case_033\B4\attempt_record.json,case_033,case_033/B4,36925708,4,,790322,B,SUCCESS,True
E:\HWCupA2026\derived\production\case_033\B5\attempt_record.json,case_033,case_033/B5,38422850,5,,730436,B,SUCCESS,True
E:\HWCupA2026\derived\production\case_033\L21\attempt_record.json,case_033,case_033/L21,33458712,1,0.03105596085508554,2214580,L2,SUCCESS,True
E:\HWCupA2026\derived\production\case_033\L22\attempt_record.json,case_033,case_033/L22,30619788,2,0.1281051027503419,1200260,L2,SUCCESS,True
E:\HWCupA2026\derived\production\case_033\L23\attempt_record.json,case_033,case_033/L23,29208288,3,0.02291154718235455,913882,L2,SUCCESS,True
E:\HWCupA2026\derived\production\case_033\L24\attempt_record.json,case_033,case_033/L24,36925708,4,0.1673673717494023,783548,L2,SUCCESS,True
E:\HWCupA2026\derived\production\case_033\L25\attempt_record.json,case_033,case_033/L25,38422850,5,0.20310654201916498,714975,L2,SUCCESS,True
E:\HWCupA2026\derived\production\case_034\REF1\attempt_record.json,case_034,case_034/REF1,1079832,1,,842996,REF,SUCCESS,True
E:\HWCupA2026\derived\production\case_034\A2\attempt_record.json,case_034,case_034/A2,20894126,2,,661556,A,SUCCESS,True
E:\HWCupA2026\derived\production\case_034\A3\attempt_record.json,case_034,case_034/A3,22949838,3,,548313,A,SUCCESS,True
E:\HWCupA2026\derived\production\case_034\A4\attempt_record.json,case_034,case_034/A4,22451688,4,,497274,A,SUCCESS,True
E:\HWCupA2026\derived\production\case_034\A5\attempt_record.json,case_034,case_034/A5,23344136,5,,518392,A,SUCCESS,True
E:\HWCupA2026\derived\production\case_034\B1\attempt_record.json,case_034,case_034/B1,15565320,1,,1068772,B,SUCCESS,True
E:\HWCupA2026\derived\production\case_034\B2\attempt_record.json,case_034,case_034/B2,15773386,2,,589392,B,SUCCESS,True
E:\HWCupA2026\derived\production\case_034\B3\attempt_record.json,case_034,case_034/B3,17925682,3,,443888,B,SUCCESS,True
E:\HWCupA2026\derived\production\case_034\B4\attempt_record.json,case_034,case_034/B4,17473670,4,,390787,B,SUCCESS,True
E:\HWCupA2026\derived\production\case_034\B5\attempt_record.json,case_034,case_034/B5,18917118,5,,366733,B,SUCCESS,True
E:\HWCupA2026\derived\production\case_034\L21\attempt_record.json,case_034,case_034/L21,15565320,1,0.0651541207907629,1068148,L2,SUCCESS,True
E:\HWCupA2026\derived\production\case_034\L22\attempt_record.json,case_034,case_034/L22,15773386,2,0.03833840024984788,588866,L2,SUCCESS,True
E:\HWCupA2026\derived\production\case_034\L23\attempt_record.json,case_034,case_034/L23,17925682,3,0.1820450830503,440903,L2,SUCCESS,True
E:\HWCupA2026\derived\production\case_034\L24\attempt_record.json,case_034,case_034/L24,17473670,4,0.156748743104053,378170,L2,SUCCESS,True
E:\HWCupA2026\derived\production\case_034\L25\attempt_record.json,case_034,case_034/L25,18917118,5,0.20507045792502338,341003,L2,SUCCESS,True
E:\HWCupA2026\derived\production\case_035\REF1\attempt_record.json,case_035,case_035/REF1,0,1,,169571,REF,SUCCESS,True
E:\HWCupA2026\derived\production\case_035\A2\attempt_record.json,case_035,case_035/A2,3652906,2,,199699,A,SUCCESS,True
E:\HWCupA2026\derived\production\case_035\A3\attempt_record.json,case_035,case_035/A3,3768208,3,,180571,A,SUCCESS,True
E:\HWCupA2026\derived\production\case_035\A4\attempt_record.json,case_035,case_035/A4,4015864,4,,174021,A,SUCCESS,True
E:\HWCupA2026\derived\production\case_035\A5\attempt_record.json,case_035,case_035/A5,3993456,5,,172052,A,SUCCESS,True
E:\HWCupA2026\derived\production\case_035\B1\attempt_record.json,case_035,case_035/B1,0,1,,164853,B,SUCCESS,True
E:\HWCupA2026\derived\production\case_035\B2\attempt_record.json,case_035,case_035/B2,1442106,2,,124744,B,SUCCESS,True
E:\HWCupA2026\derived\production\case_035\B3\attempt_record.json,case_035,case_035/B3,1416910,3,,102972,B,SUCCESS,True
E:\HWCupA2026\derived\production\case_035\B4\attempt_record.json,case_035,case_035/B4,2128038,4,,90500,B,SUCCESS,True
E:\HWCupA2026\derived\production\case_035\B5\attempt_record.json,case_035,case_035/B5,2291788,5,,89461,B,SUCCESS,True
E:\HWCupA2026\derived\production\case_035\L21\attempt_record.json,case_035,case_035/L21,0,1,0.0,164853,L2,SUCCESS,True
E:\HWCupA2026\derived\production\case_035\L22\attempt_record.json,case_035,case_035/L22,1442106,2,0.15505214117973234,124394,L2,SUCCESS,True
E:\HWCupA2026\derived\production\case_035\L23\attempt_record.json,case_035,case_035/L23,1416910,3,0.27336992921165043,101831,L2,SUCCESS,True
E:\HWCupA2026\derived\production\case_035\L24\attempt_record.json,case_035,case_035/L24,2128038,4,0.3509266816825083,88208,L2,SUCCESS,True
E:\HWCupA2026\derived\production\case_035\L25\attempt_record.json,case_035,case_035/L25,2291788,5,0.35836444549285745,85200,L2,SUCCESS,True
E:\HWCupA2026\derived\production\case_036\REF1\attempt_record.json,case_036,case_036/REF1,0,1,,931510,REF,SUCCESS,True
E:\HWCupA2026\derived\production\case_036\A2\attempt_record.json,case_036,case_036/A2,1152,2,,466068,A,SUCCESS,True
E:\HWCupA2026\derived\production\case_036\A3\attempt_record.json,case_036,case_036/A3,2304,3,,311345,A,SUCCESS,True
E:\HWCupA2026\derived\production\case_036\A4\attempt_record.json,case_036,case_036/A4,3456,4,,233584,A,SUCCESS,True
E:\HWCupA2026\derived\production\case_036\A5\attempt_record.json,case_036,case_036/A5,4608,5,,187182,A,SUCCESS,True
E:\HWCupA2026\derived\production\case_036\B1\attempt_record.json,case_036,case_036/B1,0,1,,931510,B,SUCCESS,True
E:\HWCupA2026\derived\production\case_036\B2\attempt_record.json,case_036,case_036/B2,1152,2,,466068,B,SUCCESS,True
E:\HWCupA2026\derived\production\case_036\B3\attempt_record.json,case_036,case_036/B3,2304,3,,311345,B,SUCCESS,True
E:\HWCupA2026\derived\production\case_036\B4\attempt_record.json,case_036,case_036/B4,3456,4,,233584,B,SUCCESS,True
E:\HWCupA2026\derived\production\case_036\B5\attempt_record.json,case_036,case_036/B5,4608,5,,187182,B,SUCCESS,True
E:\HWCupA2026\derived\production\case_036\L21\attempt_record.json,case_036,case_036/L21,0,1,0.0,931510,L2,SUCCESS,True
E:\HWCupA2026\derived\production\case_036\L22\attempt_record.json,case_036,case_036/L22,1152,2,0.0,466068,L2,SUCCESS,True
E:\HWCupA2026\derived\production\case_036\L23\attempt_record.json,case_036,case_036/L23,2304,3,0.0,311345,L2,SUCCESS,True
E:\HWCupA2026\derived\production\case_036\L24\attempt_record.json,case_036,case_036/L24,3456,4,0.0,233584,L2,SUCCESS,True
E:\HWCupA2026\derived\production\case_036\L25\attempt_record.json,case_036,case_036/L25,4608,5,0.0,187182,L2,SUCCESS,True
E:\HWCupA2026\derived\production\case_037\REF1\attempt_record.json,case_037,case_037/REF1,0,1,,210001,REF,SUCCESS,True
E:\HWCupA2026\derived\production\case_037\A2\attempt_record.json,case_037,case_037/A2,6225920,2,,188286,A,SUCCESS,True
E:\HWCupA2026\derived\production\case_037\A3\attempt_record.json,case_037,case_037/A3,7290880,3,,152325,A,SUCCESS,True
E:\HWCupA2026\derived\production\case_037\A4\attempt_record.json,case_037,case_037/A4,6225920,4,,137044,A,SUCCESS,True
E:\HWCupA2026\derived\production\case_037\A5\attempt_record.json,case_037,case_037/A5,6225920,5,,128591,A,SUCCESS,True
E:\HWCupA2026\derived\production\case_037\B1\attempt_record.json,case_037,case_037/B1,3178496,1,,272803,B,SUCCESS,True
E:\HWCupA2026\derived\production\case_037\B2\attempt_record.json,case_037,case_037/B2,2949120,2,,140458,B,SUCCESS,True
E:\HWCupA2026\derived\production\case_037\B3\attempt_record.json,case_037,case_037/B3,4726784,3,,110438,B,SUCCESS,True
E:\HWCupA2026\derived\production\case_037\B4\attempt_record.json,case_037,case_037/B4,4423680,4,,95913,B,SUCCESS,True
E:\HWCupA2026\derived\production\case_037\B5\attempt_record.json,case_037,case_037/B5,4849664,5,,92131,B,SUCCESS,True
E:\HWCupA2026\derived\production\case_037\L21\attempt_record.json,case_037,case_037/L21,3178496,1,0.0,272803,L2,SUCCESS,True
E:\HWCupA2026\derived\production\case_037\L22\attempt_record.json,case_037,case_037/L22,2949120,2,0.0,140458,L2,SUCCESS,True
E:\HWCupA2026\derived\production\case_037\L23\attempt_record.json,case_037,case_037/L23,4726784,3,0.3052568697729988,110438,L2,SUCCESS,True
E:\HWCupA2026\derived\production\case_037\L24\attempt_record.json,case_037,case_037/L24,4423680,4,0.0,95913,L2,SUCCESS,True
E:\HWCupA2026\derived\production\case_037\L25\attempt_record.json,case_037,case_037/L25,4849664,5,0.0,92131,L2,SUCCESS,True
E:\HWCupA2026\derived\production\case_038\REF1\attempt_record.json,case_038,case_038/REF1,5627904,1,,1364555,REF,SUCCESS,True
E:\HWCupA2026\derived\production\case_038\A2\attempt_record.json,case_038,case_038/A2,27704072,2,,1009293,A,SUCCESS,True
E:\HWCupA2026\derived\production\case_038\A3\attempt_record.json,case_038,case_038/A3,28625672,3,,794016,A,SUCCESS,True
E:\HWCupA2026\derived\production\case_038\A4\attempt_record.json,case_038,case_038/A4,30072584,4,,684297,A,SUCCESS,True
E:\HWCupA2026\derived\production\case_038\A5\attempt_record.json,case_038,case_038/A5,28735752,5,,630058,A,SUCCESS,True
E:\HWCupA2026\derived\production\case_038\B1\attempt_record.json,case_038,case_038/B1,26422272,1,,1706635,B,SUCCESS,True
E:\HWCupA2026\derived\production\case_038\B2\attempt_record.json,case_038,case_038/B2,20953352,2,,914932,B,SUCCESS,True
E:\HWCupA2026\derived\production\case_038\B3\attempt_record.json,case_038,case_038/B3,23067392,3,,696295,B,SUCCESS,True
E:\HWCupA2026\derived\production\case_038\B4\attempt_record.json,case_038,case_038/B4,25171592,4,,605470,B,SUCCESS,True
E:\HWCupA2026\derived\production\case_038\B5\attempt_record.json,case_038,case_038/B5,24937096,5,,545383,B,SUCCESS,True
E:\HWCupA2026\derived\production\case_038\L21\attempt_record.json,case_038,case_038/L21,26422272,1,0.07276196994726458,1704986,L2,SUCCESS,True
E:\HWCupA2026\derived\production\case_038\L22\attempt_record.json,case_038,case_038/L22,20953352,2,0.0014598115375117028,914932,L2,SUCCESS,True
E:\HWCupA2026\derived\production\case_038\L23\attempt_record.json,case_038,case_038/L23,23067392,3,0.05776997854478633,694832,L2,SUCCESS,True
E:\HWCupA2026\derived\production\case_038\L24\attempt_record.json,case_038,case_038/L24,25171592,4,0.1308043985979649,602556,L2,SUCCESS,True
E:\HWCupA2026\derived\production\case_038\L25\attempt_record.json,case_038,case_038/L25,24937096,5,0.08045901862214079,537566,L2,SUCCESS,True
E:\HWCupA2026\derived\production\case_039\REF1\attempt_record.json,case_039,case_039/REF1,7929856,1,,1435262,REF,SUCCESS,True
E:\HWCupA2026\derived\production\case_039\A2\attempt_record.json,case_039,case_039/A2,45531136,2,,1378032,A,SUCCESS,True
E:\HWCupA2026\derived\production\case_039\A3\attempt_record.json,case_039,case_039/A3,56623104,3,,1096044,A,SUCCESS,True
E:\HWCupA2026\derived\production\case_039\A4\attempt_record.json,case_039,case_039/A4,49225728,4,,999592,A,SUCCESS,True
E:\HWCupA2026\derived\production\case_039\A5\attempt_record.json,case_039,case_039/A5,62447616,5,,1145329,A,SUCCESS,True
E:\HWCupA2026\derived\production\case_039\B1\attempt_record.json,case_039,case_039/B1,44441600,1,,2145158,B,SUCCESS,True
E:\HWCupA2026\derived\production\case_039\B2\attempt_record.json,case_039,case_039/B2,35975168,2,,1088308,B,SUCCESS,True
E:\HWCupA2026\derived\production\case_039\B3\attempt_record.json,case_039,case_039/B3,45015040,3,,875417,B,SUCCESS,True
E:\HWCupA2026\derived\production\case_039\B4\attempt_record.json,case_039,case_039/B4,38998016,4,,756130,B,SUCCESS,True
E:\HWCupA2026\derived\production\case_039\B5\attempt_record.json,case_039,case_039/B5,52690944,5,,964785,B,SUCCESS,True
E:\HWCupA2026\derived\production\case_039\L21\attempt_record.json,case_039,case_039/L21,44441600,1,0.0,2145158,L2,SUCCESS,True
E:\HWCupA2026\derived\production\case_039\L22\attempt_record.json,case_039,case_039/L22,35975168,2,0.001942776404097492,1088308,L2,SUCCESS,True
E:\HWCupA2026\derived\production\case_039\L23\attempt_record.json,case_039,case_039/L23,45015040,3,0.1296815286624204,858154,L2,SUCCESS,True
E:\HWCupA2026\derived\production\case_039\L24\attempt_record.json,case_039,case_039/L24,38998016,4,0.08876560332871013,737431,L2,SUCCESS,True
E:\HWCupA2026\derived\production\case_039\L25\attempt_record.json,case_039,case_039/L25,52690944,5,0.26157786885245904,793688,L2,SUCCESS,True
E:\HWCupA2026\derived\production\case_040\REF1\attempt_record.json,case_040,case_040/REF1,0,1,,253454,REF,SUCCESS,True
E:\HWCupA2026\derived\production\case_040\A2\attempt_record.json,case_040,case_040/A2,5809422,2,,225361,A,SUCCESS,True
E:\HWCupA2026\derived\production\case_040\A3\attempt_record.json,case_040,case_040/A3,6063270,3,,199661,A,SUCCESS,True
E:\HWCupA2026\derived\production\case_040\A4\attempt_record.json,case_040,case_040/A4,6177116,4,,190184,A,SUCCESS,True
E:\HWCupA2026\derived\production\case_040\A5\attempt_record.json,case_040,case_040/A5,6485840,5,,186949,A,SUCCESS,True
E:\HWCupA2026\derived\production\case_040\B1\attempt_record.json,case_040,case_040/B1,80788,1,,251197,B,SUCCESS,True
E:\HWCupA2026\derived\production\case_040\B2\attempt_record.json,case_040,case_040/B2,2206582,2,,148152,B,SUCCESS,True
E:\HWCupA2026\derived\production\case_040\B3\attempt_record.json,case_040,case_040/B3,3177048,3,,133160,B,SUCCESS,True
E:\HWCupA2026\derived\production\case_040\B4\attempt_record.json,case_040,case_040/B4,3263990,4,,121520,B,SUCCESS,True
E:\HWCupA2026\derived\production\case_040\B5\attempt_record.json,case_040,case_040/B5,4340500,5,,115802,B,SUCCESS,True
E:\HWCupA2026\derived\production\case_040\L21\attempt_record.json,case_040,case_040/L21,80788,1,0.004299415489221051,251197,L2,SUCCESS,True
E:\HWCupA2026\derived\production\case_040\L22\attempt_record.json,case_040,case_040/L22,2206582,2,0.05798463319266841,147910,L2,SUCCESS,True
E:\HWCupA2026\derived\production\case_040\L23\attempt_record.json,case_040,case_040/L23,3177048,3,0.1662111795833418,129728,L2,SUCCESS,True
E:\HWCupA2026\derived\production\case_040\L24\attempt_record.json,case_040,case_040/L24,3263990,4,0.13639598862605595,118167,L2,SUCCESS,True
E:\HWCupA2026\derived\production\case_040\L25\attempt_record.json,case_040,case_040/L25,4340500,5,0.28024514028535863,109032,L2,SUCCESS,True
E:\HWCupA2026\derived\production\case_041\REF1\attempt_record.json,case_041,case_041/REF1,30898176,1,,6003957,REF,SUCCESS,True
E:\HWCupA2026\derived\production\case_041\A2\attempt_record.json,case_041,case_041/A2,130997744,2,,4666998,A,SUCCESS,True
E:\HWCupA2026\derived\production\case_041\A3\attempt_record.json,case_041,case_041/A3,129440256,3,,3898030,A,SUCCESS,True
E:\HWCupA2026\derived\production\case_041\A4\attempt_record.json,case_041,case_041/A4,134297104,4,,3163963,A,SUCCESS,True
E:\HWCupA2026\derived\production\case_041\A5\attempt_record.json,case_041,case_041/A5,138465824,5,,2927817,A,SUCCESS,True
E:\HWCupA2026\derived\production\case_041\B1\attempt_record.json,case_041,case_041/B1,142234624,1,,7993139,B,SUCCESS,True
E:\HWCupA2026\derived\production\case_041\B2\attempt_record.json,case_041,case_041/B2,112796852,2,,4481060,B,SUCCESS,True
E:\HWCupA2026\derived\production\case_041\B3\attempt_record.json,case_041,case_041/B3,117559596,3,,3296855,B,SUCCESS,True
E:\HWCupA2026\derived\production\case_041\B4\attempt_record.json,case_041,case_041/B4,120348008,4,,2846547,B,SUCCESS,True
E:\HWCupA2026\derived\production\case_041\B5\attempt_record.json,case_041,case_041/B5,125127020,5,,2535316,B,SUCCESS,True
E:\HWCupA2026\derived\production\case_041\L21\attempt_record.json,case_041,case_041/L21,142234624,1,0.03839860124184618,7982350,L2,SUCCESS,True
E:\HWCupA2026\derived\production\case_041\L22\attempt_record.json,case_041,case_041/L22,112796852,2,0.04991456387877757,4467939,L2,SUCCESS,True
E:\HWCupA2026\derived\production\case_041\L23\attempt_record.json,case_041,case_041/L23,117559596,3,0.047873623679019615,3306435,L2,SUCCESS,True
E:\HWCupA2026\derived\production\case_041\L24\attempt_record.json,case_041,case_041/L24,120348008,4,0.07291622443443285,2832938,L2,SUCCESS,True
E:\HWCupA2026\derived\production\case_041\L25\attempt_record.json,case_041,case_041/L25,125127020,5,0.0783496503503734,2482194,L2,SUCCESS,True
E:\HWCupA2026\derived\production\case_042\REF1\attempt_record.json,case_042,case_042/REF1,6629376,1,,1686740,REF,SUCCESS,True
E:\HWCupA2026\derived\production\case_042\A2\attempt_record.json,case_042,case_042/A2,36553928,2,,1265898,A,SUCCESS,True
E:\HWCupA2026\derived\production\case_042\A3\attempt_record.json,case_042,case_042/A3,41739760,3,,997133,A,SUCCESS,True
E:\HWCupA2026\derived\production\case_042\A4\attempt_record.json,case_042,case_042/A4,35369880,4,,827308,A,SUCCESS,True
E:\HWCupA2026\derived\production\case_042\A5\attempt_record.json,case_042,case_042/A5,33194048,5,,761880,A,SUCCESS,True
E:\HWCupA2026\derived\production\case_042\B1\attempt_record.json,case_042,case_042/B1,22924288,1,,1860101,B,SUCCESS,True
E:\HWCupA2026\derived\production\case_042\B2\attempt_record.json,case_042,case_042/B2,25554784,2,,1076059,B,SUCCESS,True
E:\HWCupA2026\derived\production\case_042\B3\attempt_record.json,case_042,case_042/B3,29103636,3,,791066,B,SUCCESS,True
E:\HWCupA2026\derived\production\case_042\B4\attempt_record.json,case_042,case_042/B4,23949332,4,,627710,B,SUCCESS,True
E:\HWCupA2026\derived\production\case_042\B5\attempt_record.json,case_042,case_042/B5,22046060,5,,561688,B,SUCCESS,True
E:\HWCupA2026\derived\production\case_042\L21\attempt_record.json,case_042,case_042/L21,22924288,1,0.16237693848088297,1845949,L2,SUCCESS,True
E:\HWCupA2026\derived\production\case_042\L22\attempt_record.json,case_042,case_042/L22,25554784,2,0.05074212879833903,1075682,L2,SUCCESS,True
E:\HWCupA2026\derived\production\case_042\L23\attempt_record.json,case_042,case_042/L23,29103636,3,0.24017434597107654,773726,L2,SUCCESS,True
E:\HWCupA2026\derived\production\case_042\L24\attempt_record.json,case_042,case_042/L24,23949332,4,0.13886111146891233,626036,L2,SUCCESS,True
E:\HWCupA2026\derived\production\case_042\L25\attempt_record.json,case_042,case_042/L25,22046060,5,0.019329733212669894,559510,L2,SUCCESS,True
E:\HWCupA2026\derived\production\case_043\REF1\attempt_record.json,case_043,case_043/REF1,49160,1,,677656,REF,SUCCESS,True
E:\HWCupA2026\derived\production\case_043\A2\attempt_record.json,case_043,case_043/A2,17647394,2,,538743,A,SUCCESS,True
E:\HWCupA2026\derived\production\case_043\A3\attempt_record.json,case_043,case_043/A3,17871098,3,,485908,A,SUCCESS,True
E:\HWCupA2026\derived\production\case_043\A4\attempt_record.json,case_043,case_043/A4,19835704,4,,473347,A,SUCCESS,True
E:\HWCupA2026\derived\production\case_043\A5\attempt_record.json,case_043,case_043/A5,19067098,5,,464416,A,SUCCESS,True
E:\HWCupA2026\derived\production\case_043\B1\attempt_record.json,case_043,case_043/B1,2867036,1,,644058,B,SUCCESS,True
E:\HWCupA2026\derived\production\case_043\B2\attempt_record.json,case_043,case_043/B2,9686336,2,,409738,B,SUCCESS,True
E:\HWCupA2026\derived\production\case_043\B3\attempt_record.json,case_043,case_043/B3,11729220,3,,328781,B,SUCCESS,True
E:\HWCupA2026\derived\production\case_043\B4\attempt_record.json,case_043,case_043/B4,14333288,4,,321817,B,SUCCESS,True
E:\HWCupA2026\derived\production\case_043\B5\attempt_record.json,case_043,case_043/B5,15499348,5,,334137,B,SUCCESS,True
E:\HWCupA2026\derived\production\case_043\L21\attempt_record.json,case_043,case_043/L21,2867036,1,0.022848466919211507,642964,L2,SUCCESS,True
E:\HWCupA2026\derived\production\case_043\L22\attempt_record.json,case_043,case_043/L22,9686336,2,0.15258251842655804,406869,L2,SUCCESS,True
E:\HWCupA2026\derived\production\case_043\L23\attempt_record.json,case_043,case_043/L23,11729220,3,0.16507457061043726,322974,L2,SUCCESS,True
E:\HWCupA2026\derived\production\case_043\L24\attempt_record.json,case_043,case_043/L24,14333288,4,0.3194435801470392,288533,L2,SUCCESS,True
E:\HWCupA2026\derived\production\case_043\L25\attempt_record.json,case_043,case_043/L25,15499348,5,0.26895744384429404,297452,L2,SUCCESS,True
E:\HWCupA2026\derived\production\case_044\REF1\attempt_record.json,case_044,case_044/REF1,4438112,1,,154407,REF,SUCCESS,True
E:\HWCupA2026\derived\production\case_044\A2\attempt_record.json,case_044,case_044/A2,2014560,2,,78699,A,SUCCESS,True
E:\HWCupA2026\derived\production\case_044\A3\attempt_record.json,case_044,case_044/A3,2944960,3,,83232,A,SUCCESS,True
E:\HWCupA2026\derived\production\case_044\A4\attempt_record.json,case_044,case_044/A4,3875360,4,,94627,A,SUCCESS,True
E:\HWCupA2026\derived\production\case_044\A5\attempt_record.json,case_044,case_044/A5,4805760,5,,106889,A,SUCCESS,True
E:\HWCupA2026\derived\production\case_044\B1\attempt_record.json,case_044,case_044/B1,0,1,,78274,B,SUCCESS,True
E:\HWCupA2026\derived\production\case_044\B2\attempt_record.json,case_044,case_044/B2,930400,2,,45248,B,SUCCESS,True
E:\HWCupA2026\derived\production\case_044\B3\attempt_record.json,case_044,case_044/B3,1860800,3,,55088,B,SUCCESS,True
E:\HWCupA2026\derived\production\case_044\B4\attempt_record.json,case_044,case_044/B4,2791200,4,,67839,B,SUCCESS,True
E:\HWCupA2026\derived\production\case_044\B5\attempt_record.json,case_044,case_044/B5,3721600,5,,82823,B,SUCCESS,True
E:\HWCupA2026\derived\production\case_044\L21\attempt_record.json,case_044,case_044/L21,0,1,0.0,78274,L2,SUCCESS,True
E:\HWCupA2026\derived\production\case_044\L22\attempt_record.json,case_044,case_044/L22,930400,2,0.0034322221089475653,45244,L2,SUCCESS,True
E:\HWCupA2026\derived\production\case_044\L23\attempt_record.json,case_044,case_044/L23,1860800,3,0.003047913657610117,54970,L2,SUCCESS,True
E:\HWCupA2026\derived\production\case_044\L24\attempt_record.json,case_044,case_044/L24,2791200,4,0.007025400840996889,67492,L2,SUCCESS,True
E:\HWCupA2026\derived\production\case_044\L25\attempt_record.json,case_044,case_044/L25,3721600,5,0.000424427878065978,82681,L2,SUCCESS,True
E:\HWCupA2026\derived\production\case_045\REF1\attempt_record.json,case_045,case_045/REF1,0,1,,125614,REF,SUCCESS,True
E:\HWCupA2026\derived\production\case_045\A2\attempt_record.json,case_045,case_045/A2,8003584,2,,149356,A,SUCCESS,True
E:\HWCupA2026\derived\production\case_045\A3\attempt_record.json,case_045,case_045/A3,8519680,3,,157125,A,SUCCESS,True
E:\HWCupA2026\derived\production\case_045\A4\attempt_record.json,case_045,case_045/A4,7741440,4,,143381,A,SUCCESS,True
E:\HWCupA2026\derived\production\case_045\A5\attempt_record.json,case_045,case_045/A5,8515584,5,,156076,A,SUCCESS,True
E:\HWCupA2026\derived\production\case_045\B1\attempt_record.json,case_045,case_045/B1,6213632,1,,185646,B,SUCCESS,True
E:\HWCupA2026\derived\production\case_045\B2\attempt_record.json,case_045,case_045/B2,5849088,2,,119837,B,SUCCESS,True
E:\HWCupA2026\derived\production\case_045\B3\attempt_record.json,case_045,case_045/B3,6946816,3,,127332,B,SUCCESS,True
E:\HWCupA2026\derived\production\case_045\B4\attempt_record.json,case_045,case_045/B4,5033984,4,,99494,B,SUCCESS,True
E:\HWCupA2026\derived\production\case_045\B5\attempt_record.json,case_045,case_045/B5,6893568,5,,125587,B,SUCCESS,True
E:\HWCupA2026\derived\production\case_045\L21\attempt_record.json,case_045,case_045/L21,6213632,1,0.2875751503006012,183551,L2,SUCCESS,True
E:\HWCupA2026\derived\production\case_045\L22\attempt_record.json,case_045,case_045/L22,5849088,2,0.33575129533678755,104423,L2,SUCCESS,True
E:\HWCupA2026\derived\production\case_045\L23\attempt_record.json,case_045,case_045/L23,6946816,3,0.33239700374531833,104831,L2,SUCCESS,True
E:\HWCupA2026\derived\production\case_045\L24\attempt_record.json,case_045,case_045/L24,5033984,4,0.2685788787483703,85251,L2,SUCCESS,True
E:\HWCupA2026\derived\production\case_045\L25\attempt_record.json,case_045,case_045/L25,6893568,5,0.2987267384916748,104536,L2,SUCCESS,True
E:\HWCupA2026\derived\production\case_046\REF1\attempt_record.json,case_046,case_046/REF1,3176288,1,,276455,REF,SUCCESS,True
E:\HWCupA2026\derived\production\case_046\A2\attempt_record.json,case_046,case_046/A2,4084320,2,,175612,A,SUCCESS,True
E:\HWCupA2026\derived\production\case_046\A3\attempt_record.json,case_046,case_046/A3,5014720,3,,152543,A,SUCCESS,True
E:\HWCupA2026\derived\production\case_046\A4\attempt_record.json,case_046,case_046/A4,5945120,4,,158888,A,SUCCESS,True
E:\HWCupA2026\derived\production\case_046\A5\attempt_record.json,case_046,case_046/A5,6875520,5,,158369,A,SUCCESS,True
E:\HWCupA2026\derived\production\case_046\B1\attempt_record.json,case_046,case_046/B1,0,1,,216726,B,SUCCESS,True
E:\HWCupA2026\derived\production\case_046\B2\attempt_record.json,case_046,case_046/B2,930400,2,,109740,B,SUCCESS,True
E:\HWCupA2026\derived\production\case_046\B3\attempt_record.json,case_046,case_046/B3,1860800,3,,82826,B,SUCCESS,True
E:\HWCupA2026\derived\production\case_046\B4\attempt_record.json,case_046,case_046/B4,2791200,4,,79918,B,SUCCESS,True
E:\HWCupA2026\derived\production\case_046\B5\attempt_record.json,case_046,case_046/B5,3721600,5,,94948,B,SUCCESS,True
E:\HWCupA2026\derived\production\case_046\L21\attempt_record.json,case_046,case_046/L21,0,1,0.0,216726,L2,SUCCESS,True
E:\HWCupA2026\derived\production\case_046\L22\attempt_record.json,case_046,case_046/L22,930400,2,0.0,109740,L2,SUCCESS,True
E:\HWCupA2026\derived\production\case_046\L23\attempt_record.json,case_046,case_046/L23,1860800,3,0.6382668892050228,82826,L2,SUCCESS,True
E:\HWCupA2026\derived\production\case_046\L24\attempt_record.json,case_046,case_046/L24,2791200,4,0.0,79918,L2,SUCCESS,True
E:\HWCupA2026\derived\production\case_046\L25\attempt_record.json,case_046,case_046/L25,3721600,5,0.008506135406279888,94326,L2,SUCCESS,True
E:\HWCupA2026\derived\production\case_047\REF1\attempt_record.json,case_047,case_047/REF1,0,1,,326508,REF,SUCCESS,True
E:\HWCupA2026\derived\production\case_047\A2\attempt_record.json,case_047,case_047/A2,7920090,2,,334222,A,SUCCESS,True
E:\HWCupA2026\derived\production\case_047\A3\attempt_record.json,case_047,case_047/A3,8183512,3,,312101,A,SUCCESS,True
E:\HWCupA2026\derived\production\case_047\A4\attempt_record.json,case_047,case_047/A4,8778456,4,,304325,A,SUCCESS,True
E:\HWCupA2026\derived\production\case_047\A5\attempt_record.json,case_047,case_047/A5,9470618,5,,315407,A,SUCCESS,True
E:\HWCupA2026\derived\production\case_047\B1\attempt_record.json,case_047,case_047/B1,0,1,,307671,B,SUCCESS,True
E:\HWCupA2026\derived\production\case_047\B2\attempt_record.json,case_047,case_047/B2,3065062,2,,218554,B,SUCCESS,True
E:\HWCupA2026\derived\production\case_047\B3\attempt_record.json,case_047,case_047/B3,4056620,3,,172291,B,SUCCESS,True
E:\HWCupA2026\derived\production\case_047\B4\attempt_record.json,case_047,case_047/B4,4774994,4,,158075,B,SUCCESS,True
E:\HWCupA2026\derived\production\case_047\B5\attempt_record.json,case_047,case_047/B5,6671256,5,,174163,B,SUCCESS,True
E:\HWCupA2026\derived\production\case_047\L21\attempt_record.json,case_047,case_047/L21,0,1,0.0,307671,L2,SUCCESS,True
E:\HWCupA2026\derived\production\case_047\L22\attempt_record.json,case_047,case_047/L22,3065062,2,0.07049633329790626,218553,L2,SUCCESS,True
E:\HWCupA2026\derived\production\case_047\L23\attempt_record.json,case_047,case_047/L23,4056620,3,0.18312151683611214,170859,L2,SUCCESS,True
E:\HWCupA2026\derived\production\case_047\L24\attempt_record.json,case_047,case_047/L24,4774994,4,0.3007421421385177,152770,L2,SUCCESS,True
E:\HWCupA2026\derived\production\case_047\L25\attempt_record.json,case_047,case_047/L25,6671256,5,0.33010537037261584,157456,L2,SUCCESS,True
E:\HWCupA2026\derived\production\case_048\REF1\attempt_record.json,case_048,case_048/REF1,0,1,,222220,REF,SUCCESS,True
E:\HWCupA2026\derived\production\case_048\A2\attempt_record.json,case_048,case_048/A2,3029948,2,,219523,A,SUCCESS,True
E:\HWCupA2026\derived\production\case_048\A3\attempt_record.json,case_048,case_048/A3,3182198,3,,211772,A,SUCCESS,True
E:\HWCupA2026\derived\production\case_048\A4\attempt_record.json,case_048,case_048/A4,3187550,4,,193892,A,SUCCESS,True
E:\HWCupA2026\derived\production\case_048\A5\attempt_record.json,case_048,case_048/A5,3285108,5,,198228,A,SUCCESS,True
E:\HWCupA2026\derived\production\case_048\B1\attempt_record.json,case_048,case_048/B1,0,1,,200385,B,SUCCESS,True
E:\HWCupA2026\derived\production\case_048\B2\attempt_record.json,case_048,case_048/B2,939142,2,,140836,B,SUCCESS,True
E:\HWCupA2026\derived\production\case_048\B3\attempt_record.json,case_048,case_048/B3,1187436,3,,124234,B,SUCCESS,True
E:\HWCupA2026\derived\production\case_048\B4\attempt_record.json,case_048,case_048/B4,1298448,4,,118604,B,SUCCESS,True
E:\HWCupA2026\derived\production\case_048\B5\attempt_record.json,case_048,case_048/B5,1639444,5,,118081,B,SUCCESS,True
E:\HWCupA2026\derived\production\case_048\L21\attempt_record.json,case_048,case_048/L21,0,1,0.0,200385,L2,SUCCESS,True
E:\HWCupA2026\derived\production\case_048\L22\attempt_record.json,case_048,case_048/L22,939142,2,0.15695633068987885,140836,L2,SUCCESS,True
E:\HWCupA2026\derived\production\case_048\L23\attempt_record.json,case_048,case_048/L23,1187436,3,0.1444684352201497,123353,L2,SUCCESS,True
E:\HWCupA2026\derived\production\case_048\L24\attempt_record.json,case_048,case_048/L24,1298448,4,0.19148565178566712,118112,L2,SUCCESS,True
E:\HWCupA2026\derived\production\case_048\L25\attempt_record.json,case_048,case_048/L25,1639444,5,0.2697703192927813,116984,L2,SUCCESS,True
E:\HWCupA2026\derived\production\case_049\REF1\attempt_record.json,case_049,case_049/REF1,0,1,,196276,REF,SUCCESS,True
E:\HWCupA2026\derived\production\case_049\A2\attempt_record.json,case_049,case_049/A2,5526740,2,,176440,A,SUCCESS,True
E:\HWCupA2026\derived\production\case_049\A3\attempt_record.json,case_049,case_049/A3,5742102,3,,173602,A,SUCCESS,True
E:\HWCupA2026\derived\production\case_049\A4\attempt_record.json,case_049,case_049/A4,5893878,4,,168030,A,SUCCESS,True
E:\HWCupA2026\derived\production\case_049\A5\attempt_record.json,case_049,case_049/A5,6037492,5,,162054,A,SUCCESS,True
E:\HWCupA2026\derived\production\case_049\B1\attempt_record.json,case_049,case_049/B1,0,1,,183488,B,SUCCESS,True
E:\HWCupA2026\derived\production\case_049\B2\attempt_record.json,case_049,case_049/B2,2019594,2,,125002,B,SUCCESS,True
E:\HWCupA2026\derived\production\case_049\B3\attempt_record.json,case_049,case_049/B3,3555408,3,,106920,B,SUCCESS,True
E:\HWCupA2026\derived\production\case_049\B4\attempt_record.json,case_049,case_049/B4,3352050,4,,94031,B,SUCCESS,True
E:\HWCupA2026\derived\production\case_049\B5\attempt_record.json,case_049,case_049/B5,3896060,5,,92852,B,SUCCESS,True
E:\HWCupA2026\derived\production\case_049\L21\attempt_record.json,case_049,case_049/L21,0,1,0.0,183488,L2,SUCCESS,True
E:\HWCupA2026\derived\production\case_049\L22\attempt_record.json,case_049,case_049/L22,2019594,2,0.024829384015117528,124970,L2,SUCCESS,True
E:\HWCupA2026\derived\production\case_049\L23\attempt_record.json,case_049,case_049/L23,3555408,3,0.18105631249081866,104320,L2,SUCCESS,True
E:\HWCupA2026\derived\production\case_049\L24\attempt_record.json,case_049,case_049/L24,3352050,4,0.19864720233537417,91617,L2,SUCCESS,True
E:\HWCupA2026\derived\production\case_049\L25\attempt_record.json,case_049,case_049/L25,3896060,5,0.26483702473530596,86778,L2,SUCCESS,True
E:\HWCupA2026\derived\production\case_050\REF1\attempt_record.json,case_050,case_050/REF1,0,1,,149690,REF,SUCCESS,True
E:\HWCupA2026\derived\production\case_050\A2\attempt_record.json,case_050,case_050/A2,4450502,2,,156805,A,SUCCESS,True
E:\HWCupA2026\derived\production\case_050\A3\attempt_record.json,case_050,case_050/A3,4547592,3,,150531,A,SUCCESS,True
E:\HWCupA2026\derived\production\case_050\A4\attempt_record.json,case_050,case_050/A4,4850952,4,,148721,A,SUCCESS,True
E:\HWCupA2026\derived\production\case_050\A5\attempt_record.json,case_050,case_050/A5,4920098,5,,144578,A,SUCCESS,True
E:\HWCupA2026\derived\production\case_050\B1\attempt_record.json,case_050,case_050/B1,372270,1,,142787,B,SUCCESS,True
E:\HWCupA2026\derived\production\case_050\B2\attempt_record.json,case_050,case_050/B2,2217554,2,,106440,B,SUCCESS,True
E:\HWCupA2026\derived\production\case_050\B3\attempt_record.json,case_050,case_050/B3,2347544,3,,86509,B,SUCCESS,True
E:\HWCupA2026\derived\production\case_050\B4\attempt_record.json,case_050,case_050/B4,2812102,4,,83140,B,SUCCESS,True
E:\HWCupA2026\derived\production\case_050\B5\attempt_record.json,case_050,case_050/B5,3524476,5,,85297,B,SUCCESS,True
E:\HWCupA2026\derived\production\case_050\L21\attempt_record.json,case_050,case_050/L21,372270,1,0.12889170239073616,141691,L2,SUCCESS,True
E:\HWCupA2026\derived\production\case_050\L22\attempt_record.json,case_050,case_050/L22,2217554,2,0.1331204229273917,105621,L2,SUCCESS,True
E:\HWCupA2026\derived\production\case_050\L23\attempt_record.json,case_050,case_050/L23,2347544,3,0.12054345027914072,85420,L2,SUCCESS,True
E:\HWCupA2026\derived\production\case_050\L24\attempt_record.json,case_050,case_050/L24,2812102,4,0.2749084490951815,77112,L2,SUCCESS,True
E:\HWCupA2026\derived\production\case_050\L25\attempt_record.json,case_050,case_050/L25,3524476,5,0.28367037183869126,77331,L2,SUCCESS,True
E:\HWCupA2026\derived\production\case_051\REF1\attempt_record.json,case_051,case_051/REF1,0,1,,607628,REF,SUCCESS,True
E:\HWCupA2026\derived\production\case_051\A2\attempt_record.json,case_051,case_051/A2,9046218,2,,371850,A,SUCCESS,True
E:\HWCupA2026\derived\production\case_051\A3\attempt_record.json,case_051,case_051/A3,9046264,3,,303983,A,SUCCESS,True
E:\HWCupA2026\derived\production\case_051\A4\attempt_record.json,case_051,case_051/A4,9046310,4,,282118,A,SUCCESS,True
E:\HWCupA2026\derived\production\case_051\A5\attempt_record.json,case_051,case_051/A5,9046356,5,,269092,A,SUCCESS,True
E:\HWCupA2026\derived\production\case_051\B1\attempt_record.json,case_051,case_051/B1,0,1,,607628,B,SUCCESS,True
E:\HWCupA2026\derived\production\case_051\B2\attempt_record.json,case_051,case_051/B2,393900,2,,322947,B,SUCCESS,True
E:\HWCupA2026\derived\production\case_051\B3\attempt_record.json,case_051,case_051/B3,1344,3,,230529,B,SUCCESS,True
E:\HWCupA2026\derived\production\case_051\B4\attempt_record.json,case_051,case_051/B4,1444,4,,182130,B,SUCCESS,True
E:\HWCupA2026\derived\production\case_051\B5\attempt_record.json,case_051,case_051/B5,197856,5,,170826,B,SUCCESS,True
E:\HWCupA2026\derived\production\case_051\L21\attempt_record.json,case_051,case_051/L21,0,1,0.0,607628,L2,SUCCESS,True
E:\HWCupA2026\derived\production\case_051\L22\attempt_record.json,case_051,case_051/L22,393900,2,0.4997826567731013,322607,L2,SUCCESS,True
E:\HWCupA2026\derived\production\case_051\L23\attempt_record.json,case_051,case_051/L23,1344,3,0.00011678446665041839,230529,L2,SUCCESS,True
E:\HWCupA2026\derived\production\case_051\L24\attempt_record.json,case_051,case_051/L24,1444,4,0.00023353928790824952,182130,L2,SUCCESS,True
E:\HWCupA2026\derived\production\case_051\L25\attempt_record.json,case_051,case_051/L25,197856,5,0.3332147792862369,170407,L2,SUCCESS,True
E:\HWCupA2026\derived\production\case_052\REF1\attempt_record.json,case_052,case_052/REF1,0,1,,180301,REF,SUCCESS,True
E:\HWCupA2026\derived\production\case_052\A2\attempt_record.json,case_052,case_052/A2,3081058,2,,125854,A,SUCCESS,True
E:\HWCupA2026\derived\production\case_052\A3\attempt_record.json,case_052,case_052/A3,3289966,3,,99041,A,SUCCESS,True
E:\HWCupA2026\derived\production\case_052\A4\attempt_record.json,case_052,case_052/A4,3346560,4,,92046,A,SUCCESS,True
E:\HWCupA2026\derived\production\case_052\A5\attempt_record.json,case_052,case_052/A5,3525128,5,,87862,A,SUCCESS,True
E:\HWCupA2026\derived\production\case_052\B1\attempt_record.json,case_052,case_052/B1,567104,1,,199152,B,SUCCESS,True
E:\HWCupA2026\derived\production\case_052\B2\attempt_record.json,case_052,case_052/B2,1808422,2,,107214,B,SUCCESS,True
E:\HWCupA2026\derived\production\case_052\B3\attempt_record.json,case_052,case_052/B3,2173254,3,,74776,B,SUCCESS,True
E:\HWCupA2026\derived\production\case_052\B4\attempt_record.json,case_052,case_052/B4,2637052,4,,65663,B,SUCCESS,True
E:\HWCupA2026\derived\production\case_052\B5\attempt_record.json,case_052,case_052/B5,2905834,5,,64146,B,SUCCESS,True
E:\HWCupA2026\derived\production\case_052\L21\attempt_record.json,case_052,case_052/L21,567104,1,0.11992889536822779,198147,L2,SUCCESS,True
E:\HWCupA2026\derived\production\case_052\L22\attempt_record.json,case_052,case_052/L22,1808422,2,0.0757617730072748,107211,L2,SUCCESS,True
E:\HWCupA2026\derived\production\case_052\L23\attempt_record.json,case_052,case_052/L23,2173254,3,0.1696249988014536,74334,L2,SUCCESS,True
E:\HWCupA2026\derived\production\case_052\L24\attempt_record.json,case_052,case_052/L24,2637052,4,0.1873572446376105,62179,L2,SUCCESS,True
E:\HWCupA2026\derived\production\case_052\L25\attempt_record.json,case_052,case_052/L25,2905834,5,0.2176093148745051,56882,L2,SUCCESS,True
E:\HWCupA2026\derived\production\case_053\REF1\attempt_record.json,case_053,case_053/REF1,5405536,1,,1472686,REF,SUCCESS,True
E:\HWCupA2026\derived\production\case_053\A2\attempt_record.json,case_053,case_053/A2,19898850,2,,904252,A,SUCCESS,True
E:\HWCupA2026\derived\production\case_053\A3\attempt_record.json,case_053,case_053/A3,21411550,3,,725280,A,SUCCESS,True
E:\HWCupA2026\derived\production\case_053\A4\attempt_record.json,case_053,case_053/A4,23837686,4,,666488,A,SUCCESS,True
E:\HWCupA2026\derived\production\case_053\A5\attempt_record.json,case_053,case_053/A5,25209490,5,,617852,A,SUCCESS,True
E:\HWCupA2026\derived\production\case_053\B1\attempt_record.json,case_053,case_053/B1,867342,1,,1374908,B,SUCCESS,True
E:\HWCupA2026\derived\production\case_053\B2\attempt_record.json,case_053,case_053/B2,9588100,2,,762216,B,SUCCESS,True
E:\HWCupA2026\derived\production\case_053\B3\attempt_record.json,case_053,case_053/B3,10943004,3,,543113,B,SUCCESS,True
E:\HWCupA2026\derived\production\case_053\B4\attempt_record.json,case_053,case_053/B4,15707000,4,,485759,B,SUCCESS,True
E:\HWCupA2026\derived\production\case_053\B5\attempt_record.json,case_053,case_053/B5,17343320,5,,439600,B,SUCCESS,True
E:\HWCupA2026\derived\production\case_053\L21\attempt_record.json,case_053,case_053/L21,867342,1,0.004132883219311086,1374908,L2,SUCCESS,True
E:\HWCupA2026\derived\production\case_053\L22\attempt_record.json,case_053,case_053/L22,9588100,2,0.1585417902074921,758190,L2,SUCCESS,True
E:\HWCupA2026\derived\production\case_053\L23\attempt_record.json,case_053,case_053/L23,10943004,3,0.2029691203546393,534448,L2,SUCCESS,True
E:\HWCupA2026\derived\production\case_053\L24\attempt_record.json,case_053,case_053/L24,15707000,4,0.2534316970244963,468255,L2,SUCCESS,True
E:\HWCupA2026\derived\production\case_053\L25\attempt_record.json,case_053,case_053/L25,17343320,5,0.31647077108944627,394532,L2,SUCCESS,True
E:\HWCupA2026\derived\production\case_054\REF1\attempt_record.json,case_054,case_054/REF1,0,1,,815051,REF,SUCCESS,True
E:\HWCupA2026\derived\production\case_054\A2\attempt_record.json,case_054,case_054/A2,18611306,2,,644569,A,SUCCESS,True
E:\HWCupA2026\derived\production\case_054\A3\attempt_record.json,case_054,case_054/A3,19230774,3,,530556,A,SUCCESS,True
E:\HWCupA2026\derived\production\case_054\A4\attempt_record.json,case_054,case_054/A4,19866114,4,,488561,A,SUCCESS,True
E:\HWCupA2026\derived\production\case_054\A5\attempt_record.json,case_054,case_054/A5,20559566,5,,487887,A,SUCCESS,True
E:\HWCupA2026\derived\production\case_054\B1\attempt_record.json,case_054,case_054/B1,3040542,1,,851141,B,SUCCESS,True
E:\HWCupA2026\derived\production\case_054\B2\attempt_record.json,case_054,case_054/B2,7457606,2,,489567,B,SUCCESS,True
E:\HWCupA2026\derived\production\case_054\B3\attempt_record.json,case_054,case_054/B3,12088980,3,,370381,B,SUCCESS,True
E:\HWCupA2026\derived\production\case_054\B4\attempt_record.json,case_054,case_054/B4,11897118,4,,315963,B,SUCCESS,True
E:\HWCupA2026\derived\production\case_054\B5\attempt_record.json,case_054,case_054/B5,13524672,5,,301425,B,SUCCESS,True
E:\HWCupA2026\derived\production\case_054\L21\attempt_record.json,case_054,case_054/L21,3040542,1,0.0618138692069604,848180,L2,SUCCESS,True
E:\HWCupA2026\derived\production\case_054\L22\attempt_record.json,case_054,case_054/L22,7457606,2,0.031697653491462315,489555,L2,SUCCESS,True
E:\HWCupA2026\derived\production\case_054\L23\attempt_record.json,case_054,case_054/L23,12088980,3,0.11839740262620027,365160,L2,SUCCESS,True
E:\HWCupA2026\derived\production\case_054\L24\attempt_record.json,case_054,case_054/L24,11897118,4,0.13349547765723865,310619,L2,SUCCESS,True
E:\HWCupA2026\derived\production\case_054\L25\attempt_record.json,case_054,case_054/L25,13524672,5,0.20975500065080918,285947,L2,SUCCESS,True
E:\HWCupA2026\derived\production\case_055\REF1\attempt_record.json,case_055,case_055/REF1,69632,1,,118835,REF,SUCCESS,True
E:\HWCupA2026\derived\production\case_055\A2\attempt_record.json,case_055,case_055/A2,1358308,2,,86060,A,SUCCESS,True
E:\HWCupA2026\derived\production\case_055\A3\attempt_record.json,case_055,case_055/A3,1505292,3,,73897,A,SUCCESS,True
E:\HWCupA2026\derived\production\case_055\A4\attempt_record.json,case_055,case_055/A4,1709116,4,,65332,A,SUCCESS,True
E:\HWCupA2026\derived\production\case_055\A5\attempt_record.json,case_055,case_055/A5,1723466,5,,58208,A,SUCCESS,True
E:\HWCupA2026\derived\production\case_055\B1\attempt_record.json,case_055,case_055/B1,229464,1,,117757,B,SUCCESS,True
E:\HWCupA2026\derived\production\case_055\B2\attempt_record.json,case_055,case_055/B2,742876,2,,72961,B,SUCCESS,True
E:\HWCupA2026\derived\production\case_055\B3\attempt_record.json,case_055,case_055/B3,947756,3,,54439,B,SUCCESS,True
E:\HWCupA2026\derived\production\case_055\B4\attempt_record.json,case_055,case_055/B4,1315538,4,,45738,B,SUCCESS,True
E:\HWCupA2026\derived\production\case_055\B5\attempt_record.json,case_055,case_055/B5,1458482,5,,42272,B,SUCCESS,True
E:\HWCupA2026\derived\production\case_055\L21\attempt_record.json,case_055,case_055/L21,229464,1,0.11472220807659012,116965,L2,SUCCESS,True
E:\HWCupA2026\derived\production\case_055\L22\attempt_record.json,case_055,case_055/L22,742876,2,0.21166017723239827,72155,L2,SUCCESS,True
E:\HWCupA2026\derived\production\case_055\L23\attempt_record.json,case_055,case_055/L23,947756,3,0.30397719160345615,52631,L2,SUCCESS,True
E:\HWCupA2026\derived\production\case_055\L24\attempt_record.json,case_055,case_055/L24,1315538,4,0.3820335415408184,43145,L2,SUCCESS,True
E:\HWCupA2026\derived\production\case_055\L25\attempt_record.json,case_055,case_055/L25,1458482,5,0.36979866787240157,35945,L2,SUCCESS,True
E:\HWCupA2026\derived\production\case_056\REF1\attempt_record.json,case_056,case_056/REF1,0,1,,277285,REF,SUCCESS,True
E:\HWCupA2026\derived\production\case_056\A2\attempt_record.json,case_056,case_056/A2,8135154,2,,252856,A,SUCCESS,True
E:\HWCupA2026\derived\production\case_056\A3\attempt_record.json,case_056,case_056/A3,8363454,3,,255726,A,SUCCESS,True
E:\HWCupA2026\derived\production\case_056\A4\attempt_record.json,case_056,case_056/A4,8686286,4,,231227,A,SUCCESS,True
E:\HWCupA2026\derived\production\case_056\A5\attempt_record.json,case_056,case_056/A5,9049848,5,,240972,A,SUCCESS,True
E:\HWCupA2026\derived\production\case_056\B1\attempt_record.json,case_056,case_056/B1,101576,1,,262320,B,SUCCESS,True
E:\HWCupA2026\derived\production\case_056\B2\attempt_record.json,case_056,case_056/B2,3229362,2,,178139,B,SUCCESS,True
E:\HWCupA2026\derived\production\case_056\B3\attempt_record.json,case_056,case_056/B3,3976046,3,,150136,B,SUCCESS,True
E:\HWCupA2026\derived\production\case_056\B4\attempt_record.json,case_056,case_056/B4,4739718,4,,124010,B,SUCCESS,True
E:\HWCupA2026\derived\production\case_056\B5\attempt_record.json,case_056,case_056/B5,6477552,5,,143239,B,SUCCESS,True
E:\HWCupA2026\derived\production\case_056\L21\attempt_record.json,case_056,case_056/L21,101576,1,1.4688817403310859e-05,262320,L2,SUCCESS,True
E:\HWCupA2026\derived\production\case_056\L22\attempt_record.json,case_056,case_056/L22,3229362,2,0.04310581826783937,178106,L2,SUCCESS,True
E:\HWCupA2026\derived\production\case_056\L23\attempt_record.json,case_056,case_056/L23,3976046,3,0.09397946680561756,149935,L2,SUCCESS,True
E:\HWCupA2026\derived\production\case_056\L24\attempt_record.json,case_056,case_056/L24,4739718,4,0.1659447338878287,121706,L2,SUCCESS,True
E:\HWCupA2026\derived\production\case_056\L25\attempt_record.json,case_056,case_056/L25,6477552,5,0.31668263156544846,126104,L2,SUCCESS,True
E:\HWCupA2026\derived\production\case_057\REF1\attempt_record.json,case_057,case_057/REF1,94216,1,,59726,REF,SUCCESS,True
E:\HWCupA2026\derived\production\case_057\A2\attempt_record.json,case_057,case_057/A2,973674,2,,41669,A,SUCCESS,True
E:\HWCupA2026\derived\production\case_057\A3\attempt_record.json,case_057,case_057/A3,976946,3,,34433,A,SUCCESS,True
E:\HWCupA2026\derived\production\case_057\A4\attempt_record.json,case_057,case_057/A4,1126768,4,,33350,A,SUCCESS,True
E:\HWCupA2026\derived\production\case_057\A5\attempt_record.json,case_057,case_057/A5,1056864,5,,31915,A,SUCCESS,True
E:\HWCupA2026\derived\production\case_057\B1\attempt_record.json,case_057,case_057/B1,286720,1,,62337,B,SUCCESS,True
E:\HWCupA2026\derived\production\case_057\B2\attempt_record.json,case_057,case_057/B2,519374,2,,32724,B,SUCCESS,True
E:\HWCupA2026\derived\production\case_057\B3\attempt_record.json,case_057,case_057/B3,732428,3,,26021,B,SUCCESS,True
E:\HWCupA2026\derived\production\case_057\B4\attempt_record.json,case_057,case_057/B4,951132,4,,24485,B,SUCCESS,True
E:\HWCupA2026\derived\production\case_057\B5\attempt_record.json,case_057,case_057/B5,909234,5,,23643,B,SUCCESS,True
E:\HWCupA2026\derived\production\case_057\L21\attempt_record.json,case_057,case_057/L21,286720,1,0.1857947457947458,61047,L2,SUCCESS,True
E:\HWCupA2026\derived\production\case_057\L22\attempt_record.json,case_057,case_057/L22,519374,2,0.3759981915438333,32686,L2,SUCCESS,True
E:\HWCupA2026\derived\production\case_057\L23\attempt_record.json,case_057,case_057/L23,732428,3,0.388659906127155,23809,L2,SUCCESS,True
E:\HWCupA2026\derived\production\case_057\L24\attempt_record.json,case_057,case_057/L24,951132,4,0.4436403378116715,21995,L2,SUCCESS,True
E:\HWCupA2026\derived\production\case_057\L25\attempt_record.json,case_057,case_057/L25,909234,5,0.460374519311152,19758,L2,SUCCESS,True
E:\HWCupA2026\derived\production\case_058\REF1\attempt_record.json,case_058,case_058/REF1,28696576,1,,4539717,REF,SUCCESS,True
E:\HWCupA2026\derived\production\case_058\A2\attempt_record.json,case_058,case_058/A2,166797312,2,,4282432,A,SUCCESS,True
E:\HWCupA2026\derived\production\case_058\A3\attempt_record.json,case_058,case_058/A3,145367040,3,,3804932,A,SUCCESS,True
E:\HWCupA2026\derived\production\case_058\A4\attempt_record.json,case_058,case_058/A4,175988736,4,,3357647,A,SUCCESS,True
E:\HWCupA2026\derived\production\case_058\A5\attempt_record.json,case_058,case_058/A5,163872768,5,,3214518,A,SUCCESS,True
E:\HWCupA2026\derived\production\case_058\B1\attempt_record.json,case_058,case_058/B1,156753920,1,,7219621,B,SUCCESS,True
E:\HWCupA2026\derived\production\case_058\B2\attempt_record.json,case_058,case_058/B2,139161600,2,,4002121,B,SUCCESS,True
E:\HWCupA2026\derived\production\case_058\B3\attempt_record.json,case_058,case_058/B3,129232896,3,,3103080,B,SUCCESS,True
E:\HWCupA2026\derived\production\case_058\B4\attempt_record.json,case_058,case_058/B4,158986240,4,,2996915,B,SUCCESS,True
E:\HWCupA2026\derived\production\case_058\B5\attempt_record.json,case_058,case_058/B5,144920576,5,,2758682,B,SUCCESS,True
E:\HWCupA2026\derived\production\case_058\L21\attempt_record.json,case_058,case_058/L21,156753920,1,0.0,7219621,L2,SUCCESS,True
E:\HWCupA2026\derived\production\case_058\L22\attempt_record.json,case_058,case_058/L22,139161600,2,0.005603196258039369,4001569,L2,SUCCESS,True
E:\HWCupA2026\derived\production\case_058\L23\attempt_record.json,case_058,case_058/L23,129232896,3,0.010764023747433835,3093169,L2,SUCCESS,True
E:\HWCupA2026\derived\production\case_058\L24\attempt_record.json,case_058,case_058/L24,158986240,4,0.07661226430042782,2900502,L2,SUCCESS,True
E:\HWCupA2026\derived\production\case_058\L25\attempt_record.json,case_058,case_058/L25,144920576,5,0.1587469524817149,2501380,L2,SUCCESS,True
E:\HWCupA2026\derived\production\case_059\REF1\attempt_record.json,case_059,case_059/REF1,1691648,1,,829473,REF,SUCCESS,True
E:\HWCupA2026\derived\production\case_059\A2\attempt_record.json,case_059,case_059/A2,22020096,2,,652046,A,SUCCESS,True
E:\HWCupA2026\derived\production\case_059\A3\attempt_record.json,case_059,case_059/A3,24961024,3,,560868,A,SUCCESS,True
E:\HWCupA2026\derived\production\case_059\A4\attempt_record.json,case_059,case_059/A4,22380544,4,,470268,A,SUCCESS,True
E:\HWCupA2026\derived\production\case_059\A5\attempt_record.json,case_059,case_059/A5,26345472,5,,475172,A,SUCCESS,True
E:\HWCupA2026\derived\production\case_059\B1\attempt_record.json,case_059,case_059/B1,12607488,1,,931859,B,SUCCESS,True
E:\HWCupA2026\derived\production\case_059\B2\attempt_record.json,case_059,case_059/B2,10813440,2,,464377,B,SUCCESS,True
E:\HWCupA2026\derived\production\case_059\B3\attempt_record.json,case_059,case_059/B3,13500416,3,,339186,B,SUCCESS,True
E:\HWCupA2026\derived\production\case_059\B4\attempt_record.json,case_059,case_059/B4,9551872,4,,263047,B,SUCCESS,True
E:\HWCupA2026\derived\production\case_059\B5\attempt_record.json,case_059,case_059/B5,14401536,5,,265977,B,SUCCESS,True
E:\HWCupA2026\derived\production\case_059\L21\attempt_record.json,case_059,case_059/L21,12607488,1,0.19970044932601097,913229,L2,SUCCESS,True
E:\HWCupA2026\derived\production\case_059\L22\attempt_record.json,case_059,case_059/L22,10813440,2,0.0,464377,L2,SUCCESS,True
E:\HWCupA2026\derived\production\case_059\L23\attempt_record.json,case_059,case_059/L23,13500416,3,0.23345588235294118,339186,L2,SUCCESS,True
E:\HWCupA2026\derived\production\case_059\L24\attempt_record.json,case_059,case_059/L24,9551872,4,0.05970149253731343,263220,L2,SUCCESS,True
E:\HWCupA2026\derived\production\case_059\L25\attempt_record.json,case_059,case_059/L25,14401536,5,0.4023529411764706,232013,L2,SUCCESS,True
E:\HWCupA2026\derived\production\case_060\REF1\attempt_record.json,case_060,case_060/REF1,2068520,1,,888789,REF,SUCCESS,True
E:\HWCupA2026\derived\production\case_060\A2\attempt_record.json,case_060,case_060/A2,27597488,2,,789476,A,SUCCESS,True
E:\HWCupA2026\derived\production\case_060\A3\attempt_record.json,case_060,case_060/A3,27868380,3,,676198,A,SUCCESS,True
E:\HWCupA2026\derived\production\case_060\A4\attempt_record.json,case_060,case_060/A4,29089148,4,,638285,A,SUCCESS,True
E:\HWCupA2026\derived\production\case_060\A5\attempt_record.json,case_060,case_060/A5,27880616,5,,606554,A,SUCCESS,True
E:\HWCupA2026\derived\production\case_060\B1\attempt_record.json,case_060,case_060/B1,22700156,1,,1211069,B,SUCCESS,True
E:\HWCupA2026\derived\production\case_060\B2\attempt_record.json,case_060,case_060/B2,22088740,2,,688410,B,SUCCESS,True
E:\HWCupA2026\derived\production\case_060\B3\attempt_record.json,case_060,case_060/B3,21497708,3,,543619,B,SUCCESS,True
E:\HWCupA2026\derived\production\case_060\B4\attempt_record.json,case_060,case_060/B4,26177360,4,,511847,B,SUCCESS,True
E:\HWCupA2026\derived\production\case_060\B5\attempt_record.json,case_060,case_060/B5,24689456,5,,471736,B,SUCCESS,True
E:\HWCupA2026\derived\production\case_060\L21\attempt_record.json,case_060,case_060/L21,22700156,1,0.09109635644634193,1202135,L2,SUCCESS,True
E:\HWCupA2026\derived\production\case_060\L22\attempt_record.json,case_060,case_060/L22,22088740,2,0.031107747041167106,685966,L2,SUCCESS,True
E:\HWCupA2026\derived\production\case_060\L23\attempt_record.json,case_060,case_060/L23,21497708,3,0.06894898738353548,538952,L2,SUCCESS,True
E:\HWCupA2026\derived\production\case_060\L24\attempt_record.json,case_060,case_060/L24,26177360,4,0.11562629371366742,499456,L2,SUCCESS,True
E:\HWCupA2026\derived\production\case_060\L25\attempt_record.json,case_060,case_060/L25,24689456,5,0.07207006121796904,454621,L2,SUCCESS,True
E:\HWCupA2026\derived\production\case_061\REF1\attempt_record.json,case_061,case_061/REF1,0,1,,77191,REF,SUCCESS,True
E:\HWCupA2026\derived\production\case_061\A2\attempt_record.json,case_061,case_061/A2,1240470,2,,60375,A,SUCCESS,True
E:\HWCupA2026\derived\production\case_061\A3\attempt_record.json,case_061,case_061/A3,1263538,3,,48154,A,SUCCESS,True
E:\HWCupA2026\derived\production\case_061\A4\attempt_record.json,case_061,case_061/A4,1314132,4,,42233,A,SUCCESS,True
E:\HWCupA2026\derived\production\case_061\A5\attempt_record.json,case_061,case_061/A5,1343852,5,,39755,A,SUCCESS,True
E:\HWCupA2026\derived\production\case_061\B1\attempt_record.json,case_061,case_061/B1,0,1,,90199,B,SUCCESS,True
E:\HWCupA2026\derived\production\case_061\B2\attempt_record.json,case_061,case_061/B2,607590,2,,50567,B,SUCCESS,True
E:\HWCupA2026\derived\production\case_061\B3\attempt_record.json,case_061,case_061/B3,858686,3,,38270,B,SUCCESS,True
E:\HWCupA2026\derived\production\case_061\B4\attempt_record.json,case_061,case_061/B4,1151026,4,,34147,B,SUCCESS,True
E:\HWCupA2026\derived\production\case_061\B5\attempt_record.json,case_061,case_061/B5,1077282,5,,31801,B,SUCCESS,True
E:\HWCupA2026\derived\production\case_061\L21\attempt_record.json,case_061,case_061/L21,0,1,0.0,90199,L2,SUCCESS,True
E:\HWCupA2026\derived\production\case_061\L22\attempt_record.json,case_061,case_061/L22,607590,2,0.062330877244304674,50556,L2,SUCCESS,True
E:\HWCupA2026\derived\production\case_061\L23\attempt_record.json,case_061,case_061/L23,858686,3,0.08015405385193669,37962,L2,SUCCESS,True
E:\HWCupA2026\derived\production\case_061\L24\attempt_record.json,case_061,case_061/L24,1151026,4,0.11798553901191645,33675,L2,SUCCESS,True
E:\HWCupA2026\derived\production\case_061\L25\attempt_record.json,case_061,case_061/L25,1077282,5,0.14887579467034537,30838,L2,SUCCESS,True
E:\HWCupA2026\derived\production\case_062\REF1\attempt_record.json,case_062,case_062/REF1,0,1,,2854809,REF,SUCCESS,True
E:\HWCupA2026\derived\production\case_062\A2\attempt_record.json,case_062,case_062/A2,13393920,2,,1607247,A,SUCCESS,True
E:\HWCupA2026\derived\production\case_062\A3\attempt_record.json,case_062,case_062/A3,13393920,3,,1130638,A,SUCCESS,True
E:\HWCupA2026\derived\production\case_062\A4\attempt_record.json,case_062,case_062/A4,13393920,4,,889045,A,SUCCESS,True
E:\HWCupA2026\derived\production\case_062\A5\attempt_record.json,case_062,case_062/A5,13393920,5,,746374,A,SUCCESS,True
E:\HWCupA2026\derived\production\case_062\B1\attempt_record.json,case_062,case_062/B1,11707392,1,,3066597,B,SUCCESS,True
E:\HWCupA2026\derived\production\case_062\B2\attempt_record.json,case_062,case_062/B2,11037696,2,,1587014,B,SUCCESS,True
E:\HWCupA2026\derived\production\case_062\B3\attempt_record.json,case_062,case_062/B3,10561536,3,,1086140,B,SUCCESS,True
E:\HWCupA2026\derived\production\case_062\B4\attempt_record.json,case_062,case_062/B4,10644480,4,,843402,B,SUCCESS,True
E:\HWCupA2026\derived\production\case_062\B5\attempt_record.json,case_062,case_062/B5,10275840,5,,700027,B,SUCCESS,True
E:\HWCupA2026\derived\production\case_062\L21\attempt_record.json,case_062,case_062/L21,11707392,1,0.0,3066597,L2,SUCCESS,True
E:\HWCupA2026\derived\production\case_062\L22\attempt_record.json,case_062,case_062/L22,11037696,2,0.0,1587014,L2,SUCCESS,True
E:\HWCupA2026\derived\production\case_062\L23\attempt_record.json,case_062,case_062/L23,10561536,3,0.0,1086140,L2,SUCCESS,True
E:\HWCupA2026\derived\production\case_062\L24\attempt_record.json,case_062,case_062/L24,10644480,4,0.0,843402,L2,SUCCESS,True
E:\HWCupA2026\derived\production\case_062\L25\attempt_record.json,case_062,case_062/L25,10275840,5,0.0,700027,L2,SUCCESS,True
E:\HWCupA2026\derived\production\case_063\REF1\attempt_record.json,case_063,case_063/REF1,0,1,,1070397,REF,SUCCESS,True
E:\HWCupA2026\derived\production\case_063\A2\attempt_record.json,case_063,case_063/A2,5013504,2,,608339,A,SUCCESS,True
E:\HWCupA2026\derived\production\case_063\A3\attempt_record.json,case_063,case_063/A3,5013504,3,,430395,A,SUCCESS,True
E:\HWCupA2026\derived\production\case_063\A4\attempt_record.json,case_063,case_063/A4,5013504,4,,335562,A,SUCCESS,True
E:\HWCupA2026\derived\production\case_063\A5\attempt_record.json,case_063,case_063/A5,5013504,5,,282142,A,SUCCESS,True
E:\HWCupA2026\derived\production\case_063\B1\attempt_record.json,case_063,case_063/B1,3683328,1,,1136021,B,SUCCESS,True
E:\HWCupA2026\derived\production\case_063\B2\attempt_record.json,case_063,case_063/B2,3369984,2,,583193,B,SUCCESS,True
E:\HWCupA2026\derived\production\case_063\B3\attempt_record.json,case_063,case_063/B3,3563520,3,,401307,B,SUCCESS,True
E:\HWCupA2026\derived\production\case_063\B4\attempt_record.json,case_063,case_063/B4,3757056,4,,313678,B,SUCCESS,True
E:\HWCupA2026\derived\production\case_063\B5\attempt_record.json,case_063,case_063/B5,3517440,5,,257434,B,SUCCESS,True
E:\HWCupA2026\derived\production\case_063\L21\attempt_record.json,case_063,case_063/L21,3683328,1,0.0,1136021,L2,SUCCESS,True
E:\HWCupA2026\derived\production\case_063\L22\attempt_record.json,case_063,case_063/L22,3369984,2,0.0,583193,L2,SUCCESS,True
E:\HWCupA2026\derived\production\case_063\L23\attempt_record.json,case_063,case_063/L23,3563520,3,0.0,401307,L2,SUCCESS,True
E:\HWCupA2026\derived\production\case_063\L24\attempt_record.json,case_063,case_063/L24,3757056,4,0.0,313678,L2,SUCCESS,True
E:\HWCupA2026\derived\production\case_063\L25\attempt_record.json,case_063,case_063/L25,3517440,5,0.0,257434,L2,SUCCESS,True
E:\HWCupA2026\derived\production\case_064\REF1\attempt_record.json,case_064,case_064/REF1,0,1,,19116,REF,SUCCESS,True
E:\HWCupA2026\derived\production\case_064\A2\attempt_record.json,case_064,case_064/A2,457062,2,,42195,A,SUCCESS,True
E:\HWCupA2026\derived\production\case_064\A3\attempt_record.json,case_064,case_064/A3,468426,3,,44142,A,SUCCESS,True
E:\HWCupA2026\derived\production\case_064\A4\attempt_record.json,case_064,case_064/A4,510928,4,,43113,A,SUCCESS,True
E:\HWCupA2026\derived\production\case_064\A5\attempt_record.json,case_064,case_064/A5,500216,5,,44562,A,SUCCESS,True
E:\HWCupA2026\derived\production\case_064\B1\attempt_record.json,case_064,case_064/B1,0,1,,17625,B,SUCCESS,True
E:\HWCupA2026\derived\production\case_064\B2\attempt_record.json,case_064,case_064/B2,80614,2,,19988,B,SUCCESS,True
E:\HWCupA2026\derived\production\case_064\B3\attempt_record.json,case_064,case_064/B3,160076,3,,20998,B,SUCCESS,True
E:\HWCupA2026\derived\production\case_064\B4\attempt_record.json,case_064,case_064/B4,254322,4,,19744,B,SUCCESS,True
E:\HWCupA2026\derived\production\case_064\B5\attempt_record.json,case_064,case_064/B5,268728,5,,19618,B,SUCCESS,True
E:\HWCupA2026\derived\production\case_064\L21\attempt_record.json,case_064,case_064/L21,0,1,0.0,17625,L2,SUCCESS,True
E:\HWCupA2026\derived\production\case_064\L22\attempt_record.json,case_064,case_064/L22,80614,2,0.09367311072056239,19986,L2,SUCCESS,True
E:\HWCupA2026\derived\production\case_064\L23\attempt_record.json,case_064,case_064/L23,160076,3,0.1670663211934918,21001,L2,SUCCESS,True
E:\HWCupA2026\derived\production\case_064\L24\attempt_record.json,case_064,case_064/L24,254322,4,0.337783484070354,19533,L2,SUCCESS,True
E:\HWCupA2026\derived\production\case_064\L25\attempt_record.json,case_064,case_064/L25,268728,5,0.3256042551797202,19381,L2,SUCCESS,True
E:\HWCupA2026\derived\production\case_065\REF1\attempt_record.json,case_065,case_065/REF1,0,1,,53068,REF,SUCCESS,True
E:\HWCupA2026\derived\production\case_065\A2\attempt_record.json,case_065,case_065/A2,880532,2,,37462,A,SUCCESS,True
E:\HWCupA2026\derived\production\case_065\A3\attempt_record.json,case_065,case_065/A3,910898,3,,32262,A,SUCCESS,True
E:\HWCupA2026\derived\production\case_065\A4\attempt_record.json,case_065,case_065/A4,1007686,4,,32957,A,SUCCESS,True
E:\HWCupA2026\derived\production\case_065\A5\attempt_record.json,case_065,case_065/A5,984644,5,,30213,A,SUCCESS,True
E:\HWCupA2026\derived\production\case_065\B1\attempt_record.json,case_065,case_065/B1,0,1,,52874,B,SUCCESS,True
E:\HWCupA2026\derived\production\case_065\B2\attempt_record.json,case_065,case_065/B2,446424,2,,28306,B,SUCCESS,True
E:\HWCupA2026\derived\production\case_065\B3\attempt_record.json,case_065,case_065/B3,633600,3,,22390,B,SUCCESS,True
E:\HWCupA2026\derived\production\case_065\B4\attempt_record.json,case_065,case_065/B4,761776,4,,21947,B,SUCCESS,True
E:\HWCupA2026\derived\production\case_065\B5\attempt_record.json,case_065,case_065/B5,792498,5,,22408,B,SUCCESS,True
E:\HWCupA2026\derived\production\case_065\L21\attempt_record.json,case_065,case_065/L21,0,1,0.0,52874,L2,SUCCESS,True
E:\HWCupA2026\derived\production\case_065\L22\attempt_record.json,case_065,case_065/L22,446424,2,0.14973197700132684,28112,L2,SUCCESS,True
E:\HWCupA2026\derived\production\case_065\L23\attempt_record.json,case_065,case_065/L23,633600,3,0.18956405891495817,21601,L2,SUCCESS,True
E:\HWCupA2026\derived\production\case_065\L24\attempt_record.json,case_065,case_065/L24,761776,4,0.28996476509642105,19582,L2,SUCCESS,True
E:\HWCupA2026\derived\production\case_065\L25\attempt_record.json,case_065,case_065/L25,792498,5,0.27303182998028896,19435,L2,SUCCESS,True
E:\HWCupA2026\derived\production\case_066\REF1\attempt_record.json,case_066,case_066/REF1,0,1,,359070,REF,SUCCESS,True
E:\HWCupA2026\derived\production\case_066\A2\attempt_record.json,case_066,case_066/A2,7757038,2,,279692,A,SUCCESS,True
E:\HWCupA2026\derived\production\case_066\A3\attempt_record.json,case_066,case_066/A3,8018636,3,,247341,A,SUCCESS,True
E:\HWCupA2026\derived\production\case_066\A4\attempt_record.json,case_066,case_066/A4,8701244,4,,247197,A,SUCCESS,True
E:\HWCupA2026\derived\production\case_066\A5\attempt_record.json,case_066,case_066/A5,8987604,5,,236268,A,SUCCESS,True
E:\HWCupA2026\derived\production\case_066\B1\attempt_record.json,case_066,case_066/B1,164210,1,,343097,B,SUCCESS,True
E:\HWCupA2026\derived\production\case_066\B2\attempt_record.json,case_066,case_066/B2,4054296,2,,218219,B,SUCCESS,True
E:\HWCupA2026\derived\production\case_066\B3\attempt_record.json,case_066,case_066/B3,4422188,3,,171754,B,SUCCESS,True
E:\HWCupA2026\derived\production\case_066\B4\attempt_record.json,case_066,case_066/B4,6673392,4,,165830,B,SUCCESS,True
E:\HWCupA2026\derived\production\case_066\B5\attempt_record.json,case_066,case_066/B5,6912204,5,,163749,B,SUCCESS,True
E:\HWCupA2026\derived\production\case_066\L21\attempt_record.json,case_066,case_066/L21,164210,1,0.008286677751482265,343097,L2,SUCCESS,True
E:\HWCupA2026\derived\production\case_066\L22\attempt_record.json,case_066,case_066/L22,4054296,2,0.1237231758812937,217986,L2,SUCCESS,True
E:\HWCupA2026\derived\production\case_066\L23\attempt_record.json,case_066,case_066/L23,4422188,3,0.16186748907770468,169105,L2,SUCCESS,True
E:\HWCupA2026\derived\production\case_066\L24\attempt_record.json,case_066,case_066/L24,6673392,4,0.250747667695327,154649,L2,SUCCESS,True
E:\HWCupA2026\derived\production\case_066\L25\attempt_record.json,case_066,case_066/L25,6912204,5,0.2561448056906579,147719,L2,SUCCESS,True
E:\HWCupA2026\derived\production\case_067\REF1\attempt_record.json,case_067,case_067/REF1,264449408,1,,63834834,REF,SUCCESS,True
E:\HWCupA2026\derived\production\case_067\A2\attempt_record.json,case_067,case_067/A2,222495104,2,,32464470,A,SUCCESS,True
E:\HWCupA2026\derived\production\case_067\A3\attempt_record.json,case_067,case_067/A3,223857408,3,,23195651,A,SUCCESS,True
E:\HWCupA2026\derived\production\case_067\A4\attempt_record.json,case_067,case_067/A4,225219712,4,,18227984,A,SUCCESS,True
E:\HWCupA2026\derived\production\case_067\A5\attempt_record.json,case_067,case_067/A5,226582016,5,,15401087,A,SUCCESS,True
E:\HWCupA2026\derived\production\case_067\B1\attempt_record.json,case_067,case_067/B1,197050368,1,,63982899,B,SUCCESS,True
E:\HWCupA2026\derived\production\case_067\B2\attempt_record.json,case_067,case_067/B2,185485696,2,,32171803,B,SUCCESS,True
E:\HWCupA2026\derived\production\case_067\B3\attempt_record.json,case_067,case_067/B3,180458240,3,,23066543,B,SUCCESS,True
E:\HWCupA2026\derived\production\case_067\B4\attempt_record.json,case_067,case_067/B4,177872000,4,,17926926,B,SUCCESS,True
E:\HWCupA2026\derived\production\case_067\B5\attempt_record.json,case_067,case_067/B5,176334336,5,,15255427,B,SUCCESS,True
E:\HWCupA2026\derived\production\case_067\L21\attempt_record.json,case_067,case_067/L21,197050368,1,0.8855879964301347,61875727,L2,SUCCESS,True
E:\HWCupA2026\derived\production\case_067\L22\attempt_record.json,case_067,case_067/L22,185485696,2,0.8105871980250396,31225165,L2,SUCCESS,True
E:\HWCupA2026\derived\production\case_067\L23\attempt_record.json,case_067,case_067/L23,180458240,3,0.7290476833387981,21181144,L2,SUCCESS,True
E:\HWCupA2026\derived\production\case_067\L24\attempt_record.json,case_067,case_067/L24,177872000,4,0.6861314287188868,16221979,L2,SUCCESS,True
E:\HWCupA2026\derived\production\case_067\L25\attempt_record.json,case_067,case_067/L25,176334336,5,0.8029958023481892,13166108,L2,SUCCESS,True
E:\HWCupA2026\derived\production\case_068\REF1\attempt_record.json,case_068,case_068/REF1,0,1,,362095,REF,SUCCESS,True
E:\HWCupA2026\derived\production\case_068\A2\attempt_record.json,case_068,case_068/A2,7684626,2,,316754,A,SUCCESS,True
E:\HWCupA2026\derived\production\case_068\A3\attempt_record.json,case_068,case_068/A3,7995136,3,,281615,A,SUCCESS,True
E:\HWCupA2026\derived\production\case_068\A4\attempt_record.json,case_068,case_068/A4,9100084,4,,309689,A,SUCCESS,True
E:\HWCupA2026\derived\production\case_068\A5\attempt_record.json,case_068,case_068/A5,9210300,5,,293664,A,SUCCESS,True
E:\HWCupA2026\derived\production\case_068\B1\attempt_record.json,case_068,case_068/B1,363012,1,,356402,B,SUCCESS,True
E:\HWCupA2026\derived\production\case_068\B2\attempt_record.json,case_068,case_068/B2,3405346,2,,223709,B,SUCCESS,True
E:\HWCupA2026\derived\production\case_068\B3\attempt_record.json,case_068,case_068/B3,4231260,3,,184542,B,SUCCESS,True
E:\HWCupA2026\derived\production\case_068\B4\attempt_record.json,case_068,case_068/B4,5912270,4,,188645,B,SUCCESS,True
E:\HWCupA2026\derived\production\case_068\B5\attempt_record.json,case_068,case_068/B5,6632936,5,,189227,B,SUCCESS,True
E:\HWCupA2026\derived\production\case_068\L21\attempt_record.json,case_068,case_068/L21,363012,1,0.033771046331711116,355323,L2,SUCCESS,True
E:\HWCupA2026\derived\production\case_068\L22\attempt_record.json,case_068,case_068/L22,3405346,2,0.2129102202054822,222313,L2,SUCCESS,True
E:\HWCupA2026\derived\production\case_068\L23\attempt_record.json,case_068,case_068/L23,4231260,3,0.28039182260643947,179208,L2,SUCCESS,True
E:\HWCupA2026\derived\production\case_068\L24\attempt_record.json,case_068,case_068/L24,5912270,4,0.22101077125306803,167950,L2,SUCCESS,True
E:\HWCupA2026\derived\production\case_068\L25\attempt_record.json,case_068,case_068/L25,6632936,5,0.25399036576816775,166840,L2,SUCCESS,True
E:\HWCupA2026\derived\production\case_069\REF1\attempt_record.json,case_069,case_069/REF1,0,1,,25144,REF,SUCCESS,True
E:\HWCupA2026\derived\production\case_069\A2\attempt_record.json,case_069,case_069/A2,1294346,2,,33272,A,SUCCESS,True
E:\HWCupA2026\derived\production\case_069\A3\attempt_record.json,case_069,case_069/A3,1372882,3,,36775,A,SUCCESS,True
E:\HWCupA2026\derived\production\case_069\A4\attempt_record.json,case_069,case_069/A4,1431350,4,,35556,A,SUCCESS,True
E:\HWCupA2026\derived\production\case_069\A5\attempt_record.json,case_069,case_069/A5,1525456,5,,39721,A,SUCCESS,True
E:\HWCupA2026\derived\production\case_069\B1\attempt_record.json,case_069,case_069/B1,0,1,,24055,B,SUCCESS,True
E:\HWCupA2026\derived\production\case_069\B2\attempt_record.json,case_069,case_069/B2,566852,2,,18065,B,SUCCESS,True
E:\HWCupA2026\derived\production\case_069\B3\attempt_record.json,case_069,case_069/B3,770828,3,,19803,B,SUCCESS,True
E:\HWCupA2026\derived\production\case_069\B4\attempt_record.json,case_069,case_069/B4,675470,4,,17676,B,SUCCESS,True
E:\HWCupA2026\derived\production\case_069\B5\attempt_record.json,case_069,case_069/B5,1070422,5,,23640,B,SUCCESS,True
E:\HWCupA2026\derived\production\case_069\L21\attempt_record.json,case_069,case_069/L21,0,1,0.0,24055,L2,SUCCESS,True
E:\HWCupA2026\derived\production\case_069\L22\attempt_record.json,case_069,case_069/L22,566852,2,0.1116669165519466,18018,L2,SUCCESS,True
E:\HWCupA2026\derived\production\case_069\L23\attempt_record.json,case_069,case_069/L23,770828,3,0.18426199461318093,18462,L2,SUCCESS,True
E:\HWCupA2026\derived\production\case_069\L24\attempt_record.json,case_069,case_069/L24,675470,4,0.2561648665843918,16326,L2,SUCCESS,True
E:\HWCupA2026\derived\production\case_069\L25\attempt_record.json,case_069,case_069/L25,1070422,5,0.31357753221810897,19733,L2,SUCCESS,True
E:\HWCupA2026\derived\production\case_070\REF1\attempt_record.json,case_070,case_070/REF1,0,1,,117300,REF,SUCCESS,True
E:\HWCupA2026\derived\production\case_070\A2\attempt_record.json,case_070,case_070/A2,1824774,2,,88866,A,SUCCESS,True
E:\HWCupA2026\derived\production\case_070\A3\attempt_record.json,case_070,case_070/A3,2033432,3,,76579,A,SUCCESS,True
E:\HWCupA2026\derived\production\case_070\A4\attempt_record.json,case_070,case_070/A4,2008100,4,,70924,A,SUCCESS,True
E:\HWCupA2026\derived\production\case_070\A5\attempt_record.json,case_070,case_070/A5,2235954,5,,69784,A,SUCCESS,True
E:\HWCupA2026\derived\production\case_070\B1\attempt_record.json,case_070,case_070/B1,8204,1,,122543,B,SUCCESS,True
E:\HWCupA2026\derived\production\case_070\B2\attempt_record.json,case_070,case_070/B2,934580,2,,70948,B,SUCCESS,True
E:\HWCupA2026\derived\production\case_070\B3\attempt_record.json,case_070,case_070/B3,1430332,3,,59471,B,SUCCESS,True
E:\HWCupA2026\derived\production\case_070\B4\attempt_record.json,case_070,case_070/B4,1510244,4,,55042,B,SUCCESS,True
E:\HWCupA2026\derived\production\case_070\B5\attempt_record.json,case_070,case_070/B5,1964004,5,,52396,B,SUCCESS,True
E:\HWCupA2026\derived\production\case_070\L21\attempt_record.json,case_070,case_070/L21,8204,1,0.019137682919991777,122543,L2,SUCCESS,True
E:\HWCupA2026\derived\production\case_070\L22\attempt_record.json,case_070,case_070/L22,934580,2,0.14291748037686455,70470,L2,SUCCESS,True
E:\HWCupA2026\derived\production\case_070\L23\attempt_record.json,case_070,case_070/L23,1430332,3,0.2714305493685212,57548,L2,SUCCESS,True
E:\HWCupA2026\derived\production\case_070\L24\attempt_record.json,case_070,case_070/L24,1510244,4,0.18226177402979507,54637,L2,SUCCESS,True
E:\HWCupA2026\derived\production\case_070\L25\attempt_record.json,case_070,case_070/L25,1964004,5,0.31047883332349296,49155,L2,SUCCESS,True
E:\HWCupA2026\derived\production\case_071\REF1\attempt_record.json,case_071,case_071/REF1,0,1,,18919,REF,SUCCESS,True
E:\HWCupA2026\derived\production\case_071\A2\attempt_record.json,case_071,case_071/A2,961642,2,,29291,A,SUCCESS,True
E:\HWCupA2026\derived\production\case_071\A3\attempt_record.json,case_071,case_071/A3,1002162,3,,29967,A,SUCCESS,True
E:\HWCupA2026\derived\production\case_071\A4\attempt_record.json,case_071,case_071/A4,1079624,4,,32739,A,SUCCESS,True
E:\HWCupA2026\derived\production\case_071\A5\attempt_record.json,case_071,case_071/A5,1109998,5,,33699,A,SUCCESS,True
E:\HWCupA2026\derived\production\case_071\B1\attempt_record.json,case_071,case_071/B1,0,1,,18077,B,SUCCESS,True
E:\HWCupA2026\derived\production\case_071\B2\attempt_record.json,case_071,case_071/B2,446178,2,,15588,B,SUCCESS,True
E:\HWCupA2026\derived\production\case_071\B3\attempt_record.json,case_071,case_071/B3,502924,3,,14256,B,SUCCESS,True
E:\HWCupA2026\derived\production\case_071\B4\attempt_record.json,case_071,case_071/B4,562832,4,,16032,B,SUCCESS,True
E:\HWCupA2026\derived\production\case_071\B5\attempt_record.json,case_071,case_071/B5,630356,5,,16489,B,SUCCESS,True
E:\HWCupA2026\derived\production\case_071\L21\attempt_record.json,case_071,case_071/L21,0,1,0.0,18077,L2,SUCCESS,True
E:\HWCupA2026\derived\production\case_071\L22\attempt_record.json,case_071,case_071/L22,446178,2,0.16628116024643178,15512,L2,SUCCESS,True
E:\HWCupA2026\derived\production\case_071\L23\attempt_record.json,case_071,case_071/L23,502924,3,0.17158472660422824,13887,L2,SUCCESS,True
E:\HWCupA2026\derived\production\case_071\L24\attempt_record.json,case_071,case_071/L24,562832,4,0.3184935466119134,14562,L2,SUCCESS,True
E:\HWCupA2026\derived\production\case_071\L25\attempt_record.json,case_071,case_071/L25,630356,5,0.38010948980052817,14617,L2,SUCCESS,True
E:\HWCupA2026\derived\production\case_072\REF1\attempt_record.json,case_072,case_072/REF1,108613680,1,,23897828,REF,SUCCESS,True
E:\HWCupA2026\derived\production\case_072\A2\attempt_record.json,case_072,case_072/A2,437034194,2,,16969862,A,SUCCESS,True
E:\HWCupA2026\derived\production\case_072\A3\attempt_record.json,case_072,case_072/A3,424813274,3,,13792141,A,SUCCESS,True
E:\HWCupA2026\derived\production\case_072\A4\attempt_record.json,case_072,case_072/A4,451854810,4,,10762785,A,SUCCESS,True
E:\HWCupA2026\derived\production\case_072\A5\attempt_record.json,case_072,case_072/A5,416710602,5,,9782367,A,SUCCESS,True
E:\HWCupA2026\derived\production\case_072\B1\attempt_record.json,case_072,case_072/B1,442636736,1,,29606160,B,SUCCESS,True
E:\HWCupA2026\derived\production\case_072\B2\attempt_record.json,case_072,case_072/B2,398341510,2,,16924096,B,SUCCESS,True
E:\HWCupA2026\derived\production\case_072\B3\attempt_record.json,case_072,case_072/B3,370561692,3,,12490842,B,SUCCESS,True
E:\HWCupA2026\derived\production\case_072\B4\attempt_record.json,case_072,case_072/B4,424781414,4,,10402844,B,SUCCESS,True
E:\HWCupA2026\derived\production\case_072\B5\attempt_record.json,case_072,case_072/B5,379099592,5,,9009481,B,SUCCESS,True
E:\HWCupA2026\derived\production\case_072\L21\attempt_record.json,case_072,case_072/L21,442636736,1,0.010073095782106852,29590816,L2,SUCCESS,True
E:\HWCupA2026\derived\production\case_072\L22\attempt_record.json,case_072,case_072/L22,398341510,2,0.08970921878082344,16872919,L2,SUCCESS,True
E:\HWCupA2026\derived\production\case_072\L23\attempt_record.json,case_072,case_072/L23,370561692,3,0.09107649957793672,12331454,L2,SUCCESS,True
E:\HWCupA2026\derived\production\case_072\L24\attempt_record.json,case_072,case_072/L24,424781414,4,0.11653563053985899,10395941,L2,SUCCESS,True
E:\HWCupA2026\derived\production\case_072\L25\attempt_record.json,case_072,case_072/L25,379099592,5,0.11381726328357071,8964542,L2,SUCCESS,True
E:\HWCupA2026\derived\production\case_073\REF1\attempt_record.json,case_073,case_073/REF1,141570432,1,,10081626,REF,SUCCESS,True
E:\HWCupA2026\derived\production\case_073\A2\attempt_record.json,case_073,case_073/A2,98703232,2,,5304875,A,SUCCESS,True
E:\HWCupA2026\derived\production\case_073\A3\attempt_record.json,case_073,case_073/A3,100065536,3,,4427074,A,SUCCESS,True
E:\HWCupA2026\derived\production\case_073\A4\attempt_record.json,case_073,case_073/A4,101427840,4,,3710012,A,SUCCESS,True
E:\HWCupA2026\derived\production\case_073\A5\attempt_record.json,case_073,case_073/A5,102790144,5,,3315864,A,SUCCESS,True
E:\HWCupA2026\derived\production\case_073\B1\attempt_record.json,case_073,case_073/B1,90447872,1,,9839163,B,SUCCESS,True
E:\HWCupA2026\derived\production\case_073\B2\attempt_record.json,case_073,case_073/B2,91806080,2,,5587533,B,SUCCESS,True
E:\HWCupA2026\derived\production\case_073\B3\attempt_record.json,case_073,case_073/B3,93164288,3,,4300595,B,SUCCESS,True
E:\HWCupA2026\derived\production\case_073\B4\attempt_record.json,case_073,case_073/B4,94522496,4,,3619516,B,SUCCESS,True
E:\HWCupA2026\derived\production\case_073\B5\attempt_record.json,case_073,case_073/B5,95880704,5,,3210135,B,SUCCESS,True
E:\HWCupA2026\derived\production\case_073\L21\attempt_record.json,case_073,case_073/L21,90447872,1,0.954660207005263,8702659,L2,SUCCESS,True
E:\HWCupA2026\derived\production\case_073\L22\attempt_record.json,case_073,case_073/L22,91806080,2,0.8096748633512846,4539269,L2,SUCCESS,True
E:\HWCupA2026\derived\production\case_073\L23\attempt_record.json,case_073,case_073/L23,93164288,3,0.8789598916355171,3223907,L2,SUCCESS,True
E:\HWCupA2026\derived\production\case_073\L24\attempt_record.json,case_073,case_073/L24,94522496,4,0.71923410389529,2664667,L2,SUCCESS,True
E:\HWCupA2026\derived\production\case_073\L25\attempt_record.json,case_073,case_073/L25,95880704,5,0.717812862620047,2277715,L2,SUCCESS,True
E:\HWCupA2026\derived\production\case_074\REF1\attempt_record.json,case_074,case_074/REF1,6070280,1,,1682239,REF,SUCCESS,True
E:\HWCupA2026\derived\production\case_074\A2\attempt_record.json,case_074,case_074/A2,27911060,2,,1194425,A,SUCCESS,True
E:\HWCupA2026\derived\production\case_074\A3\attempt_record.json,case_074,case_074/A3,32859058,3,,898831,A,SUCCESS,True
E:\HWCupA2026\derived\production\case_074\A4\attempt_record.json,case_074,case_074/A4,29410250,4,,789483,A,SUCCESS,True
E:\HWCupA2026\derived\production\case_074\A5\attempt_record.json,case_074,case_074/A5,34726882,5,,734080,A,SUCCESS,True
E:\HWCupA2026\derived\production\case_074\B1\attempt_record.json,case_074,case_074/B1,18702412,1,,1853314,B,SUCCESS,True
E:\HWCupA2026\derived\production\case_074\B2\attempt_record.json,case_074,case_074/B2,18182702,2,,974405,B,SUCCESS,True
E:\HWCupA2026\derived\production\case_074\B3\attempt_record.json,case_074,case_074/B3,24343292,3,,729374,B,SUCCESS,True
E:\HWCupA2026\derived\production\case_074\B4\attempt_record.json,case_074,case_074/B4,22295366,4,,587662,B,SUCCESS,True
E:\HWCupA2026\derived\production\case_074\B5\attempt_record.json,case_074,case_074/B5,26993476,5,,538933,B,SUCCESS,True
E:\HWCupA2026\derived\production\case_074\L21\attempt_record.json,case_074,case_074/L21,18702412,1,0.09633338605022228,1846603,L2,SUCCESS,True
E:\HWCupA2026\derived\production\case_074\L22\attempt_record.json,case_074,case_074/L22,18182702,2,0.056923863211149006,972552,L2,SUCCESS,True
E:\HWCupA2026\derived\production\case_074\L23\attempt_record.json,case_074,case_074/L23,24343292,3,0.1699497077928192,721061,L2,SUCCESS,True
E:\HWCupA2026\derived\production\case_074\L24\attempt_record.json,case_074,case_074/L24,22295366,4,0.13325440624686857,581877,L2,SUCCESS,True
E:\HWCupA2026\derived\production\case_074\L25\attempt_record.json,case_074,case_074/L25,26993476,5,0.29614412352807284,496544,L2,SUCCESS,True
E:\HWCupA2026\derived\production\case_075\REF1\attempt_record.json,case_075,case_075/REF1,0,1,,1441809,REF,SUCCESS,True
E:\HWCupA2026\derived\production\case_075\A2\attempt_record.json,case_075,case_075/A2,16829338,2,,964578,A,SUCCESS,True
E:\HWCupA2026\derived\production\case_075\A3\attempt_record.json,case_075,case_075/A3,18138906,3,,830687,A,SUCCESS,True
E:\HWCupA2026\derived\production\case_075\A4\attempt_record.json,case_075,case_075/A4,18917656,4,,635704,A,SUCCESS,True
E:\HWCupA2026\derived\production\case_075\A5\attempt_record.json,case_075,case_075/A5,20296378,5,,647698,A,SUCCESS,True
E:\HWCupA2026\derived\production\case_075\B1\attempt_record.json,case_075,case_075/B1,0,1,,1334897,B,SUCCESS,True
E:\HWCupA2026\derived\production\case_075\B2\attempt_record.json,case_075,case_075/B2,6335558,2,,806352,B,SUCCESS,True
E:\HWCupA2026\derived\production\case_075\B3\attempt_record.json,case_075,case_075/B3,8901868,3,,647669,B,SUCCESS,True
E:\HWCupA2026\derived\production\case_075\B4\attempt_record.json,case_075,case_075/B4,8222866,4,,462195,B,SUCCESS,True
E:\HWCupA2026\derived\production\case_075\B5\attempt_record.json,case_075,case_075/B5,13253336,5,,443164,B,SUCCESS,True
E:\HWCupA2026\derived\production\case_075\L21\attempt_record.json,case_075,case_075/L21,0,1,0.0,1334897,L2,SUCCESS,True
E:\HWCupA2026\derived\production\case_075\L22\attempt_record.json,case_075,case_075/L22,6335558,2,0.09561623828045467,806346,L2,SUCCESS,True
E:\HWCupA2026\derived\production\case_075\L23\attempt_record.json,case_075,case_075/L23,8901868,3,0.18498805221312972,647280,L2,SUCCESS,True
E:\HWCupA2026\derived\production\case_075\L24\attempt_record.json,case_075,case_075/L24,8222866,4,0.3695783129047513,461230,L2,SUCCESS,True
E:\HWCupA2026\derived\production\case_075\L25\attempt_record.json,case_075,case_075/L25,13253336,5,0.3705845295557687,425279,L2,SUCCESS,True
E:\HWCupA2026\derived\production\case_076\REF1\attempt_record.json,case_076,case_076/REF1,28280832,1,,6185113,REF,SUCCESS,True
E:\HWCupA2026\derived\production\case_076\A2\attempt_record.json,case_076,case_076/A2,199205928,2,,5597619,A,SUCCESS,True
E:\HWCupA2026\derived\production\case_076\A3\attempt_record.json,case_076,case_076/A3,200739880,3,,4557282,A,SUCCESS,True
E:\HWCupA2026\derived\production\case_076\A4\attempt_record.json,case_076,case_076/A4,202406952,4,,4093798,A,SUCCESS,True
E:\HWCupA2026\derived\production\case_076\A5\attempt_record.json,case_076,case_076/A5,209366056,5,,3801575,A,SUCCESS,True
E:\HWCupA2026\derived\production\case_076\B1\attempt_record.json,case_076,case_076/B1,200206336,1,,9193705,B,SUCCESS,True
E:\HWCupA2026\derived\production\case_076\B2\attempt_record.json,case_076,case_076/B2,178806804,2,,5753379,B,SUCCESS,True
E:\HWCupA2026\derived\production\case_076\B3\attempt_record.json,case_076,case_076/B3,181737508,3,,4239480,B,SUCCESS,True
E:\HWCupA2026\derived\production\case_076\B4\attempt_record.json,case_076,case_076/B4,185330712,4,,3727474,B,SUCCESS,True
E:\HWCupA2026\derived\production\case_076\B5\attempt_record.json,case_076,case_076/B5,193668124,5,,3452514,B,SUCCESS,True
E:\HWCupA2026\derived\production\case_076\L21\attempt_record.json,case_076,case_076/L21,200206336,1,0.036720987996226646,9186190,L2,SUCCESS,True
E:\HWCupA2026\derived\production\case_076\L22\attempt_record.json,case_076,case_076/L22,178806804,2,0.09778878947128904,5592779,L2,SUCCESS,True
E:\HWCupA2026\derived\production\case_076\L23\attempt_record.json,case_076,case_076/L23,181737508,3,0.10107019627300916,4208081,L2,SUCCESS,True
E:\HWCupA2026\derived\production\case_076\L24\attempt_record.json,case_076,case_076/L24,185330712,4,0.07739862790951406,3656378,L2,SUCCESS,True
E:\HWCupA2026\derived\production\case_076\L25\attempt_record.json,case_076,case_076/L25,193668124,5,0.10870205029661513,3328083,L2,SUCCESS,True
E:\HWCupA2026\derived\production\case_077\REF1\attempt_record.json,case_077,case_077/REF1,0,1,,495320,REF,SUCCESS,True
E:\HWCupA2026\derived\production\case_077\A2\attempt_record.json,case_077,case_077/A2,9659136,2,,382341,A,SUCCESS,True
E:\HWCupA2026\derived\production\case_077\A3\attempt_record.json,case_077,case_077/A3,10172734,3,,342625,A,SUCCESS,True
E:\HWCupA2026\derived\production\case_077\A4\attempt_record.json,case_077,case_077/A4,10380560,4,,313449,A,SUCCESS,True
E:\HWCupA2026\derived\production\case_077\A5\attempt_record.json,case_077,case_077/A5,10579468,5,,317333,A,SUCCESS,True
E:\HWCupA2026\derived\production\case_077\B1\attempt_record.json,case_077,case_077/B1,2454184,1,,545846,B,SUCCESS,True
E:\HWCupA2026\derived\production\case_077\B2\attempt_record.json,case_077,case_077/B2,4920500,2,,299078,B,SUCCESS,True
E:\HWCupA2026\derived\production\case_077\B3\attempt_record.json,case_077,case_077/B3,7064928,3,,244661,B,SUCCESS,True
E:\HWCupA2026\derived\production\case_077\B4\attempt_record.json,case_077,case_077/B4,7621128,4,,207817,B,SUCCESS,True
E:\HWCupA2026\derived\production\case_077\B5\attempt_record.json,case_077,case_077/B5,8124824,5,,201780,B,SUCCESS,True
E:\HWCupA2026\derived\production\case_077\L21\attempt_record.json,case_077,case_077/L21,2454184,1,0.013143448518868112,545456,L2,SUCCESS,True
E:\HWCupA2026\derived\production\case_077\L22\attempt_record.json,case_077,case_077/L22,4920500,2,0.07164772286212306,298046,L2,SUCCESS,True
E:\HWCupA2026\derived\production\case_077\L23\attempt_record.json,case_077,case_077/L23,7064928,3,0.10386097574337931,239781,L2,SUCCESS,True
E:\HWCupA2026\derived\production\case_077\L24\attempt_record.json,case_077,case_077/L24,7621128,4,0.15092743665338323,200924,L2,SUCCESS,True
E:\HWCupA2026\derived\production\case_077\L25\attempt_record.json,case_077,case_077/L25,8124824,5,0.1758695751139906,189093,L2,SUCCESS,True
E:\HWCupA2026\derived\production\case_078\REF1\attempt_record.json,case_078,case_078/REF1,12644568,1,,2296143,REF,SUCCESS,True
E:\HWCupA2026\derived\production\case_078\A2\attempt_record.json,case_078,case_078/A2,7063680,2,,1142818,A,SUCCESS,True
E:\HWCupA2026\derived\production\case_078\A3\attempt_record.json,case_078,case_078/A3,9396480,3,,851439,A,SUCCESS,True
E:\HWCupA2026\derived\production\case_078\A4\attempt_record.json,case_078,case_078/A4,11360640,4,,696248,A,SUCCESS,True
E:\HWCupA2026\derived\production\case_078\A5\attempt_record.json,case_078,case_078/A5,13693440,5,,650834,A,SUCCESS,True
E:\HWCupA2026\derived\production\case_078\B1\attempt_record.json,case_078,case_078/B1,24576,1,,2095621,B,SUCCESS,True
E:\HWCupA2026\derived\production\case_078\B2\attempt_record.json,case_078,case_078/B2,2148480,2,,1051374,B,SUCCESS,True
E:\HWCupA2026\derived\production\case_078\B3\attempt_record.json,case_078,case_078/B3,5278464,3,,778605,B,SUCCESS,True
E:\HWCupA2026\derived\production\case_078\B4\attempt_record.json,case_078,case_078/B4,6445440,4,,568228,B,SUCCESS,True
E:\HWCupA2026\derived\production\case_078\B5\attempt_record.json,case_078,case_078/B5,9547776,5,,568001,B,SUCCESS,True
E:\HWCupA2026\derived\production\case_078\L21\attempt_record.json,case_078,case_078/L21,24576,1,0.0,2095621,L2,SUCCESS,True
E:\HWCupA2026\derived\production\case_078\L22\attempt_record.json,case_078,case_078/L22,2148480,2,0.0,1051374,L2,SUCCESS,True
E:\HWCupA2026\derived\production\case_078\L23\attempt_record.json,case_078,case_078/L23,5278464,3,0.42789590043124626,778476,L2,SUCCESS,True
E:\HWCupA2026\derived\production\case_078\L24\attempt_record.json,case_078,case_078/L24,6445440,4,0.0,568228,L2,SUCCESS,True
E:\HWCupA2026\derived\production\case_078\L25\attempt_record.json,case_078,case_078/L25,9547776,5,0.6117124147524853,523339,L2,SUCCESS,True
E:\HWCupA2026\derived\production\case_079\REF1\attempt_record.json,case_079,case_079/REF1,32448512,1,,31052251,REF,SUCCESS,True
E:\HWCupA2026\derived\production\case_079\A2\attempt_record.json,case_079,case_079/A2,482693120,2,,22161694,A,SUCCESS,True
E:\HWCupA2026\derived\production\case_079\A3\attempt_record.json,case_079,case_079/A3,467066880,3,,17302657,A,SUCCESS,True
E:\HWCupA2026\derived\production\case_079\A4\attempt_record.json,case_079,case_079/A4,479285248,4,,14120680,A,SUCCESS,True
E:\HWCupA2026\derived\production\case_079\A5\attempt_record.json,case_079,case_079/A5,499802112,5,,12266896,A,SUCCESS,True
E:\HWCupA2026\derived\production\case_079\B1\attempt_record.json,case_079,case_079/B1,478351360,1,,40812071,B,SUCCESS,True
E:\HWCupA2026\derived\production\case_079\B2\attempt_record.json,case_079,case_079/B2,448720896,2,,22640380,B,SUCCESS,True
E:\HWCupA2026\derived\production\case_079\B3\attempt_record.json,case_079,case_079/B3,450080768,3,,16407417,B,SUCCESS,True
E:\HWCupA2026\derived\production\case_079\B4\attempt_record.json,case_079,case_079/B4,448319488,4,,13935010,B,SUCCESS,True
E:\HWCupA2026\derived\production\case_079\B5\attempt_record.json,case_079,case_079/B5,471629824,5,,11896321,B,SUCCESS,True
E:\HWCupA2026\derived\production\case_079\L21\attempt_record.json,case_079,case_079/L21,478351360,1,0.0,40812071,L2,SUCCESS,True
E:\HWCupA2026\derived\production\case_079\L22\attempt_record.json,case_079,case_079/L22,448720896,2,0.011877233550557073,22618024,L2,SUCCESS,True
E:\HWCupA2026\derived\production\case_079\L23\attempt_record.json,case_079,case_079/L23,450080768,3,0.0011423428413181943,16008355,L2,SUCCESS,True
E:\HWCupA2026\derived\production\case_079\L24\attempt_record.json,case_079,case_079/L24,448319488,4,0.03576751117734724,13924694,L2,SUCCESS,True
E:\HWCupA2026\derived\production\case_079\L25\attempt_record.json,case_079,case_079/L25,471629824,5,0.06858777015517807,11925669,L2,SUCCESS,True
E:\HWCupA2026\derived\production\case_080\REF1\attempt_record.json,case_080,case_080/REF1,548864,1,,292138,REF,SUCCESS,True
E:\HWCupA2026\derived\production\case_080\A2\attempt_record.json,case_080,case_080/A2,10752000,2,,265995,A,SUCCESS,True
E:\HWCupA2026\derived\production\case_080\A3\attempt_record.json,case_080,case_080/A3,11894784,3,,238877,A,SUCCESS,True
E:\HWCupA2026\derived\production\case_080\A4\attempt_record.json,case_080,case_080/A4,13037568,4,,258210,A,SUCCESS,True
E:\HWCupA2026\derived\production\case_080\A5\attempt_record.json,case_080,case_080/A5,13418496,5,,263790,A,SUCCESS,True
E:\HWCupA2026\derived\production\case_080\B1\attempt_record.json,case_080,case_080/B1,5201920,1,,345123,B,SUCCESS,True
E:\HWCupA2026\derived\production\case_080\B2\attempt_record.json,case_080,case_080/B2,6950912,2,,204280,B,SUCCESS,True
E:\HWCupA2026\derived\production\case_080\B3\attempt_record.json,case_080,case_080/B3,7372800,3,,158999,B,SUCCESS,True
E:\HWCupA2026\derived\production\case_080\B4\attempt_record.json,case_080,case_080/B4,9916416,4,,199856,B,SUCCESS,True
E:\HWCupA2026\derived\production\case_080\B5\attempt_record.json,case_080,case_080/B5,10641408,5,,212095,B,SUCCESS,True
E:\HWCupA2026\derived\production\case_080\L21\attempt_record.json,case_080,case_080/L21,5201920,1,0.0726643598615917,345123,L2,SUCCESS,True
E:\HWCupA2026\derived\production\case_080\L22\attempt_record.json,case_080,case_080/L22,6950912,2,0.10996119016817593,202116,L2,SUCCESS,True
E:\HWCupA2026\derived\production\case_080\L23\attempt_record.json,case_080,case_080/L23,7372800,3,0.2924582613701785,148850,L2,SUCCESS,True
E:\HWCupA2026\derived\production\case_080\L24\attempt_record.json,case_080,case_080/L24,9916416,4,0.29995427526291724,154808,L2,SUCCESS,True
E:\HWCupA2026\derived\production\case_080\L25\attempt_record.json,case_080,case_080/L25,10641408,5,0.3169681309216193,161557,L2,SUCCESS,True
E:\HWCupA2026\derived\production\case_081\REF1\attempt_record.json,case_081,case_081/REF1,0,1,,151795,REF,SUCCESS,True
E:\HWCupA2026\derived\production\case_081\A2\attempt_record.json,case_081,case_081/A2,2885438,2,,103704,A,SUCCESS,True
E:\HWCupA2026\derived\production\case_081\A3\attempt_record.json,case_081,case_081/A3,3487890,3,,100112,A,SUCCESS,True
E:\HWCupA2026\derived\production\case_081\A4\attempt_record.json,case_081,case_081/A4,3328486,4,,97739,A,SUCCESS,True
E:\HWCupA2026\derived\production\case_081\A5\attempt_record.json,case_081,case_081/A5,3201544,5,,94969,A,SUCCESS,True
E:\HWCupA2026\derived\production\case_081\B1\attempt_record.json,case_081,case_081/B1,1716224,1,,170358,B,SUCCESS,True
E:\HWCupA2026\derived\production\case_081\B2\attempt_record.json,case_081,case_081/B2,2550686,2,,92893,B,SUCCESS,True
E:\HWCupA2026\derived\production\case_081\B3\attempt_record.json,case_081,case_081/B3,3232682,3,,90776,B,SUCCESS,True
E:\HWCupA2026\derived\production\case_081\B4\attempt_record.json,case_081,case_081/B4,1910606,4,,76943,B,SUCCESS,True
E:\HWCupA2026\derived\production\case_081\B5\attempt_record.json,case_081,case_081/B5,2027270,5,,75906,B,SUCCESS,True
E:\HWCupA2026\derived\production\case_081\L21\attempt_record.json,case_081,case_081/L21,1716224,1,0.26025916939263233,160628,L2,SUCCESS,True
E:\HWCupA2026\derived\production\case_081\L22\attempt_record.json,case_081,case_081/L22,2550686,2,0.3981137546776398,84534,L2,SUCCESS,True
E:\HWCupA2026\derived\production\case_081\L23\attempt_record.json,case_081,case_081/L23,3232682,3,0.559183600734189,63882,L2,SUCCESS,True
E:\HWCupA2026\derived\production\case_081\L24\attempt_record.json,case_081,case_081/L24,1910606,4,0.5487365380707713,56866,L2,SUCCESS,True
E:\HWCupA2026\derived\production\case_081\L25\attempt_record.json,case_081,case_081/L25,2027270,5,0.4266971790065747,58070,L2,SUCCESS,True
E:\HWCupA2026\derived\production\case_082\REF1\attempt_record.json,case_082,case_082/REF1,0,1,,721041,REF,SUCCESS,True
E:\HWCupA2026\derived\production\case_082\A2\attempt_record.json,case_082,case_082/A2,8748582,2,,476334,A,SUCCESS,True
E:\HWCupA2026\derived\production\case_082\A3\attempt_record.json,case_082,case_082/A3,9041306,3,,362003,A,SUCCESS,True
E:\HWCupA2026\derived\production\case_082\A4\attempt_record.json,case_082,case_082/A4,9735694,4,,311221,A,SUCCESS,True
E:\HWCupA2026\derived\production\case_082\A5\attempt_record.json,case_082,case_082/A5,10549892,5,,303352,A,SUCCESS,True
E:\HWCupA2026\derived\production\case_082\B1\attempt_record.json,case_082,case_082/B1,597130,1,,718790,B,SUCCESS,True
E:\HWCupA2026\derived\production\case_082\B2\attempt_record.json,case_082,case_082/B2,2942566,2,,409309,B,SUCCESS,True
E:\HWCupA2026\derived\production\case_082\B3\attempt_record.json,case_082,case_082/B3,4320396,3,,288816,B,SUCCESS,True
E:\HWCupA2026\derived\production\case_082\B4\attempt_record.json,case_082,case_082/B4,5387186,4,,238733,B,SUCCESS,True
E:\HWCupA2026\derived\production\case_082\B5\attempt_record.json,case_082,case_082/B5,6774808,5,,221569,B,SUCCESS,True
E:\HWCupA2026\derived\production\case_082\L21\attempt_record.json,case_082,case_082/L21,597130,1,0.08705834999380761,717869,L2,SUCCESS,True
E:\HWCupA2026\derived\production\case_082\L22\attempt_record.json,case_082,case_082/L22,2942566,2,0.09578567240304162,409298,L2,SUCCESS,True
E:\HWCupA2026\derived\production\case_082\L23\attempt_record.json,case_082,case_082/L23,4320396,3,0.19594482706578845,288846,L2,SUCCESS,True
E:\HWCupA2026\derived\production\case_082\L24\attempt_record.json,case_082,case_082/L24,5387186,4,0.2953979471647316,238432,L2,SUCCESS,True
E:\HWCupA2026\derived\production\case_082\L25\attempt_record.json,case_082,case_082/L25,6774808,5,0.3967183712038679,218256,L2,SUCCESS,True
E:\HWCupA2026\derived\production\case_083\REF1\attempt_record.json,case_083,case_083/REF1,13934688,1,,1057993,REF,SUCCESS,True
E:\HWCupA2026\derived\production\case_083\A2\attempt_record.json,case_083,case_083/A2,13151840,2,,537673,A,SUCCESS,True
E:\HWCupA2026\derived\production\case_083\A3\attempt_record.json,case_083,case_083/A3,14082240,3,,414361,A,SUCCESS,True
E:\HWCupA2026\derived\production\case_083\A4\attempt_record.json,case_083,case_083/A4,15012640,4,,390026,A,SUCCESS,True
E:\HWCupA2026\derived\production\case_083\A5\attempt_record.json,case_083,case_083/A5,15943040,5,,370632,A,SUCCESS,True
E:\HWCupA2026\derived\production\case_083\B1\attempt_record.json,case_083,case_083/B1,262144,1,,851601,B,SUCCESS,True
E:\HWCupA2026\derived\production\case_083\B2\attempt_record.json,case_083,case_083/B2,930400,2,,433315,B,SUCCESS,True
E:\HWCupA2026\derived\production\case_083\B3\attempt_record.json,case_083,case_083/B3,1860800,3,,298003,B,SUCCESS,True
E:\HWCupA2026\derived\production\case_083\B4\attempt_record.json,case_083,case_083/B4,2791200,4,,219344,B,SUCCESS,True
E:\HWCupA2026\derived\production\case_083\B5\attempt_record.json,case_083,case_083/B5,3721600,5,,191867,B,SUCCESS,True
E:\HWCupA2026\derived\production\case_083\L21\attempt_record.json,case_083,case_083/L21,262144,1,0.0,851601,L2,SUCCESS,True
E:\HWCupA2026\derived\production\case_083\L22\attempt_record.json,case_083,case_083/L22,930400,2,0.43982083951215084,433240,L2,SUCCESS,True
E:\HWCupA2026\derived\production\case_083\L23\attempt_record.json,case_083,case_083/L23,1860800,3,0.3054402538855203,298003,L2,SUCCESS,True
E:\HWCupA2026\derived\production\case_083\L24\attempt_record.json,case_083,case_083/L24,2791200,4,0.7018738529894717,219344,L2,SUCCESS,True
E:\HWCupA2026\derived\production\case_083\L25\attempt_record.json,case_083,case_083/L25,3721600,5,0.18958848353999386,190890,L2,SUCCESS,True
E:\HWCupA2026\derived\production\case_084\REF1\attempt_record.json,case_084,case_084/REF1,0,1,,2507412,REF,SUCCESS,True
E:\HWCupA2026\derived\production\case_084\A2\attempt_record.json,case_084,case_084/A2,30190464,2,,1013056,A,SUCCESS,True
E:\HWCupA2026\derived\production\case_084\A3\attempt_record.json,case_084,case_084/A3,30190464,3,,762658,A,SUCCESS,True
E:\HWCupA2026\derived\production\case_084\A4\attempt_record.json,case_084,case_084/A4,30190464,4,,733288,A,SUCCESS,True
E:\HWCupA2026\derived\production\case_084\A5\attempt_record.json,case_084,case_084/A5,30190464,5,,732760,A,SUCCESS,True
E:\HWCupA2026\derived\production\case_084\B1\attempt_record.json,case_084,case_084/B1,29453952,1,,2191327,B,SUCCESS,True
E:\HWCupA2026\derived\production\case_084\B2\attempt_record.json,case_084,case_084/B2,28717440,2,,1168951,B,SUCCESS,True
E:\HWCupA2026\derived\production\case_084\B3\attempt_record.json,case_084,case_084/B3,27980928,3,,933609,B,SUCCESS,True
E:\HWCupA2026\derived\production\case_084\B4\attempt_record.json,case_084,case_084/B4,27244416,4,,833133,B,SUCCESS,True
E:\HWCupA2026\derived\production\case_084\B5\attempt_record.json,case_084,case_084/B5,26507904,5,,784692,B,SUCCESS,True
E:\HWCupA2026\derived\production\case_084\L21\attempt_record.json,case_084,case_084/L21,29453952,1,0.0,2191327,L2,SUCCESS,True
E:\HWCupA2026\derived\production\case_084\L22\attempt_record.json,case_084,case_084/L22,28717440,2,0.0,1168951,L2,SUCCESS,True
E:\HWCupA2026\derived\production\case_084\L23\attempt_record.json,case_084,case_084/L23,27980928,3,0.0,933609,L2,SUCCESS,True
E:\HWCupA2026\derived\production\case_084\L24\attempt_record.json,case_084,case_084/L24,27244416,4,0.0,833133,L2,SUCCESS,True
E:\HWCupA2026\derived\production\case_084\L25\attempt_record.json,case_084,case_084/L25,26507904,5,0.0,784692,L2,SUCCESS,True
E:\HWCupA2026\derived\production\case_085\REF1\attempt_record.json,case_085,case_085/REF1,0,1,,3187899,REF,SUCCESS,True
E:\HWCupA2026\derived\production\case_085\A2\attempt_record.json,case_085,case_085/A2,40771438,2,,2116534,A,SUCCESS,True
E:\HWCupA2026\derived\production\case_085\A3\attempt_record.json,case_085,case_085/A3,43140424,3,,1577744,A,SUCCESS,True
E:\HWCupA2026\derived\production\case_085\A4\attempt_record.json,case_085,case_085/A4,43563554,4,,1294738,A,SUCCESS,True
E:\HWCupA2026\derived\production\case_085\A5\attempt_record.json,case_085,case_085/A5,47239804,5,,1246384,A,SUCCESS,True
E:\HWCupA2026\derived\production\case_085\B1\attempt_record.json,case_085,case_085/B1,7653730,1,,3297780,B,SUCCESS,True
E:\HWCupA2026\derived\production\case_085\B2\attempt_record.json,case_085,case_085/B2,18970236,2,,1892148,B,SUCCESS,True
E:\HWCupA2026\derived\production\case_085\B3\attempt_record.json,case_085,case_085/B3,22528236,3,,1294943,B,SUCCESS,True
E:\HWCupA2026\derived\production\case_085\B4\attempt_record.json,case_085,case_085/B4,25015282,4,,992239,B,SUCCESS,True
E:\HWCupA2026\derived\production\case_085\B5\attempt_record.json,case_085,case_085/B5,36103224,5,,905161,B,SUCCESS,True
E:\HWCupA2026\derived\production\case_085\L21\attempt_record.json,case_085,case_085/L21,7653730,1,0.21273807614524942,3279105,L2,SUCCESS,True
E:\HWCupA2026\derived\production\case_085\L22\attempt_record.json,case_085,case_085/L22,18970236,2,0.08470735098792674,1891985,L2,SUCCESS,True
E:\HWCupA2026\derived\production\case_085\L23\attempt_record.json,case_085,case_085/L23,22528236,3,0.2503904708723234,1295001,L2,SUCCESS,True
E:\HWCupA2026\derived\production\case_085\L24\attempt_record.json,case_085,case_085/L24,25015282,4,0.21867419323140336,992203,L2,SUCCESS,True
E:\HWCupA2026\derived\production\case_085\L25\attempt_record.json,case_085,case_085/L25,36103224,5,0.33091766571633885,883659,L2,SUCCESS,True
E:\HWCupA2026\derived\production\case_086\REF1\attempt_record.json,case_086,case_086/REF1,0,1,,118403,REF,SUCCESS,True
E:\HWCupA2026\derived\production\case_086\A2\attempt_record.json,case_086,case_086/A2,6433922,2,,144787,A,SUCCESS,True
E:\HWCupA2026\derived\production\case_086\A3\attempt_record.json,case_086,case_086/A3,6624310,3,,151985,A,SUCCESS,True
E:\HWCupA2026\derived\production\case_086\A4\attempt_record.json,case_086,case_086/A4,7058250,4,,154131,A,SUCCESS,True
E:\HWCupA2026\derived\production\case_086\A5\attempt_record.json,case_086,case_086/A5,7586654,5,,168497,A,SUCCESS,True
E:\HWCupA2026\derived\production\case_086\B1\attempt_record.json,case_086,case_086/B1,72392,1,,114851,B,SUCCESS,True
E:\HWCupA2026\derived\production\case_086\B2\attempt_record.json,case_086,case_086/B2,2291238,2,,80880,B,SUCCESS,True
E:\HWCupA2026\derived\production\case_086\B3\attempt_record.json,case_086,case_086/B3,2992556,3,,77896,B,SUCCESS,True
E:\HWCupA2026\derived\production\case_086\B4\attempt_record.json,case_086,case_086/B4,3338706,4,,75480,B,SUCCESS,True
E:\HWCupA2026\derived\production\case_086\B5\attempt_record.json,case_086,case_086/B5,4664088,5,,93927,B,SUCCESS,True
E:\HWCupA2026\derived\production\case_086\L21\attempt_record.json,case_086,case_086/L21,72392,1,2.2388519167370972e-05,114851,L2,SUCCESS,True
E:\HWCupA2026\derived\production\case_086\L22\attempt_record.json,case_086,case_086/L22,2291238,2,0.12113610739067596,80786,L2,SUCCESS,True
E:\HWCupA2026\derived\production\case_086\L23\attempt_record.json,case_086,case_086/L23,2992556,3,0.13400299896748352,75619,L2,SUCCESS,True
E:\HWCupA2026\derived\production\case_086\L24\attempt_record.json,case_086,case_086/L24,3338706,4,0.28693466699972126,69917,L2,SUCCESS,True
E:\HWCupA2026\derived\production\case_086\L25\attempt_record.json,case_086,case_086/L25,4664088,5,0.32717933847788516,80789,L2,SUCCESS,True
E:\HWCupA2026\derived\production\case_087\REF1\attempt_record.json,case_087,case_087/REF1,7902720,1,,3974071,REF,SUCCESS,True
E:\HWCupA2026\derived\production\case_087\A2\attempt_record.json,case_087,case_087/A2,87958030,2,,2998511,A,SUCCESS,True
E:\HWCupA2026\derived\production\case_087\A3\attempt_record.json,case_087,case_087/A3,82567412,3,,2310050,A,SUCCESS,True
E:\HWCupA2026\derived\production\case_087\A4\attempt_record.json,case_087,case_087/A4,95154956,4,,2099530,A,SUCCESS,True
E:\HWCupA2026\derived\production\case_087\A5\attempt_record.json,case_087,case_087/A5,88196756,5,,1976640,A,SUCCESS,True
E:\HWCupA2026\derived\production\case_087\B1\attempt_record.json,case_087,case_087/B1,47873670,1,,4539784,B,SUCCESS,True
E:\HWCupA2026\derived\production\case_087\B2\attempt_record.json,case_087,case_087/B2,54818496,2,,2510504,B,SUCCESS,True
E:\HWCupA2026\derived\production\case_087\B3\attempt_record.json,case_087,case_087/B3,58023088,3,,1896442,B,SUCCESS,True
E:\HWCupA2026\derived\production\case_087\B4\attempt_record.json,case_087,case_087/B4,71681848,4,,1647696,B,SUCCESS,True
E:\HWCupA2026\derived\production\case_087\B5\attempt_record.json,case_087,case_087/B5,68074940,5,,1553933,B,SUCCESS,True
E:\HWCupA2026\derived\production\case_087\L21\attempt_record.json,case_087,case_087/L21,47873670,1,0.08385987767480282,4531501,L2,SUCCESS,True
E:\HWCupA2026\derived\production\case_087\L22\attempt_record.json,case_087,case_087/L22,54818496,2,0.11755672386636139,2507327,L2,SUCCESS,True
E:\HWCupA2026\derived\production\case_087\L23\attempt_record.json,case_087,case_087/L23,58023088,3,0.06085952601142304,1893407,L2,SUCCESS,True
E:\HWCupA2026\derived\production\case_087\L24\attempt_record.json,case_087,case_087/L24,71681848,4,0.21626244703920428,1611327,L2,SUCCESS,True
E:\HWCupA2026\derived\production\case_087\L25\attempt_record.json,case_087,case_087/L25,68074940,5,0.16476895247307705,1464738,L2,SUCCESS,True
E:\HWCupA2026\derived\production\case_088\REF1\attempt_record.json,case_088,case_088/REF1,0,1,,243623,REF,SUCCESS,True
E:\HWCupA2026\derived\production\case_088\A2\attempt_record.json,case_088,case_088/A2,5642658,2,,216080,A,SUCCESS,True
E:\HWCupA2026\derived\production\case_088\A3\attempt_record.json,case_088,case_088/A3,5906234,3,,198075,A,SUCCESS,True
E:\HWCupA2026\derived\production\case_088\A4\attempt_record.json,case_088,case_088/A4,6627988,4,,217173,A,SUCCESS,True
E:\HWCupA2026\derived\production\case_088\A5\attempt_record.json,case_088,case_088/A5,6653344,5,,204669,A,SUCCESS,True
E:\HWCupA2026\derived\production\case_088\B1\attempt_record.json,case_088,case_088/B1,407046,1,,235803,B,SUCCESS,True
E:\HWCupA2026\derived\production\case_088\B2\attempt_record.json,case_088,case_088/B2,2562218,2,,152109,B,SUCCESS,True
E:\HWCupA2026\derived\production\case_088\B3\attempt_record.json,case_088,case_088/B3,3277588,3,,130514,B,SUCCESS,True
E:\HWCupA2026\derived\production\case_088\B4\attempt_record.json,case_088,case_088/B4,4597598,4,,134766,B,SUCCESS,True
E:\HWCupA2026\derived\production\case_088\B5\attempt_record.json,case_088,case_088/B5,4936000,5,,135934,B,SUCCESS,True
E:\HWCupA2026\derived\production\case_088\L21\attempt_record.json,case_088,case_088/L21,407046,1,0.019204409620032673,235539,L2,SUCCESS,True
E:\HWCupA2026\derived\production\case_088\L22\attempt_record.json,case_088,case_088/L22,2562218,2,0.19490109849446302,152104,L2,SUCCESS,True
E:\HWCupA2026\derived\production\case_088\L23\attempt_record.json,case_088,case_088/L23,3277588,3,0.26060886425052265,124218,L2,SUCCESS,True
E:\HWCupA2026\derived\production\case_088\L24\attempt_record.json,case_088,case_088/L24,4597598,4,0.2352450407708078,119042,L2,SUCCESS,True
E:\HWCupA2026\derived\production\case_088\L25\attempt_record.json,case_088,case_088/L25,4936000,5,0.24736838960619947,119236,L2,SUCCESS,True
E:\HWCupA2026\derived\production\case_089\REF1\attempt_record.json,case_089,case_089/REF1,0,1,,693092,REF,SUCCESS,True
E:\HWCupA2026\derived\production\case_089\A2\attempt_record.json,case_089,case_089/A2,8430720,2,,397396,A,SUCCESS,True
E:\HWCupA2026\derived\production\case_089\A3\attempt_record.json,case_089,case_089/A3,8976640,3,,284363,A,SUCCESS,True
E:\HWCupA2026\derived\production\case_089\A4\attempt_record.json,case_089,case_089/A4,8908160,4,,258856,A,SUCCESS,True
E:\HWCupA2026\derived\production\case_089\A5\attempt_record.json,case_089,case_089/A5,9146880,5,,236496,A,SUCCESS,True
E:\HWCupA2026\derived\production\case_089\B1\attempt_record.json,case_089,case_089/B1,0,1,,659152,B,SUCCESS,True
E:\HWCupA2026\derived\production\case_089\B2\attempt_record.json,case_089,case_089/B2,238720,2,,329430,B,SUCCESS,True
E:\HWCupA2026\derived\production\case_089\B3\attempt_record.json,case_089,case_089/B3,1684736,3,,229212,B,SUCCESS,True
E:\HWCupA2026\derived\production\case_089\B4\attempt_record.json,case_089,case_089/B4,716160,4,,165616,B,SUCCESS,True
E:\HWCupA2026\derived\production\case_089\B5\attempt_record.json,case_089,case_089/B5,954880,5,,133338,B,SUCCESS,True
E:\HWCupA2026\derived\production\case_089\L21\attempt_record.json,case_089,case_089/L21,0,1,0.0,659152,L2,SUCCESS,True
E:\HWCupA2026\derived\production\case_089\L22\attempt_record.json,case_089,case_089/L22,238720,2,0.0,329430,L2,SUCCESS,True
E:\HWCupA2026\derived\production\case_089\L23\attempt_record.json,case_089,case_089/L23,1684736,3,0.27349344318868085,228797,L2,SUCCESS,True
E:\HWCupA2026\derived\production\case_089\L24\attempt_record.json,case_089,case_089/L24,716160,4,0.0,165616,L2,SUCCESS,True
E:\HWCupA2026\derived\production\case_089\L25\attempt_record.json,case_089,case_089/L25,954880,5,0.0,133338,L2,SUCCESS,True
E:\HWCupA2026\derived\production\case_090\REF1\attempt_record.json,case_090,case_090/REF1,21233592,1,,1178363,REF,SUCCESS,True
E:\HWCupA2026\derived\production\case_090\A2\attempt_record.json,case_090,case_090/A2,4151040,2,,518023,A,SUCCESS,True
E:\HWCupA2026\derived\production\case_090\A3\attempt_record.json,case_090,case_090/A3,6368640,3,,403096,A,SUCCESS,True
E:\HWCupA2026\derived\production\case_090\A4\attempt_record.json,case_090,case_090/A4,8517120,4,,364404,A,SUCCESS,True
E:\HWCupA2026\derived\production\case_090\A5\attempt_record.json,case_090,case_090/A5,10665600,5,,346121,A,SUCCESS,True
E:\HWCupA2026\derived\production\case_090\B1\attempt_record.json,case_090,case_090/B1,0,1,,882725,B,SUCCESS,True
E:\HWCupA2026\derived\production\case_090\B2\attempt_record.json,case_090,case_090/B2,2403840,2,,471917,B,SUCCESS,True
E:\HWCupA2026\derived\production\case_090\B3\attempt_record.json,case_090,case_090/B3,4601088,3,,349305,B,SUCCESS,True
E:\HWCupA2026\derived\production\case_090\B4\attempt_record.json,case_090,case_090/B4,6764928,4,,313018,B,SUCCESS,True
E:\HWCupA2026\derived\production\case_090\B5\attempt_record.json,case_090,case_090/B5,8991744,5,,295517,B,SUCCESS,True
E:\HWCupA2026\derived\production\case_090\L21\attempt_record.json,case_090,case_090/L21,0,1,0.0,882725,L2,SUCCESS,True
E:\HWCupA2026\derived\production\case_090\L22\attempt_record.json,case_090,case_090/L22,2403840,2,0.4064798090568959,470326,L2,SUCCESS,True
E:\HWCupA2026\derived\production\case_090\L23\attempt_record.json,case_090,case_090/L23,4601088,3,0.19170885160543824,343504,L2,SUCCESS,True
E:\HWCupA2026\derived\production\case_090\L24\attempt_record.json,case_090,case_090/L24,6764928,4,0.15375818777292577,308161,L2,SUCCESS,True
E:\HWCupA2026\derived\production\case_090\L25\attempt_record.json,case_090,case_090/L25,8991744,5,0.21507937895583454,277141,L2,SUCCESS,True
E:\HWCupA2026\derived\production\case_091\REF1\attempt_record.json,case_091,case_091/REF1,53947008,1,,9186769,REF,SUCCESS,True
E:\HWCupA2026\derived\production\case_091\A2\attempt_record.json,case_091,case_091/A2,215443140,2,,7334462,A,SUCCESS,True
E:\HWCupA2026\derived\production\case_091\A3\attempt_record.json,case_091,case_091/A3,220769480,3,,5581278,A,SUCCESS,True
E:\HWCupA2026\derived\production\case_091\A4\attempt_record.json,case_091,case_091/A4,225641356,4,,4950992,A,SUCCESS,True
E:\HWCupA2026\derived\production\case_091\A5\attempt_record.json,case_091,case_091/A5,231222476,5,,4506807,A,SUCCESS,True
E:\HWCupA2026\derived\production\case_091\B1\attempt_record.json,case_091,case_091/B1,223405056,1,,12265303,B,SUCCESS,True
E:\HWCupA2026\derived\production\case_091\B2\attempt_record.json,case_091,case_091/B2,183492696,2,,7008343,B,SUCCESS,True
E:\HWCupA2026\derived\production\case_091\B3\attempt_record.json,case_091,case_091/B3,198408796,3,,5385454,B,SUCCESS,True
E:\HWCupA2026\derived\production\case_091\B4\attempt_record.json,case_091,case_091/B4,205513020,4,,4557014,B,SUCCESS,True
E:\HWCupA2026\derived\production\case_091\B5\attempt_record.json,case_091,case_091/B5,212074612,5,,4112199,B,SUCCESS,True
E:\HWCupA2026\derived\production\case_091\L21\attempt_record.json,case_091,case_091/L21,223405056,1,0.031460514388297396,12247350,L2,SUCCESS,True
E:\HWCupA2026\derived\production\case_091\L22\attempt_record.json,case_091,case_091/L22,183492696,2,0.05276819435156877,6937201,L2,SUCCESS,True
E:\HWCupA2026\derived\production\case_091\L23\attempt_record.json,case_091,case_091/L23,198408796,3,0.13444425990441203,5324999,L2,SUCCESS,True
E:\HWCupA2026\derived\production\case_091\L24\attempt_record.json,case_091,case_091/L24,205513020,4,0.1360373650373575,4528895,L2,SUCCESS,True
E:\HWCupA2026\derived\production\case_091\L25\attempt_record.json,case_091,case_091/L25,212074612,5,0.17659347673437706,3993092,L2,SUCCESS,True
E:\HWCupA2026\derived\production\case_092\REF1\attempt_record.json,case_092,case_092/REF1,66000096,1,,4815554,REF,SUCCESS,True
E:\HWCupA2026\derived\production\case_092\A2\attempt_record.json,case_092,case_092/A2,56912480,2,,2498492,A,SUCCESS,True
E:\HWCupA2026\derived\production\case_092\A3\attempt_record.json,case_092,case_092/A3,57842880,3,,1841420,A,SUCCESS,True
E:\HWCupA2026\derived\production\case_092\A4\attempt_record.json,case_092,case_092/A4,58773280,4,,1465901,A,SUCCESS,True
E:\HWCupA2026\derived\production\case_092\A5\attempt_record.json,case_092,case_092/A5,59703680,5,,1384732,A,SUCCESS,True
E:\HWCupA2026\derived\production\case_092\B1\attempt_record.json,case_092,case_092/B1,29294592,1,,4373417,B,SUCCESS,True
E:\HWCupA2026\derived\production\case_092\B2\attempt_record.json,case_092,case_092/B2,16642656,2,,2162750,B,SUCCESS,True
E:\HWCupA2026\derived\production\case_092\B3\attempt_record.json,case_092,case_092/B3,10675392,3,,1418789,B,SUCCESS,True
E:\HWCupA2026\derived\production\case_092\B4\attempt_record.json,case_092,case_092/B4,6788896,4,,1033609,B,SUCCESS,True
E:\HWCupA2026\derived\production\case_092\B5\attempt_record.json,case_092,case_092/B5,4606336,5,,814597,B,SUCCESS,True
E:\HWCupA2026\derived\production\case_092\L21\attempt_record.json,case_092,case_092/L21,29294592,1,0.05695177620766428,4358155,L2,SUCCESS,True
E:\HWCupA2026\derived\production\case_092\L22\attempt_record.json,case_092,case_092/L22,16642656,2,0.008739040639952664,2161490,L2,SUCCESS,True
E:\HWCupA2026\derived\production\case_092\L23\attempt_record.json,case_092,case_092/L23,10675392,3,0.11123399858403016,1421140,L2,SUCCESS,True
E:\HWCupA2026\derived\production\case_092\L24\attempt_record.json,case_092,case_092/L24,6788896,4,0.27023559381914874,1018349,L2,SUCCESS,True
E:\HWCupA2026\derived\production\case_092\L25\attempt_record.json,case_092,case_092/L25,4606336,5,0.20301609298852985,816728,L2,SUCCESS,True
E:\HWCupA2026\derived\production\case_093\REF1\attempt_record.json,case_093,case_093/REF1,0,1,,74205,REF,SUCCESS,True
E:\HWCupA2026\derived\production\case_093\A2\attempt_record.json,case_093,case_093/A2,1695744,2,,60991,A,SUCCESS,True
E:\HWCupA2026\derived\production\case_093\A3\attempt_record.json,case_093,case_093/A3,1712128,3,,48910,A,SUCCESS,True
E:\HWCupA2026\derived\production\case_093\A4\attempt_record.json,case_093,case_093/A4,1695744,4,,43153,A,SUCCESS,True
E:\HWCupA2026\derived\production\case_093\A5\attempt_record.json,case_093,case_093/A5,1728512,5,,43639,A,SUCCESS,True
E:\HWCupA2026\derived\production\case_093\B1\attempt_record.json,case_093,case_093/B1,90112,1,,87862,B,SUCCESS,True
E:\HWCupA2026\derived\production\case_093\B2\attempt_record.json,case_093,case_093/B2,847872,2,,47279,B,SUCCESS,True
E:\HWCupA2026\derived\production\case_093\B3\attempt_record.json,case_093,case_093/B3,1146880,3,,35623,B,SUCCESS,True
E:\HWCupA2026\derived\production\case_093\B4\attempt_record.json,case_093,case_093/B4,1269760,4,,33942,B,SUCCESS,True
E:\HWCupA2026\derived\production\case_093\B5\attempt_record.json,case_093,case_093/B5,1335296,5,,35053,B,SUCCESS,True
E:\HWCupA2026\derived\production\case_093\L21\attempt_record.json,case_093,case_093/L21,90112,1,0.0,87862,L2,SUCCESS,True
E:\HWCupA2026\derived\production\case_093\L22\attempt_record.json,case_093,case_093/L22,847872,2,0.0,47279,L2,SUCCESS,True
E:\HWCupA2026\derived\production\case_093\L23\attempt_record.json,case_093,case_093/L23,1146880,3,0.014184397163120567,35623,L2,SUCCESS,True
E:\HWCupA2026\derived\production\case_093\L24\attempt_record.json,case_093,case_093/L24,1269760,4,0.0,33942,L2,SUCCESS,True
E:\HWCupA2026\derived\production\case_093\L25\attempt_record.json,case_093,case_093/L25,1335296,5,0.024429967426710098,34528,L2,SUCCESS,True
E:\HWCupA2026\derived\production\case_094\REF1\attempt_record.json,case_094,case_094/REF1,0,1,,94892,REF,SUCCESS,True
E:\HWCupA2026\derived\production\case_094\A2\attempt_record.json,case_094,case_094/A2,2634544,2,,80151,A,SUCCESS,True
E:\HWCupA2026\derived\production\case_094\A3\attempt_record.json,case_094,case_094/A3,2891856,3,,72003,A,SUCCESS,True
E:\HWCupA2026\derived\production\case_094\A4\attempt_record.json,case_094,case_094/A4,2904432,4,,69682,A,SUCCESS,True
E:\HWCupA2026\derived\production\case_094\A5\attempt_record.json,case_094,case_094/A5,3108208,5,,69043,A,SUCCESS,True
E:\HWCupA2026\derived\production\case_094\B1\attempt_record.json,case_094,case_094/B1,246788,1,,105885,B,SUCCESS,True
E:\HWCupA2026\derived\production\case_094\B2\attempt_record.json,case_094,case_094/B2,1405220,2,,58322,B,SUCCESS,True
E:\HWCupA2026\derived\production\case_094\B3\attempt_record.json,case_094,case_094/B3,1900364,3,,46676,B,SUCCESS,True
E:\HWCupA2026\derived\production\case_094\B4\attempt_record.json,case_094,case_094/B4,2178924,4,,46751,B,SUCCESS,True
E:\HWCupA2026\derived\production\case_094\B5\attempt_record.json,case_094,case_094/B5,2485104,5,,51267,B,SUCCESS,True
E:\HWCupA2026\derived\production\case_094\L21\attempt_record.json,case_094,case_094/L21,246788,1,0.053620812101337574,105885,L2,SUCCESS,True
E:\HWCupA2026\derived\production\case_094\L22\attempt_record.json,case_094,case_094/L22,1405220,2,0.08859986616236036,57739,L2,SUCCESS,True
E:\HWCupA2026\derived\production\case_094\L23\attempt_record.json,case_094,case_094/L23,1900364,3,0.16528559817966057,45165,L2,SUCCESS,True
E:\HWCupA2026\derived\production\case_094\L24\attempt_record.json,case_094,case_094/L24,2178924,4,0.2310679141406395,42153,L2,SUCCESS,True
E:\HWCupA2026\derived\production\case_094\L25\attempt_record.json,case_094,case_094/L25,2485104,5,0.3032325522700778,41149,L2,SUCCESS,True
E:\HWCupA2026\derived\production\case_095\REF1\attempt_record.json,case_095,case_095/REF1,0,1,,2084853,REF,SUCCESS,True
E:\HWCupA2026\derived\production\case_095\A2\attempt_record.json,case_095,case_095/A2,51448320,2,,1113814,A,SUCCESS,True
E:\HWCupA2026\derived\production\case_095\A3\attempt_record.json,case_095,case_095/A3,51448320,3,,1054168,A,SUCCESS,True
E:\HWCupA2026\derived\production\case_095\A4\attempt_record.json,case_095,case_095/A4,51448320,4,,1053546,A,SUCCESS,True
E:\HWCupA2026\derived\production\case_095\A5\attempt_record.json,case_095,case_095/A5,51448320,5,,1053474,A,SUCCESS,True
E:\HWCupA2026\derived\production\case_095\B1\attempt_record.json,case_095,case_095/B1,50831616,1,,2115445,B,SUCCESS,True
E:\HWCupA2026\derived\production\case_095\B2\attempt_record.json,case_095,case_095/B2,50214912,2,,1343828,B,SUCCESS,True
E:\HWCupA2026\derived\production\case_095\B3\attempt_record.json,case_095,case_095/B3,49598208,3,,1183800,B,SUCCESS,True
E:\HWCupA2026\derived\production\case_095\B4\attempt_record.json,case_095,case_095/B4,48981504,4,,1101112,B,SUCCESS,True
E:\HWCupA2026\derived\production\case_095\B5\attempt_record.json,case_095,case_095/B5,48364800,5,,1086817,B,SUCCESS,True
E:\HWCupA2026\derived\production\case_095\L21\attempt_record.json,case_095,case_095/L21,50831616,1,0.0,2115445,L2,SUCCESS,True
E:\HWCupA2026\derived\production\case_095\L22\attempt_record.json,case_095,case_095/L22,50214912,2,0.0,1343828,L2,SUCCESS,True
E:\HWCupA2026\derived\production\case_095\L23\attempt_record.json,case_095,case_095/L23,49598208,3,0.0,1183800,L2,SUCCESS,True
E:\HWCupA2026\derived\production\case_095\L24\attempt_record.json,case_095,case_095/L24,48981504,4,0.0,1101112,L2,SUCCESS,True
E:\HWCupA2026\derived\production\case_095\L25\attempt_record.json,case_095,case_095/L25,48364800,5,0.0,1086817,L2,SUCCESS,True
E:\HWCupA2026\derived\production\case_096\REF1\attempt_record.json,case_096,case_096/REF1,0,1,,84194,REF,SUCCESS,True
E:\HWCupA2026\derived\production\case_096\A2\attempt_record.json,case_096,case_096/A2,1421842,2,,60179,A,SUCCESS,True
E:\HWCupA2026\derived\production\case_096\A3\attempt_record.json,case_096,case_096/A3,1448024,3,,57220,A,SUCCESS,True
E:\HWCupA2026\derived\production\case_096\A4\attempt_record.json,case_096,case_096/A4,1556830,4,,49977,A,SUCCESS,True
E:\HWCupA2026\derived\production\case_096\A5\attempt_record.json,case_096,case_096/A5,1528036,5,,49353,A,SUCCESS,True
E:\HWCupA2026\derived\production\case_096\B1\attempt_record.json,case_096,case_096/B1,8204,1,,90001,B,SUCCESS,True
E:\HWCupA2026\derived\production\case_096\B2\attempt_record.json,case_096,case_096/B2,767672,2,,49148,B,SUCCESS,True
E:\HWCupA2026\derived\production\case_096\B3\attempt_record.json,case_096,case_096/B3,929312,3,,39941,B,SUCCESS,True
E:\HWCupA2026\derived\production\case_096\B4\attempt_record.json,case_096,case_096/B4,1236464,4,,34203,B,SUCCESS,True
E:\HWCupA2026\derived\production\case_096\B5\attempt_record.json,case_096,case_096/B5,1273476,5,,34992,B,SUCCESS,True
E:\HWCupA2026\derived\production\case_096\L21\attempt_record.json,case_096,case_096/L21,8204,1,0.0,90001,L2,SUCCESS,True
E:\HWCupA2026\derived\production\case_096\L22\attempt_record.json,case_096,case_096/L22,767672,2,0.17085061485847342,48829,L2,SUCCESS,True
E:\HWCupA2026\derived\production\case_096\L23\attempt_record.json,case_096,case_096/L23,929312,3,0.308695520075349,39369,L2,SUCCESS,True
E:\HWCupA2026\derived\production\case_096\L24\attempt_record.json,case_096,case_096/L24,1236464,4,0.2995947327377561,32673,L2,SUCCESS,True
E:\HWCupA2026\derived\production\case_096\L25\attempt_record.json,case_096,case_096/L25,1273476,5,0.3216311454953831,32468,L2,SUCCESS,True
E:\HWCupA2026\derived\production\case_097\REF1\attempt_record.json,case_097,case_097/REF1,10584064,1,,11491509,REF,SUCCESS,True
E:\HWCupA2026\derived\production\case_097\A2\attempt_record.json,case_097,case_097/A2,167223296,2,,7725510,A,SUCCESS,True
E:\HWCupA2026\derived\production\case_097\A3\attempt_record.json,case_097,case_097/A3,176340992,3,,5615998,A,SUCCESS,True
E:\HWCupA2026\derived\production\case_097\A4\attempt_record.json,case_097,case_097/A4,160432128,4,,5005148,A,SUCCESS,True
E:\HWCupA2026\derived\production\case_097\A5\attempt_record.json,case_097,case_097/A5,181043200,5,,4202408,A,SUCCESS,True
E:\HWCupA2026\derived\production\case_097\B1\attempt_record.json,case_097,case_097/B1,121970688,1,,13467202,B,SUCCESS,True
E:\HWCupA2026\derived\production\case_097\B2\attempt_record.json,case_097,case_097/B2,86114304,2,,6121676,B,SUCCESS,True
E:\HWCupA2026\derived\production\case_097\B3\attempt_record.json,case_097,case_097/B3,94699520,3,,4203338,B,SUCCESS,True
E:\HWCupA2026\derived\production\case_097\B4\attempt_record.json,case_097,case_097/B4,83386368,4,,3255160,B,SUCCESS,True
E:\HWCupA2026\derived\production\case_097\B5\attempt_record.json,case_097,case_097/B5,101289984,5,,2740474,B,SUCCESS,True
E:\HWCupA2026\derived\production\case_097\L21\attempt_record.json,case_097,case_097/L21,121970688,1,0.0,13467202,L2,SUCCESS,True
E:\HWCupA2026\derived\production\case_097\L22\attempt_record.json,case_097,case_097/L22,86114304,2,0.02384105960264901,6120848,L2,SUCCESS,True
E:\HWCupA2026\derived\production\case_097\L23\attempt_record.json,case_097,case_097/L23,94699520,3,0.11949774266365688,4194263,L2,SUCCESS,True
E:\HWCupA2026\derived\production\case_097\L24\attempt_record.json,case_097,case_097/L24,83386368,4,0.0,3255160,L2,SUCCESS,True
E:\HWCupA2026\derived\production\case_097\L25\attempt_record.json,case_097,case_097/L25,101289984,5,0.12435856826100729,2737901,L2,SUCCESS,True
E:\HWCupA2026\derived\production\case_098\REF1\attempt_record.json,case_098,case_098/REF1,0,1,,177430,REF,SUCCESS,True
E:\HWCupA2026\derived\production\case_098\A2\attempt_record.json,case_098,case_098/A2,2633790,2,,110577,A,SUCCESS,True
E:\HWCupA2026\derived\production\case_098\A3\attempt_record.json,case_098,case_098/A3,2859104,3,,98966,A,SUCCESS,True
E:\HWCupA2026\derived\production\case_098\A4\attempt_record.json,case_098,case_098/A4,2789500,4,,90381,A,SUCCESS,True
E:\HWCupA2026\derived\production\case_098\A5\attempt_record.json,case_098,case_098/A5,2900106,5,,87075,A,SUCCESS,True
E:\HWCupA2026\derived\production\case_098\B1\attempt_record.json,case_098,case_098/B1,648648,1,,178248,B,SUCCESS,True
E:\HWCupA2026\derived\production\case_098\B2\attempt_record.json,case_098,case_098/B2,1250410,2,,95143,B,SUCCESS,True
E:\HWCupA2026\derived\production\case_098\B3\attempt_record.json,case_098,case_098/B3,1576256,3,,74257,B,SUCCESS,True
E:\HWCupA2026\derived\production\case_098\B4\attempt_record.json,case_098,case_098/B4,1545466,4,,61580,B,SUCCESS,True
E:\HWCupA2026\derived\production\case_098\B5\attempt_record.json,case_098,case_098/B5,2355252,5,,66626,B,SUCCESS,True
E:\HWCupA2026\derived\production\case_098\L21\attempt_record.json,case_098,case_098/L21,648648,1,0.14149046415650054,176391,L2,SUCCESS,True
E:\HWCupA2026\derived\production\case_098\L22\attempt_record.json,case_098,case_098/L22,1250410,2,0.24532392084972748,94614,L2,SUCCESS,True
E:\HWCupA2026\derived\production\case_098\L23\attempt_record.json,case_098,case_098/L23,1576256,3,0.2992955400012876,72623,L2,SUCCESS,True
E:\HWCupA2026\derived\production\case_098\L24\attempt_record.json,case_098,case_098/L24,1545466,4,0.3078566427230814,58353,L2,SUCCESS,True
E:\HWCupA2026\derived\production\case_098\L25\attempt_record.json,case_098,case_098/L25,2355252,5,0.3370394317143399,58090,L2,SUCCESS,True
E:\HWCupA2026\derived\production\case_099\REF1\attempt_record.json,case_099,case_099/REF1,5484544,1,,1622999,REF,SUCCESS,True
E:\HWCupA2026\derived\production\case_099\A2\attempt_record.json,case_099,case_099/A2,26417176,2,,1099943,A,SUCCESS,True
E:\HWCupA2026\derived\production\case_099\A3\attempt_record.json,case_099,case_099/A3,23170072,3,,821961,A,SUCCESS,True
E:\HWCupA2026\derived\production\case_099\A4\attempt_record.json,case_099,case_099/A4,29875224,4,,710488,A,SUCCESS,True
E:\HWCupA2026\derived\production\case_099\A5\attempt_record.json,case_099,case_099/A5,23505944,5,,616037,A,SUCCESS,True
E:\HWCupA2026\derived\production\case_099\B1\attempt_record.json,case_099,case_099/B1,21230592,1,,1882608,B,SUCCESS,True
E:\HWCupA2026\derived\production\case_099\B2\attempt_record.json,case_099,case_099/B2,18343952,2,,989497,B,SUCCESS,True
E:\HWCupA2026\derived\production\case_099\B3\attempt_record.json,case_099,case_099/B3,15384588,3,,670357,B,SUCCESS,True
E:\HWCupA2026\derived\production\case_099\B4\attempt_record.json,case_099,case_099/B4,24188944,4,,603644,B,SUCCESS,True
E:\HWCupA2026\derived\production\case_099\B5\attempt_record.json,case_099,case_099/B5,18574356,5,,528044,B,SUCCESS,True
E:\HWCupA2026\derived\production\case_099\L21\attempt_record.json,case_099,case_099/L21,21230592,1,0.1382228035330782,1873212,L2,SUCCESS,True
E:\HWCupA2026\derived\production\case_099\L22\attempt_record.json,case_099,case_099/L22,18343952,2,0.03218025400464187,988827,L2,SUCCESS,True
E:\HWCupA2026\derived\production\case_099\L23\attempt_record.json,case_099,case_099/L23,15384588,3,0.01577028020491601,669399,L2,SUCCESS,True
E:\HWCupA2026\derived\production\case_099\L24\attempt_record.json,case_099,case_099/L24,24188944,4,0.25465051670368605,602074,L2,SUCCESS,True
E:\HWCupA2026\derived\production\case_099\L25\attempt_record.json,case_099,case_099/L25,18574356,5,0.03484007542457782,525225,L2,SUCCESS,True
E:\HWCupA2026\derived\production\case_100\REF1\attempt_record.json,case_100,case_100/REF1,0,1,,151223,REF,SUCCESS,True
E:\HWCupA2026\derived\production\case_100\A2\attempt_record.json,case_100,case_100/A2,2921168,2,,108570,A,SUCCESS,True
E:\HWCupA2026\derived\production\case_100\A3\attempt_record.json,case_100,case_100/A3,3085042,3,,92200,A,SUCCESS,True
E:\HWCupA2026\derived\production\case_100\A4\attempt_record.json,case_100,case_100/A4,3149854,4,,85822,A,SUCCESS,True
E:\HWCupA2026\derived\production\case_100\A5\attempt_record.json,case_100,case_100/A5,3188030,5,,81140,A,SUCCESS,True
E:\HWCupA2026\derived\production\case_100\B1\attempt_record.json,case_100,case_100/B1,345112,1,,160922,B,SUCCESS,True
E:\HWCupA2026\derived\production\case_100\B2\attempt_record.json,case_100,case_100/B2,1112764,2,,87762,B,SUCCESS,True
E:\HWCupA2026\derived\production\case_100\B3\attempt_record.json,case_100,case_100/B3,1779024,3,,69433,B,SUCCESS,True
E:\HWCupA2026\derived\production\case_100\B4\attempt_record.json,case_100,case_100/B4,1993240,4,,67306,B,SUCCESS,True
E:\HWCupA2026\derived\production\case_100\B5\attempt_record.json,case_100,case_100/B5,2147984,5,,60805,B,SUCCESS,True
E:\HWCupA2026\derived\production\case_100\L21\attempt_record.json,case_100,case_100/L21,345112,1,0.08383056301618738,160922,L2,SUCCESS,True
E:\HWCupA2026\derived\production\case_100\L22\attempt_record.json,case_100,case_100/L22,1112764,2,0.3068345065976926,87460,L2,SUCCESS,True
E:\HWCupA2026\derived\production\case_100\L23\attempt_record.json,case_100,case_100/L23,1779024,3,0.40611088162362463,63650,L2,SUCCESS,True
E:\HWCupA2026\derived\production\case_100\L24\attempt_record.json,case_100,case_100/L24,1993240,4,0.37917237480157434,60534,L2,SUCCESS,True
E:\HWCupA2026\derived\production\case_100\L25\attempt_record.json,case_100,case_100/L25,2147984,5,0.4128927798744317,52302,L2,SUCCESS,True
