case,core,pipe,op_id,op,start,end,T
case_073,0,PIPE_MTE2,1000005054,COPY_IN,0,100,2034983
case_073,0,PIPE_MTE2,1000005554,COPY_IN,100,445,2034983
case_073,0,PIPE_M,52,CONV,445,5101,2034983
case_073,0,PIPE_MTE2,1000006393,COPY_IN,445,790,2034983
case_073,0,PIPE_MTE2,1000007208,COPY_IN,790,1135,2034983
case_073,0,PIPE_MTE2,1000008044,COPY_IN,1135,1480,2034983
case_073,0,PIPE_MTE2,1000008892,COPY_IN,1480,1825,2034983
case_073,0,PIPE_MTE2,1000009737,COPY_IN,1825,2170,2034983
case_073,0,PIPE_MTE2,1000010570,COPY_IN,2170,2515,2034983
case_073,0,PIPE_MTE2,1000011409,COPY_IN,2515,2831,2034983
case_073,0,PIPE_MTE2,1000005064,COPY_IN,2831,2911,2034983
case_073,0,PIPE_MTE2,1000005074,COPY_IN,2911,2971,2034983
case_073,0,PIPE_V,53,RELU,5101,5405,2034983
case_073,0,PIPE_M,677,CONV,5101,9757,2034983
case_073,0,PIPE_MTE3,1000005556,COPY_OUT,5405,5750,2034983
case_073,0,PIPE_MTE3,1000005559,COPY_OUT,5750,5957,2034983
case_073,0,PIPE_MTE2,1000005714,COPY_IN,6250,6544,2034983
case_073,0,PIPE_V,678,RELU,9757,10061,2034983
case_073,0,PIPE_M,1302,CONV,9757,14413,2034983
case_073,0,PIPE_MTE3,1000006395,COPY_OUT,10061,10406,2034983
case_073,0,PIPE_MTE3,1000006398,COPY_OUT,10406,10613,2034983
case_073,0,PIPE_MTE2,1000006547,COPY_IN,10906,11200,2034983
case_073,0,PIPE_V,1303,RELU,14413,14717,2034983
case_073,0,PIPE_M,1927,CONV,14413,19069,2034983
case_073,0,PIPE_MTE3,1000007210,COPY_OUT,14717,15062,2034983
case_073,0,PIPE_MTE3,1000007213,COPY_OUT,15062,15269,2034983
case_073,0,PIPE_MTE2,1000007374,COPY_IN,15562,15856,2034983
case_073,0,PIPE_V,1928,RELU,19069,19373,2034983
case_073,0,PIPE_M,2552,CONV,19069,23725,2034983
case_073,0,PIPE_MTE3,1000008046,COPY_OUT,19373,19718,2034983
case_073,0,PIPE_MTE3,1000008049,COPY_OUT,19718,19925,2034983
case_073,0,PIPE_MTE2,1000008216,COPY_IN,20218,20512,2034983
case_073,0,PIPE_V,2553,RELU,23725,24029,2034983
case_073,0,PIPE_M,3177,CONV,23725,28381,2034983
case_073,0,PIPE_MTE3,1000008894,COPY_OUT,24029,24374,2034983
case_073,0,PIPE_MTE3,1000008897,COPY_OUT,24374,24650,2034983
case_073,0,PIPE_MTE2,1000009064,COPY_IN,24874,25150,2034983
case_073,0,PIPE_V,3178,RELU,28381,28685,2034983
case_073,0,PIPE_M,3802,CONV,28381,33037,2034983
case_073,0,PIPE_MTE3,1000009739,COPY_OUT,28685,29030,2034983
case_073,0,PIPE_MTE2,1000009909,COPY_IN,29530,29875,2034983
case_073,0,PIPE_V,3803,RELU,33037,33341,2034983
case_073,0,PIPE_M,4427,CONV,33037,37693,2034983
case_073,0,PIPE_MTE3,1000010572,COPY_OUT,33341,33686,2034983
case_073,0,PIPE_MTE3,1000010575,COPY_OUT,33686,33962,2034983
case_073,0,PIPE_MTE2,1000010748,COPY_IN,34186,34462,2034983
case_073,0,PIPE_M,179,CONV,37693,42349,2034983
case_073,0,PIPE_V,4428,RELU,37693,37997,2034983
case_073,0,PIPE_MTE3,1000011411,COPY_OUT,37997,38273,2034983
case_073,0,PIPE_MTE2,1000011518,COPY_IN,38773,39049,2034983
case_073,0,PIPE_MTE2,1000005084,COPY_IN,39049,39129,2034983
case_073,0,PIPE_MTE2,1000005094,COPY_IN,39129,39189,2034983
case_073,0,PIPE_V,180,RELU,42349,42653,2034983
case_073,0,PIPE_M,181,CONV,42653,47309,2034983
case_073,0,PIPE_V,182,RELU,47309,47613,2034983
case_073,0,PIPE_M,804,CONV,47309,51965,2034983
case_073,0,PIPE_MTE3,1000005719,COPY_OUT,47613,47820,2034983
case_073,0,PIPE_V,805,RELU,51965,52269,2034983
case_073,0,PIPE_M,806,CONV,52269,56925,2034983
case_073,0,PIPE_V,807,RELU,56925,57229,2034983
case_073,0,PIPE_M,1429,CONV,56925,61581,2034983
case_073,0,PIPE_MTE3,1000006552,COPY_OUT,57229,57436,2034983
case_073,0,PIPE_V,1430,RELU,61581,61885,2034983
case_073,0,PIPE_M,1431,CONV,61885,66541,2034983
case_073,0,PIPE_V,1432,RELU,66541,66845,2034983
case_073,0,PIPE_M,2054,CONV,66541,71197,2034983
case_073,0,PIPE_MTE3,1000007379,COPY_OUT,66845,67052,2034983
case_073,0,PIPE_V,2055,RELU,71197,71501,2034983
case_073,0,PIPE_M,2056,CONV,71501,76157,2034983
case_073,0,PIPE_V,2057,RELU,76157,76461,2034983
case_073,0,PIPE_M,2679,CONV,76157,80813,2034983
case_073,0,PIPE_MTE3,1000008221,COPY_OUT,76461,76737,2034983
case_073,0,PIPE_V,2680,RELU,80813,81117,2034983
case_073,0,PIPE_M,2681,CONV,81117,85773,2034983
case_073,0,PIPE_V,2682,RELU,85773,86077,2034983
case_073,0,PIPE_M,3304,CONV,85773,90429,2034983
case_073,0,PIPE_MTE3,1000009069,COPY_OUT,86077,86284,2034983
case_073,0,PIPE_V,3305,RELU,90429,90733,2034983
case_073,0,PIPE_M,3306,CONV,90733,95389,2034983
case_073,0,PIPE_V,3307,RELU,95389,95693,2034983
case_073,0,PIPE_M,3929,CONV,95389,100045,2034983
case_073,0,PIPE_MTE3,1000009914,COPY_OUT,95693,95969,2034983
case_073,0,PIPE_V,3930,RELU,100045,100349,2034983
case_073,0,PIPE_M,3931,CONV,100349,105005,2034983
case_073,0,PIPE_V,3932,RELU,105005,105309,2034983
case_073,0,PIPE_M,4554,CONV,105005,109661,2034983
case_073,0,PIPE_MTE3,1000010753,COPY_OUT,105309,105516,2034983
case_073,0,PIPE_MTE2,1000005916,COPY_IN,106885,106967,2034983
case_073,0,PIPE_MTE2,1000006752,COPY_IN,108310,108409,2034983
case_073,0,PIPE_V,4555,RELU,109661,109965,2034983
case_073,0,PIPE_MTE2,1000007582,COPY_IN,109830,109929,2034983
case_073,0,PIPE_M,4556,CONV,109965,114621,2034983
case_073,0,PIPE_MTE2,1000008427,COPY_IN,111223,111367,2034983
case_073,0,PIPE_MTE2,1000009272,COPY_IN,112058,112199,2034983
case_073,0,PIPE_MTE2,1000010111,COPY_IN,112730,113016,2034983
case_073,0,PIPE_MTE2,1000010950,COPY_IN,113645,113714,2034983
case_073,0,PIPE_M,309,CONV,114621,119277,2034983
case_073,0,PIPE_V,4557,RELU,114621,114925,2034983
case_073,0,PIPE_V,4558,ADD,114925,115229,2034983
case_073,0,PIPE_MTE3,1000011520,COPY_OUT,115229,115436,2034983
case_073,0,PIPE_MTE2,1000011618,COPY_IN,115936,116143,2034983
case_073,0,PIPE_MTE2,1000005104,COPY_IN,116143,116221,2034983
case_073,0,PIPE_V,310,RELU,119277,119581,2034983
case_073,0,PIPE_M,311,CONV,119581,124237,2034983
case_073,0,PIPE_V,312,RELU,124237,124541,2034983
case_073,0,PIPE_M,934,CONV,124237,128893,2034983
case_073,0,PIPE_MTE3,1000005921,COPY_OUT,124541,124679,2034983
case_073,0,PIPE_V,935,RELU,128893,129197,2034983
case_073,0,PIPE_M,936,CONV,129197,133853,2034983
case_073,0,PIPE_V,937,RELU,133853,134157,2034983
case_073,0,PIPE_M,1559,CONV,133853,138509,2034983
case_073,0,PIPE_MTE3,1000006757,COPY_OUT,134157,134295,2034983
case_073,0,PIPE_V,1560,RELU,138509,138813,2034983
case_073,0,PIPE_M,1561,CONV,138813,143469,2034983
case_073,0,PIPE_V,1562,RELU,143469,143773,2034983
case_073,0,PIPE_M,2184,CONV,143469,148125,2034983
case_073,0,PIPE_MTE3,1000007587,COPY_OUT,143773,143911,2034983
case_073,0,PIPE_V,2185,RELU,148125,148429,2034983
case_073,0,PIPE_M,2186,CONV,148429,153085,2034983
case_073,0,PIPE_V,2187,RELU,153085,153389,2034983
case_073,0,PIPE_M,2809,CONV,153085,157741,2034983
case_073,0,PIPE_MTE3,1000008432,COPY_OUT,153389,153527,2034983
case_073,0,PIPE_V,2810,RELU,157741,158045,2034983
case_073,0,PIPE_M,2811,CONV,158045,162701,2034983
case_073,0,PIPE_V,2812,RELU,162701,163005,2034983
case_073,0,PIPE_M,3434,CONV,162701,167357,2034983
case_073,0,PIPE_MTE3,1000009277,COPY_OUT,163005,163143,2034983
case_073,0,PIPE_V,3435,RELU,167357,167661,2034983
case_073,0,PIPE_M,3436,CONV,167661,172317,2034983
case_073,0,PIPE_V,3437,RELU,172317,172621,2034983
case_073,0,PIPE_M,4059,CONV,172317,176973,2034983
case_073,0,PIPE_MTE3,1000010113,COPY_OUT,172621,172828,2034983
case_073,0,PIPE_V,4060,RELU,176973,177277,2034983
case_073,0,PIPE_M,4061,CONV,177277,181933,2034983
case_073,0,PIPE_V,4062,RELU,181933,182237,2034983
case_073,0,PIPE_M,4684,CONV,181933,186589,2034983
case_073,0,PIPE_MTE3,1000010952,COPY_OUT,182237,182375,2034983
case_073,0,PIPE_MTE2,1000006127,COPY_IN,184022,184121,2034983
case_073,0,PIPE_MTE2,1000006954,COPY_IN,185605,185719,2034983
case_073,0,PIPE_V,4685,RELU,186589,186893,2034983
case_073,0,PIPE_M,4686,CONV,186893,191549,2034983
case_073,0,PIPE_MTE2,1000007784,COPY_IN,187163,187353,2034983
case_073,0,PIPE_MTE2,1000008629,COPY_IN,188729,188936,2034983
case_073,0,PIPE_MTE2,1000009477,COPY_IN,190102,190223,2034983
case_073,0,PIPE_MTE2,1000010310,COPY_IN,191064,191202,2034983
case_073,0,PIPE_MTE2,1000011149,COPY_IN,191202,191351,2034983
case_073,0,PIPE_M,439,CONV,191549,193901,2034983
case_073,0,PIPE_V,4687,RELU,191549,191853,2034983
case_073,0,PIPE_V,4688,ADD,191853,192157,2034983
case_073,0,PIPE_MTE3,1000011620,COPY_OUT,192157,192429,2034983
case_073,0,PIPE_MTE3,1000011623,COPY_OUT,192429,192664,2034983
case_073,0,PIPE_MTE2,1000011721,COPY_IN,192929,193004,2034983
case_073,0,PIPE_MTE2,1000005114,COPY_IN,193004,193081,2034983
case_073,0,PIPE_V,440,RELU,193901,194077,2034983
case_073,0,PIPE_M,1064,CONV,193901,196253,2034983
case_073,0,PIPE_MTE3,1000006132,COPY_OUT,194077,194158,2034983
case_073,0,PIPE_MTE2,1000006314,COPY_IN,194658,194734,2034983
case_073,0,PIPE_MTE2,1000005124,COPY_IN,194734,194840,2034983
case_073,0,PIPE_V,1065,RELU,196253,196429,2034983
case_073,0,PIPE_M,1689,CONV,196253,198605,2034983
case_073,0,PIPE_MTE3,1000006959,COPY_OUT,196429,196510,2034983
case_073,0,PIPE_MTE2,1000007132,COPY_IN,197010,197086,2034983
case_073,0,PIPE_V,1690,RELU,198605,198781,2034983
case_073,0,PIPE_M,2314,CONV,198605,200957,2034983
case_073,0,PIPE_MTE3,1000007789,COPY_OUT,198781,198862,2034983
case_073,0,PIPE_MTE2,1000007959,COPY_IN,199362,199438,2034983
case_073,0,PIPE_V,2315,RELU,200957,201133,2034983
case_073,0,PIPE_M,2939,CONV,200957,203309,2034983
case_073,0,PIPE_MTE3,1000008634,COPY_OUT,201133,201214,2034983
case_073,0,PIPE_MTE2,1000008807,COPY_IN,201714,201790,2034983
case_073,0,PIPE_V,2940,RELU,203309,203485,2034983
case_073,0,PIPE_M,3564,CONV,203309,205661,2034983
case_073,0,PIPE_MTE3,1000009482,COPY_OUT,203485,203566,2034983
case_073,0,PIPE_MTE2,1000009652,COPY_IN,204066,204142,2034983
case_073,0,PIPE_V,3565,RELU,205661,205837,2034983
case_073,0,PIPE_M,4189,CONV,205661,208013,2034983
case_073,0,PIPE_MTE3,1000010315,COPY_OUT,205837,205918,2034983
case_073,0,PIPE_MTE2,1000010488,COPY_IN,206418,206511,2034983
case_073,0,PIPE_V,4190,RELU,208013,208189,2034983
case_073,0,PIPE_M,4814,CONV,208013,210365,2034983
case_073,0,PIPE_MTE3,1000011154,COPY_OUT,208189,208259,2034983
case_073,0,PIPE_MTE2,1000011318,COPY_IN,208759,208829,2034983
case_073,0,PIPE_MTE2,1000005572,COPY_IN,208829,208864,2034983
case_073,0,PIPE_M,566,CONV,210365,215021,2034983
case_073,0,PIPE_V,4815,RELU,210365,210541,2034983
case_073,0,PIPE_MTE3,1000011723,COPY_OUT,210541,210576,2034983
case_073,0,PIPE_V,567,RELU,215021,215197,2034983
case_073,0,PIPE_M,568,CONV,215197,219853,2034983
case_073,0,PIPE_MTE2,1000005578,COPY_IN,218212,218247,2034983
case_073,0,PIPE_MTE2,1000005738,COPY_IN,218247,218282,2034983
case_073,0,PIPE_MTE2,1000005744,COPY_IN,218282,218317,2034983
case_073,0,PIPE_MTE2,1000005928,COPY_IN,218317,218352,2034983
case_073,0,PIPE_MTE2,1000005934,COPY_IN,218352,218387,2034983
case_073,0,PIPE_MTE2,1000006136,COPY_IN,218387,218422,2034983
case_073,0,PIPE_MTE2,1000006414,COPY_IN,218422,218457,2034983
case_073,0,PIPE_V,569,RELU,219853,220029,2034983
case_073,0,PIPE_M,1191,CONV,219853,224509,2034983
case_073,0,PIPE_V,1192,RELU,224509,224685,2034983
case_073,0,PIPE_M,1193,CONV,224685,229341,2034983
case_073,0,PIPE_MTE2,1000006420,COPY_IN,227700,227735,2034983
case_073,0,PIPE_MTE2,1000006568,COPY_IN,227735,227770,2034983
case_073,0,PIPE_MTE2,1000006574,COPY_IN,227770,227805,2034983
case_073,0,PIPE_MTE2,1000006764,COPY_IN,227805,227840,2034983
case_073,0,PIPE_MTE2,1000006770,COPY_IN,227840,227875,2034983
case_073,0,PIPE_MTE2,1000006963,COPY_IN,227875,227910,2034983
case_073,0,PIPE_MTE2,1000007229,COPY_IN,227910,227945,2034983
case_073,0,PIPE_V,1194,RELU,229341,229517,2034983
case_073,0,PIPE_M,1816,CONV,229341,233997,2034983
case_073,0,PIPE_V,1817,RELU,233997,234173,2034983
case_073,0,PIPE_M,1818,CONV,234173,238829,2034983
case_073,0,PIPE_MTE2,1000007235,COPY_IN,237188,237223,2034983
case_073,0,PIPE_MTE2,1000007395,COPY_IN,237223,237258,2034983
case_073,0,PIPE_MTE2,1000007401,COPY_IN,237258,237293,2034983
case_073,0,PIPE_MTE2,1000007594,COPY_IN,237293,237328,2034983
case_073,0,PIPE_MTE2,1000007600,COPY_IN,237328,237363,2034983
case_073,0,PIPE_MTE2,1000007793,COPY_IN,237363,237398,2034983
case_073,0,PIPE_MTE2,1000008065,COPY_IN,237398,237433,2034983
case_073,0,PIPE_V,1819,RELU,238829,239005,2034983
case_073,0,PIPE_M,2441,CONV,238829,243485,2034983
case_073,0,PIPE_V,2442,RELU,243485,243661,2034983
case_073,0,PIPE_M,2443,CONV,243661,248317,2034983
case_073,0,PIPE_MTE2,1000008071,COPY_IN,246676,246711,2034983
case_073,0,PIPE_MTE2,1000008237,COPY_IN,246711,246746,2034983
case_073,0,PIPE_MTE2,1000008243,COPY_IN,246746,246781,2034983
case_073,0,PIPE_MTE2,1000008439,COPY_IN,246781,246816,2034983
case_073,0,PIPE_MTE2,1000008445,COPY_IN,246816,246851,2034983
case_073,0,PIPE_MTE2,1000008638,COPY_IN,246851,246886,2034983
case_073,0,PIPE_MTE2,1000008913,COPY_IN,246886,246921,2034983
case_073,0,PIPE_V,2444,RELU,248317,248493,2034983
case_073,0,PIPE_M,3066,CONV,248317,252973,2034983
case_073,0,PIPE_V,3067,RELU,252973,253149,2034983
case_073,0,PIPE_M,3068,CONV,253149,257805,2034983
case_073,0,PIPE_MTE2,1000008919,COPY_IN,256164,256199,2034983
case_073,0,PIPE_MTE2,1000009082,COPY_IN,256199,256234,2034983
case_073,0,PIPE_MTE2,1000009088,COPY_IN,256234,256269,2034983
case_073,0,PIPE_MTE2,1000009284,COPY_IN,256269,256304,2034983
case_073,0,PIPE_MTE2,1000009290,COPY_IN,256304,256339,2034983
case_073,0,PIPE_MTE2,1000009486,COPY_IN,256339,256374,2034983
case_073,0,PIPE_MTE2,1000009755,COPY_IN,256374,256409,2034983
case_073,0,PIPE_V,3069,RELU,257805,257981,2034983
case_073,0,PIPE_M,3691,CONV,257805,262461,2034983
case_073,0,PIPE_V,3692,RELU,262461,262637,2034983
case_073,0,PIPE_M,3693,CONV,262637,267293,2034983
case_073,0,PIPE_MTE2,1000009761,COPY_IN,265652,265687,2034983
case_073,0,PIPE_MTE2,1000009924,COPY_IN,265687,265722,2034983
case_073,0,PIPE_MTE2,1000009930,COPY_IN,265722,265757,2034983
case_073,0,PIPE_MTE2,1000010120,COPY_IN,265757,265792,2034983
case_073,0,PIPE_MTE2,1000010126,COPY_IN,265792,265827,2034983
case_073,0,PIPE_MTE2,1000010319,COPY_IN,265827,265862,2034983
case_073,0,PIPE_MTE2,1000010594,COPY_IN,265862,265897,2034983
case_073,0,PIPE_V,3694,RELU,267293,267469,2034983
case_073,0,PIPE_M,4316,CONV,267293,271949,2034983
case_073,0,PIPE_V,4317,RELU,271949,272125,2034983
case_073,0,PIPE_M,4318,CONV,272125,276781,2034983
case_073,0,PIPE_MTE2,1000010600,COPY_IN,275140,275175,2034983
case_073,0,PIPE_MTE2,1000010766,COPY_IN,275175,275210,2034983
case_073,0,PIPE_MTE2,1000010772,COPY_IN,275210,275245,2034983
case_073,0,PIPE_MTE2,1000010962,COPY_IN,275245,275280,2034983
case_073,0,PIPE_MTE2,1000010968,COPY_IN,275280,275315,2034983
case_073,0,PIPE_MTE2,1000011158,COPY_IN,275315,275350,2034983
case_073,0,PIPE_MTE2,1000005134,COPY_IN,275350,275427,2034983
case_073,0,PIPE_MTE2,1000005144,COPY_IN,275427,275504,2034983
case_073,0,PIPE_V,4319,RELU,276781,276957,2034983
case_073,0,PIPE_V,70,ADD,276957,277133,2034983
case_073,0,PIPE_M,71,CONV,277133,281789,2034983
case_073,0,PIPE_V,195,ADD,277133,277309,2034983
case_073,0,PIPE_MTE3,1000005580,COPY_OUT,277133,277168,2034983
case_073,0,PIPE_V,320,ADD,277309,277485,2034983
case_073,0,PIPE_MTE3,1000005746,COPY_OUT,277309,277344,2034983
case_073,0,PIPE_MTE3,1000005749,COPY_OUT,277344,277379,2034983
case_073,0,PIPE_V,445,ADD,277485,277661,2034983
case_073,0,PIPE_MTE3,1000005936,COPY_OUT,277485,277520,2034983
case_073,0,PIPE_MTE3,1000005939,COPY_OUT,277520,277555,2034983
case_073,0,PIPE_V,570,ADD,277661,277837,2034983
case_073,0,PIPE_MTE3,1000006138,COPY_OUT,277661,277696,2034983
case_073,0,PIPE_MTE3,1000006141,COPY_OUT,277696,277731,2034983
case_073,0,PIPE_V,695,ADD,277837,278013,2034983
case_073,0,PIPE_MTE3,1000006316,COPY_OUT,277837,277900,2034983
case_073,0,PIPE_V,820,ADD,278013,278189,2034983
case_073,0,PIPE_MTE3,1000006422,COPY_OUT,278013,278076,2034983
case_073,0,PIPE_V,945,ADD,278189,278365,2034983
case_073,0,PIPE_MTE3,1000006576,COPY_OUT,278189,278252,2034983
case_073,0,PIPE_MTE3,1000006579,COPY_OUT,278252,278294,2034983
case_073,0,PIPE_V,1070,ADD,278365,278541,2034983
case_073,0,PIPE_MTE3,1000006772,COPY_OUT,278365,278400,2034983
case_073,0,PIPE_MTE3,1000006775,COPY_OUT,278400,278470,2034983
case_073,0,PIPE_V,1195,ADD,278541,278717,2034983
case_073,0,PIPE_MTE3,1000006965,COPY_OUT,278541,278576,2034983
case_073,0,PIPE_MTE3,1000006968,COPY_OUT,278576,278611,2034983
case_073,0,PIPE_V,1320,ADD,278717,278893,2034983
case_073,0,PIPE_MTE3,1000007134,COPY_OUT,278717,278752,2034983
case_073,0,PIPE_V,1445,ADD,278893,279069,2034983
case_073,0,PIPE_MTE3,1000007237,COPY_OUT,278893,278956,2034983
case_073,0,PIPE_V,1570,ADD,279069,279245,2034983
case_073,0,PIPE_MTE3,1000007403,COPY_OUT,279069,279132,2034983
case_073,0,PIPE_MTE3,1000007406,COPY_OUT,279132,279174,2034983
case_073,0,PIPE_V,1695,ADD,279245,279421,2034983
case_073,0,PIPE_MTE3,1000007602,COPY_OUT,279245,279308,2034983
case_073,0,PIPE_MTE3,1000007605,COPY_OUT,279308,279350,2034983
case_073,0,PIPE_V,1820,ADD,279421,279597,2034983
case_073,0,PIPE_MTE3,1000007795,COPY_OUT,279421,279456,2034983
case_073,0,PIPE_MTE3,1000007798,COPY_OUT,279456,279491,2034983
case_073,0,PIPE_V,1945,ADD,279597,279773,2034983
case_073,0,PIPE_MTE3,1000007961,COPY_OUT,279597,279632,2034983
case_073,0,PIPE_V,2070,ADD,279773,279949,2034983
case_073,0,PIPE_MTE3,1000008073,COPY_OUT,279773,279808,2034983
case_073,0,PIPE_V,2195,ADD,279949,280125,2034983
case_073,0,PIPE_MTE3,1000008245,COPY_OUT,279949,280012,2034983
case_073,0,PIPE_MTE3,1000008248,COPY_OUT,280012,280054,2034983
case_073,0,PIPE_V,2320,ADD,280125,280301,2034983
case_073,0,PIPE_MTE3,1000008447,COPY_OUT,280125,280188,2034983
case_073,0,PIPE_MTE3,1000008450,COPY_OUT,280188,280230,2034983
case_073,0,PIPE_V,2445,ADD,280301,280477,2034983
case_073,0,PIPE_MTE3,1000008640,COPY_OUT,280301,280336,2034983
case_073,0,PIPE_MTE3,1000008643,COPY_OUT,280336,280371,2034983
case_073,0,PIPE_V,2570,ADD,280477,280653,2034983
case_073,0,PIPE_MTE3,1000008809,COPY_OUT,280477,280512,2034983
case_073,0,PIPE_V,2695,ADD,280653,280829,2034983
case_073,0,PIPE_MTE3,1000008921,COPY_OUT,280653,280688,2034983
case_073,0,PIPE_V,2820,ADD,280829,281005,2034983
case_073,0,PIPE_MTE3,1000009090,COPY_OUT,280829,280892,2034983
case_073,0,PIPE_MTE3,1000009093,COPY_OUT,280892,280934,2034983
case_073,0,PIPE_V,2945,ADD,281005,281181,2034983
case_073,0,PIPE_MTE3,1000009292,COPY_OUT,281005,281068,2034983
case_073,0,PIPE_MTE3,1000009295,COPY_OUT,281068,281110,2034983
case_073,0,PIPE_V,3070,ADD,281181,281357,2034983
case_073,0,PIPE_MTE3,1000009488,COPY_OUT,281181,281216,2034983
case_073,0,PIPE_MTE3,1000009491,COPY_OUT,281216,281251,2034983
case_073,0,PIPE_V,3195,ADD,281357,281533,2034983
case_073,0,PIPE_MTE3,1000009654,COPY_OUT,281357,281392,2034983
case_073,0,PIPE_V,3320,ADD,281533,281709,2034983
case_073,0,PIPE_MTE3,1000009763,COPY_OUT,281533,281568,2034983
case_073,0,PIPE_V,3445,ADD,281709,281885,2034983
case_073,0,PIPE_MTE3,1000009932,COPY_OUT,281709,281772,2034983
case_073,0,PIPE_MTE3,1000009935,COPY_OUT,281772,281814,2034983
case_073,0,PIPE_V,3570,ADD,281885,282061,2034983
case_073,0,PIPE_MTE3,1000010128,COPY_OUT,281885,281948,2034983
case_073,0,PIPE_MTE3,1000010131,COPY_OUT,281948,282015,2034983
case_073,0,PIPE_V,3695,ADD,282061,282237,2034983
case_073,0,PIPE_MTE3,1000010321,COPY_OUT,282061,282096,2034983
case_073,0,PIPE_MTE3,1000010324,COPY_OUT,282096,282131,2034983
case_073,0,PIPE_V,3820,ADD,282237,282413,2034983
case_073,0,PIPE_MTE3,1000010490,COPY_OUT,282237,282272,2034983
case_073,0,PIPE_V,3945,ADD,282413,282589,2034983
case_073,0,PIPE_MTE3,1000010602,COPY_OUT,282413,282448,2034983
case_073,0,PIPE_V,4070,ADD,282589,282765,2034983
case_073,0,PIPE_MTE3,1000010774,COPY_OUT,282589,282652,2034983
case_073,0,PIPE_MTE3,1000010777,COPY_OUT,282652,282694,2034983
case_073,0,PIPE_V,4195,ADD,282765,282941,2034983
case_073,0,PIPE_MTE3,1000010970,COPY_OUT,282765,282828,2034983
case_073,0,PIPE_MTE3,1000010973,COPY_OUT,282828,282870,2034983
case_073,0,PIPE_V,4320,ADD,282941,283117,2034983
case_073,0,PIPE_MTE3,1000011160,COPY_OUT,282941,282976,2034983
case_073,0,PIPE_MTE3,1000011163,COPY_OUT,282976,283011,2034983
case_073,0,PIPE_V,72,RELU,283117,283293,2034983
case_073,0,PIPE_MTE3,1000011320,COPY_OUT,283117,283152,2034983
case_073,0,PIPE_M,73,CONV,283293,287949,2034983
case_073,0,PIPE_MTE2,1000011427,COPY_IN,284804,284839,2034983
case_073,0,PIPE_MTE2,1000005154,COPY_IN,284839,284993,2034983
case_073,0,PIPE_V,74,RELU,287949,288125,2034983
case_073,0,PIPE_M,696,CONV,287949,292605,2034983
case_073,0,PIPE_MTE3,1000005583,COPY_OUT,288125,288160,2034983
case_073,0,PIPE_V,697,RELU,292605,292781,2034983
case_073,0,PIPE_M,698,CONV,292781,297437,2034983
case_073,0,PIPE_V,699,RELU,297437,297613,2034983
case_073,0,PIPE_M,1321,CONV,297437,302093,2034983
case_073,0,PIPE_MTE3,1000006425,COPY_OUT,297613,297648,2034983
case_073,0,PIPE_V,1322,RELU,302093,302269,2034983
case_073,0,PIPE_M,1323,CONV,302269,306925,2034983
case_073,0,PIPE_V,1324,RELU,306925,307101,2034983
case_073,0,PIPE_M,1946,CONV,306925,311581,2034983
case_073,0,PIPE_MTE3,1000007240,COPY_OUT,307101,307136,2034983
case_073,0,PIPE_V,1947,RELU,311581,311757,2034983
case_073,0,PIPE_M,1948,CONV,311757,316413,2034983
case_073,0,PIPE_V,1949,RELU,316413,316589,2034983
case_073,0,PIPE_M,2571,CONV,316413,321069,2034983
case_073,0,PIPE_MTE3,1000008076,COPY_OUT,316589,316624,2034983
case_073,0,PIPE_V,2572,RELU,321069,321245,2034983
case_073,0,PIPE_M,2573,CONV,321245,325901,2034983
case_073,0,PIPE_V,2574,RELU,325901,326077,2034983
case_073,0,PIPE_M,3196,CONV,325901,330557,2034983
case_073,0,PIPE_MTE3,1000008924,COPY_OUT,326077,326112,2034983
case_073,0,PIPE_V,3197,RELU,330557,330733,2034983
case_073,0,PIPE_M,3198,CONV,330733,335389,2034983
case_073,0,PIPE_V,3199,RELU,335389,335565,2034983
case_073,0,PIPE_M,3821,CONV,335389,340045,2034983
case_073,0,PIPE_MTE3,1000009766,COPY_OUT,335565,335600,2034983
case_073,0,PIPE_V,3822,RELU,340045,340221,2034983
case_073,0,PIPE_M,3823,CONV,340221,344877,2034983
case_073,0,PIPE_V,3824,RELU,344877,345053,2034983
case_073,0,PIPE_M,4446,CONV,344877,349533,2034983
case_073,0,PIPE_MTE3,1000010605,COPY_OUT,345053,345088,2034983
case_073,0,PIPE_MTE2,1000005756,COPY_IN,349092,349162,2034983
case_073,0,PIPE_V,4447,RELU,349533,349709,2034983
case_073,0,PIPE_M,4448,CONV,349709,354365,2034983
case_073,0,PIPE_MTE2,1000006586,COPY_IN,349972,350035,2034983
case_073,0,PIPE_MTE2,1000007413,COPY_IN,350852,350922,2034983
case_073,0,PIPE_MTE2,1000008255,COPY_IN,351767,351830,2034983
case_073,0,PIPE_MTE2,1000009100,COPY_IN,352612,352682,2034983
case_073,0,PIPE_MTE2,1000009942,COPY_IN,353492,353562,2034983
case_073,0,PIPE_M,201,CONV,354365,356717,2034983
case_073,0,PIPE_V,4449,RELU,354365,354541,2034983
case_073,0,PIPE_MTE2,1000010784,COPY_IN,354372,354447,2034983
case_073,0,PIPE_V,4450,ADD,354541,354717,2034983
case_073,0,PIPE_MTE3,1000011429,COPY_OUT,354717,354752,2034983
case_073,0,PIPE_V,202,RELU,356717,356829,2034983
case_073,0,PIPE_M,826,CONV,356717,359069,2034983
case_073,0,PIPE_MTE3,1000005761,COPY_OUT,356829,356865,2034983
case_073,0,PIPE_MTE3,1000005764,COPY_OUT,356865,356901,2034983
case_073,0,PIPE_V,827,RELU,359069,359181,2034983
case_073,0,PIPE_M,1451,CONV,359069,361421,2034983
case_073,0,PIPE_MTE3,1000006588,COPY_OUT,359181,359199,2034983
case_073,0,PIPE_MTE3,1000006591,COPY_OUT,359199,359217,2034983
case_073,0,PIPE_MTE2,1000011533,COPY_IN,360708,360743,2034983
case_073,0,PIPE_MTE2,1000005164,COPY_IN,360743,361087,2034983
case_073,0,PIPE_MTE2,1000005174,COPY_IN,361087,361431,2034983
case_073,0,PIPE_V,1452,RELU,361421,361533,2034983
case_073,0,PIPE_M,2076,CONV,361421,363773,2034983
case_073,0,PIPE_MTE3,1000007418,COPY_OUT,361533,361551,2034983
case_073,0,PIPE_MTE3,1000007421,COPY_OUT,361551,361569,2034983
case_073,0,PIPE_MTE2,1000005952,COPY_IN,362803,362821,2034983
case_073,0,PIPE_V,2077,RELU,363773,363885,2034983
case_073,0,PIPE_M,2701,CONV,363773,366125,2034983
case_073,0,PIPE_MTE3,1000008260,COPY_OUT,363885,363903,2034983
case_073,0,PIPE_MTE3,1000008263,COPY_OUT,363903,363921,2034983
case_073,0,PIPE_MTE2,1000006788,COPY_IN,365155,365173,2034983
case_073,0,PIPE_V,2702,RELU,366125,366237,2034983
case_073,0,PIPE_M,3326,CONV,366125,368477,2034983
case_073,0,PIPE_MTE3,1000009105,COPY_OUT,366237,366255,2034983
case_073,0,PIPE_MTE3,1000009108,COPY_OUT,366255,366273,2034983
case_073,0,PIPE_MTE2,1000007615,COPY_IN,367507,367525,2034983
case_073,0,PIPE_V,3327,RELU,368477,368589,2034983
case_073,0,PIPE_M,3951,CONV,368477,370829,2034983
case_073,0,PIPE_MTE3,1000009947,COPY_OUT,368589,368607,2034983
case_073,0,PIPE_MTE3,1000009950,COPY_OUT,368607,368625,2034983
case_073,0,PIPE_MTE2,1000008460,COPY_IN,369859,369877,2034983
case_073,0,PIPE_V,3952,RELU,370829,370941,2034983
case_073,0,PIPE_M,4576,CONV,370829,373181,2034983
case_073,0,PIPE_MTE3,1000010789,COPY_OUT,370941,370959,2034983
case_073,0,PIPE_MTE3,1000010792,COPY_OUT,370959,370977,2034983
case_073,0,PIPE_MTE2,1000009305,COPY_IN,372211,372229,2034983
case_073,0,PIPE_M,328,CONV,373181,377837,2034983
case_073,0,PIPE_V,4577,RELU,373181,373293,2034983
case_073,0,PIPE_MTE3,1000011538,COPY_OUT,373293,373329,2034983
case_073,0,PIPE_MTE2,1000010141,COPY_IN,374617,374653,2034983
case_073,0,PIPE_MTE2,1000010983,COPY_IN,376915,376933,2034983
case_073,0,PIPE_V,329,RELU,377837,377949,2034983
case_073,0,PIPE_M,330,CONV,377949,382605,2034983
case_073,0,PIPE_MTE2,1000011636,COPY_IN,379267,379285,2034983
case_073,0,PIPE_MTE2,1000005184,COPY_IN,379285,379593,2034983
case_073,0,PIPE_MTE2,1000005194,COPY_IN,379593,379901,2034983
case_073,0,PIPE_V,331,RELU,382605,382717,2034983
case_073,0,PIPE_M,953,CONV,382605,387261,2034983
case_073,0,PIPE_MTE3,1000005957,COPY_OUT,382717,382735,2034983
case_073,0,PIPE_V,954,RELU,387261,387373,2034983
case_073,0,PIPE_M,955,CONV,387373,392029,2034983
case_073,0,PIPE_V,956,RELU,392029,392141,2034983
case_073,0,PIPE_M,1578,CONV,392029,396685,2034983
case_073,0,PIPE_MTE3,1000006793,COPY_OUT,392141,392159,2034983
case_073,0,PIPE_V,1579,RELU,396685,396797,2034983
case_073,0,PIPE_M,1580,CONV,396797,401453,2034983
case_073,0,PIPE_V,1581,RELU,401453,401565,2034983
case_073,0,PIPE_M,2203,CONV,401453,406109,2034983
case_073,0,PIPE_MTE3,1000007620,COPY_OUT,401565,401583,2034983
case_073,0,PIPE_V,2204,RELU,406109,406221,2034983
case_073,0,PIPE_M,2205,CONV,406221,410877,2034983
case_073,0,PIPE_V,2206,RELU,410877,410989,2034983
case_073,0,PIPE_M,2828,CONV,410877,415533,2034983
case_073,0,PIPE_MTE3,1000008465,COPY_OUT,410989,411007,2034983
case_073,0,PIPE_V,2829,RELU,415533,415645,2034983
case_073,0,PIPE_M,2830,CONV,415645,420301,2034983
case_073,0,PIPE_V,2831,RELU,420301,420413,2034983
case_073,0,PIPE_M,3453,CONV,420301,424957,2034983
case_073,0,PIPE_MTE3,1000009310,COPY_OUT,420413,420431,2034983
case_073,0,PIPE_V,3454,RELU,424957,425069,2034983
case_073,0,PIPE_M,3455,CONV,425069,429725,2034983
case_073,0,PIPE_V,3456,RELU,429725,429837,2034983
case_073,0,PIPE_M,4078,CONV,429725,434381,2034983
case_073,0,PIPE_MTE3,1000010146,COPY_OUT,429837,429855,2034983
case_073,0,PIPE_V,4079,RELU,434381,434493,2034983
case_073,0,PIPE_M,4080,CONV,434493,439149,2034983
case_073,0,PIPE_V,4081,RELU,439149,439261,2034983
case_073,0,PIPE_M,4703,CONV,439149,443805,2034983
case_073,0,PIPE_MTE3,1000010988,COPY_OUT,439261,439279,2034983
case_073,0,PIPE_MTE2,1000006157,COPY_IN,439844,439862,2034983
case_073,0,PIPE_MTE2,1000006984,COPY_IN,440404,440444,2034983
case_073,0,PIPE_MTE2,1000007814,COPY_IN,440964,440982,2034983
case_073,0,PIPE_MTE2,1000008659,COPY_IN,441524,441542,2034983
case_073,0,PIPE_MTE2,1000009507,COPY_IN,442084,442102,2034983
case_073,0,PIPE_MTE2,1000010340,COPY_IN,442644,442662,2034983
case_073,0,PIPE_V,4704,RELU,443805,443917,2034983
case_073,0,PIPE_M,4705,CONV,443917,448573,2034983
case_073,0,PIPE_MTE2,1000011179,COPY_IN,445901,445937,2034983
case_073,0,PIPE_M,458,CONV,448573,453229,2034983
case_073,0,PIPE_V,4706,RELU,448573,448685,2034983
case_073,0,PIPE_V,4707,ADD,448685,448797,2034983
case_073,0,PIPE_MTE3,1000011638,COPY_OUT,448797,448833,2034983
case_073,0,PIPE_V,459,RELU,453229,453341,2034983
case_073,0,PIPE_M,460,CONV,453341,457997,2034983
case_073,0,PIPE_MTE2,1000011739,COPY_IN,454771,454789,2034983
case_073,0,PIPE_V,461,RELU,457997,458109,2034983
case_073,0,PIPE_M,1083,CONV,457997,462653,2034983
case_073,0,PIPE_MTE3,1000006162,COPY_OUT,458109,458127,2034983
case_073,0,PIPE_V,1084,RELU,462653,462765,2034983
case_073,0,PIPE_M,1085,CONV,462765,467421,2034983
case_073,0,PIPE_V,1086,RELU,467421,467533,2034983
case_073,0,PIPE_M,1708,CONV,467421,472077,2034983
case_073,0,PIPE_MTE3,1000006989,COPY_OUT,467533,467551,2034983
case_073,0,PIPE_V,1709,RELU,472077,472189,2034983
case_073,0,PIPE_M,1710,CONV,472189,476845,2034983
case_073,0,PIPE_V,1711,RELU,476845,476957,2034983
case_073,0,PIPE_M,2333,CONV,476845,481501,2034983
case_073,0,PIPE_MTE3,1000007819,COPY_OUT,476957,476975,2034983
case_073,0,PIPE_V,2334,RELU,481501,481613,2034983
case_073,0,PIPE_M,2335,CONV,481613,486269,2034983
case_073,0,PIPE_V,2336,RELU,486269,486381,2034983
case_073,0,PIPE_M,2958,CONV,486269,490925,2034983
case_073,0,PIPE_MTE3,1000008664,COPY_OUT,486381,486399,2034983
case_073,0,PIPE_V,2959,RELU,490925,491037,2034983
case_073,0,PIPE_M,2960,CONV,491037,495693,2034983
case_073,0,PIPE_V,2961,RELU,495693,495805,2034983
case_073,0,PIPE_M,3583,CONV,495693,500349,2034983
case_073,0,PIPE_MTE3,1000009512,COPY_OUT,495805,495823,2034983
case_073,0,PIPE_V,3584,RELU,500349,500461,2034983
case_073,0,PIPE_M,3585,CONV,500461,505117,2034983
case_073,0,PIPE_V,3586,RELU,505117,505229,2034983
case_073,0,PIPE_M,4208,CONV,505117,509773,2034983
case_073,0,PIPE_MTE3,1000010345,COPY_OUT,505229,505247,2034983
case_073,0,PIPE_V,4209,RELU,509773,509885,2034983
case_073,0,PIPE_M,4210,CONV,509885,514541,2034983
case_073,0,PIPE_V,4211,RELU,514541,514653,2034983
case_073,0,PIPE_M,4833,CONV,514541,519197,2034983
case_073,0,PIPE_MTE3,1000011184,COPY_OUT,514653,514671,2034983
case_073,0,PIPE_V,4834,RELU,519197,519309,2034983
case_073,0,PIPE_M,4835,CONV,519309,523965,2034983
case_073,0,PIPE_MTE2,1000006607,COPY_IN,521411,521429,2034983
case_073,0,PIPE_MTE2,1000005204,COPY_IN,521429,522379,2034983
case_073,0,PIPE_MTE2,1000007437,COPY_IN,522379,522415,2034983
case_073,0,PIPE_MTE2,1000008279,COPY_IN,522549,522567,2034983
case_073,0,PIPE_MTE2,1000009124,COPY_IN,523091,523109,2034983
case_073,0,PIPE_MTE2,1000009966,COPY_IN,523651,523675,2034983
case_073,0,PIPE_M,838,CONV,523965,526317,2034983
case_073,0,PIPE_V,4836,RELU,523965,524077,2034983
case_073,0,PIPE_V,4837,ADD,524077,524189,2034983
case_073,0,PIPE_MTE3,1000011741,COPY_OUT,524189,524254,2034983
case_073,0,PIPE_MTE2,1000010808,COPY_IN,524211,524283,2034983
case_073,0,PIPE_MTE3,1000011744,COPY_OUT,524254,524326,2034983
case_073,0,PIPE_MTE2,1000011545,COPY_IN,524283,524348,2034983
case_073,0,PIPE_MTE2,1000005214,COPY_IN,524348,530483,2034983
case_073,0,PIPE_V,839,RELU,526317,526397,2034983
case_073,0,PIPE_M,1463,CONV,526317,528669,2034983
case_073,0,PIPE_MTE3,1000006609,COPY_OUT,526397,526451,2034983
case_073,0,PIPE_MTE3,1000006612,COPY_OUT,526451,526505,2034983
case_073,0,PIPE_V,1464,RELU,528669,528749,2034983
case_073,0,PIPE_M,2088,CONV,528669,531021,2034983
case_073,0,PIPE_MTE3,1000007439,COPY_OUT,528749,528803,2034983
case_073,0,PIPE_MTE3,1000007442,COPY_OUT,528803,528857,2034983
case_073,0,PIPE_MTE2,1000005224,COPY_IN,530483,536827,2034983
case_073,0,PIPE_V,2089,RELU,531021,531101,2034983
case_073,0,PIPE_M,2713,CONV,531021,533373,2034983
case_073,0,PIPE_MTE3,1000008281,COPY_OUT,531101,531155,2034983
case_073,0,PIPE_MTE3,1000008284,COPY_OUT,531155,531209,2034983
case_073,0,PIPE_V,2714,RELU,533373,533453,2034983
case_073,0,PIPE_M,3338,CONV,533373,535725,2034983
case_073,0,PIPE_MTE3,1000009126,COPY_OUT,533453,533507,2034983
case_073,0,PIPE_MTE3,1000009129,COPY_OUT,533507,533561,2034983
case_073,0,PIPE_V,3339,RELU,535725,535805,2034983
case_073,0,PIPE_M,3963,CONV,535725,538077,2034983
case_073,0,PIPE_MTE3,1000009968,COPY_OUT,535805,535859,2034983
case_073,0,PIPE_MTE3,1000009971,COPY_OUT,535859,535913,2034983
case_073,0,PIPE_MTE2,1000005973,COPY_IN,536827,536869,2034983
case_073,0,PIPE_MTE2,1000006809,COPY_IN,536869,536903,2034983
case_073,0,PIPE_MTE2,1000007636,COPY_IN,536903,536930,2034983
case_073,0,PIPE_MTE2,1000008481,COPY_IN,536930,536957,2034983
case_073,0,PIPE_MTE2,1000009326,COPY_IN,536957,536984,2034983
case_073,0,PIPE_MTE2,1000010162,COPY_IN,537311,537320,2034983
case_073,0,PIPE_V,3964,RELU,538077,538157,2034983
case_073,0,PIPE_M,4588,CONV,538077,540429,2034983
case_073,0,PIPE_MTE3,1000010810,COPY_OUT,538157,538166,2034983
case_073,0,PIPE_MTE3,1000010813,COPY_OUT,538166,538175,2034983
case_073,0,PIPE_MTE2,1000011004,COPY_IN,539626,539635,2034983
case_073,0,PIPE_M,340,CONV,540429,545085,2034983
case_073,0,PIPE_V,4589,RELU,540429,540509,2034983
case_073,0,PIPE_MTE3,1000011547,COPY_OUT,540509,540527,2034983
case_073,0,PIPE_MTE2,1000011648,COPY_IN,541996,542023,2034983
case_073,0,PIPE_MTE2,1000005234,COPY_IN,542023,546695,2034983
case_073,0,PIPE_V,341,RELU,545085,545165,2034983
case_073,0,PIPE_M,342,CONV,545165,549821,2034983
case_073,0,PIPE_MTE2,1000005244,COPY_IN,546695,550113,2034983
case_073,0,PIPE_V,343,RELU,549821,549901,2034983
case_073,0,PIPE_M,965,CONV,549821,554477,2034983
case_073,0,PIPE_MTE3,1000005978,COPY_OUT,549901,549928,2034983
case_073,0,PIPE_V,966,RELU,554477,554557,2034983
case_073,0,PIPE_M,967,CONV,554557,559213,2034983
case_073,0,PIPE_V,968,RELU,559213,559293,2034983
case_073,0,PIPE_M,1590,CONV,559213,563869,2034983
case_073,0,PIPE_MTE3,1000006814,COPY_OUT,559293,559302,2034983
case_073,0,PIPE_V,1591,RELU,563869,563949,2034983
case_073,0,PIPE_M,1592,CONV,563949,568605,2034983
case_073,0,PIPE_V,1593,RELU,568605,568685,2034983
case_073,0,PIPE_M,2215,CONV,568605,573261,2034983
case_073,0,PIPE_MTE3,1000007641,COPY_OUT,568685,568694,2034983
case_073,0,PIPE_V,2216,RELU,573261,573341,2034983
case_073,0,PIPE_M,2217,CONV,573341,577997,2034983
case_073,0,PIPE_V,2218,RELU,577997,578077,2034983
case_073,0,PIPE_M,2840,CONV,577997,582653,2034983
case_073,0,PIPE_MTE3,1000008486,COPY_OUT,578077,578086,2034983
case_073,0,PIPE_V,2841,RELU,582653,582733,2034983
case_073,0,PIPE_M,2842,CONV,582733,587389,2034983
case_073,0,PIPE_V,2843,RELU,587389,587469,2034983
case_073,0,PIPE_M,3465,CONV,587389,592045,2034983
case_073,0,PIPE_MTE3,1000009331,COPY_OUT,587469,587478,2034983
case_073,0,PIPE_V,3466,RELU,592045,592125,2034983
case_073,0,PIPE_M,3467,CONV,592125,596781,2034983
case_073,0,PIPE_V,3468,RELU,596781,596861,2034983
case_073,0,PIPE_M,4090,CONV,596781,601437,2034983
case_073,0,PIPE_MTE3,1000010167,COPY_OUT,596861,596870,2034983
case_073,0,PIPE_V,4091,RELU,601437,601517,2034983
case_073,0,PIPE_M,4092,CONV,601517,606173,2034983
case_073,0,PIPE_V,4093,RELU,606173,606253,2034983
case_073,0,PIPE_M,4715,CONV,606173,610829,2034983
case_073,0,PIPE_MTE3,1000011009,COPY_OUT,606253,606262,2034983
case_073,0,PIPE_MTE2,1000006178,COPY_IN,608837,608855,2034983
case_073,0,PIPE_MTE2,1000007005,COPY_IN,609237,609255,2034983
case_073,0,PIPE_MTE2,1000007835,COPY_IN,609637,609655,2034983
case_073,0,PIPE_MTE2,1000008680,COPY_IN,610037,610055,2034983
case_073,0,PIPE_MTE2,1000009528,COPY_IN,610437,610455,2034983
case_073,0,PIPE_V,4716,RELU,610829,610909,2034983
case_073,0,PIPE_MTE2,1000010361,COPY_IN,610837,610855,2034983
case_073,0,PIPE_M,4717,CONV,610909,615565,2034983
case_073,0,PIPE_MTE2,1000011200,COPY_IN,611237,611246,2034983
case_073,0,PIPE_M,470,CONV,615565,620221,2034983
case_073,0,PIPE_V,4718,RELU,615565,615645,2034983
case_073,0,PIPE_V,4719,ADD,615645,615725,2034983
case_073,0,PIPE_MTE3,1000011650,COPY_OUT,615725,615752,2034983
case_073,0,PIPE_MTE2,1000011751,COPY_IN,617212,617239,2034983
case_073,0,PIPE_MTE2,1000005254,COPY_IN,617239,623453,2034983
case_073,0,PIPE_V,471,RELU,620221,620301,2034983
case_073,0,PIPE_M,472,CONV,620301,624957,2034983
case_073,0,PIPE_V,473,RELU,624957,625037,2034983
case_073,0,PIPE_M,1095,CONV,624957,629613,2034983
case_073,0,PIPE_MTE3,1000006183,COPY_OUT,625037,625046,2034983
case_073,0,PIPE_V,1096,RELU,629613,629693,2034983
case_073,0,PIPE_M,1097,CONV,629693,634349,2034983
case_073,0,PIPE_V,1098,RELU,634349,634429,2034983
case_073,0,PIPE_M,1720,CONV,634349,639005,2034983
case_073,0,PIPE_MTE3,1000007010,COPY_OUT,634429,634438,2034983
case_073,0,PIPE_V,1721,RELU,639005,639085,2034983
case_073,0,PIPE_M,1722,CONV,639085,643741,2034983
case_073,0,PIPE_V,1723,RELU,643741,643821,2034983
case_073,0,PIPE_M,2345,CONV,643741,648397,2034983
case_073,0,PIPE_MTE3,1000007840,COPY_OUT,643821,643830,2034983
case_073,0,PIPE_V,2346,RELU,648397,648477,2034983
case_073,0,PIPE_M,2347,CONV,648477,653133,2034983
case_073,0,PIPE_V,2348,RELU,653133,653213,2034983
case_073,0,PIPE_M,2970,CONV,653133,657789,2034983
case_073,0,PIPE_MTE3,1000008685,COPY_OUT,653213,653222,2034983
case_073,0,PIPE_V,2971,RELU,657789,657869,2034983
case_073,0,PIPE_M,2972,CONV,657869,662525,2034983
case_073,0,PIPE_V,2973,RELU,662525,662605,2034983
case_073,0,PIPE_M,3595,CONV,662525,667181,2034983
case_073,0,PIPE_MTE3,1000009533,COPY_OUT,662605,662614,2034983
case_073,0,PIPE_V,3596,RELU,667181,667261,2034983
case_073,0,PIPE_M,3597,CONV,667261,671917,2034983
case_073,0,PIPE_V,3598,RELU,671917,671997,2034983
case_073,0,PIPE_M,4220,CONV,671917,676573,2034983
case_073,0,PIPE_MTE3,1000010366,COPY_OUT,671997,672006,2034983
case_073,0,PIPE_V,4221,RELU,676573,676653,2034983
case_073,0,PIPE_M,4222,CONV,676653,681309,2034983
case_073,0,PIPE_V,4223,RELU,681309,681389,2034983
case_073,0,PIPE_M,4845,CONV,681309,685965,2034983
case_073,0,PIPE_MTE3,1000011205,COPY_OUT,681389,681398,2034983
case_073,0,PIPE_MTE2,1000007014,COPY_IN,683587,683605,2034983
case_073,0,PIPE_MTE2,1000007844,COPY_IN,683987,684005,2034983
case_073,0,PIPE_MTE2,1000008689,COPY_IN,684387,684405,2034983
case_073,0,PIPE_MTE2,1000009537,COPY_IN,684787,684805,2034983
case_073,0,PIPE_MTE2,1000010370,COPY_IN,685187,685205,2034983
case_073,0,PIPE_MTE2,1000011209,COPY_IN,685587,685614,2034983
case_073,0,PIPE_V,4846,RELU,685965,686045,2034983
case_073,0,PIPE_M,4847,CONV,686045,690701,2034983
case_073,0,PIPE_MTE2,1000005623,COPY_IN,687902,687917,2034983
case_073,0,PIPE_M,1100,CONV,690701,693053,2034983
case_073,0,PIPE_V,4848,RELU,690701,690781,2034983
case_073,0,PIPE_V,4849,ADD,690781,690861,2034983
case_073,0,PIPE_MTE3,1000011753,COPY_OUT,690861,690906,2034983
case_073,0,PIPE_V,1101,RELU,693053,693117,2034983
case_073,0,PIPE_M,1725,CONV,693053,695405,2034983
case_073,0,PIPE_MTE3,1000007019,COPY_OUT,693117,693142,2034983
case_073,0,PIPE_V,1726,RELU,695405,695469,2034983
case_073,0,PIPE_M,2350,CONV,695405,697757,2034983
case_073,0,PIPE_MTE3,1000007849,COPY_OUT,695469,695494,2034983
case_073,0,PIPE_V,2351,RELU,697757,697821,2034983
case_073,0,PIPE_M,2975,CONV,697757,700109,2034983
case_073,0,PIPE_MTE3,1000008694,COPY_OUT,697821,697846,2034983
case_073,0,PIPE_V,2976,RELU,700109,700173,2034983
case_073,0,PIPE_M,3600,CONV,700109,702461,2034983
case_073,0,PIPE_MTE3,1000009542,COPY_OUT,700173,700198,2034983
case_073,0,PIPE_V,3601,RELU,702461,702525,2034983
case_073,0,PIPE_M,4225,CONV,702461,704813,2034983
case_073,0,PIPE_MTE3,1000010372,COPY_OUT,702525,702540,2034983
case_073,0,PIPE_V,4226,RELU,704813,704877,2034983
case_073,0,PIPE_M,4850,CONV,704813,707165,2034983
case_073,0,PIPE_MTE3,1000011211,COPY_OUT,704877,704887,2034983
case_073,0,PIPE_V,4851,RELU,707165,707229,2034983
case_073,0,PIPE_MTE3,1000011756,COPY_OUT,707229,707234,2034983
case_073,0,PIPE_MTE2,1000005626,COPY_IN,720941,720951,2034983
case_073,0,PIPE_V,106,ADD,720951,721015,2034983
case_073,0,PIPE_MTE2,1000005264,COPY_IN,720951,730214,2034983
case_073,0,PIPE_MTE3,1000005628,COPY_OUT,721015,721030,2034983
case_073,0,PIPE_MTE2,1000006347,COPY_IN,730214,730219,2034983
case_073,0,PIPE_M,602,CONV,730219,734875,2034983
case_073,0,PIPE_MTE2,1000007162,COPY_IN,730219,730224,2034983
case_073,0,PIPE_MTE2,1000007989,COPY_IN,730224,730229,2034983
case_073,0,PIPE_MTE2,1000008837,COPY_IN,730229,730234,2034983
case_073,0,PIPE_MTE2,1000009682,COPY_IN,730234,730239,2034983
case_073,0,PIPE_MTE2,1000010515,COPY_IN,730239,730244,2034983
case_073,0,PIPE_MTE2,1000011345,COPY_IN,730244,730249,2034983
case_073,0,PIPE_V,603,RELU,734875,734939,2034983
case_073,0,PIPE_M,1227,CONV,734875,739531,2034983
case_073,0,PIPE_V,1228,RELU,739531,739595,2034983
case_073,0,PIPE_M,1852,CONV,739531,744187,2034983
case_073,0,PIPE_V,1853,RELU,744187,744251,2034983
case_073,0,PIPE_M,2477,CONV,744187,748843,2034983
case_073,0,PIPE_V,2478,RELU,748843,748907,2034983
case_073,0,PIPE_M,3102,CONV,748843,753499,2034983
case_073,0,PIPE_V,3103,RELU,753499,753563,2034983
case_073,0,PIPE_M,3727,CONV,753499,758155,2034983
case_073,0,PIPE_V,3728,RELU,758155,758219,2034983
case_073,0,PIPE_M,4352,CONV,758155,762811,2034983
case_073,0,PIPE_V,4353,RELU,762811,762875,2034983
case_073,0,PIPE_MTE2,1000005274,COPY_IN,762811,769461,2034983
case_073,0,PIPE_M,604,CONV,769461,774117,2034983
case_073,0,PIPE_MTE2,1000005801,COPY_IN,769461,769471,2034983
case_073,0,PIPE_MTE2,1000005804,COPY_IN,769471,769481,2034983
case_073,0,PIPE_MTE2,1000005994,COPY_IN,769481,769491,2034983
case_073,0,PIPE_MTE2,1000006000,COPY_IN,769491,769501,2034983
case_073,0,PIPE_MTE2,1000006190,COPY_IN,769501,769511,2034983
case_073,0,PIPE_MTE2,1000006196,COPY_IN,769511,769521,2034983
case_073,0,PIPE_MTE2,1000006474,COPY_IN,769521,769531,2034983
case_073,0,PIPE_MTE2,1000006480,COPY_IN,769531,769541,2034983
case_073,0,PIPE_MTE2,1000006634,COPY_IN,769541,769551,2034983
case_073,0,PIPE_MTE2,1000006640,COPY_IN,770194,770204,2034983
case_073,0,PIPE_MTE2,1000006833,COPY_IN,770204,770214,2034983
case_073,0,PIPE_MTE2,1000006839,COPY_IN,770214,770224,2034983
case_073,0,PIPE_MTE2,1000007023,COPY_IN,771217,771227,2034983
case_073,0,PIPE_MTE2,1000007286,COPY_IN,771227,771237,2034983
case_073,0,PIPE_V,605,RELU,774117,774181,2034983
case_073,0,PIPE_M,1229,CONV,774117,778773,2034983
case_073,0,PIPE_MTE2,1000007292,COPY_IN,777973,777983,2034983
case_073,0,PIPE_MTE2,1000007464,COPY_IN,777983,777993,2034983
case_073,0,PIPE_MTE2,1000007470,COPY_IN,777993,778003,2034983
case_073,0,PIPE_MTE2,1000007660,COPY_IN,778003,778013,2034983
case_073,0,PIPE_MTE2,1000007666,COPY_IN,778013,778023,2034983
case_073,0,PIPE_MTE2,1000007853,COPY_IN,778023,778033,2034983
case_073,0,PIPE_MTE2,1000008122,COPY_IN,778033,778043,2034983
case_073,0,PIPE_V,1230,RELU,778773,778837,2034983
case_073,0,PIPE_M,1854,CONV,778773,783429,2034983
case_073,0,PIPE_V,1855,RELU,783429,783493,2034983
case_073,0,PIPE_M,2479,CONV,783429,788085,2034983
case_073,0,PIPE_V,2480,RELU,788085,788149,2034983
case_073,0,PIPE_M,3104,CONV,788085,792741,2034983
case_073,0,PIPE_V,3105,RELU,792741,792805,2034983
case_073,0,PIPE_M,3729,CONV,792741,797397,2034983
case_073,0,PIPE_MTE2,1000008128,COPY_IN,797192,797207,2034983
case_073,0,PIPE_MTE2,1000008306,COPY_IN,797207,797222,2034983
case_073,0,PIPE_MTE2,1000008312,COPY_IN,797222,797237,2034983
case_073,0,PIPE_MTE2,1000008505,COPY_IN,797237,797252,2034983
case_073,0,PIPE_MTE2,1000008511,COPY_IN,797252,797267,2034983
case_073,0,PIPE_MTE2,1000008698,COPY_IN,797267,797282,2034983
case_073,0,PIPE_MTE2,1000008970,COPY_IN,797282,797297,2034983
case_073,0,PIPE_V,3730,RELU,797397,797461,2034983
case_073,0,PIPE_M,4354,CONV,797397,802053,2034983
case_073,0,PIPE_V,4355,RELU,802053,802117,2034983
case_073,0,PIPE_V,231,ADD,802117,802181,2034983
case_073,0,PIPE_V,356,ADD,802181,802245,2034983
case_073,0,PIPE_MTE3,1000005806,COPY_OUT,802181,802201,2034983
case_073,0,PIPE_MTE3,1000005809,COPY_OUT,802201,802221,2034983
case_073,0,PIPE_V,481,ADD,802245,802309,2034983
case_073,0,PIPE_MTE3,1000006002,COPY_OUT,802245,802265,2034983
case_073,0,PIPE_MTE3,1000006005,COPY_OUT,802265,802285,2034983
case_073,0,PIPE_V,606,ADD,802309,802373,2034983
case_073,0,PIPE_MTE3,1000006198,COPY_OUT,802309,802329,2034983
case_073,0,PIPE_MTE3,1000006201,COPY_OUT,802329,802349,2034983
case_073,0,PIPE_V,731,ADD,802373,802437,2034983
case_073,0,PIPE_MTE3,1000006349,COPY_OUT,802373,802393,2034983
case_073,0,PIPE_V,856,ADD,802437,802501,2034983
case_073,0,PIPE_MTE3,1000006482,COPY_OUT,802437,802457,2034983
case_073,0,PIPE_V,981,ADD,802501,802565,2034983
case_073,0,PIPE_MTE3,1000006642,COPY_OUT,802501,802521,2034983
case_073,0,PIPE_MTE3,1000006645,COPY_OUT,802521,802541,2034983
case_073,0,PIPE_V,1106,ADD,802565,802629,2034983
case_073,0,PIPE_MTE3,1000006841,COPY_OUT,802565,802585,2034983
case_073,0,PIPE_MTE3,1000006844,COPY_OUT,802585,802605,2034983
case_073,0,PIPE_V,1231,ADD,802629,802693,2034983
case_073,0,PIPE_MTE3,1000007025,COPY_OUT,802629,802649,2034983
case_073,0,PIPE_MTE3,1000007028,COPY_OUT,802649,802669,2034983
case_073,0,PIPE_V,1356,ADD,802693,802757,2034983
case_073,0,PIPE_MTE3,1000007164,COPY_OUT,802693,802713,2034983
case_073,0,PIPE_V,1481,ADD,802757,802821,2034983
case_073,0,PIPE_MTE3,1000007294,COPY_OUT,802757,802777,2034983
case_073,0,PIPE_V,1606,ADD,802821,802885,2034983
case_073,0,PIPE_MTE3,1000007472,COPY_OUT,802821,802841,2034983
case_073,0,PIPE_MTE3,1000007475,COPY_OUT,802841,802861,2034983
case_073,0,PIPE_V,1731,ADD,802885,802949,2034983
case_073,0,PIPE_MTE3,1000007668,COPY_OUT,802885,802905,2034983
case_073,0,PIPE_MTE3,1000007671,COPY_OUT,802905,802925,2034983
case_073,0,PIPE_V,1856,ADD,802949,803013,2034983
case_073,0,PIPE_MTE3,1000007855,COPY_OUT,802949,802969,2034983
case_073,0,PIPE_MTE3,1000007858,COPY_OUT,802969,802989,2034983
case_073,0,PIPE_V,1981,ADD,803013,803077,2034983
case_073,0,PIPE_MTE3,1000007991,COPY_OUT,803013,803033,2034983
case_073,0,PIPE_V,2106,ADD,803077,803141,2034983
case_073,0,PIPE_MTE3,1000008130,COPY_OUT,803077,803097,2034983
case_073,0,PIPE_V,2231,ADD,803141,803205,2034983
case_073,0,PIPE_MTE3,1000008314,COPY_OUT,803141,803161,2034983
case_073,0,PIPE_MTE3,1000008317,COPY_OUT,803161,803181,2034983
case_073,0,PIPE_V,2356,ADD,803205,803269,2034983
case_073,0,PIPE_MTE3,1000008513,COPY_OUT,803205,803225,2034983
case_073,0,PIPE_MTE3,1000008516,COPY_OUT,803225,803245,2034983
case_073,0,PIPE_V,2481,ADD,803269,803333,2034983
case_073,0,PIPE_MTE3,1000008700,COPY_OUT,803269,803289,2034983
case_073,0,PIPE_MTE3,1000008703,COPY_OUT,803289,803309,2034983
case_073,0,PIPE_MTE3,1000008839,COPY_OUT,803333,803353,2034983
case_073,0,PIPE_MTE2,1000008976,COPY_IN,823588,823598,2034983
case_073,0,PIPE_V,2606,ADD,823598,823662,2034983
case_073,0,PIPE_MTE2,1000009151,COPY_IN,823598,823608,2034983
case_073,0,PIPE_MTE2,1000009157,COPY_IN,823608,823618,2034983
case_073,0,PIPE_MTE2,1000009350,COPY_IN,823618,823628,2034983
case_073,0,PIPE_MTE2,1000009356,COPY_IN,823628,823638,2034983
case_073,0,PIPE_MTE2,1000009546,COPY_IN,823638,823648,2034983
case_073,0,PIPE_MTE2,1000009815,COPY_IN,823648,823658,2034983
case_073,0,PIPE_V,2731,ADD,823662,823726,2034983
case_073,0,PIPE_MTE3,1000008978,COPY_OUT,823662,823672,2034983
case_073,0,PIPE_V,2856,ADD,823726,823790,2034983
case_073,0,PIPE_MTE3,1000009159,COPY_OUT,823726,823736,2034983
case_073,0,PIPE_MTE3,1000009162,COPY_OUT,823736,823746,2034983
case_073,0,PIPE_V,2981,ADD,823790,823854,2034983
case_073,0,PIPE_MTE3,1000009358,COPY_OUT,823790,823800,2034983
case_073,0,PIPE_MTE3,1000009361,COPY_OUT,823800,823810,2034983
case_073,0,PIPE_V,3106,ADD,823854,823918,2034983
case_073,0,PIPE_MTE3,1000009548,COPY_OUT,823854,823864,2034983
case_073,0,PIPE_MTE3,1000009551,COPY_OUT,823864,823874,2034983
case_073,0,PIPE_MTE3,1000009684,COPY_OUT,823918,823928,2034983
case_073,0,PIPE_MTE2,1000009821,COPY_IN,842822,842832,2034983
case_073,0,PIPE_V,3231,ADD,842832,842896,2034983
case_073,0,PIPE_MTE2,1000009993,COPY_IN,842832,842842,2034983
case_073,0,PIPE_MTE2,1000009999,COPY_IN,842842,842852,2034983
case_073,0,PIPE_MTE2,1000010186,COPY_IN,842852,842862,2034983
case_073,0,PIPE_MTE2,1000010192,COPY_IN,842862,842872,2034983
case_073,0,PIPE_MTE2,1000010376,COPY_IN,842872,842882,2034983
case_073,0,PIPE_MTE2,1000010654,COPY_IN,842882,842892,2034983
case_073,0,PIPE_V,3356,ADD,842896,842960,2034983
case_073,0,PIPE_MTE3,1000009823,COPY_OUT,842896,842906,2034983
case_073,0,PIPE_V,3481,ADD,842960,843024,2034983
case_073,0,PIPE_MTE3,1000010001,COPY_OUT,842960,842970,2034983
case_073,0,PIPE_MTE3,1000010004,COPY_OUT,842970,842980,2034983
case_073,0,PIPE_V,3606,ADD,843024,843088,2034983
case_073,0,PIPE_MTE3,1000010194,COPY_OUT,843024,843034,2034983
case_073,0,PIPE_MTE3,1000010197,COPY_OUT,843034,843044,2034983
case_073,0,PIPE_V,3731,ADD,843088,843152,2034983
case_073,0,PIPE_MTE3,1000010378,COPY_OUT,843088,843098,2034983
case_073,0,PIPE_MTE3,1000010381,COPY_OUT,843098,843108,2034983
case_073,0,PIPE_MTE3,1000010517,COPY_OUT,843152,843162,2034983
case_073,0,PIPE_MTE2,1000010660,COPY_IN,862056,862066,2034983
case_073,0,PIPE_V,3856,ADD,862066,862130,2034983
case_073,0,PIPE_MTE2,1000010835,COPY_IN,862066,862076,2034983
case_073,0,PIPE_MTE2,1000010841,COPY_IN,862076,862086,2034983
case_073,0,PIPE_MTE2,1000011028,COPY_IN,862086,862096,2034983
case_073,0,PIPE_MTE2,1000011034,COPY_IN,862096,862106,2034983
case_073,0,PIPE_MTE2,1000011215,COPY_IN,862106,862116,2034983
case_073,0,PIPE_MTE2,1000005284,COPY_IN,862116,871409,2034983
case_073,0,PIPE_V,3981,ADD,862130,862194,2034983
case_073,0,PIPE_MTE3,1000010662,COPY_OUT,862130,862145,2034983
case_073,0,PIPE_V,4106,ADD,862194,862258,2034983
case_073,0,PIPE_MTE3,1000010843,COPY_OUT,862194,862209,2034983
case_073,0,PIPE_MTE3,1000010846,COPY_OUT,862209,862224,2034983
case_073,0,PIPE_V,4231,ADD,862258,862322,2034983
case_073,0,PIPE_MTE3,1000011036,COPY_OUT,862258,862273,2034983
case_073,0,PIPE_MTE3,1000011039,COPY_OUT,862273,862288,2034983
case_073,0,PIPE_V,4356,ADD,862322,862386,2034983
case_073,0,PIPE_MTE3,1000011217,COPY_OUT,862322,862337,2034983
case_073,0,PIPE_MTE3,1000011220,COPY_OUT,862337,862352,2034983
case_073,0,PIPE_MTE3,1000011347,COPY_OUT,862386,862401,2034983
case_073,0,PIPE_M,107,CONV,871409,876065,2034983
case_073,0,PIPE_V,108,RELU,876065,876129,2034983
case_073,0,PIPE_M,732,CONV,876065,880721,2034983
case_073,0,PIPE_V,733,RELU,880721,880785,2034983
case_073,0,PIPE_M,1357,CONV,880721,885377,2034983
case_073,0,PIPE_V,1358,RELU,885377,885441,2034983
case_073,0,PIPE_M,1982,CONV,885377,890033,2034983
case_073,0,PIPE_V,1983,RELU,890033,890097,2034983
case_073,0,PIPE_M,2607,CONV,890033,894689,2034983
case_073,0,PIPE_MTE2,1000011457,COPY_IN,892157,892167,2034983
case_073,0,PIPE_V,2608,RELU,894689,894753,2034983
case_073,0,PIPE_M,3232,CONV,894689,899345,2034983
case_073,0,PIPE_V,3233,RELU,899345,899409,2034983
case_073,0,PIPE_M,3857,CONV,899345,904001,2034983
case_073,0,PIPE_V,3858,RELU,904001,904065,2034983
case_073,0,PIPE_M,4482,CONV,904001,908657,2034983
case_073,0,PIPE_V,4483,RELU,908657,908721,2034983
case_073,0,PIPE_MTE2,1000005294,COPY_IN,908657,913583,2034983
case_073,0,PIPE_M,109,CONV,913583,918239,2034983
case_073,0,PIPE_V,110,RELU,918239,918303,2034983
case_073,0,PIPE_M,734,CONV,918239,922895,2034983
case_073,0,PIPE_MTE3,1000005631,COPY_OUT,918303,918308,2034983
case_073,0,PIPE_V,735,RELU,922895,922959,2034983
case_073,0,PIPE_M,1359,CONV,922895,927551,2034983
case_073,0,PIPE_MTE3,1000006485,COPY_OUT,922959,922979,2034983
case_073,0,PIPE_V,1360,RELU,927551,927615,2034983
case_073,0,PIPE_M,1984,CONV,927551,932207,2034983
case_073,0,PIPE_MTE3,1000007297,COPY_OUT,927615,927630,2034983
case_073,0,PIPE_V,1985,RELU,932207,932271,2034983
case_073,0,PIPE_M,2609,CONV,932207,936863,2034983
case_073,0,PIPE_MTE3,1000008133,COPY_OUT,932271,932286,2034983
case_073,0,PIPE_V,2610,RELU,936863,936927,2034983
case_073,0,PIPE_M,3234,CONV,936863,941519,2034983
case_073,0,PIPE_MTE3,1000008981,COPY_OUT,936927,936937,2034983
case_073,0,PIPE_V,3235,RELU,941519,941583,2034983
case_073,0,PIPE_M,3859,CONV,941519,946175,2034983
case_073,0,PIPE_MTE3,1000009826,COPY_OUT,941583,941588,2034983
case_073,0,PIPE_V,3860,RELU,946175,946239,2034983
case_073,0,PIPE_M,4484,CONV,946175,950831,2034983
case_073,0,PIPE_MTE3,1000010665,COPY_OUT,946239,946244,2034983
case_073,0,PIPE_V,4485,RELU,950831,950895,2034983
case_073,0,PIPE_MTE2,1000005304,COPY_IN,950831,955757,2034983
case_073,0,PIPE_V,4486,ADD,950895,950959,2034983
case_073,0,PIPE_MTE3,1000011459,COPY_OUT,950959,950969,2034983
case_073,0,PIPE_MTE2,1000005816,COPY_IN,997202,997216,2034983
case_073,0,PIPE_M,237,CONV,997216,1001872,2034983
case_073,0,PIPE_MTE2,1000006652,COPY_IN,997522,997536,2034983
case_073,0,PIPE_MTE2,1000007482,COPY_IN,997843,997858,2034983
case_073,0,PIPE_MTE2,1000008324,COPY_IN,998163,998178,2034983
case_073,0,PIPE_MTE2,1000009169,COPY_IN,998483,998498,2034983
case_073,0,PIPE_MTE2,1000010011,COPY_IN,998803,998818,2034983
case_073,0,PIPE_MTE2,1000010853,COPY_IN,999123,999133,2034983
case_073,0,PIPE_MTE2,1000011563,COPY_IN,999133,999143,2034983
case_073,0,PIPE_V,238,RELU,1001872,1001936,2034983
case_073,0,PIPE_M,862,CONV,1001872,1006528,2034983
case_073,0,PIPE_V,863,RELU,1006528,1006592,2034983
case_073,0,PIPE_M,1487,CONV,1006528,1011184,2034983
case_073,0,PIPE_V,1488,RELU,1011184,1011248,2034983
case_073,0,PIPE_M,2112,CONV,1011184,1015840,2034983
case_073,0,PIPE_V,2113,RELU,1015840,1015904,2034983
case_073,0,PIPE_M,2737,CONV,1015840,1020496,2034983
case_073,0,PIPE_V,2738,RELU,1020496,1020560,2034983
case_073,0,PIPE_M,3362,CONV,1020496,1025152,2034983
case_073,0,PIPE_V,3363,RELU,1025152,1025216,2034983
case_073,0,PIPE_M,3987,CONV,1025152,1029808,2034983
case_073,0,PIPE_V,3988,RELU,1029808,1029872,2034983
case_073,0,PIPE_M,4612,CONV,1029808,1034464,2034983
case_073,0,PIPE_V,4613,RELU,1034464,1034528,2034983
case_073,0,PIPE_MTE2,1000005314,COPY_IN,1034464,1057255,2034983
case_073,0,PIPE_M,239,CONV,1057255,1061911,2034983
case_073,0,PIPE_V,240,RELU,1061911,1061975,2034983
case_073,0,PIPE_M,864,CONV,1061911,1066567,2034983
case_073,0,PIPE_MTE3,1000005821,COPY_OUT,1061975,1061980,2034983
case_073,0,PIPE_V,865,RELU,1066567,1066631,2034983
case_073,0,PIPE_M,1489,CONV,1066567,1071223,2034983
case_073,0,PIPE_MTE3,1000006657,COPY_OUT,1066631,1066646,2034983
case_073,0,PIPE_V,1490,RELU,1071223,1071287,2034983
case_073,0,PIPE_M,2114,CONV,1071223,1075879,2034983
case_073,0,PIPE_MTE3,1000007487,COPY_OUT,1071287,1071297,2034983
case_073,0,PIPE_V,2115,RELU,1075879,1075943,2034983
case_073,0,PIPE_M,2739,CONV,1075879,1080535,2034983
case_073,0,PIPE_MTE3,1000008329,COPY_OUT,1075943,1075953,2034983
case_073,0,PIPE_V,2740,RELU,1080535,1080599,2034983
case_073,0,PIPE_M,3364,CONV,1080535,1085191,2034983
case_073,0,PIPE_MTE3,1000009174,COPY_OUT,1080599,1080614,2034983
case_073,0,PIPE_V,3365,RELU,1085191,1085255,2034983
case_073,0,PIPE_M,3989,CONV,1085191,1089847,2034983
case_073,0,PIPE_MTE3,1000010016,COPY_OUT,1085255,1085260,2034983
case_073,0,PIPE_V,3990,RELU,1089847,1089911,2034983
case_073,0,PIPE_M,4614,CONV,1089847,1094503,2034983
case_073,0,PIPE_MTE3,1000010858,COPY_OUT,1089911,1089926,2034983
case_073,0,PIPE_V,4615,RELU,1094503,1094567,2034983
case_073,0,PIPE_MTE2,1000005324,COPY_IN,1094503,1117058,2034983
case_073,0,PIPE_V,4616,ADD,1094567,1094631,2034983
case_073,0,PIPE_MTE3,1000011565,COPY_OUT,1094631,1094651,2034983
case_073,0,PIPE_MTE2,1000006021,COPY_IN,1177032,1177042,2034983
case_073,0,PIPE_M,367,CONV,1177042,1181698,2034983
case_073,0,PIPE_MTE2,1000006860,COPY_IN,1177352,1177362,2034983
case_073,0,PIPE_MTE2,1000007687,COPY_IN,1177676,1177686,2034983
case_073,0,PIPE_MTE2,1000008532,COPY_IN,1177992,1178002,2034983
case_073,0,PIPE_MTE2,1000009377,COPY_IN,1178312,1178322,2034983
case_073,0,PIPE_MTE2,1000010213,COPY_IN,1178632,1178642,2034983
case_073,0,PIPE_V,368,RELU,1181698,1181762,2034983
case_073,0,PIPE_M,992,CONV,1181698,1186354,2034983
case_073,0,PIPE_MTE2,1000011055,COPY_IN,1185667,1185687,2034983
case_073,0,PIPE_MTE2,1000011666,COPY_IN,1185687,1185707,2034983
case_073,0,PIPE_V,993,RELU,1186354,1186418,2034983
case_073,0,PIPE_M,1617,CONV,1186354,1191010,2034983
case_073,0,PIPE_V,1618,RELU,1191010,1191074,2034983
case_073,0,PIPE_M,2242,CONV,1191010,1195666,2034983
case_073,0,PIPE_V,2243,RELU,1195666,1195730,2034983
case_073,0,PIPE_M,2867,CONV,1195666,1200322,2034983
case_073,0,PIPE_V,2868,RELU,1200322,1200386,2034983
case_073,0,PIPE_M,3492,CONV,1200322,1204978,2034983
case_073,0,PIPE_V,3493,RELU,1204978,1205042,2034983
case_073,0,PIPE_M,4117,CONV,1204978,1209634,2034983
case_073,0,PIPE_V,4118,RELU,1209634,1209698,2034983
case_073,0,PIPE_M,4742,CONV,1209634,1214290,2034983
case_073,0,PIPE_V,4743,RELU,1214290,1214354,2034983
case_073,0,PIPE_MTE2,1000005334,COPY_IN,1214290,1230445,2034983
case_073,0,PIPE_M,369,CONV,1230445,1235101,2034983
case_073,0,PIPE_V,370,RELU,1235101,1235165,2034983
case_073,0,PIPE_M,994,CONV,1235101,1239757,2034983
case_073,0,PIPE_MTE3,1000006026,COPY_OUT,1235165,1235175,2034983
case_073,0,PIPE_V,995,RELU,1239757,1239821,2034983
case_073,0,PIPE_M,1619,CONV,1239757,1244413,2034983
case_073,0,PIPE_V,1620,RELU,1244413,1244477,2034983
case_073,0,PIPE_M,2244,CONV,1244413,1249069,2034983
case_073,0,PIPE_V,2245,RELU,1249069,1249133,2034983
case_073,0,PIPE_M,2869,CONV,1249069,1253725,2034983
case_073,0,PIPE_V,2870,RELU,1253725,1253789,2034983
case_073,0,PIPE_M,3494,CONV,1253725,1258381,2034983
case_073,0,PIPE_V,3495,RELU,1258381,1258445,2034983
case_073,0,PIPE_M,4119,CONV,1258381,1263037,2034983
case_073,0,PIPE_V,4120,RELU,1263037,1263101,2034983
case_073,0,PIPE_M,4744,CONV,1263037,1267693,2034983
case_073,0,PIPE_V,4745,RELU,1267693,1267757,2034983
case_073,0,PIPE_MTE2,1000005344,COPY_IN,1267693,1281568,2034983
case_073,0,PIPE_MTE2,1000005354,COPY_IN,1281568,1285940,2034983
case_073,0,PIPE_MTE2,1000006217,COPY_IN,1285940,1285960,2034983
case_073,0,PIPE_MTE2,1000006223,COPY_IN,1285960,1285980,2034983
case_073,0,PIPE_V,496,ADD,1285980,1286044,2034983
case_073,0,PIPE_M,497,CONV,1286044,1290700,2034983
case_073,0,PIPE_V,498,RELU,1290700,1290764,2034983
case_073,0,PIPE_M,499,CONV,1290764,1291836,2034983
case_073,0,PIPE_V,996,ADD,1290764,1290828,2034983
case_073,0,PIPE_M,997,CONV,1291836,1296492,2034983
case_073,0,PIPE_MTE3,1000006225,COPY_OUT,1291836,1291845,2034983
case_073,0,PIPE_V,998,RELU,1296492,1296556,2034983
case_073,0,PIPE_M,999,CONV,1296556,1297628,2034983
case_073,0,PIPE_V,1621,ADD,1296556,1296620,2034983
case_073,0,PIPE_M,1622,CONV,1297628,1302284,2034983
case_073,0,PIPE_MTE3,1000006862,COPY_OUT,1297628,1297637,2034983
case_073,0,PIPE_V,1623,RELU,1302284,1302348,2034983
case_073,0,PIPE_M,1624,CONV,1302348,1303420,2034983
case_073,0,PIPE_V,2246,ADD,1302348,1302412,2034983
case_073,0,PIPE_M,2247,CONV,1303420,1308076,2034983
case_073,0,PIPE_MTE3,1000007689,COPY_OUT,1303420,1303438,2034983
case_073,0,PIPE_V,2248,RELU,1308076,1308140,2034983
case_073,0,PIPE_M,2249,CONV,1308140,1309212,2034983
case_073,0,PIPE_V,2871,ADD,1308140,1308204,2034983
case_073,0,PIPE_M,2872,CONV,1309212,1313868,2034983
case_073,0,PIPE_MTE3,1000008534,COPY_OUT,1309212,1309230,2034983
case_073,0,PIPE_MTE2,1000010400,COPY_IN,1311196,1311214,2034983
case_073,0,PIPE_V,2873,RELU,1313868,1313932,2034983
case_073,0,PIPE_M,2874,CONV,1313932,1315004,2034983
case_073,0,PIPE_V,3496,ADD,1313932,1313996,2034983
case_073,0,PIPE_M,3497,CONV,1315004,1319660,2034983
case_073,0,PIPE_MTE3,1000009379,COPY_OUT,1315004,1315031,2034983
case_073,0,PIPE_MTE2,1000011239,COPY_IN,1317006,1317042,2034983
case_073,0,PIPE_MTE2,1000011654,COPY_IN,1317042,1317078,2034983
case_073,0,PIPE_MTE2,1000005364,COPY_IN,1317078,1321043,2034983
case_073,0,PIPE_V,3498,RELU,1319660,1319724,2034983
case_073,0,PIPE_M,3499,CONV,1319724,1320796,2034983
case_073,0,PIPE_V,4121,ADD,1319724,1319788,2034983
case_073,0,PIPE_M,4122,CONV,1320796,1325452,2034983
case_073,0,PIPE_MTE3,1000010215,COPY_OUT,1320796,1320832,2034983
case_073,0,PIPE_V,4123,RELU,1325452,1325516,2034983
case_073,0,PIPE_M,4124,CONV,1325516,1326588,2034983
case_073,0,PIPE_V,4746,ADD,1325516,1325580,2034983
case_073,0,PIPE_M,4747,CONV,1326588,1331244,2034983
case_073,0,PIPE_MTE3,1000011057,COPY_OUT,1326588,1326597,2034983
case_073,0,PIPE_V,4748,RELU,1331244,1331308,2034983
case_073,0,PIPE_MTE2,1000005374,COPY_IN,1331244,1334770,2034983
case_073,0,PIPE_V,3625,ADD,1331308,1331388,2034983
case_073,0,PIPE_M,4749,CONV,1331308,1332380,2034983
case_073,0,PIPE_V,3626,RELU,1331388,1331468,2034983
case_073,0,PIPE_V,4250,ADD,1331468,1331548,2034983
case_073,0,PIPE_MTE3,1000010402,COPY_OUT,1331468,1331504,2034983
case_073,0,PIPE_V,4251,RELU,1331548,1331628,2034983
case_073,0,PIPE_MTE3,1000011241,COPY_OUT,1331628,1331664,2034983
case_073,0,PIPE_V,4750,ADD,1332380,1332460,2034983
case_073,0,PIPE_V,4751,RELU,1332460,1332540,2034983
case_073,0,PIPE_MTE3,1000011668,COPY_OUT,1332540,1332576,2034983
case_073,0,PIPE_MTE2,1000006229,COPY_IN,1401119,1401149,2034983
case_073,0,PIPE_M,502,CONV,1401149,1405805,2034983
case_073,0,PIPE_MTE2,1000007050,COPY_IN,1401379,1401420,2034983
case_073,0,PIPE_MTE2,1000007880,COPY_IN,1402188,1402218,2034983
case_073,0,PIPE_MTE2,1000008725,COPY_IN,1402988,1403018,2034983
case_073,0,PIPE_MTE2,1000009573,COPY_IN,1403018,1403045,2034983
case_073,0,PIPE_MTE2,1000011769,COPY_IN,1403045,1403072,2034983
case_073,0,PIPE_MTE2,1000005384,COPY_IN,1403072,1407718,2034983
case_073,0,PIPE_V,503,RELU,1405805,1405885,2034983
case_073,0,PIPE_M,504,CONV,1405885,1410541,2034983
case_073,0,PIPE_V,505,RELU,1410541,1410621,2034983
case_073,0,PIPE_M,1127,CONV,1410541,1415197,2034983
case_073,0,PIPE_MTE3,1000006234,COPY_OUT,1410621,1410630,2034983
case_073,0,PIPE_V,1128,RELU,1415197,1415277,2034983
case_073,0,PIPE_M,1129,CONV,1415277,1419933,2034983
case_073,0,PIPE_V,1130,RELU,1419933,1420013,2034983
case_073,0,PIPE_M,1752,CONV,1419933,1424589,2034983
case_073,0,PIPE_MTE3,1000007055,COPY_OUT,1420013,1420022,2034983
case_073,0,PIPE_V,1753,RELU,1424589,1424669,2034983
case_073,0,PIPE_M,1754,CONV,1424669,1429325,2034983
case_073,0,PIPE_V,1755,RELU,1429325,1429405,2034983
case_073,0,PIPE_M,2377,CONV,1429325,1433981,2034983
case_073,0,PIPE_MTE3,1000007885,COPY_OUT,1429405,1429414,2034983
case_073,0,PIPE_V,2378,RELU,1433981,1434061,2034983
case_073,0,PIPE_M,2379,CONV,1434061,1438717,2034983
case_073,0,PIPE_V,2380,RELU,1438717,1438797,2034983
case_073,0,PIPE_M,3002,CONV,1438717,1443373,2034983
case_073,0,PIPE_MTE3,1000008730,COPY_OUT,1438797,1438806,2034983
case_073,0,PIPE_V,3003,RELU,1443373,1443453,2034983
case_073,0,PIPE_M,3004,CONV,1443453,1448109,2034983
case_073,0,PIPE_V,3005,RELU,1448109,1448189,2034983
case_073,0,PIPE_M,3627,CONV,1448109,1452765,2034983
case_073,0,PIPE_MTE3,1000009578,COPY_OUT,1448189,1448198,2034983
case_073,0,PIPE_V,3628,RELU,1452765,1452845,2034983
case_073,0,PIPE_M,3629,CONV,1452845,1457501,2034983
case_073,0,PIPE_V,3630,RELU,1457501,1457581,2034983
case_073,0,PIPE_M,4252,CONV,1457501,1462157,2034983
case_073,0,PIPE_MTE3,1000010405,COPY_OUT,1457581,1457590,2034983
case_073,0,PIPE_V,4253,RELU,1462157,1462237,2034983
case_073,0,PIPE_M,4254,CONV,1462237,1466893,2034983
case_073,0,PIPE_V,4255,RELU,1466893,1466973,2034983
case_073,0,PIPE_M,4877,CONV,1466893,1471549,2034983
case_073,0,PIPE_MTE3,1000011244,COPY_OUT,1466973,1466982,2034983
case_073,0,PIPE_V,4878,RELU,1471549,1471629,2034983
case_073,0,PIPE_M,4879,CONV,1471629,1476285,2034983
case_073,0,PIPE_MTE2,1000006362,COPY_IN,1475332,1475370,2034983
case_073,0,PIPE_MTE2,1000005394,COPY_IN,1475370,1480911,2034983
case_073,0,PIPE_M,632,CONV,1476285,1480941,2034983
case_073,0,PIPE_V,4880,RELU,1476285,1476365,2034983
case_073,0,PIPE_V,4881,ADD,1476365,1476445,2034983
case_073,0,PIPE_MTE3,1000011771,COPY_OUT,1476445,1476516,2034983
case_073,0,PIPE_MTE3,1000011774,COPY_OUT,1476516,1476578,2034983
case_073,0,PIPE_MTE2,1000007177,COPY_IN,1480911,1480947,2034983
case_073,0,PIPE_V,633,RELU,1480941,1481021,2034983
case_073,0,PIPE_MTE2,1000008004,COPY_IN,1480947,1480983,2034983
case_073,0,PIPE_MTE2,1000008852,COPY_IN,1480983,1481019,2034983
case_073,0,PIPE_MTE2,1000009697,COPY_IN,1481019,1481055,2034983
case_073,0,PIPE_M,634,CONV,1481021,1485677,2034983
case_073,0,PIPE_MTE2,1000010530,COPY_IN,1481055,1481091,2034983
case_073,0,PIPE_MTE2,1000011360,COPY_IN,1481091,1481127,2034983
case_073,0,PIPE_MTE2,1000005404,COPY_IN,1481127,1482080,2034983
case_073,0,PIPE_MTE2,1000005653,COPY_IN,1482080,1482089,2034983
case_073,0,PIPE_MTE2,1000005656,COPY_IN,1484484,1484493,2034983
case_073,0,PIPE_MTE2,1000005843,COPY_IN,1484493,1484502,2034983
case_073,0,PIPE_V,635,RELU,1485677,1485757,2034983
case_073,0,PIPE_M,1257,CONV,1485677,1490333,2034983
case_073,0,PIPE_MTE2,1000005849,COPY_IN,1485687,1485696,2034983
case_073,0,PIPE_MTE2,1000006042,COPY_IN,1485696,1485710,2034983
case_073,0,PIPE_MTE2,1000006048,COPY_IN,1486214,1486223,2034983
case_073,0,PIPE_MTE2,1000006676,COPY_IN,1486223,1486232,2034983
case_073,0,PIPE_V,1258,RELU,1490333,1490413,2034983
case_073,0,PIPE_M,1259,CONV,1490413,1495069,2034983
case_073,0,PIPE_V,1260,RELU,1495069,1495149,2034983
case_073,0,PIPE_M,1882,CONV,1495069,1499725,2034983
case_073,0,PIPE_MTE2,1000006682,COPY_IN,1495079,1495088,2034983
case_073,0,PIPE_MTE2,1000007059,COPY_IN,1495088,1495102,2034983
case_073,0,PIPE_MTE3,1000007179,COPY_OUT,1495149,1495158,2034983
case_073,0,PIPE_MTE2,1000007065,COPY_IN,1495640,1495649,2034983
case_073,0,PIPE_MTE2,1000007316,COPY_IN,1495649,1495658,2034983
case_073,0,PIPE_V,1883,RELU,1499725,1499805,2034983
case_073,0,PIPE_M,1884,CONV,1499805,1504461,2034983
case_073,0,PIPE_MTE2,1000007319,COPY_IN,1503268,1503277,2034983
case_073,0,PIPE_MTE2,1000007702,COPY_IN,1503277,1503286,2034983
case_073,0,PIPE_V,1885,RELU,1504461,1504541,2034983
case_073,0,PIPE_M,2507,CONV,1504461,1509117,2034983
case_073,0,PIPE_MTE2,1000007708,COPY_IN,1504993,1505002,2034983
case_073,0,PIPE_MTE2,1000005602,COPY_IN,1505002,1505020,2034983
case_073,0,PIPE_MTE2,1000005970,COPY_IN,1505020,1505044,2034983
case_073,0,PIPE_V,2508,RELU,1509117,1509197,2034983
case_073,0,PIPE_M,2509,CONV,1509197,1513853,2034983
case_073,0,PIPE_V,2510,RELU,1513853,1513933,2034983
case_073,0,PIPE_M,3132,CONV,1513853,1518509,2034983
case_073,0,PIPE_V,3133,RELU,1518509,1518589,2034983
case_073,0,PIPE_M,3134,CONV,1518589,1523245,2034983
case_073,0,PIPE_V,3135,RELU,1523245,1523325,2034983
case_073,0,PIPE_M,3757,CONV,1523245,1527901,2034983
case_073,0,PIPE_V,3758,RELU,1527901,1527981,2034983
case_073,0,PIPE_M,3759,CONV,1527981,1532637,2034983
case_073,0,PIPE_V,3760,RELU,1532637,1532717,2034983
case_073,0,PIPE_M,4382,CONV,1532637,1537293,2034983
case_073,0,PIPE_V,4383,RELU,1537293,1537373,2034983
case_073,0,PIPE_M,4384,CONV,1537373,1542029,2034983
case_073,0,PIPE_V,4385,RELU,1542029,1542109,2034983
case_073,0,PIPE_V,136,ADD,1542109,1542189,2034983
case_073,0,PIPE_M,137,CONV,1542189,1543261,2034983
case_073,0,PIPE_V,261,ADD,1542189,1542269,2034983
case_073,0,PIPE_V,386,ADD,1542269,1542349,2034983
case_073,0,PIPE_V,636,ADD,1542349,1542429,2034983
case_073,0,PIPE_V,886,ADD,1542429,1542509,2034983
case_073,0,PIPE_V,1136,ADD,1542509,1542589,2034983
case_073,0,PIPE_V,1386,ADD,1542589,1542669,2034983
case_073,0,PIPE_V,1636,ADD,1542669,1542749,2034983
case_073,0,PIPE_V,1886,ADD,1542749,1542829,2034983
case_073,0,PIPE_V,2511,ADD,1542829,1542909,2034983
case_073,0,PIPE_V,3136,ADD,1542909,1542989,2034983
case_073,0,PIPE_V,3761,ADD,1542989,1543069,2034983
case_073,0,PIPE_V,4386,ADD,1543069,1543149,2034983
case_073,0,PIPE_V,138,ADD,1543261,1543373,2034983
case_073,0,PIPE_M,262,CONV,1543261,1544333,2034983
case_073,0,PIPE_V,139,RELU,1543373,1543485,2034983
case_073,0,PIPE_M,387,CONV,1544333,1545405,2034983
case_073,0,PIPE_MTE3,1000005851,COPY_OUT,1544333,1544351,2034983
case_073,0,PIPE_V,388,ADD,1545405,1545517,2034983
case_073,0,PIPE_M,637,CONV,1545405,1546477,2034983
case_073,0,PIPE_V,389,RELU,1545517,1545629,2034983
case_073,0,PIPE_M,887,CONV,1546477,1547549,2034983
case_073,0,PIPE_MTE3,1000006364,COPY_OUT,1546477,1546495,2034983
case_073,0,PIPE_V,888,ADD,1547549,1547661,2034983
case_073,0,PIPE_M,1137,CONV,1547549,1548621,2034983
case_073,0,PIPE_V,889,RELU,1547661,1547773,2034983
case_073,0,PIPE_M,1387,CONV,1548621,1549693,2034983
case_073,0,PIPE_MTE3,1000007067,COPY_OUT,1548621,1548639,2034983
case_073,0,PIPE_M,1637,CONV,1549693,1550765,2034983
case_073,0,PIPE_MTE3,1000007321,COPY_OUT,1549693,1549711,2034983
case_073,0,PIPE_M,1887,CONV,1550765,1551837,2034983
case_073,0,PIPE_MTE3,1000007710,COPY_OUT,1550765,1550783,2034983
case_073,0,PIPE_M,2512,CONV,1551837,1552909,2034983
case_073,0,PIPE_MTE3,1000008006,COPY_OUT,1551837,1551855,2034983
case_073,0,PIPE_M,3137,CONV,1552909,1553981,2034983
case_073,0,PIPE_MTE3,1000008854,COPY_OUT,1552909,1552927,2034983
case_073,0,PIPE_M,3762,CONV,1553981,1555053,2034983
case_073,0,PIPE_MTE3,1000009699,COPY_OUT,1553981,1553999,2034983
case_073,0,PIPE_M,4387,CONV,1555053,1556125,2034983
case_073,0,PIPE_MTE3,1000010532,COPY_OUT,1555053,1555071,2034983
case_073,0,PIPE_MTE2,1000007512,COPY_IN,1555677,1555695,2034983
case_073,0,PIPE_V,1513,ADD,1555695,1555807,2034983
case_073,0,PIPE_MTE2,1000008357,COPY_IN,1555695,1555713,2034983
case_073,0,PIPE_MTE2,1000009202,COPY_IN,1555713,1555731,2034983
case_073,0,PIPE_MTE2,1000010041,COPY_IN,1555731,1555749,2034983
case_073,0,PIPE_V,1514,RELU,1555807,1555919,2034983
case_073,0,PIPE_V,2138,ADD,1555919,1556031,2034983
case_073,0,PIPE_V,2139,RELU,1556031,1556143,2034983
case_073,0,PIPE_MTE3,1000011362,COPY_OUT,1556125,1556143,2034983
case_073,0,PIPE_V,2763,ADD,1556143,1556255,2034983
case_073,0,PIPE_MTE3,1000005658,COPY_OUT,1556143,1556161,2034983
case_073,0,PIPE_MTE3,1000005661,COPY_OUT,1556161,1556179,2034983
case_073,0,PIPE_MTE3,1000006050,COPY_OUT,1556179,1556197,2034983
case_073,0,PIPE_MTE3,1000006684,COPY_OUT,1556197,1556215,2034983
case_073,0,PIPE_MTE3,1000006687,COPY_OUT,1556215,1556235,2034983
case_073,0,PIPE_MTE3,1000007514,COPY_OUT,1556235,1556269,2034983
case_073,0,PIPE_V,2764,RELU,1556255,1556367,2034983
case_073,0,PIPE_MTE3,1000007517,COPY_OUT,1556269,1556287,2034983
case_073,0,PIPE_MTE3,1000008359,COPY_OUT,1556287,1556305,2034983
case_073,0,PIPE_MTE3,1000008362,COPY_OUT,1556305,1556323,2034983
case_073,0,PIPE_MTE2,1000010883,COPY_IN,1556348,1556372,2034983
case_073,0,PIPE_V,3388,ADD,1556367,1556479,2034983
case_073,0,PIPE_MTE3,1000009204,COPY_OUT,1556367,1556414,2034983
case_073,0,PIPE_MTE3,1000009207,COPY_OUT,1556414,1556468,2034983
case_073,0,PIPE_V,3389,RELU,1556479,1556591,2034983
case_073,0,PIPE_V,4013,ADD,1556591,1556703,2034983
case_073,0,PIPE_MTE3,1000010043,COPY_OUT,1556591,1556618,2034983
case_073,0,PIPE_MTE3,1000010046,COPY_OUT,1556618,1556636,2034983
case_073,0,PIPE_V,4014,RELU,1556703,1556815,2034983
case_073,0,PIPE_MTE3,1000010885,COPY_OUT,1556815,1556863,2034983
case_073,0,PIPE_MTE3,1000010888,COPY_OUT,1556863,1556916,2034983
case_073,0,PIPE_MTE2,1000011578,COPY_IN,1557467,1557548,2034983
case_073,0,PIPE_V,4638,ADD,1557548,1557660,2034983
case_073,0,PIPE_MTE2,1000005414,COPY_IN,1557548,1558945,2034983
case_073,0,PIPE_V,4639,RELU,1557660,1557772,2034983
case_073,0,PIPE_MTE3,1000011580,COPY_OUT,1557772,1557881,2034983
case_073,0,PIPE_M,390,CONV,1558945,1563601,2034983
case_073,0,PIPE_MTE2,1000005424,COPY_IN,1558945,1559941,2034983
case_073,0,PIPE_MTE2,1000006884,COPY_IN,1559941,1559995,2034983
case_073,0,PIPE_MTE2,1000007714,COPY_IN,1559995,1560059,2034983
case_073,0,PIPE_MTE2,1000008559,COPY_IN,1560059,1560131,2034983
case_073,0,PIPE_MTE2,1000009404,COPY_IN,1560131,1560193,2034983
case_073,0,PIPE_MTE2,1000010240,COPY_IN,1560193,1560238,2034983
case_073,0,PIPE_MTE2,1000011082,COPY_IN,1560238,1560274,2034983
case_073,0,PIPE_MTE2,1000011681,COPY_IN,1560274,1560310,2034983
case_073,0,PIPE_MTE2,1000005434,COPY_IN,1560310,1560821,2034983
case_073,0,PIPE_V,391,RELU,1563601,1563713,2034983
case_073,0,PIPE_M,392,CONV,1563713,1568369,2034983
case_073,0,PIPE_V,393,RELU,1568369,1568481,2034983
case_073,0,PIPE_M,1015,CONV,1568369,1573025,2034983
case_073,0,PIPE_MTE3,1000006053,COPY_OUT,1568481,1568499,2034983
case_073,0,PIPE_V,1016,RELU,1573025,1573137,2034983
case_073,0,PIPE_M,1017,CONV,1573137,1577793,2034983
case_073,0,PIPE_V,1018,RELU,1577793,1577905,2034983
case_073,0,PIPE_M,1640,CONV,1577793,1582449,2034983
case_073,0,PIPE_MTE3,1000006889,COPY_OUT,1577905,1577923,2034983
case_073,0,PIPE_V,1641,RELU,1582449,1582561,2034983
case_073,0,PIPE_M,1642,CONV,1582561,1587217,2034983
case_073,0,PIPE_V,1643,RELU,1587217,1587329,2034983
case_073,0,PIPE_M,2265,CONV,1587217,1591873,2034983
case_073,0,PIPE_MTE3,1000007719,COPY_OUT,1587329,1587347,2034983
case_073,0,PIPE_V,2266,RELU,1591873,1591985,2034983
case_073,0,PIPE_M,2267,CONV,1591985,1596641,2034983
case_073,0,PIPE_V,2268,RELU,1596641,1596753,2034983
case_073,0,PIPE_M,2890,CONV,1596641,1601297,2034983
case_073,0,PIPE_MTE3,1000008564,COPY_OUT,1596753,1596771,2034983
case_073,0,PIPE_V,2891,RELU,1601297,1601409,2034983
case_073,0,PIPE_M,2892,CONV,1601409,1606065,2034983
case_073,0,PIPE_V,2893,RELU,1606065,1606177,2034983
case_073,0,PIPE_M,3515,CONV,1606065,1610721,2034983
case_073,0,PIPE_MTE3,1000009409,COPY_OUT,1606177,1606195,2034983
case_073,0,PIPE_V,3516,RELU,1610721,1610833,2034983
case_073,0,PIPE_M,3517,CONV,1610833,1615489,2034983
case_073,0,PIPE_V,3518,RELU,1615489,1615601,2034983
case_073,0,PIPE_M,4140,CONV,1615489,1620145,2034983
case_073,0,PIPE_MTE3,1000010245,COPY_OUT,1615601,1615619,2034983
case_073,0,PIPE_V,4141,RELU,1620145,1620257,2034983
case_073,0,PIPE_M,4142,CONV,1620257,1624913,2034983
case_073,0,PIPE_V,4143,RELU,1624913,1625025,2034983
case_073,0,PIPE_M,4765,CONV,1624913,1629569,2034983
case_073,0,PIPE_MTE3,1000011087,COPY_OUT,1625025,1625043,2034983
case_073,0,PIPE_V,4766,RELU,1629569,1629681,2034983
case_073,0,PIPE_M,4767,CONV,1629681,1634337,2034983
case_073,0,PIPE_MTE2,1000006253,COPY_IN,1629789,1629861,2034983
case_073,0,PIPE_MTE2,1000005444,COPY_IN,1629861,1630963,2034983
case_073,0,PIPE_MTE2,1000007077,COPY_IN,1630963,1630999,2034983
case_073,0,PIPE_MTE2,1000007904,COPY_IN,1630999,1631029,2034983
case_073,0,PIPE_MTE2,1000008749,COPY_IN,1631487,1631505,2034983
case_073,0,PIPE_MTE2,1000009597,COPY_IN,1632029,1632047,2034983
case_073,0,PIPE_MTE2,1000010424,COPY_IN,1632589,1632607,2034983
case_073,0,PIPE_MTE2,1000011263,COPY_IN,1633149,1633167,2034983
case_073,0,PIPE_M,520,CONV,1634337,1638993,2034983
case_073,0,PIPE_V,4768,RELU,1634337,1634449,2034983
case_073,0,PIPE_V,4769,ADD,1634449,1634561,2034983
case_073,0,PIPE_MTE3,1000011683,COPY_OUT,1634561,1634579,2034983
case_073,0,PIPE_MTE3,1000011686,COPY_OUT,1634579,1634604,2034983
case_073,0,PIPE_MTE2,1000011787,COPY_IN,1635115,1635133,2034983
case_073,0,PIPE_MTE2,1000008369,COPY_IN,1635133,1635151,2034983
case_073,0,PIPE_V,521,RELU,1638993,1639105,2034983
case_073,0,PIPE_M,522,CONV,1639105,1643761,2034983
case_073,0,PIPE_V,523,RELU,1643761,1643873,2034983
case_073,0,PIPE_M,1145,CONV,1643761,1648417,2034983
case_073,0,PIPE_MTE3,1000006258,COPY_OUT,1643873,1643891,2034983
case_073,0,PIPE_V,1146,RELU,1648417,1648529,2034983
case_073,0,PIPE_M,1147,CONV,1648529,1653185,2034983
case_073,0,PIPE_V,1148,RELU,1653185,1653297,2034983
case_073,0,PIPE_M,1770,CONV,1653185,1657841,2034983
case_073,0,PIPE_MTE3,1000007079,COPY_OUT,1653297,1653315,2034983
case_073,0,PIPE_V,1771,RELU,1657841,1657953,2034983
case_073,0,PIPE_M,1772,CONV,1657953,1662609,2034983
case_073,0,PIPE_V,1773,RELU,1662609,1662721,2034983
case_073,0,PIPE_M,2395,CONV,1662609,1667265,2034983
case_073,0,PIPE_MTE3,1000007909,COPY_OUT,1662721,1662739,2034983
case_073,0,PIPE_V,2396,RELU,1667265,1667377,2034983
case_073,0,PIPE_M,2397,CONV,1667377,1672033,2034983
case_073,0,PIPE_V,2398,RELU,1672033,1672145,2034983
case_073,0,PIPE_M,3020,CONV,1672033,1676689,2034983
case_073,0,PIPE_MTE3,1000008754,COPY_OUT,1672145,1672163,2034983
case_073,0,PIPE_MTE2,1000008375,COPY_IN,1672619,1672637,2034983
case_073,0,PIPE_MTE2,1000005454,COPY_IN,1672637,1672771,2034983
case_073,0,PIPE_MTE2,1000009214,COPY_IN,1672771,1672796,2034983
case_073,0,PIPE_V,3021,RELU,1676689,1676801,2034983
case_073,0,PIPE_M,3022,CONV,1676801,1681457,2034983
case_073,0,PIPE_V,3023,RELU,1681457,1681569,2034983
case_073,0,PIPE_M,3645,CONV,1681457,1686113,2034983
case_073,0,PIPE_MTE3,1000009602,COPY_OUT,1681569,1681587,2034983
case_073,0,PIPE_MTE2,1000009220,COPY_IN,1682043,1682061,2034983
case_073,0,PIPE_MTE2,1000010053,COPY_IN,1682061,1682079,2034983
case_073,0,PIPE_V,3646,RELU,1686113,1686225,2034983
case_073,0,PIPE_M,3647,CONV,1686225,1690881,2034983
case_073,0,PIPE_V,3648,RELU,1690881,1690993,2034983
case_073,0,PIPE_M,4270,CONV,1690881,1695537,2034983
case_073,0,PIPE_MTE3,1000010429,COPY_OUT,1690993,1691011,2034983
case_073,0,PIPE_MTE2,1000010059,COPY_IN,1691467,1691485,2034983
case_073,0,PIPE_MTE2,1000010895,COPY_IN,1691485,1691503,2034983
case_073,0,PIPE_V,4271,RELU,1695537,1695649,2034983
case_073,0,PIPE_M,4272,CONV,1695649,1700305,2034983
case_073,0,PIPE_V,4273,RELU,1700305,1700417,2034983
case_073,0,PIPE_M,4895,CONV,1700305,1704961,2034983
case_073,0,PIPE_MTE3,1000011268,COPY_OUT,1700417,1700435,2034983
case_073,0,PIPE_MTE2,1000010901,COPY_IN,1700891,1700909,2034983
case_073,0,PIPE_MTE2,1000011584,COPY_IN,1700909,1700927,2034983
case_073,0,PIPE_V,4896,RELU,1704961,1705073,2034983
case_073,0,PIPE_M,4897,CONV,1705073,1709729,2034983
case_073,0,PIPE_V,4898,RELU,1709729,1709841,2034983
case_073,0,PIPE_V,2149,ADD,1709841,1709953,2034983
case_073,0,PIPE_MTE3,1000011792,COPY_OUT,1709841,1709859,2034983
case_073,0,PIPE_M,2150,CONV,1709953,1711025,2034983
case_073,0,PIPE_V,2774,ADD,1709953,1710065,2034983
case_073,0,PIPE_V,3399,ADD,1710065,1710177,2034983
case_073,0,PIPE_V,4024,ADD,1710177,1710289,2034983
case_073,0,PIPE_MTE2,1000011590,COPY_IN,1710315,1710333,2034983
case_073,0,PIPE_V,4649,ADD,1710333,1710445,2034983
case_073,0,PIPE_MTE2,1000005946,COPY_IN,1710333,1710377,2034983
case_073,0,PIPE_MTE2,1000006066,COPY_IN,1710377,1710421,2034983
case_073,0,PIPE_MTE2,1000006700,COPY_IN,1710421,1710466,2034983
case_073,0,PIPE_V,401,ADD,1710445,1710621,2034983
case_073,0,PIPE_MTE2,1000007244,COPY_IN,1710466,1710536,2034983
case_073,0,PIPE_MTE2,1000007334,COPY_IN,1710536,1710596,2034983
case_073,0,PIPE_MTE2,1000008080,COPY_IN,1710596,1710631,2034983
case_073,0,PIPE_V,402,RELU,1710621,1710797,2034983
case_073,0,PIPE_MTE2,1000008176,COPY_IN,1710741,1710776,2034983
case_073,0,PIPE_MTE2,1000008928,COPY_IN,1710776,1710811,2034983
case_073,0,PIPE_V,901,ADD,1710797,1710973,2034983
case_073,0,PIPE_V,902,RELU,1710973,1711149,2034983
case_073,0,PIPE_M,2775,CONV,1711025,1712097,2034983
case_073,0,PIPE_MTE3,1000008377,COPY_OUT,1711025,1711086,2034983
case_073,0,PIPE_V,1401,ADD,1711149,1711325,2034983
case_073,0,PIPE_V,1402,RELU,1711325,1711501,2034983
case_073,0,PIPE_V,2026,ADD,1711501,1711677,2034983
case_073,0,PIPE_V,2027,RELU,1711677,1711853,2034983
case_073,0,PIPE_MTE2,1000009024,COPY_IN,1711813,1711848,2034983
case_073,0,PIPE_MTE2,1000009770,COPY_IN,1711848,1711883,2034983
case_073,0,PIPE_V,2651,ADD,1711853,1712029,2034983
case_073,0,PIPE_V,2652,RELU,1712029,1712205,2034983
case_073,0,PIPE_M,3400,CONV,1712097,1713169,2034983
case_073,0,PIPE_MTE3,1000009222,COPY_OUT,1712097,1712158,2034983
case_073,0,PIPE_MTE2,1000009869,COPY_IN,1712885,1712920,2034983
case_073,0,PIPE_V,3276,ADD,1712920,1713096,2034983
case_073,0,PIPE_MTE2,1000010609,COPY_IN,1712920,1712955,2034983
case_073,0,PIPE_V,3277,RELU,1713096,1713272,2034983
case_073,0,PIPE_M,4025,CONV,1713169,1714241,2034983
case_073,0,PIPE_MTE3,1000010061,COPY_OUT,1713169,1713280,2034983
case_073,0,PIPE_MTE2,1000010708,COPY_IN,1713992,1714027,2034983
case_073,0,PIPE_V,3901,ADD,1714027,1714203,2034983
case_073,0,PIPE_V,3902,RELU,1714203,1714379,2034983
case_073,0,PIPE_M,4650,CONV,1714241,1715313,2034983
case_073,0,PIPE_MTE3,1000010903,COPY_OUT,1714241,1714348,2034983
case_073,0,PIPE_MTE2,1000011490,COPY_IN,1715029,1715064,2034983
case_073,0,PIPE_V,4526,ADD,1715064,1715240,2034983
case_073,0,PIPE_MTE2,1000005464,COPY_IN,1715064,1715141,2034983
case_073,0,PIPE_MTE2,1000005474,COPY_IN,1715141,1715218,2034983
case_073,0,PIPE_MTE2,1000005873,COPY_IN,1715218,1715262,2034983
case_073,0,PIPE_V,4527,RELU,1715240,1715416,2034983
case_073,0,PIPE_M,278,CONV,1715313,1719969,2034983
case_073,0,PIPE_MTE3,1000011592,COPY_OUT,1715313,1715448,2034983
case_073,0,PIPE_MTE3,1000006068,COPY_OUT,1715448,1715544,2034983
case_073,0,PIPE_MTE3,1000006071,COPY_OUT,1715544,1715614,2034983
case_073,0,PIPE_MTE3,1000006702,COPY_OUT,1715614,1715684,2034983
case_073,0,PIPE_MTE3,1000007336,COPY_OUT,1715684,1715754,2034983
case_073,0,PIPE_MTE3,1000007339,COPY_OUT,1715754,1715829,2034983
case_073,0,PIPE_MTE3,1000008178,COPY_OUT,1715829,1715943,2034983
case_073,0,PIPE_MTE3,1000008181,COPY_OUT,1715943,1716117,2034983
case_073,0,PIPE_MTE3,1000009026,COPY_OUT,1716117,1716297,2034983
case_073,0,PIPE_MTE2,1000007536,COPY_IN,1716232,1716426,2034983
case_073,0,PIPE_MTE3,1000009029,COPY_OUT,1716297,1716522,2034983
case_073,0,PIPE_MTE2,1000008381,COPY_IN,1716426,1716705,2034983
case_073,0,PIPE_MTE3,1000009871,COPY_OUT,1716522,1716786,2034983
case_073,0,PIPE_MTE2,1000009226,COPY_IN,1716738,1716991,2034983
case_073,0,PIPE_MTE3,1000009874,COPY_OUT,1716786,1717032,2034983
case_073,0,PIPE_MTE3,1000010710,COPY_OUT,1717032,1717221,2034983
case_073,0,PIPE_MTE2,1000010065,COPY_IN,1717212,1717423,2034983
case_073,0,PIPE_MTE3,1000010713,COPY_OUT,1717221,1717431,2034983
case_073,0,PIPE_MTE3,1000011492,COPY_OUT,1717431,1717574,2034983
case_073,0,PIPE_MTE2,1000010907,COPY_IN,1717665,1717833,2034983
case_073,0,PIPE_MTE2,1000011596,COPY_IN,1718041,1718111,2034983
case_073,0,PIPE_MTE2,1000005484,COPY_IN,1718111,1718272,2034983
case_073,0,PIPE_MTE2,1000005494,COPY_IN,1718272,1718529,2034983
case_073,0,PIPE_V,279,RELU,1719969,1720145,2034983
case_073,0,PIPE_M,280,CONV,1720145,1724801,2034983
case_073,0,PIPE_V,281,RELU,1724801,1724977,2034983
case_073,0,PIPE_M,903,CONV,1724801,1729457,2034983
case_073,0,PIPE_MTE3,1000005875,COPY_OUT,1724977,1725012,2034983
case_073,0,PIPE_V,904,RELU,1729457,1729633,2034983
case_073,0,PIPE_M,905,CONV,1729633,1734289,2034983
case_073,0,PIPE_V,906,RELU,1734289,1734465,2034983
case_073,0,PIPE_M,1528,CONV,1734289,1738945,2034983
case_073,0,PIPE_MTE3,1000006705,COPY_OUT,1734465,1734500,2034983
case_073,0,PIPE_V,1529,RELU,1738945,1739121,2034983
case_073,0,PIPE_M,1530,CONV,1739121,1743777,2034983
case_073,0,PIPE_V,1531,RELU,1743777,1743953,2034983
case_073,0,PIPE_M,2153,CONV,1743777,1748433,2034983
case_073,0,PIPE_MTE3,1000007541,COPY_OUT,1743953,1743988,2034983
case_073,0,PIPE_V,2154,RELU,1748433,1748609,2034983
case_073,0,PIPE_M,2155,CONV,1748609,1753265,2034983
case_073,0,PIPE_V,2156,RELU,1753265,1753441,2034983
case_073,0,PIPE_M,2778,CONV,1753265,1757921,2034983
case_073,0,PIPE_MTE3,1000008386,COPY_OUT,1753441,1753476,2034983
case_073,0,PIPE_V,2779,RELU,1757921,1758097,2034983
case_073,0,PIPE_M,2780,CONV,1758097,1762753,2034983
case_073,0,PIPE_V,2781,RELU,1762753,1762929,2034983
case_073,0,PIPE_M,3403,CONV,1762753,1767409,2034983
case_073,0,PIPE_MTE3,1000009231,COPY_OUT,1762929,1762964,2034983
case_073,0,PIPE_V,3404,RELU,1767409,1767585,2034983
case_073,0,PIPE_M,3405,CONV,1767585,1772241,2034983
case_073,0,PIPE_V,3406,RELU,1772241,1772417,2034983
case_073,0,PIPE_M,4028,CONV,1772241,1776897,2034983
case_073,0,PIPE_MTE3,1000010070,COPY_OUT,1772417,1772452,2034983
case_073,0,PIPE_V,4029,RELU,1776897,1777073,2034983
case_073,0,PIPE_M,4030,CONV,1777073,1781729,2034983
case_073,0,PIPE_V,4031,RELU,1781729,1781905,2034983
case_073,0,PIPE_M,4653,CONV,1781729,1786385,2034983
case_073,0,PIPE_MTE3,1000010912,COPY_OUT,1781905,1781940,2034983
case_073,0,PIPE_V,4654,RELU,1786385,1786561,2034983
case_073,0,PIPE_MTE2,1000006078,COPY_IN,1786420,1786455,2034983
case_073,0,PIPE_M,4655,CONV,1786561,1791217,2034983
case_073,0,PIPE_MTE2,1000006911,COPY_IN,1787367,1787402,2034983
case_073,0,PIPE_MTE2,1000007741,COPY_IN,1788194,1788243,2034983
case_073,0,PIPE_MTE2,1000008586,COPY_IN,1789060,1789123,2034983
case_073,0,PIPE_MTE2,1000009431,COPY_IN,1789968,1790003,2034983
case_073,0,PIPE_MTE2,1000010267,COPY_IN,1790848,1790883,2034983
case_073,0,PIPE_M,408,CONV,1791217,1795873,2034983
case_073,0,PIPE_V,4656,RELU,1791217,1791393,2034983
case_073,0,PIPE_V,4657,ADD,1791393,1791569,2034983
case_073,0,PIPE_MTE3,1000011598,COPY_OUT,1791569,1791622,2034983
case_073,0,PIPE_MTE2,1000011109,COPY_IN,1791728,1791763,2034983
case_073,0,PIPE_MTE2,1000011699,COPY_IN,1794104,1794139,2034983
case_073,0,PIPE_MTE2,1000005504,COPY_IN,1794139,1794157,2034983
case_073,0,PIPE_MTE2,1000006411,COPY_IN,1794157,1794237,2034983
case_073,0,PIPE_V,409,RELU,1795873,1796049,2034983
case_073,0,PIPE_M,410,CONV,1796049,1800705,2034983
case_073,0,PIPE_V,411,RELU,1800705,1800881,2034983
case_073,0,PIPE_M,1033,CONV,1800705,1805361,2034983
case_073,0,PIPE_MTE3,1000006083,COPY_OUT,1800881,1800916,2034983
case_073,0,PIPE_V,1034,RELU,1805361,1805537,2034983
case_073,0,PIPE_M,1035,CONV,1805537,1810193,2034983
case_073,0,PIPE_V,1036,RELU,1810193,1810369,2034983
case_073,0,PIPE_M,1658,CONV,1810193,1814849,2034983
case_073,0,PIPE_MTE3,1000006913,COPY_OUT,1810369,1810404,2034983
case_073,0,PIPE_V,1659,RELU,1814849,1815025,2034983
case_073,0,PIPE_M,1660,CONV,1815025,1819681,2034983
case_073,0,PIPE_V,1661,RELU,1819681,1819857,2034983
case_073,0,PIPE_M,2283,CONV,1819681,1824337,2034983
case_073,0,PIPE_V,2284,RELU,1824337,1824513,2034983
case_073,0,PIPE_M,2285,CONV,1824513,1829169,2034983
case_073,0,PIPE_V,2286,RELU,1829169,1829345,2034983
case_073,0,PIPE_M,2908,CONV,1829169,1833825,2034983
case_073,0,PIPE_V,2909,RELU,1833825,1834001,2034983
case_073,0,PIPE_M,2910,CONV,1834001,1838657,2034983
case_073,0,PIPE_V,2911,RELU,1838657,1838833,2034983
case_073,0,PIPE_M,3533,CONV,1838657,1843313,2034983
case_073,0,PIPE_V,3534,RELU,1843313,1843489,2034983
case_073,0,PIPE_M,3535,CONV,1843489,1848145,2034983
case_073,0,PIPE_V,3536,RELU,1848145,1848321,2034983
case_073,0,PIPE_M,4158,CONV,1848145,1852801,2034983
case_073,0,PIPE_V,4159,RELU,1852801,1852977,2034983
case_073,0,PIPE_M,4160,CONV,1852977,1857633,2034983
case_073,0,PIPE_V,4161,RELU,1857633,1857809,2034983
case_073,0,PIPE_M,4783,CONV,1857633,1862289,2034983
case_073,0,PIPE_V,4784,RELU,1862289,1862465,2034983
case_073,0,PIPE_M,4785,CONV,1862465,1867121,2034983
case_073,0,PIPE_MTE2,1000006525,COPY_IN,1864971,1865040,2034983
case_073,0,PIPE_MTE2,1000007226,COPY_IN,1865040,1865109,2034983
case_073,0,PIPE_V,4786,RELU,1867121,1867297,2034983
case_073,0,PIPE_V,1662,ADD,1867297,1867473,2034983
case_073,0,PIPE_M,1663,CONV,1867473,1868545,2034983
case_073,0,PIPE_V,2287,ADD,1867473,1867649,2034983
case_073,0,PIPE_V,2912,ADD,1867649,1867825,2034983
case_073,0,PIPE_V,3537,ADD,1867825,1868001,2034983
case_073,0,PIPE_V,4162,ADD,1868001,1868177,2034983
case_073,0,PIPE_V,4787,ADD,1868177,1868353,2034983
case_073,0,PIPE_V,789,ADD,1868353,1868657,2034983
case_073,0,PIPE_M,2288,CONV,1868545,1869617,2034983
case_073,0,PIPE_MTE3,1000007743,COPY_OUT,1868545,1868614,2034983
case_073,0,PIPE_V,790,RELU,1868657,1868961,2034983
case_073,0,PIPE_M,2913,CONV,1869617,1870689,2034983
case_073,0,PIPE_MTE3,1000008588,COPY_OUT,1869617,1869686,2034983
case_073,0,PIPE_MTE2,1000007352,COPY_IN,1869864,1869933,2034983
case_073,0,PIPE_V,1414,ADD,1869933,1870237,2034983
case_073,0,PIPE_MTE2,1000008062,COPY_IN,1869933,1870002,2034983
case_073,0,PIPE_V,1415,RELU,1870237,1870541,2034983
case_073,0,PIPE_M,3538,CONV,1870689,1871761,2034983
case_073,0,PIPE_MTE3,1000009433,COPY_OUT,1870689,1870758,2034983
case_073,0,PIPE_MTE2,1000008194,COPY_IN,1870936,1871005,2034983
case_073,0,PIPE_V,2039,ADD,1871005,1871309,2034983
case_073,0,PIPE_MTE2,1000008910,COPY_IN,1871005,1871074,2034983
case_073,0,PIPE_V,2040,RELU,1871309,1871613,2034983
case_073,0,PIPE_M,4163,CONV,1871761,1872833,2034983
case_073,0,PIPE_MTE3,1000010269,COPY_OUT,1871761,1871830,2034983
case_073,0,PIPE_MTE2,1000009042,COPY_IN,1872032,1872170,2034983
case_073,0,PIPE_V,2664,ADD,1872170,1872474,2034983
case_073,0,PIPE_MTE2,1000009752,COPY_IN,1872170,1872346,2034983
case_073,0,PIPE_V,2665,RELU,1872474,1872778,2034983
case_073,0,PIPE_M,4788,CONV,1872833,1873905,2034983
case_073,0,PIPE_MTE3,1000011111,COPY_OUT,1872833,1873158,2034983
case_073,0,PIPE_MTE2,1000009887,COPY_IN,1873306,1873444,2034983
case_073,0,PIPE_V,3289,ADD,1873444,1873748,2034983
case_073,0,PIPE_MTE2,1000010588,COPY_IN,1873444,1873683,2034983
case_073,0,PIPE_V,3290,RELU,1873748,1874052,2034983
case_073,0,PIPE_MTE3,1000011701,COPY_OUT,1873905,1874328,2034983
case_073,0,PIPE_MTE3,1000006527,COPY_OUT,1874328,1874582,2034983
case_073,0,PIPE_MTE2,1000010726,COPY_IN,1874349,1874602,2034983
case_073,0,PIPE_MTE3,1000006530,COPY_OUT,1874582,1875043,2034983
case_073,0,PIPE_V,3914,ADD,1874602,1874906,2034983
case_073,0,PIPE_MTE2,1000011418,COPY_IN,1874602,1875088,2034983
case_073,0,PIPE_V,3915,RELU,1874906,1875210,2034983
case_073,0,PIPE_MTE3,1000007354,COPY_OUT,1875043,1875544,2034983
case_073,0,PIPE_MTE2,1000011505,COPY_IN,1875508,1875983,2034983
case_073,0,PIPE_MTE3,1000007357,COPY_OUT,1875544,1876029,2034983
case_073,0,PIPE_V,4539,ADD,1875983,1876287,2034983
case_073,0,PIPE_MTE2,1000005514,COPY_IN,1875983,1876148,2034983
case_073,0,PIPE_MTE3,1000008196,COPY_OUT,1876029,1876547,2034983
case_073,0,PIPE_MTE2,1000005524,COPY_IN,1876148,1876308,2034983
case_073,0,PIPE_V,4540,RELU,1876287,1876591,2034983
case_073,0,PIPE_MTE2,1000005888,COPY_IN,1876308,1876827,2034983
case_073,0,PIPE_MTE3,1000008199,COPY_OUT,1876547,1877107,2034983
case_073,0,PIPE_M,291,CONV,1876827,1881483,2034983
case_073,0,PIPE_MTE3,1000009044,COPY_OUT,1877107,1877642,2034983
case_073,0,PIPE_MTE2,1000006721,COPY_IN,1877487,1878038,2034983
case_073,0,PIPE_MTE3,1000009047,COPY_OUT,1877642,1878200,2034983
case_073,0,PIPE_MTE3,1000009889,COPY_OUT,1878200,1878612,2034983
case_073,0,PIPE_MTE2,1000007551,COPY_IN,1878595,1879114,2034983
case_073,0,PIPE_MTE3,1000009892,COPY_OUT,1878612,1879134,2034983
case_073,0,PIPE_MTE3,1000010728,COPY_OUT,1879134,1879596,2034983
case_073,0,PIPE_MTE2,1000008396,COPY_IN,1879528,1880071,2034983
case_073,0,PIPE_MTE3,1000010731,COPY_OUT,1879596,1880134,2034983
case_073,0,PIPE_MTE3,1000011507,COPY_OUT,1880134,1880556,2034983
case_073,0,PIPE_MTE2,1000009241,COPY_IN,1880533,1880987,2034983
case_073,0,PIPE_MTE2,1000010080,COPY_IN,1881426,1881760,2034983
case_073,0,PIPE_V,292,RELU,1881483,1881787,2034983
case_073,0,PIPE_M,293,CONV,1881787,1886443,2034983
case_073,0,PIPE_MTE2,1000010922,COPY_IN,1882122,1882329,2034983
case_073,0,PIPE_MTE2,1000011605,COPY_IN,1882563,1882634,2034983
case_073,0,PIPE_MTE2,1000011115,COPY_IN,1882634,1882703,2034983
case_073,0,PIPE_V,294,RELU,1886443,1886747,2034983
case_073,0,PIPE_M,916,CONV,1886443,1891099,2034983
case_073,0,PIPE_MTE3,1000005890,COPY_OUT,1886747,1886816,2034983
case_073,0,PIPE_V,917,RELU,1891099,1891403,2034983
case_073,0,PIPE_M,918,CONV,1891403,1896059,2034983
case_073,0,PIPE_V,919,RELU,1896059,1896363,2034983
case_073,0,PIPE_M,1541,CONV,1896059,1900715,2034983
case_073,0,PIPE_MTE3,1000006726,COPY_OUT,1896363,1896432,2034983
case_073,0,PIPE_V,1542,RELU,1900715,1901019,2034983
case_073,0,PIPE_M,1543,CONV,1901019,1905675,2034983
case_073,0,PIPE_V,1544,RELU,1905675,1905979,2034983
case_073,0,PIPE_M,2166,CONV,1905675,1910331,2034983
case_073,0,PIPE_MTE3,1000007556,COPY_OUT,1905979,1906048,2034983
case_073,0,PIPE_V,2167,RELU,1910331,1910635,2034983
case_073,0,PIPE_M,2168,CONV,1910635,1915291,2034983
case_073,0,PIPE_V,2169,RELU,1915291,1915595,2034983
case_073,0,PIPE_M,2791,CONV,1915291,1919947,2034983
case_073,0,PIPE_MTE3,1000008401,COPY_OUT,1915595,1915664,2034983
case_073,0,PIPE_V,2792,RELU,1919947,1920251,2034983
case_073,0,PIPE_M,2793,CONV,1920251,1924907,2034983
case_073,0,PIPE_V,2794,RELU,1924907,1925211,2034983
case_073,0,PIPE_M,3416,CONV,1924907,1929563,2034983
case_073,0,PIPE_MTE3,1000009246,COPY_OUT,1925211,1925280,2034983
case_073,0,PIPE_V,3417,RELU,1929563,1929867,2034983
case_073,0,PIPE_M,3418,CONV,1929867,1934523,2034983
case_073,0,PIPE_V,3419,RELU,1934523,1934827,2034983
case_073,0,PIPE_M,4041,CONV,1934523,1939179,2034983
case_073,0,PIPE_MTE3,1000010085,COPY_OUT,1934827,1934896,2034983
case_073,0,PIPE_V,4042,RELU,1939179,1939483,2034983
case_073,0,PIPE_M,4043,CONV,1939483,1944139,2034983
case_073,0,PIPE_V,4044,RELU,1944139,1944443,2034983
case_073,0,PIPE_M,4666,CONV,1944139,1948795,2034983
case_073,0,PIPE_MTE3,1000010927,COPY_OUT,1944443,1944512,2034983
case_073,0,PIPE_V,4667,RELU,1948795,1949099,2034983
case_073,0,PIPE_MTE2,1000011121,COPY_IN,1948896,1949034,2034983
case_073,0,PIPE_MTE2,1000005534,COPY_IN,1949034,1949057,2034983
case_073,0,PIPE_MTE2,1000005544,COPY_IN,1949057,1949097,2034983
case_073,0,PIPE_MTE2,1000006099,COPY_IN,1949097,1949212,2034983
case_073,0,PIPE_M,4668,CONV,1949099,1953755,2034983
case_073,0,PIPE_MTE2,1000006926,COPY_IN,1950532,1950631,2034983
case_073,0,PIPE_MTE2,1000007756,COPY_IN,1952052,1952151,2034983
case_073,0,PIPE_MTE2,1000008601,COPY_IN,1953572,1953671,2034983
case_073,0,PIPE_M,421,CONV,1953755,1958411,2034983
case_073,0,PIPE_V,4669,RELU,1953755,1954059,2034983
case_073,0,PIPE_V,4170,ADD,1954059,1954363,2034983
case_073,0,PIPE_V,4670,ADD,1954363,1954667,2034983
case_073,0,PIPE_MTE3,1000011123,COPY_OUT,1954363,1954486,2034983
case_073,0,PIPE_MTE3,1000011607,COPY_OUT,1954667,1954736,2034983
case_073,0,PIPE_MTE2,1000009446,COPY_IN,1955092,1955191,2034983
case_073,0,PIPE_MTE2,1000010282,COPY_IN,1956612,1956870,2034983
case_073,0,PIPE_V,422,RELU,1958411,1958715,2034983
case_073,0,PIPE_M,423,CONV,1958715,1963371,2034983
case_073,0,PIPE_MTE2,1000011708,COPY_IN,1959051,1959120,2034983
case_073,0,PIPE_MTE2,1000011402,COPY_IN,1959120,1959189,2034983
case_073,0,PIPE_V,424,RELU,1963371,1963675,2034983
case_073,0,PIPE_M,1046,CONV,1963371,1968027,2034983
case_073,0,PIPE_MTE3,1000006104,COPY_OUT,1963675,1963744,2034983
case_073,0,PIPE_V,1047,RELU,1968027,1968331,2034983
case_073,0,PIPE_M,1048,CONV,1968331,1972987,2034983
case_073,0,PIPE_V,1049,RELU,1972987,1973291,2034983
case_073,0,PIPE_M,1671,CONV,1972987,1977643,2034983
case_073,0,PIPE_MTE3,1000006931,COPY_OUT,1973291,1973360,2034983
case_073,0,PIPE_V,1672,RELU,1977643,1977947,2034983
case_073,0,PIPE_M,1673,CONV,1977947,1982603,2034983
case_073,0,PIPE_V,1674,RELU,1982603,1982907,2034983
case_073,0,PIPE_M,2296,CONV,1982603,1987259,2034983
case_073,0,PIPE_MTE3,1000007761,COPY_OUT,1982907,1982976,2034983
case_073,0,PIPE_V,2297,RELU,1987259,1987563,2034983
case_073,0,PIPE_M,2298,CONV,1987563,1992219,2034983
case_073,0,PIPE_V,2299,RELU,1992219,1992523,2034983
case_073,0,PIPE_M,2921,CONV,1992219,1996875,2034983
case_073,0,PIPE_MTE3,1000008606,COPY_OUT,1992523,1992592,2034983
case_073,0,PIPE_V,2922,RELU,1996875,1997179,2034983
case_073,0,PIPE_M,2923,CONV,1997179,2001835,2034983
case_073,0,PIPE_V,2924,RELU,2001835,2002139,2034983
case_073,0,PIPE_M,3546,CONV,2001835,2006491,2034983
case_073,0,PIPE_MTE3,1000009451,COPY_OUT,2002139,2002208,2034983
case_073,0,PIPE_V,3547,RELU,2006491,2006795,2034983
case_073,0,PIPE_M,3548,CONV,2006795,2011451,2034983
case_073,0,PIPE_V,3549,RELU,2011451,2011755,2034983
case_073,0,PIPE_M,4171,CONV,2011451,2016107,2034983
case_073,0,PIPE_MTE3,1000010287,COPY_OUT,2011755,2011824,2034983
case_073,0,PIPE_V,4172,RELU,2016107,2016411,2034983
case_073,0,PIPE_M,4173,CONV,2016411,2021067,2034983
case_073,0,PIPE_V,4174,RELU,2021067,2021371,2034983
case_073,0,PIPE_M,4796,CONV,2021067,2025723,2034983
case_073,0,PIPE_MTE3,1000011126,COPY_OUT,2021371,2021440,2034983
case_073,0,PIPE_V,4797,RELU,2025723,2026027,2034983
case_073,0,PIPE_MTE2,1000011405,COPY_IN,2025755,2025854,2034983
case_073,0,PIPE_M,4798,CONV,2026027,2030683,2034983
case_073,0,PIPE_V,4799,RELU,2030683,2030987,2034983
case_073,0,PIPE_V,4425,ADD,2030987,2031291,2034983
case_073,0,PIPE_V,4800,ADD,2031291,2031595,2034983
case_073,0,PIPE_MTE3,1000011407,COPY_OUT,2031291,2031404,2034983
case_073,0,PIPE_MTE3,1000011710,COPY_OUT,2031595,2031716,2034983
case_073,1,PIPE_MTE2,1000005056,COPY_IN,0,100,2034983
case_073,1,PIPE_MTE2,1000005711,COPY_IN,100,445,2034983
case_073,1,PIPE_M,177,CONV,445,5101,2034983
case_073,1,PIPE_MTE2,1000006544,COPY_IN,445,790,2034983
case_073,1,PIPE_MTE2,1000007371,COPY_IN,790,1135,2034983
case_073,1,PIPE_MTE2,1000008213,COPY_IN,1135,1480,2034983
case_073,1,PIPE_MTE2,1000009061,COPY_IN,1480,1825,2034983
case_073,1,PIPE_MTE2,1000009906,COPY_IN,1825,2170,2034983
case_073,1,PIPE_MTE2,1000010745,COPY_IN,2170,2515,2034983
case_073,1,PIPE_MTE2,1000011515,COPY_IN,2515,2831,2034983
case_073,1,PIPE_MTE2,1000005066,COPY_IN,2831,2911,2034983
case_073,1,PIPE_MTE2,1000005076,COPY_IN,2911,2971,2034983
case_073,1,PIPE_V,178,RELU,5101,5405,2034983
case_073,1,PIPE_M,802,CONV,5101,9757,2034983
case_073,1,PIPE_MTE3,1000005713,COPY_OUT,5405,5750,2034983
case_073,1,PIPE_MTE3,1000005716,COPY_OUT,5750,5957,2034983
case_073,1,PIPE_MTE2,1000005907,COPY_IN,6250,6544,2034983
case_073,1,PIPE_V,803,RELU,9757,10061,2034983
case_073,1,PIPE_M,1427,CONV,9757,14413,2034983
case_073,1,PIPE_MTE3,1000006546,COPY_OUT,10061,10406,2034983
case_073,1,PIPE_MTE3,1000006549,COPY_OUT,10406,10613,2034983
case_073,1,PIPE_MTE2,1000006743,COPY_IN,10906,11200,2034983
case_073,1,PIPE_V,1428,RELU,14413,14717,2034983
case_073,1,PIPE_M,2052,CONV,14413,19069,2034983
case_073,1,PIPE_MTE3,1000007373,COPY_OUT,14717,15062,2034983
case_073,1,PIPE_MTE3,1000007376,COPY_OUT,15062,15269,2034983
case_073,1,PIPE_MTE2,1000007573,COPY_IN,15562,15856,2034983
case_073,1,PIPE_V,2053,RELU,19069,19373,2034983
case_073,1,PIPE_M,2677,CONV,19069,23725,2034983
case_073,1,PIPE_MTE3,1000008215,COPY_OUT,19373,19718,2034983
case_073,1,PIPE_MTE3,1000008218,COPY_OUT,19718,19925,2034983
case_073,1,PIPE_MTE2,1000008418,COPY_IN,20218,20512,2034983
case_073,1,PIPE_V,2678,RELU,23725,24029,2034983
case_073,1,PIPE_M,3302,CONV,23725,28381,2034983
case_073,1,PIPE_MTE3,1000009063,COPY_OUT,24029,24374,2034983
case_073,1,PIPE_MTE3,1000009066,COPY_OUT,24374,24650,2034983
case_073,1,PIPE_MTE2,1000009263,COPY_IN,24874,25150,2034983
case_073,1,PIPE_V,3303,RELU,28381,28685,2034983
case_073,1,PIPE_M,3927,CONV,28381,33037,2034983
case_073,1,PIPE_MTE3,1000009908,COPY_OUT,28685,29030,2034983
case_073,1,PIPE_MTE3,1000009911,COPY_OUT,29030,29168,2034983
case_073,1,PIPE_MTE2,1000010102,COPY_IN,29530,29875,2034983
case_073,1,PIPE_V,3928,RELU,33037,33341,2034983
case_073,1,PIPE_M,4552,CONV,33037,37693,2034983
case_073,1,PIPE_MTE3,1000010747,COPY_OUT,33341,33686,2034983
case_073,1,PIPE_MTE3,1000010750,COPY_OUT,33686,33962,2034983
case_073,1,PIPE_MTE2,1000010941,COPY_IN,34186,34462,2034983
case_073,1,PIPE_M,304,CONV,37693,42349,2034983
case_073,1,PIPE_V,4553,RELU,37693,37997,2034983
case_073,1,PIPE_MTE3,1000011517,COPY_OUT,37997,38273,2034983
case_073,1,PIPE_MTE2,1000011615,COPY_IN,38773,39049,2034983
case_073,1,PIPE_MTE2,1000005086,COPY_IN,39049,39129,2034983
case_073,1,PIPE_MTE2,1000005096,COPY_IN,39129,39189,2034983
case_073,1,PIPE_V,305,RELU,42349,42653,2034983
case_073,1,PIPE_M,306,CONV,42653,47309,2034983
case_073,1,PIPE_V,307,RELU,47309,47613,2034983
case_073,1,PIPE_M,929,CONV,47309,51965,2034983
case_073,1,PIPE_MTE3,1000005912,COPY_OUT,47613,47820,2034983
case_073,1,PIPE_V,930,RELU,51965,52269,2034983
case_073,1,PIPE_M,931,CONV,52269,56925,2034983
case_073,1,PIPE_V,932,RELU,56925,57229,2034983
case_073,1,PIPE_M,1554,CONV,56925,61581,2034983
case_073,1,PIPE_MTE3,1000006748,COPY_OUT,57229,57436,2034983
case_073,1,PIPE_V,1555,RELU,61581,61885,2034983
case_073,1,PIPE_M,1556,CONV,61885,66541,2034983
case_073,1,PIPE_V,1557,RELU,66541,66845,2034983
case_073,1,PIPE_M,2179,CONV,66541,71197,2034983
case_073,1,PIPE_MTE3,1000007578,COPY_OUT,66845,67052,2034983
case_073,1,PIPE_V,2180,RELU,71197,71501,2034983
case_073,1,PIPE_M,2181,CONV,71501,76157,2034983
case_073,1,PIPE_V,2182,RELU,76157,76461,2034983
case_073,1,PIPE_M,2804,CONV,76157,80813,2034983
case_073,1,PIPE_MTE3,1000008423,COPY_OUT,76461,76737,2034983
case_073,1,PIPE_V,2805,RELU,80813,81117,2034983
case_073,1,PIPE_M,2806,CONV,81117,85773,2034983
case_073,1,PIPE_V,2807,RELU,85773,86077,2034983
case_073,1,PIPE_M,3429,CONV,85773,90429,2034983
case_073,1,PIPE_MTE3,1000009268,COPY_OUT,86077,86284,2034983
case_073,1,PIPE_V,3430,RELU,90429,90733,2034983
case_073,1,PIPE_M,3431,CONV,90733,95389,2034983
case_073,1,PIPE_V,3432,RELU,95389,95693,2034983
case_073,1,PIPE_M,4054,CONV,95389,100045,2034983
case_073,1,PIPE_MTE3,1000010107,COPY_OUT,95693,95969,2034983
case_073,1,PIPE_V,4055,RELU,100045,100349,2034983
case_073,1,PIPE_M,4056,CONV,100349,105005,2034983
case_073,1,PIPE_V,4057,RELU,105005,105309,2034983
case_073,1,PIPE_M,4679,CONV,105005,109661,2034983
case_073,1,PIPE_MTE3,1000010946,COPY_OUT,105309,105516,2034983
case_073,1,PIPE_MTE2,1000006118,COPY_IN,107118,107241,2034983
case_073,1,PIPE_MTE2,1000006945,COPY_IN,108614,108713,2034983
case_073,1,PIPE_V,4680,RELU,109661,109965,2034983
case_073,1,PIPE_M,4681,CONV,109965,114621,2034983
case_073,1,PIPE_MTE2,1000007775,COPY_IN,110134,110233,2034983
case_073,1,PIPE_MTE2,1000008620,COPY_IN,111387,111555,2034983
case_073,1,PIPE_MTE2,1000009468,COPY_IN,112202,112285,2034983
case_073,1,PIPE_MTE2,1000010301,COPY_IN,112870,113115,2034983
case_073,1,PIPE_MTE2,1000011143,COPY_IN,113799,113873,2034983
case_073,1,PIPE_M,434,CONV,114621,119277,2034983
case_073,1,PIPE_V,4682,RELU,114621,114925,2034983
case_073,1,PIPE_V,4683,ADD,114925,115229,2034983
case_073,1,PIPE_MTE3,1000011617,COPY_OUT,115229,115436,2034983
case_073,1,PIPE_MTE2,1000011718,COPY_IN,115936,116143,2034983
case_073,1,PIPE_MTE2,1000005106,COPY_IN,116143,116221,2034983
case_073,1,PIPE_V,435,RELU,119277,119581,2034983
case_073,1,PIPE_M,436,CONV,119581,124237,2034983
case_073,1,PIPE_V,437,RELU,124237,124541,2034983
case_073,1,PIPE_M,1059,CONV,124237,128893,2034983
case_073,1,PIPE_MTE3,1000006123,COPY_OUT,124541,124679,2034983
case_073,1,PIPE_V,1060,RELU,128893,129197,2034983
case_073,1,PIPE_M,1061,CONV,129197,133853,2034983
case_073,1,PIPE_V,1062,RELU,133853,134157,2034983
case_073,1,PIPE_M,1684,CONV,133853,138509,2034983
case_073,1,PIPE_MTE3,1000006950,COPY_OUT,134157,134295,2034983
case_073,1,PIPE_V,1685,RELU,138509,138813,2034983
case_073,1,PIPE_M,1686,CONV,138813,143469,2034983
case_073,1,PIPE_V,1687,RELU,143469,143773,2034983
case_073,1,PIPE_M,2309,CONV,143469,148125,2034983
case_073,1,PIPE_MTE3,1000007780,COPY_OUT,143773,143911,2034983
case_073,1,PIPE_V,2310,RELU,148125,148429,2034983
case_073,1,PIPE_M,2311,CONV,148429,153085,2034983
case_073,1,PIPE_V,2312,RELU,153085,153389,2034983
case_073,1,PIPE_M,2934,CONV,153085,157741,2034983
case_073,1,PIPE_MTE3,1000008625,COPY_OUT,153389,153527,2034983
case_073,1,PIPE_V,2935,RELU,157741,158045,2034983
case_073,1,PIPE_M,2936,CONV,158045,162701,2034983
case_073,1,PIPE_V,2937,RELU,162701,163005,2034983
case_073,1,PIPE_M,3559,CONV,162701,167357,2034983
case_073,1,PIPE_MTE3,1000009473,COPY_OUT,163005,163143,2034983
case_073,1,PIPE_V,3560,RELU,167357,167661,2034983
case_073,1,PIPE_M,3561,CONV,167661,172317,2034983
case_073,1,PIPE_V,3562,RELU,172317,172621,2034983
case_073,1,PIPE_M,4184,CONV,172317,176973,2034983
case_073,1,PIPE_MTE3,1000010306,COPY_OUT,172621,172828,2034983
case_073,1,PIPE_V,4185,RELU,176973,177277,2034983
case_073,1,PIPE_M,4186,CONV,177277,181933,2034983
case_073,1,PIPE_V,4187,RELU,181933,182237,2034983
case_073,1,PIPE_M,4809,CONV,181933,186589,2034983
case_073,1,PIPE_MTE3,1000011145,COPY_OUT,182237,182375,2034983
case_073,1,PIPE_MTE2,1000006308,COPY_IN,184401,184503,2034983
case_073,1,PIPE_MTE2,1000007126,COPY_IN,185876,186005,2034983
case_073,1,PIPE_V,4810,RELU,186589,186893,2034983
case_073,1,PIPE_M,4811,CONV,186893,191549,2034983
case_073,1,PIPE_MTE2,1000007953,COPY_IN,187491,187619,2034983
case_073,1,PIPE_MTE2,1000008801,COPY_IN,189115,189276,2034983
case_073,1,PIPE_MTE2,1000009646,COPY_IN,190464,190602,2034983
case_073,1,PIPE_MTE2,1000010482,COPY_IN,190602,190721,2034983
case_073,1,PIPE_M,564,CONV,191549,193901,2034983
case_073,1,PIPE_V,4812,RELU,191549,191853,2034983
case_073,1,PIPE_MTE2,1000011312,COPY_IN,191680,191925,2034983
case_073,1,PIPE_V,4813,ADD,191853,192157,2034983
case_073,1,PIPE_MTE2,1000005116,COPY_IN,191925,192155,2034983
case_073,1,PIPE_MTE2,1000005126,COPY_IN,192155,192450,2034983
case_073,1,PIPE_MTE3,1000011720,COPY_OUT,192157,192429,2034983
case_073,1,PIPE_MTE3,1000011808,COPY_OUT,192429,192664,2034983
case_073,1,PIPE_MTE2,1000005575,COPY_IN,192450,192556,2034983
case_073,1,PIPE_MTE2,1000006417,COPY_IN,192556,192679,2034983
case_073,1,PIPE_MTE2,1000007232,COPY_IN,192679,192714,2034983
case_073,1,PIPE_MTE2,1000008068,COPY_IN,192900,192941,2034983
case_073,1,PIPE_V,565,RELU,193901,194077,2034983
case_073,1,PIPE_M,1189,CONV,193901,196253,2034983
case_073,1,PIPE_MTE3,1000006313,COPY_OUT,194077,194158,2034983
case_073,1,PIPE_MTE2,1000008916,COPY_IN,195047,195095,2034983
case_073,1,PIPE_V,1190,RELU,196253,196429,2034983
case_073,1,PIPE_M,1814,CONV,196253,198605,2034983
case_073,1,PIPE_MTE3,1000007131,COPY_OUT,196429,196510,2034983
case_073,1,PIPE_MTE2,1000009758,COPY_IN,197399,197447,2034983
case_073,1,PIPE_V,1815,RELU,198605,198781,2034983
case_073,1,PIPE_M,2439,CONV,198605,200957,2034983
case_073,1,PIPE_MTE3,1000007958,COPY_OUT,198781,198862,2034983
case_073,1,PIPE_MTE2,1000010597,COPY_IN,199751,199799,2034983
case_073,1,PIPE_V,2440,RELU,200957,201133,2034983
case_073,1,PIPE_M,3064,CONV,200957,203309,2034983
case_073,1,PIPE_MTE3,1000008806,COPY_OUT,201133,201214,2034983
case_073,1,PIPE_MTE2,1000011424,COPY_IN,202068,202103,2034983
case_073,1,PIPE_MTE2,1000005136,COPY_IN,202103,202235,2034983
case_073,1,PIPE_MTE2,1000005146,COPY_IN,202235,202327,2034983
case_073,1,PIPE_V,3065,RELU,203309,203485,2034983
case_073,1,PIPE_M,3689,CONV,203309,205661,2034983
case_073,1,PIPE_MTE3,1000009651,COPY_OUT,203485,203566,2034983
case_073,1,PIPE_V,3690,RELU,205661,205837,2034983
case_073,1,PIPE_M,4314,CONV,205661,208013,2034983
case_073,1,PIPE_MTE3,1000010487,COPY_OUT,205837,205918,2034983
case_073,1,PIPE_M,66,CONV,208013,212669,2034983
case_073,1,PIPE_V,4315,RELU,208013,208189,2034983
case_073,1,PIPE_MTE3,1000011317,COPY_OUT,208189,208259,2034983
case_073,1,PIPE_V,67,RELU,212669,212845,2034983
case_073,1,PIPE_M,68,CONV,212845,217501,2034983
case_073,1,PIPE_V,69,RELU,217501,217677,2034983
case_073,1,PIPE_M,691,CONV,217501,222157,2034983
case_073,1,PIPE_MTE3,1000005577,COPY_OUT,217677,217712,2034983
case_073,1,PIPE_V,692,RELU,222157,222333,2034983
case_073,1,PIPE_M,693,CONV,222333,226989,2034983
case_073,1,PIPE_V,694,RELU,226989,227165,2034983
case_073,1,PIPE_M,1316,CONV,226989,231645,2034983
case_073,1,PIPE_MTE3,1000006419,COPY_OUT,227165,227200,2034983
case_073,1,PIPE_V,1317,RELU,231645,231821,2034983
case_073,1,PIPE_M,1318,CONV,231821,236477,2034983
case_073,1,PIPE_V,1319,RELU,236477,236653,2034983
case_073,1,PIPE_M,1941,CONV,236477,241133,2034983
case_073,1,PIPE_MTE3,1000007234,COPY_OUT,236653,236688,2034983
case_073,1,PIPE_V,1942,RELU,241133,241309,2034983
case_073,1,PIPE_M,1943,CONV,241309,245965,2034983
case_073,1,PIPE_V,1944,RELU,245965,246141,2034983
case_073,1,PIPE_M,2566,CONV,245965,250621,2034983
case_073,1,PIPE_MTE3,1000008070,COPY_OUT,246141,246176,2034983
case_073,1,PIPE_V,2567,RELU,250621,250797,2034983
case_073,1,PIPE_M,2568,CONV,250797,255453,2034983
case_073,1,PIPE_V,2569,RELU,255453,255629,2034983
case_073,1,PIPE_M,3191,CONV,255453,260109,2034983
case_073,1,PIPE_MTE3,1000008918,COPY_OUT,255629,255664,2034983
case_073,1,PIPE_V,3192,RELU,260109,260285,2034983
case_073,1,PIPE_M,3193,CONV,260285,264941,2034983
case_073,1,PIPE_V,3194,RELU,264941,265117,2034983
case_073,1,PIPE_M,3816,CONV,264941,269597,2034983
case_073,1,PIPE_MTE3,1000009760,COPY_OUT,265117,265152,2034983
case_073,1,PIPE_V,3817,RELU,269597,269773,2034983
case_073,1,PIPE_M,3818,CONV,269773,274429,2034983
case_073,1,PIPE_V,3819,RELU,274429,274605,2034983
case_073,1,PIPE_M,4441,CONV,274429,279085,2034983
case_073,1,PIPE_MTE3,1000010599,COPY_OUT,274605,274640,2034983
case_073,1,PIPE_MTE2,1000005747,COPY_IN,277844,277907,2034983
case_073,1,PIPE_MTE2,1000006577,COPY_IN,278752,278787,2034983
case_073,1,PIPE_V,4442,RELU,279085,279261,2034983
case_073,1,PIPE_M,4443,CONV,279261,283917,2034983
case_073,1,PIPE_MTE2,1000007404,COPY_IN,279632,279667,2034983
case_073,1,PIPE_MTE2,1000008246,COPY_IN,280512,280547,2034983
case_073,1,PIPE_MTE2,1000009091,COPY_IN,281392,281427,2034983
case_073,1,PIPE_MTE2,1000009933,COPY_IN,282272,282307,2034983
case_073,1,PIPE_MTE2,1000010775,COPY_IN,283152,283187,2034983
case_073,1,PIPE_MTE2,1000011530,COPY_IN,283187,283222,2034983
case_073,1,PIPE_MTE2,1000005156,COPY_IN,283222,283424,2034983
case_073,1,PIPE_M,196,CONV,283917,288573,2034983
case_073,1,PIPE_V,4444,RELU,283917,284093,2034983
case_073,1,PIPE_V,4445,ADD,284093,284269,2034983
case_073,1,PIPE_MTE3,1000011426,COPY_OUT,284269,284304,2034983
case_073,1,PIPE_V,197,RELU,288573,288749,2034983
case_073,1,PIPE_M,198,CONV,288749,293405,2034983
case_073,1,PIPE_V,199,RELU,293405,293581,2034983
case_073,1,PIPE_M,821,CONV,293405,298061,2034983
case_073,1,PIPE_MTE3,1000005752,COPY_OUT,293581,293616,2034983
case_073,1,PIPE_V,822,RELU,298061,298237,2034983
case_073,1,PIPE_M,823,CONV,298237,302893,2034983
case_073,1,PIPE_V,824,RELU,302893,303069,2034983
case_073,1,PIPE_M,1446,CONV,302893,307549,2034983
case_073,1,PIPE_MTE3,1000006582,COPY_OUT,303069,303104,2034983
case_073,1,PIPE_V,1447,RELU,307549,307725,2034983
case_073,1,PIPE_M,1448,CONV,307725,312381,2034983
case_073,1,PIPE_V,1449,RELU,312381,312557,2034983
case_073,1,PIPE_M,2071,CONV,312381,317037,2034983
case_073,1,PIPE_MTE3,1000007409,COPY_OUT,312557,312592,2034983
case_073,1,PIPE_V,2072,RELU,317037,317213,2034983
case_073,1,PIPE_M,2073,CONV,317213,321869,2034983
case_073,1,PIPE_V,2074,RELU,321869,322045,2034983
case_073,1,PIPE_M,2696,CONV,321869,326525,2034983
case_073,1,PIPE_MTE3,1000008251,COPY_OUT,322045,322080,2034983
case_073,1,PIPE_V,2697,RELU,326525,326701,2034983
case_073,1,PIPE_M,2698,CONV,326701,331357,2034983
case_073,1,PIPE_V,2699,RELU,331357,331533,2034983
case_073,1,PIPE_M,3321,CONV,331357,336013,2034983
case_073,1,PIPE_MTE3,1000009096,COPY_OUT,331533,331568,2034983
case_073,1,PIPE_V,3322,RELU,336013,336189,2034983
case_073,1,PIPE_M,3323,CONV,336189,340845,2034983
case_073,1,PIPE_V,3324,RELU,340845,341021,2034983
case_073,1,PIPE_M,3946,CONV,340845,345501,2034983
case_073,1,PIPE_MTE3,1000009938,COPY_OUT,341021,341056,2034983
case_073,1,PIPE_V,3947,RELU,345501,345677,2034983
case_073,1,PIPE_M,3948,CONV,345677,350333,2034983
case_073,1,PIPE_MTE2,1000005949,COPY_IN,349303,349366,2034983
case_073,1,PIPE_MTE2,1000006782,COPY_IN,350148,350218,2034983
case_073,1,PIPE_V,3949,RELU,350333,350509,2034983
case_073,1,PIPE_M,4571,CONV,350333,354989,2034983
case_073,1,PIPE_MTE3,1000010780,COPY_OUT,350509,350589,2034983
case_073,1,PIPE_MTE2,1000007612,COPY_IN,351057,351145,2034983
case_073,1,PIPE_MTE2,1000008457,COPY_IN,351961,352006,2034983
case_073,1,PIPE_MTE2,1000009302,COPY_IN,352816,352886,2034983
case_073,1,PIPE_MTE2,1000010138,COPY_IN,353668,353738,2034983
case_073,1,PIPE_MTE2,1000010980,COPY_IN,354548,354583,2034983
case_073,1,PIPE_MTE2,1000011633,COPY_IN,354889,354924,2034983
case_073,1,PIPE_MTE2,1000005166,COPY_IN,354924,355659,2034983
case_073,1,PIPE_V,4572,RELU,354989,355165,2034983
case_073,1,PIPE_M,4573,CONV,355165,359821,2034983
case_073,1,PIPE_MTE2,1000005176,COPY_IN,355659,356661,2034983
case_073,1,PIPE_MTE2,1000006151,COPY_IN,357050,357068,2034983
case_073,1,PIPE_MTE2,1000006978,COPY_IN,359329,359360,2034983
case_073,1,PIPE_M,326,CONV,359821,362173,2034983
case_073,1,PIPE_V,4574,RELU,359821,359997,2034983
case_073,1,PIPE_V,4575,ADD,359997,360173,2034983
case_073,1,PIPE_MTE3,1000011532,COPY_OUT,360173,360208,2034983
case_073,1,PIPE_MTE3,1000011535,COPY_OUT,360208,360243,2034983
case_073,1,PIPE_MTE2,1000007808,COPY_IN,361702,361733,2034983
case_073,1,PIPE_V,327,RELU,362173,362285,2034983
case_073,1,PIPE_M,951,CONV,362173,364525,2034983
case_073,1,PIPE_MTE3,1000005951,COPY_OUT,362285,362303,2034983
case_073,1,PIPE_MTE3,1000005954,COPY_OUT,362303,362321,2034983
case_073,1,PIPE_MTE2,1000008653,COPY_IN,364033,364064,2034983
case_073,1,PIPE_V,952,RELU,364525,364637,2034983
case_073,1,PIPE_M,1576,CONV,364525,366877,2034983
case_073,1,PIPE_MTE3,1000006787,COPY_OUT,364637,364655,2034983
case_073,1,PIPE_MTE3,1000006790,COPY_OUT,364655,364673,2034983
case_073,1,PIPE_MTE2,1000009501,COPY_IN,366385,366416,2034983
case_073,1,PIPE_V,1577,RELU,366877,366989,2034983
case_073,1,PIPE_M,2201,CONV,366877,369229,2034983
case_073,1,PIPE_MTE3,1000007614,COPY_OUT,366989,367007,2034983
case_073,1,PIPE_MTE3,1000007617,COPY_OUT,367007,367025,2034983
case_073,1,PIPE_MTE2,1000010334,COPY_IN,368737,368768,2034983
case_073,1,PIPE_V,2202,RELU,369229,369341,2034983
case_073,1,PIPE_M,2826,CONV,369229,371581,2034983
case_073,1,PIPE_MTE3,1000008459,COPY_OUT,369341,369359,2034983
case_073,1,PIPE_MTE3,1000008462,COPY_OUT,369359,369377,2034983
case_073,1,PIPE_MTE2,1000011173,COPY_IN,371089,371120,2034983
case_073,1,PIPE_V,2827,RELU,371581,371693,2034983
case_073,1,PIPE_M,3451,CONV,371581,373933,2034983
case_073,1,PIPE_MTE3,1000009304,COPY_OUT,371693,371711,2034983
case_073,1,PIPE_MTE3,1000009307,COPY_OUT,371711,371729,2034983
case_073,1,PIPE_MTE2,1000011736,COPY_IN,373428,373464,2034983
case_073,1,PIPE_MTE2,1000005186,COPY_IN,373464,374242,2034983
case_073,1,PIPE_V,3452,RELU,373933,374045,2034983
case_073,1,PIPE_M,4076,CONV,373933,376285,2034983
case_073,1,PIPE_MTE3,1000010140,COPY_OUT,374045,374117,2034983
case_073,1,PIPE_MTE3,1000010143,COPY_OUT,374117,374189,2034983
case_073,1,PIPE_V,4077,RELU,376285,376397,2034983
case_073,1,PIPE_M,4701,CONV,376285,378637,2034983
case_073,1,PIPE_MTE3,1000010982,COPY_OUT,376397,376415,2034983
case_073,1,PIPE_MTE3,1000010985,COPY_OUT,376415,376433,2034983
case_073,1,PIPE_M,453,CONV,378637,383293,2034983
case_073,1,PIPE_V,4702,RELU,378637,378749,2034983
case_073,1,PIPE_MTE3,1000011635,COPY_OUT,378749,378767,2034983
case_073,1,PIPE_V,454,RELU,383293,383405,2034983
case_073,1,PIPE_M,455,CONV,383405,388061,2034983
case_073,1,PIPE_V,456,RELU,388061,388173,2034983
case_073,1,PIPE_M,1078,CONV,388061,392717,2034983
case_073,1,PIPE_MTE3,1000006153,COPY_OUT,388173,388191,2034983
case_073,1,PIPE_V,1079,RELU,392717,392829,2034983
case_073,1,PIPE_M,1080,CONV,392829,397485,2034983
case_073,1,PIPE_V,1081,RELU,397485,397597,2034983
case_073,1,PIPE_M,1703,CONV,397485,402141,2034983
case_073,1,PIPE_MTE3,1000006980,COPY_OUT,397597,397615,2034983
case_073,1,PIPE_V,1704,RELU,402141,402253,2034983
case_073,1,PIPE_M,1705,CONV,402253,406909,2034983
case_073,1,PIPE_V,1706,RELU,406909,407021,2034983
case_073,1,PIPE_M,2328,CONV,406909,411565,2034983
case_073,1,PIPE_MTE3,1000007810,COPY_OUT,407021,407039,2034983
case_073,1,PIPE_V,2329,RELU,411565,411677,2034983
case_073,1,PIPE_M,2330,CONV,411677,416333,2034983
case_073,1,PIPE_V,2331,RELU,416333,416445,2034983
case_073,1,PIPE_M,2953,CONV,416333,420989,2034983
case_073,1,PIPE_MTE3,1000008655,COPY_OUT,416445,416463,2034983
case_073,1,PIPE_V,2954,RELU,420989,421101,2034983
case_073,1,PIPE_M,2955,CONV,421101,425757,2034983
case_073,1,PIPE_V,2956,RELU,425757,425869,2034983
case_073,1,PIPE_M,3578,CONV,425757,430413,2034983
case_073,1,PIPE_MTE3,1000009503,COPY_OUT,425869,425887,2034983
case_073,1,PIPE_V,3579,RELU,430413,430525,2034983
case_073,1,PIPE_M,3580,CONV,430525,435181,2034983
case_073,1,PIPE_V,3581,RELU,435181,435293,2034983
case_073,1,PIPE_M,4203,CONV,435181,439837,2034983
case_073,1,PIPE_MTE3,1000010336,COPY_OUT,435293,435311,2034983
case_073,1,PIPE_V,4204,RELU,439837,439949,2034983
case_073,1,PIPE_M,4205,CONV,439949,444605,2034983
case_073,1,PIPE_MTE2,1000006329,COPY_IN,439956,439974,2034983
case_073,1,PIPE_MTE2,1000005196,COPY_IN,439974,440440,2034983
case_073,1,PIPE_MTE2,1000007144,COPY_IN,440534,440552,2034983
case_073,1,PIPE_MTE2,1000007971,COPY_IN,441076,441094,2034983
case_073,1,PIPE_MTE2,1000008819,COPY_IN,441636,441654,2034983
case_073,1,PIPE_MTE2,1000009664,COPY_IN,442196,442214,2034983
case_073,1,PIPE_MTE2,1000010500,COPY_IN,442756,442774,2034983
case_073,1,PIPE_V,4206,RELU,444605,444717,2034983
case_073,1,PIPE_M,4828,CONV,444605,449261,2034983
case_073,1,PIPE_MTE3,1000011175,COPY_OUT,444717,444735,2034983
case_073,1,PIPE_MTE2,1000011330,COPY_IN,446013,446031,2034983
case_073,1,PIPE_MTE2,1000005596,COPY_IN,446031,446049,2034983
case_073,1,PIPE_V,4829,RELU,449261,449373,2034983
case_073,1,PIPE_M,4830,CONV,449373,454029,2034983
case_073,1,PIPE_M,583,CONV,454029,458685,2034983
case_073,1,PIPE_V,4831,RELU,454029,454141,2034983
case_073,1,PIPE_V,4832,ADD,454141,454253,2034983
case_073,1,PIPE_MTE3,1000011738,COPY_OUT,454253,454271,2034983
case_073,1,PIPE_MTE2,1000005599,COPY_IN,455669,455687,2034983
case_073,1,PIPE_MTE2,1000005771,COPY_IN,455687,455705,2034983
case_073,1,PIPE_MTE2,1000005777,COPY_IN,455897,455915,2034983
case_073,1,PIPE_MTE2,1000005961,COPY_IN,455915,455933,2034983
case_073,1,PIPE_MTE2,1000005967,COPY_IN,458019,458037,2034983
case_073,1,PIPE_MTE2,1000006160,COPY_IN,458037,458055,2034983
case_073,1,PIPE_MTE2,1000006163,COPY_IN,458627,458645,2034983
case_073,1,PIPE_MTE2,1000006444,COPY_IN,458645,458663,2034983
case_073,1,PIPE_V,584,RELU,458685,458797,2034983
case_073,1,PIPE_M,585,CONV,458797,463453,2034983
case_073,1,PIPE_V,586,RELU,463453,463565,2034983
case_073,1,PIPE_M,1208,CONV,463453,468109,2034983
case_073,1,PIPE_MTE2,1000006447,COPY_IN,465093,465111,2034983
case_073,1,PIPE_MTE2,1000006598,COPY_IN,465111,465129,2034983
case_073,1,PIPE_MTE2,1000006604,COPY_IN,465321,465339,2034983
case_073,1,PIPE_MTE2,1000006797,COPY_IN,465339,465357,2034983
case_073,1,PIPE_MTE2,1000006803,COPY_IN,467443,467461,2034983
case_073,1,PIPE_MTE2,1000006987,COPY_IN,467461,467479,2034983
case_073,1,PIPE_MTE2,1000006990,COPY_IN,468051,468069,2034983
case_073,1,PIPE_MTE2,1000007259,COPY_IN,468069,468087,2034983
case_073,1,PIPE_V,1209,RELU,468109,468221,2034983
case_073,1,PIPE_M,1210,CONV,468221,472877,2034983
case_073,1,PIPE_V,1211,RELU,472877,472989,2034983
case_073,1,PIPE_M,1833,CONV,472877,477533,2034983
case_073,1,PIPE_MTE2,1000007262,COPY_IN,474517,474535,2034983
case_073,1,PIPE_MTE2,1000007428,COPY_IN,474535,474553,2034983
case_073,1,PIPE_MTE2,1000007434,COPY_IN,474745,474763,2034983
case_073,1,PIPE_MTE2,1000007624,COPY_IN,474763,474781,2034983
case_073,1,PIPE_MTE2,1000007630,COPY_IN,476867,476885,2034983
case_073,1,PIPE_MTE2,1000007817,COPY_IN,476885,476903,2034983
case_073,1,PIPE_MTE2,1000007820,COPY_IN,477475,477493,2034983
case_073,1,PIPE_MTE2,1000008095,COPY_IN,477493,477511,2034983
case_073,1,PIPE_V,1834,RELU,477533,477645,2034983
case_073,1,PIPE_M,1835,CONV,477645,482301,2034983
case_073,1,PIPE_V,1836,RELU,482301,482413,2034983
case_073,1,PIPE_M,2458,CONV,482301,486957,2034983
case_073,1,PIPE_MTE2,1000008098,COPY_IN,483941,483959,2034983
case_073,1,PIPE_MTE2,1000008270,COPY_IN,483959,483977,2034983
case_073,1,PIPE_MTE2,1000008276,COPY_IN,484169,484187,2034983
case_073,1,PIPE_MTE2,1000008469,COPY_IN,484187,484205,2034983
case_073,1,PIPE_MTE2,1000008475,COPY_IN,486291,486309,2034983
case_073,1,PIPE_MTE2,1000008662,COPY_IN,486309,486327,2034983
case_073,1,PIPE_MTE2,1000008665,COPY_IN,486899,486917,2034983
case_073,1,PIPE_MTE2,1000008943,COPY_IN,486917,486935,2034983
case_073,1,PIPE_V,2459,RELU,486957,487069,2034983
case_073,1,PIPE_M,2460,CONV,487069,491725,2034983
case_073,1,PIPE_V,2461,RELU,491725,491837,2034983
case_073,1,PIPE_M,3083,CONV,491725,496381,2034983
case_073,1,PIPE_MTE2,1000008946,COPY_IN,493365,493383,2034983
case_073,1,PIPE_MTE2,1000009115,COPY_IN,493383,493401,2034983
case_073,1,PIPE_MTE2,1000009121,COPY_IN,493593,493611,2034983
case_073,1,PIPE_MTE2,1000009314,COPY_IN,493611,493629,2034983
case_073,1,PIPE_MTE2,1000009320,COPY_IN,495715,495733,2034983
case_073,1,PIPE_MTE2,1000009510,COPY_IN,495733,495751,2034983
case_073,1,PIPE_MTE2,1000009513,COPY_IN,496323,496341,2034983
case_073,1,PIPE_MTE2,1000009785,COPY_IN,496341,496359,2034983
case_073,1,PIPE_V,3084,RELU,496381,496493,2034983
case_073,1,PIPE_M,3085,CONV,496493,501149,2034983
case_073,1,PIPE_V,3086,RELU,501149,501261,2034983
case_073,1,PIPE_M,3708,CONV,501149,505805,2034983
case_073,1,PIPE_MTE2,1000009788,COPY_IN,502789,502807,2034983
case_073,1,PIPE_MTE2,1000009957,COPY_IN,502807,502825,2034983
case_073,1,PIPE_MTE2,1000009963,COPY_IN,503017,503035,2034983
case_073,1,PIPE_MTE2,1000010150,COPY_IN,503035,503053,2034983
case_073,1,PIPE_MTE2,1000010156,COPY_IN,505139,505157,2034983
case_073,1,PIPE_MTE2,1000010343,COPY_IN,505157,505175,2034983
case_073,1,PIPE_MTE2,1000010346,COPY_IN,505747,505765,2034983
case_073,1,PIPE_MTE2,1000010624,COPY_IN,505765,505783,2034983
case_073,1,PIPE_V,3709,RELU,505805,505917,2034983
case_073,1,PIPE_M,3710,CONV,505917,510573,2034983
case_073,1,PIPE_V,3711,RELU,510573,510685,2034983
case_073,1,PIPE_M,4333,CONV,510573,515229,2034983
case_073,1,PIPE_MTE2,1000010627,COPY_IN,512213,512231,2034983
case_073,1,PIPE_MTE2,1000010799,COPY_IN,512231,512249,2034983
case_073,1,PIPE_MTE2,1000010805,COPY_IN,512441,512459,2034983
case_073,1,PIPE_MTE2,1000010992,COPY_IN,512459,512477,2034983
case_073,1,PIPE_MTE2,1000010998,COPY_IN,514563,514581,2034983
case_073,1,PIPE_MTE2,1000011182,COPY_IN,514581,514599,2034983
case_073,1,PIPE_MTE2,1000011185,COPY_IN,515171,515189,2034983
case_073,1,PIPE_MTE2,1000005206,COPY_IN,515189,515804,2034983
case_073,1,PIPE_V,4334,RELU,515229,515341,2034983
case_073,1,PIPE_M,4335,CONV,515341,519997,2034983
case_073,1,PIPE_V,4336,RELU,519997,520109,2034983
case_073,1,PIPE_V,87,ADD,520109,520221,2034983
case_073,1,PIPE_M,88,CONV,520221,522573,2034983
case_073,1,PIPE_V,212,ADD,520221,520333,2034983
case_073,1,PIPE_MTE3,1000005601,COPY_OUT,520221,520239,2034983
case_073,1,PIPE_V,337,ADD,520333,520445,2034983
case_073,1,PIPE_MTE3,1000005779,COPY_OUT,520333,520351,2034983
case_073,1,PIPE_V,462,ADD,520445,520557,2034983
case_073,1,PIPE_MTE3,1000005969,COPY_OUT,520445,520463,2034983
case_073,1,PIPE_V,587,ADD,520557,520669,2034983
case_073,1,PIPE_MTE3,1000006165,COPY_OUT,520557,520575,2034983
case_073,1,PIPE_MTE3,1000006168,COPY_OUT,520575,520593,2034983
case_073,1,PIPE_V,712,ADD,520669,520781,2034983
case_073,1,PIPE_MTE3,1000006331,COPY_OUT,520669,520687,2034983
case_073,1,PIPE_MTE3,1000006334,COPY_OUT,520687,520705,2034983
case_073,1,PIPE_V,837,ADD,520781,520893,2034983
case_073,1,PIPE_MTE3,1000006449,COPY_OUT,520781,520799,2034983
case_073,1,PIPE_MTE3,1000006452,COPY_OUT,520799,520817,2034983
case_073,1,PIPE_V,962,ADD,520893,521005,2034983
case_073,1,PIPE_MTE3,1000006606,COPY_OUT,520893,520911,2034983
case_073,1,PIPE_V,1087,ADD,521005,521117,2034983
case_073,1,PIPE_MTE3,1000006805,COPY_OUT,521005,521023,2034983
case_073,1,PIPE_V,1212,ADD,521117,521229,2034983
case_073,1,PIPE_MTE3,1000006992,COPY_OUT,521117,521135,2034983
case_073,1,PIPE_MTE3,1000006995,COPY_OUT,521135,521153,2034983
case_073,1,PIPE_V,1337,ADD,521229,521341,2034983
case_073,1,PIPE_MTE3,1000007146,COPY_OUT,521229,521263,2034983
case_073,1,PIPE_MTE3,1000007149,COPY_OUT,521263,521299,2034983
case_073,1,PIPE_V,1462,ADD,521341,521453,2034983
case_073,1,PIPE_MTE3,1000007264,COPY_OUT,521341,521359,2034983
case_073,1,PIPE_MTE3,1000011840,COPY_OUT,521359,521377,2034983
case_073,1,PIPE_V,1587,ADD,521453,521565,2034983
case_073,1,PIPE_MTE3,1000007436,COPY_OUT,521453,521504,2034983
case_073,1,PIPE_V,1712,ADD,521565,521677,2034983
case_073,1,PIPE_MTE3,1000007632,COPY_OUT,521565,521601,2034983
case_073,1,PIPE_V,1837,ADD,521677,521789,2034983
case_073,1,PIPE_MTE3,1000007822,COPY_OUT,521677,521719,2034983
case_073,1,PIPE_MTE3,1000007825,COPY_OUT,521719,521755,2034983
case_073,1,PIPE_V,1962,ADD,521789,521901,2034983
case_073,1,PIPE_MTE3,1000007973,COPY_OUT,521789,521830,2034983
case_073,1,PIPE_MTE3,1000007976,COPY_OUT,521830,521870,2034983
case_073,1,PIPE_V,2087,ADD,521901,522013,2034983
case_073,1,PIPE_MTE3,1000008100,COPY_OUT,521901,521937,2034983
case_073,1,PIPE_MTE3,1000011836,COPY_OUT,521937,521973,2034983
case_073,1,PIPE_V,2212,ADD,522013,522125,2034983
case_073,1,PIPE_MTE3,1000008278,COPY_OUT,522013,522049,2034983
case_073,1,PIPE_V,2337,ADD,522125,522237,2034983
case_073,1,PIPE_MTE3,1000008477,COPY_OUT,522125,522161,2034983
case_073,1,PIPE_V,2462,ADD,522237,522349,2034983
case_073,1,PIPE_MTE3,1000008667,COPY_OUT,522237,522282,2034983
case_073,1,PIPE_MTE3,1000008670,COPY_OUT,522282,522327,2034983
case_073,1,PIPE_V,2587,ADD,522349,522461,2034983
case_073,1,PIPE_MTE3,1000008821,COPY_OUT,522349,522393,2034983
case_073,1,PIPE_MTE3,1000008824,COPY_OUT,522393,522422,2034983
case_073,1,PIPE_V,2712,ADD,522461,522573,2034983
case_073,1,PIPE_MTE3,1000008948,COPY_OUT,522461,522479,2034983
case_073,1,PIPE_MTE3,1000011832,COPY_OUT,522479,522497,2034983
case_073,1,PIPE_M,338,CONV,522573,524925,2034983
case_073,1,PIPE_V,2837,ADD,522573,522685,2034983
case_073,1,PIPE_MTE3,1000009123,COPY_OUT,522573,522591,2034983
case_073,1,PIPE_V,2962,ADD,522685,522797,2034983
case_073,1,PIPE_MTE3,1000009322,COPY_OUT,522685,522703,2034983
case_073,1,PIPE_V,3087,ADD,522797,522909,2034983
case_073,1,PIPE_MTE3,1000009515,COPY_OUT,522797,522815,2034983
case_073,1,PIPE_MTE3,1000009518,COPY_OUT,522815,522839,2034983
case_073,1,PIPE_V,3212,ADD,522909,523021,2034983
case_073,1,PIPE_MTE3,1000009666,COPY_OUT,522909,522929,2034983
case_073,1,PIPE_MTE3,1000009669,COPY_OUT,522929,522947,2034983
case_073,1,PIPE_V,3337,ADD,523021,523133,2034983
case_073,1,PIPE_MTE3,1000009790,COPY_OUT,523021,523039,2034983
case_073,1,PIPE_MTE3,1000011828,COPY_OUT,523039,523057,2034983
case_073,1,PIPE_V,3462,ADD,523133,523245,2034983
case_073,1,PIPE_MTE3,1000009965,COPY_OUT,523133,523151,2034983
case_073,1,PIPE_V,3587,ADD,523245,523357,2034983
case_073,1,PIPE_MTE3,1000010158,COPY_OUT,523245,523263,2034983
case_073,1,PIPE_V,3712,ADD,523357,523469,2034983
case_073,1,PIPE_MTE3,1000010348,COPY_OUT,523357,523375,2034983
case_073,1,PIPE_MTE3,1000010351,COPY_OUT,523375,523393,2034983
case_073,1,PIPE_V,3837,ADD,523469,523581,2034983
case_073,1,PIPE_MTE3,1000010502,COPY_OUT,523469,523487,2034983
case_073,1,PIPE_MTE3,1000010505,COPY_OUT,523487,523505,2034983
case_073,1,PIPE_V,3962,ADD,523581,523693,2034983
case_073,1,PIPE_MTE3,1000010629,COPY_OUT,523581,523617,2034983
case_073,1,PIPE_MTE3,1000011824,COPY_OUT,523617,523654,2034983
case_073,1,PIPE_V,4087,ADD,523693,523805,2034983
case_073,1,PIPE_MTE3,1000010807,COPY_OUT,523693,523711,2034983
case_073,1,PIPE_V,4212,ADD,523805,523917,2034983
case_073,1,PIPE_MTE3,1000011000,COPY_OUT,523805,523823,2034983
case_073,1,PIPE_V,4337,ADD,523917,524029,2034983
case_073,1,PIPE_MTE3,1000011187,COPY_OUT,523917,523935,2034983
case_073,1,PIPE_MTE3,1000011190,COPY_OUT,523935,523953,2034983
case_073,1,PIPE_V,89,RELU,524029,524109,2034983
case_073,1,PIPE_MTE3,1000011332,COPY_OUT,524029,524047,2034983
case_073,1,PIPE_MTE3,1000011335,COPY_OUT,524047,524065,2034983
case_073,1,PIPE_MTE3,1000005604,COPY_OUT,524109,524120,2034983
case_073,1,PIPE_MTE2,1000011642,COPY_IN,524117,524163,2034983
case_073,1,PIPE_MTE3,1000005607,COPY_OUT,524120,524147,2034983
case_073,1,PIPE_MTE2,1000005216,COPY_IN,524163,530201,2034983
case_073,1,PIPE_V,339,RELU,524925,525005,2034983
case_073,1,PIPE_M,963,CONV,524925,527277,2034983
case_073,1,PIPE_MTE3,1000005972,COPY_OUT,525005,525059,2034983
case_073,1,PIPE_MTE3,1000005975,COPY_OUT,525059,525113,2034983
case_073,1,PIPE_V,964,RELU,527277,527357,2034983
case_073,1,PIPE_M,1588,CONV,527277,529629,2034983
case_073,1,PIPE_MTE3,1000006808,COPY_OUT,527357,527411,2034983
case_073,1,PIPE_MTE3,1000006811,COPY_OUT,527411,527465,2034983
case_073,1,PIPE_V,1589,RELU,529629,529709,2034983
case_073,1,PIPE_M,2213,CONV,529629,531981,2034983
case_073,1,PIPE_MTE3,1000007635,COPY_OUT,529709,529763,2034983
case_073,1,PIPE_MTE3,1000007638,COPY_OUT,529763,529817,2034983
case_073,1,PIPE_MTE2,1000005226,COPY_IN,530201,536544,2034983
case_073,1,PIPE_V,2214,RELU,531981,532061,2034983
case_073,1,PIPE_M,2838,CONV,531981,534333,2034983
case_073,1,PIPE_MTE3,1000008480,COPY_OUT,532061,532115,2034983
case_073,1,PIPE_MTE3,1000008483,COPY_OUT,532115,532169,2034983
case_073,1,PIPE_V,2839,RELU,534333,534413,2034983
case_073,1,PIPE_M,3463,CONV,534333,536685,2034983
case_073,1,PIPE_MTE3,1000009325,COPY_OUT,534413,534467,2034983
case_073,1,PIPE_MTE3,1000009328,COPY_OUT,534467,534521,2034983
case_073,1,PIPE_MTE2,1000006172,COPY_IN,536544,536589,2034983
case_073,1,PIPE_MTE2,1000006999,COPY_IN,536589,536634,2034983
case_073,1,PIPE_MTE2,1000007829,COPY_IN,536634,536679,2034983
case_073,1,PIPE_MTE2,1000008674,COPY_IN,536679,536724,2034983
case_073,1,PIPE_V,3464,RELU,536685,536765,2034983
case_073,1,PIPE_M,4088,CONV,536685,539037,2034983
case_073,1,PIPE_MTE2,1000009522,COPY_IN,536724,536770,2034983
case_073,1,PIPE_MTE3,1000010161,COPY_OUT,536765,536811,2034983
case_073,1,PIPE_MTE3,1000010164,COPY_OUT,536811,536856,2034983
case_073,1,PIPE_MTE2,1000010355,COPY_IN,538069,538083,2034983
case_073,1,PIPE_V,4089,RELU,539037,539117,2034983
case_073,1,PIPE_M,4713,CONV,539037,541389,2034983
case_073,1,PIPE_MTE3,1000011003,COPY_OUT,539117,539126,2034983
case_073,1,PIPE_MTE3,1000011006,COPY_OUT,539126,539135,2034983
case_073,1,PIPE_MTE2,1000011194,COPY_IN,540419,540437,2034983
case_073,1,PIPE_M,465,CONV,541389,546045,2034983
case_073,1,PIPE_V,4714,RELU,541389,541469,2034983
case_073,1,PIPE_MTE3,1000011647,COPY_OUT,541469,541496,2034983
case_073,1,PIPE_MTE2,1000011748,COPY_IN,542791,542827,2034983
case_073,1,PIPE_MTE2,1000005236,COPY_IN,542827,547647,2034983
case_073,1,PIPE_V,466,RELU,546045,546125,2034983
case_073,1,PIPE_M,467,CONV,546125,550781,2034983
case_073,1,PIPE_MTE2,1000005246,COPY_IN,547647,550375,2034983
case_073,1,PIPE_V,468,RELU,550781,550861,2034983
case_073,1,PIPE_M,1090,CONV,550781,555437,2034983
case_073,1,PIPE_MTE3,1000006174,COPY_OUT,550861,550870,2034983
case_073,1,PIPE_V,1091,RELU,555437,555517,2034983
case_073,1,PIPE_M,1092,CONV,555517,560173,2034983
case_073,1,PIPE_V,1093,RELU,560173,560253,2034983
case_073,1,PIPE_M,1715,CONV,560173,564829,2034983
case_073,1,PIPE_MTE3,1000007001,COPY_OUT,560253,560262,2034983
case_073,1,PIPE_V,1716,RELU,564829,564909,2034983
case_073,1,PIPE_M,1717,CONV,564909,569565,2034983
case_073,1,PIPE_V,1718,RELU,569565,569645,2034983
case_073,1,PIPE_M,2340,CONV,569565,574221,2034983
case_073,1,PIPE_MTE3,1000007831,COPY_OUT,569645,569654,2034983
case_073,1,PIPE_V,2341,RELU,574221,574301,2034983
case_073,1,PIPE_M,2342,CONV,574301,578957,2034983
case_073,1,PIPE_V,2343,RELU,578957,579037,2034983
case_073,1,PIPE_M,2965,CONV,578957,583613,2034983
case_073,1,PIPE_MTE3,1000008676,COPY_OUT,579037,579046,2034983
case_073,1,PIPE_V,2966,RELU,583613,583693,2034983
case_073,1,PIPE_M,2967,CONV,583693,588349,2034983
case_073,1,PIPE_V,2968,RELU,588349,588429,2034983
case_073,1,PIPE_M,3590,CONV,588349,593005,2034983
case_073,1,PIPE_MTE3,1000009524,COPY_OUT,588429,588438,2034983
case_073,1,PIPE_V,3591,RELU,593005,593085,2034983
case_073,1,PIPE_M,3592,CONV,593085,597741,2034983
case_073,1,PIPE_V,3593,RELU,597741,597821,2034983
case_073,1,PIPE_M,4215,CONV,597741,602397,2034983
case_073,1,PIPE_MTE3,1000010357,COPY_OUT,597821,597830,2034983
case_073,1,PIPE_V,4216,RELU,602397,602477,2034983
case_073,1,PIPE_M,4217,CONV,602477,607133,2034983
case_073,1,PIPE_V,4218,RELU,607133,607213,2034983
case_073,1,PIPE_M,4840,CONV,607133,611789,2034983
case_073,1,PIPE_MTE3,1000011196,COPY_OUT,607213,607222,2034983
case_073,1,PIPE_MTE2,1000006341,COPY_IN,608917,608935,2034983
case_073,1,PIPE_MTE2,1000007156,COPY_IN,609317,609335,2034983
case_073,1,PIPE_MTE2,1000007983,COPY_IN,609717,609735,2034983
case_073,1,PIPE_MTE2,1000008831,COPY_IN,610117,610135,2034983
case_073,1,PIPE_MTE2,1000009676,COPY_IN,610517,610535,2034983
case_073,1,PIPE_MTE2,1000010512,COPY_IN,610917,610926,2034983
case_073,1,PIPE_MTE2,1000011342,COPY_IN,611317,611326,2034983
case_073,1,PIPE_MTE2,1000005614,COPY_IN,611326,611335,2034983
case_073,1,PIPE_V,4841,RELU,611789,611869,2034983
case_073,1,PIPE_M,4842,CONV,611869,616525,2034983
case_073,1,PIPE_M,595,CONV,616525,621181,2034983
case_073,1,PIPE_V,4843,RELU,616525,616605,2034983
case_073,1,PIPE_V,4844,ADD,616605,616685,2034983
case_073,1,PIPE_MTE3,1000011750,COPY_OUT,616685,616712,2034983
case_073,1,PIPE_MTE2,1000005617,COPY_IN,619238,619274,2034983
case_073,1,PIPE_MTE2,1000005789,COPY_IN,619274,619310,2034983
case_073,1,PIPE_V,596,RELU,621181,621261,2034983
case_073,1,PIPE_M,597,CONV,621261,625917,2034983
case_073,1,PIPE_MTE2,1000005795,COPY_IN,622843,622870,2034983
case_073,1,PIPE_MTE2,1000005982,COPY_IN,622870,622897,2034983
case_073,1,PIPE_MTE2,1000005988,COPY_IN,624938,624947,2034983
case_073,1,PIPE_MTE2,1000006181,COPY_IN,624947,624956,2034983
case_073,1,PIPE_MTE2,1000006184,COPY_IN,625546,625555,2034983
case_073,1,PIPE_MTE2,1000006465,COPY_IN,625555,625564,2034983
case_073,1,PIPE_V,598,RELU,625917,625997,2034983
case_073,1,PIPE_M,1220,CONV,625917,630573,2034983
case_073,1,PIPE_MTE2,1000006468,COPY_IN,628603,628612,2034983
case_073,1,PIPE_MTE2,1000006619,COPY_IN,628612,628621,2034983
case_073,1,PIPE_V,1221,RELU,630573,630653,2034983
case_073,1,PIPE_M,1222,CONV,630653,635309,2034983
case_073,1,PIPE_MTE2,1000006625,COPY_IN,632208,632217,2034983
case_073,1,PIPE_MTE2,1000006818,COPY_IN,632217,632226,2034983
case_073,1,PIPE_MTE2,1000006824,COPY_IN,634330,634339,2034983
case_073,1,PIPE_MTE2,1000007008,COPY_IN,634339,634348,2034983
case_073,1,PIPE_MTE2,1000007011,COPY_IN,634938,634947,2034983
case_073,1,PIPE_MTE2,1000007277,COPY_IN,634947,634956,2034983
case_073,1,PIPE_V,1223,RELU,635309,635389,2034983
case_073,1,PIPE_M,1845,CONV,635309,639965,2034983
case_073,1,PIPE_MTE2,1000007280,COPY_IN,637995,638004,2034983
case_073,1,PIPE_MTE2,1000007449,COPY_IN,638004,638013,2034983
case_073,1,PIPE_V,1846,RELU,639965,640045,2034983
case_073,1,PIPE_M,1847,CONV,640045,644701,2034983
case_073,1,PIPE_MTE2,1000007455,COPY_IN,641600,641609,2034983
case_073,1,PIPE_MTE2,1000007645,COPY_IN,641609,641618,2034983
case_073,1,PIPE_MTE2,1000007651,COPY_IN,643722,643731,2034983
case_073,1,PIPE_MTE2,1000007838,COPY_IN,643731,643740,2034983
case_073,1,PIPE_MTE2,1000007841,COPY_IN,644330,644339,2034983
case_073,1,PIPE_MTE2,1000008113,COPY_IN,644339,644348,2034983
case_073,1,PIPE_V,1848,RELU,644701,644781,2034983
case_073,1,PIPE_M,2470,CONV,644701,649357,2034983
case_073,1,PIPE_MTE2,1000008116,COPY_IN,647387,647396,2034983
case_073,1,PIPE_MTE2,1000008291,COPY_IN,647396,647405,2034983
case_073,1,PIPE_V,2471,RELU,649357,649437,2034983
case_073,1,PIPE_M,2472,CONV,649437,654093,2034983
case_073,1,PIPE_MTE2,1000008297,COPY_IN,650992,651001,2034983
case_073,1,PIPE_MTE2,1000008490,COPY_IN,651001,651010,2034983
case_073,1,PIPE_MTE2,1000008496,COPY_IN,653114,653123,2034983
case_073,1,PIPE_MTE2,1000008683,COPY_IN,653123,653132,2034983
case_073,1,PIPE_MTE2,1000008686,COPY_IN,653722,653731,2034983
case_073,1,PIPE_MTE2,1000008961,COPY_IN,653731,653740,2034983
case_073,1,PIPE_V,2473,RELU,654093,654173,2034983
case_073,1,PIPE_M,3095,CONV,654093,658749,2034983
case_073,1,PIPE_MTE2,1000008964,COPY_IN,656779,656788,2034983
case_073,1,PIPE_MTE2,1000009136,COPY_IN,656788,656797,2034983
case_073,1,PIPE_V,3096,RELU,658749,658829,2034983
case_073,1,PIPE_M,3097,CONV,658829,663485,2034983
case_073,1,PIPE_MTE2,1000009142,COPY_IN,660384,660393,2034983
case_073,1,PIPE_MTE2,1000009335,COPY_IN,660393,660402,2034983
case_073,1,PIPE_MTE2,1000009341,COPY_IN,662506,662515,2034983
case_073,1,PIPE_MTE2,1000009531,COPY_IN,662515,662524,2034983
case_073,1,PIPE_MTE2,1000009534,COPY_IN,663114,663123,2034983
case_073,1,PIPE_MTE2,1000009803,COPY_IN,663123,663132,2034983
case_073,1,PIPE_V,3098,RELU,663485,663565,2034983
case_073,1,PIPE_M,3720,CONV,663485,668141,2034983
case_073,1,PIPE_MTE2,1000009806,COPY_IN,666171,666180,2034983
case_073,1,PIPE_MTE2,1000009978,COPY_IN,666180,666189,2034983
case_073,1,PIPE_V,3721,RELU,668141,668221,2034983
case_073,1,PIPE_M,3722,CONV,668221,672877,2034983
case_073,1,PIPE_MTE2,1000009984,COPY_IN,669776,669785,2034983
case_073,1,PIPE_MTE2,1000010171,COPY_IN,669785,669794,2034983
case_073,1,PIPE_MTE2,1000010177,COPY_IN,671898,671907,2034983
case_073,1,PIPE_MTE2,1000010364,COPY_IN,671907,671916,2034983
case_073,1,PIPE_MTE2,1000010367,COPY_IN,672506,672515,2034983
case_073,1,PIPE_MTE2,1000010642,COPY_IN,672515,672524,2034983
case_073,1,PIPE_V,3723,RELU,672877,672957,2034983
case_073,1,PIPE_M,4345,CONV,672877,677533,2034983
case_073,1,PIPE_MTE2,1000010645,COPY_IN,675563,675572,2034983
case_073,1,PIPE_MTE2,1000010820,COPY_IN,675572,675581,2034983
case_073,1,PIPE_V,4346,RELU,677533,677613,2034983
case_073,1,PIPE_M,4347,CONV,677613,682269,2034983
case_073,1,PIPE_MTE2,1000010826,COPY_IN,679168,679177,2034983
case_073,1,PIPE_MTE2,1000011013,COPY_IN,679177,679186,2034983
case_073,1,PIPE_MTE2,1000011019,COPY_IN,681290,681299,2034983
case_073,1,PIPE_MTE2,1000011203,COPY_IN,681299,681308,2034983
case_073,1,PIPE_MTE2,1000011206,COPY_IN,681898,681907,2034983
case_073,1,PIPE_MTE2,1000005256,COPY_IN,681907,684971,2034983
case_073,1,PIPE_V,4348,RELU,682269,682349,2034983
case_073,1,PIPE_V,99,ADD,682349,682429,2034983
case_073,1,PIPE_V,224,ADD,682429,682509,2034983
case_073,1,PIPE_MTE3,1000005619,COPY_OUT,682429,682447,2034983
case_073,1,PIPE_V,349,ADD,682509,682589,2034983
case_073,1,PIPE_MTE3,1000005797,COPY_OUT,682509,682527,2034983
case_073,1,PIPE_V,474,ADD,682589,682669,2034983
case_073,1,PIPE_MTE3,1000005990,COPY_OUT,682589,682607,2034983
case_073,1,PIPE_V,599,ADD,682669,682749,2034983
case_073,1,PIPE_MTE3,1000006186,COPY_OUT,682669,682687,2034983
case_073,1,PIPE_V,724,ADD,682749,682829,2034983
case_073,1,PIPE_MTE3,1000006343,COPY_OUT,682749,682767,2034983
case_073,1,PIPE_V,849,ADD,682829,682909,2034983
case_073,1,PIPE_MTE3,1000006470,COPY_OUT,682829,682847,2034983
case_073,1,PIPE_V,974,ADD,682909,682989,2034983
case_073,1,PIPE_MTE3,1000006627,COPY_OUT,682909,682927,2034983
case_073,1,PIPE_MTE3,1000006630,COPY_OUT,682927,682945,2034983
case_073,1,PIPE_V,1099,ADD,682989,683069,2034983
case_073,1,PIPE_MTE3,1000006826,COPY_OUT,682989,683007,2034983
case_073,1,PIPE_MTE3,1000006829,COPY_OUT,683007,683025,2034983
case_073,1,PIPE_V,1224,ADD,683069,683149,2034983
case_073,1,PIPE_MTE3,1000007013,COPY_OUT,683069,683087,2034983
case_073,1,PIPE_MTE3,1000007016,COPY_OUT,683087,683105,2034983
case_073,1,PIPE_V,1349,ADD,683149,683229,2034983
case_073,1,PIPE_MTE3,1000007158,COPY_OUT,683149,683167,2034983
case_073,1,PIPE_V,1474,ADD,683229,683309,2034983
case_073,1,PIPE_MTE3,1000007282,COPY_OUT,683229,683247,2034983
case_073,1,PIPE_V,1599,ADD,683309,683389,2034983
case_073,1,PIPE_MTE3,1000007457,COPY_OUT,683309,683327,2034983
case_073,1,PIPE_MTE3,1000007460,COPY_OUT,683327,683345,2034983
case_073,1,PIPE_V,1724,ADD,683389,683469,2034983
case_073,1,PIPE_MTE3,1000007653,COPY_OUT,683389,683407,2034983
case_073,1,PIPE_MTE3,1000007656,COPY_OUT,683407,683425,2034983
case_073,1,PIPE_V,1849,ADD,683469,683549,2034983
case_073,1,PIPE_MTE3,1000007843,COPY_OUT,683469,683487,2034983
case_073,1,PIPE_MTE3,1000007846,COPY_OUT,683487,683505,2034983
case_073,1,PIPE_V,1974,ADD,683549,683629,2034983
case_073,1,PIPE_MTE3,1000007985,COPY_OUT,683549,683567,2034983
case_073,1,PIPE_V,2099,ADD,683629,683709,2034983
case_073,1,PIPE_MTE3,1000008118,COPY_OUT,683629,683647,2034983
case_073,1,PIPE_V,2224,ADD,683709,683789,2034983
case_073,1,PIPE_MTE3,1000008299,COPY_OUT,683709,683727,2034983
case_073,1,PIPE_MTE3,1000008302,COPY_OUT,683727,683745,2034983
case_073,1,PIPE_V,2349,ADD,683789,683869,2034983
case_073,1,PIPE_MTE3,1000008498,COPY_OUT,683789,683807,2034983
case_073,1,PIPE_MTE3,1000008501,COPY_OUT,683807,683825,2034983
case_073,1,PIPE_V,2474,ADD,683869,683949,2034983
case_073,1,PIPE_MTE3,1000008688,COPY_OUT,683869,683887,2034983
case_073,1,PIPE_MTE3,1000008691,COPY_OUT,683887,683905,2034983
case_073,1,PIPE_V,2599,ADD,683949,684029,2034983
case_073,1,PIPE_MTE3,1000008833,COPY_OUT,683949,683967,2034983
case_073,1,PIPE_V,2724,ADD,684029,684109,2034983
case_073,1,PIPE_MTE3,1000008966,COPY_OUT,684029,684047,2034983
case_073,1,PIPE_V,2849,ADD,684109,684189,2034983
case_073,1,PIPE_MTE3,1000009144,COPY_OUT,684109,684127,2034983
case_073,1,PIPE_MTE3,1000009147,COPY_OUT,684127,684145,2034983
case_073,1,PIPE_V,2974,ADD,684189,684269,2034983
case_073,1,PIPE_MTE3,1000009343,COPY_OUT,684189,684207,2034983
case_073,1,PIPE_MTE3,1000009346,COPY_OUT,684207,684225,2034983
case_073,1,PIPE_V,3099,ADD,684269,684349,2034983
case_073,1,PIPE_MTE3,1000009536,COPY_OUT,684269,684287,2034983
case_073,1,PIPE_MTE3,1000009539,COPY_OUT,684287,684305,2034983
case_073,1,PIPE_V,3224,ADD,684349,684429,2034983
case_073,1,PIPE_MTE3,1000009678,COPY_OUT,684349,684367,2034983
case_073,1,PIPE_V,3349,ADD,684429,684509,2034983
case_073,1,PIPE_MTE3,1000009808,COPY_OUT,684429,684447,2034983
case_073,1,PIPE_MTE3,1000009811,COPY_OUT,684447,684465,2034983
case_073,1,PIPE_V,3474,ADD,684509,684589,2034983
case_073,1,PIPE_MTE3,1000009986,COPY_OUT,684509,684528,2034983
case_073,1,PIPE_MTE3,1000009989,COPY_OUT,684528,684557,2034983
case_073,1,PIPE_V,3599,ADD,684589,684669,2034983
case_073,1,PIPE_MTE3,1000010179,COPY_OUT,684589,684607,2034983
case_073,1,PIPE_MTE3,1000010182,COPY_OUT,684607,684625,2034983
case_073,1,PIPE_V,3724,ADD,684669,684749,2034983
case_073,1,PIPE_MTE3,1000010369,COPY_OUT,684669,684687,2034983
case_073,1,PIPE_V,3849,ADD,684749,684829,2034983
case_073,1,PIPE_V,3974,ADD,684829,684909,2034983
case_073,1,PIPE_MTE3,1000010647,COPY_OUT,684829,684847,2034983
case_073,1,PIPE_MTE3,1000010650,COPY_OUT,684847,684865,2034983
case_073,1,PIPE_V,4099,ADD,684909,684989,2034983
case_073,1,PIPE_MTE3,1000010828,COPY_OUT,684909,684927,2034983
case_073,1,PIPE_MTE3,1000010831,COPY_OUT,684927,684945,2034983
case_073,1,PIPE_M,100,CONV,684971,687323,2034983
case_073,1,PIPE_MTE2,1000005266,COPY_IN,684971,700691,2034983
case_073,1,PIPE_V,4224,ADD,684989,685069,2034983
case_073,1,PIPE_MTE3,1000011021,COPY_OUT,684989,685007,2034983
case_073,1,PIPE_MTE3,1000011024,COPY_OUT,685007,685025,2034983
case_073,1,PIPE_V,4349,ADD,685069,685149,2034983
case_073,1,PIPE_MTE3,1000011208,COPY_OUT,685069,685087,2034983
case_073,1,PIPE_V,101,RELU,687323,687387,2034983
case_073,1,PIPE_M,350,CONV,687323,689675,2034983
case_073,1,PIPE_MTE3,1000005622,COPY_OUT,687387,687402,2034983
case_073,1,PIPE_V,351,RELU,689675,689739,2034983
case_073,1,PIPE_M,600,CONV,689675,692027,2034983
case_073,1,PIPE_MTE3,1000005993,COPY_OUT,689739,689759,2034983
case_073,1,PIPE_MTE3,1000005996,COPY_OUT,689759,689779,2034983
case_073,1,PIPE_V,601,RELU,692027,692091,2034983
case_073,1,PIPE_M,1225,CONV,692027,694379,2034983
case_073,1,PIPE_MTE3,1000006346,COPY_OUT,692091,692116,2034983
case_073,1,PIPE_V,1226,RELU,694379,694443,2034983
case_073,1,PIPE_M,1850,CONV,694379,696731,2034983
case_073,1,PIPE_MTE3,1000007161,COPY_OUT,694443,694468,2034983
case_073,1,PIPE_V,1851,RELU,696731,696795,2034983
case_073,1,PIPE_M,2475,CONV,696731,699083,2034983
case_073,1,PIPE_MTE3,1000007988,COPY_OUT,696795,696820,2034983
case_073,1,PIPE_V,2476,RELU,699083,699147,2034983
case_073,1,PIPE_M,3100,CONV,699083,701435,2034983
case_073,1,PIPE_MTE3,1000008836,COPY_OUT,699147,699172,2034983
case_073,1,PIPE_V,3101,RELU,701435,701499,2034983
case_073,1,PIPE_M,3725,CONV,701435,703787,2034983
case_073,1,PIPE_MTE3,1000009681,COPY_OUT,701499,701519,2034983
case_073,1,PIPE_MTE3,1000011848,COPY_OUT,701519,701555,2034983
case_073,1,PIPE_V,3726,RELU,703787,703851,2034983
case_073,1,PIPE_M,4350,CONV,703787,706139,2034983
case_073,1,PIPE_MTE3,1000010514,COPY_OUT,703851,703866,2034983
case_073,1,PIPE_MTE3,1000011844,COPY_OUT,703866,703893,2034983
case_073,1,PIPE_M,102,CONV,706139,710795,2034983
case_073,1,PIPE_V,4351,RELU,706139,706203,2034983
case_073,1,PIPE_MTE3,1000011344,COPY_OUT,706203,706208,2034983
case_073,1,PIPE_V,103,RELU,710795,710859,2034983
case_073,1,PIPE_MTE2,1000005276,COPY_IN,710795,715711,2034983
case_073,1,PIPE_M,104,CONV,715711,720367,2034983
case_073,1,PIPE_MTE2,1000006477,COPY_IN,715711,715716,2034983
case_073,1,PIPE_V,105,RELU,720367,720431,2034983
case_073,1,PIPE_MTE2,1000011852,COPY_IN,720367,729640,2034983
case_073,1,PIPE_MTE3,1000005625,COPY_OUT,720431,720441,2034983
case_073,1,PIPE_M,727,CONV,729640,734296,2034983
case_073,1,PIPE_V,728,RELU,734296,734360,2034983
case_073,1,PIPE_MTE2,1000011854,COPY_IN,734296,739212,2034983
case_073,1,PIPE_M,729,CONV,739212,743868,2034983
case_073,1,PIPE_MTE2,1000007289,COPY_IN,739212,739217,2034983
case_073,1,PIPE_V,730,RELU,743868,743932,2034983
case_073,1,PIPE_MTE2,1000011856,COPY_IN,743868,761357,2034983
case_073,1,PIPE_MTE3,1000006479,COPY_OUT,743932,743957,2034983
case_073,1,PIPE_M,1352,CONV,761357,766013,2034983
case_073,1,PIPE_V,1353,RELU,766013,766077,2034983
case_073,1,PIPE_MTE2,1000011858,COPY_IN,766013,772743,2034983
case_073,1,PIPE_M,1354,CONV,772743,777399,2034983
case_073,1,PIPE_MTE2,1000008125,COPY_IN,772743,772748,2034983
case_073,1,PIPE_V,1355,RELU,777399,777463,2034983
case_073,1,PIPE_MTE2,1000011860,COPY_IN,777399,782370,2034983
case_073,1,PIPE_MTE3,1000007291,COPY_OUT,777463,777473,2034983
case_073,1,PIPE_M,1977,CONV,782370,787026,2034983
case_073,1,PIPE_V,1978,RELU,787026,787090,2034983
case_073,1,PIPE_MTE2,1000011862,COPY_IN,787026,791957,2034983
case_073,1,PIPE_M,1979,CONV,791957,796613,2034983
case_073,1,PIPE_MTE2,1000008973,COPY_IN,791957,791962,2034983
case_073,1,PIPE_V,1980,RELU,796613,796677,2034983
case_073,1,PIPE_MTE2,1000011864,COPY_IN,796613,808786,2034983
case_073,1,PIPE_MTE3,1000008127,COPY_OUT,796677,796692,2034983
case_073,1,PIPE_M,2602,CONV,808786,813442,2034983
case_073,1,PIPE_V,2603,RELU,813442,813506,2034983
case_073,1,PIPE_MTE2,1000011866,COPY_IN,813442,818358,2034983
case_073,1,PIPE_M,2604,CONV,818358,823014,2034983
case_073,1,PIPE_MTE2,1000009818,COPY_IN,818358,818363,2034983
case_073,1,PIPE_V,2605,RELU,823014,823078,2034983
case_073,1,PIPE_MTE2,1000011868,COPY_IN,823014,828020,2034983
case_073,1,PIPE_MTE3,1000008975,COPY_OUT,823078,823088,2034983
case_073,1,PIPE_M,3227,CONV,828020,832676,2034983
case_073,1,PIPE_V,3228,RELU,832676,832740,2034983
case_073,1,PIPE_MTE2,1000011870,COPY_IN,832676,837592,2034983
case_073,1,PIPE_M,3229,CONV,837592,842248,2034983
case_073,1,PIPE_MTE2,1000010657,COPY_IN,837592,837597,2034983
case_073,1,PIPE_V,3230,RELU,842248,842312,2034983
case_073,1,PIPE_MTE2,1000011872,COPY_IN,842248,847254,2034983
case_073,1,PIPE_MTE3,1000009820,COPY_OUT,842312,842322,2034983
case_073,1,PIPE_M,3852,CONV,847254,851910,2034983
case_073,1,PIPE_V,3853,RELU,851910,851974,2034983
case_073,1,PIPE_MTE2,1000011874,COPY_IN,851910,856826,2034983
case_073,1,PIPE_M,3854,CONV,856826,861482,2034983
case_073,1,PIPE_MTE2,1000011454,COPY_IN,856826,856831,2034983
case_073,1,PIPE_V,3855,RELU,861482,861546,2034983
case_073,1,PIPE_MTE2,1000011876,COPY_IN,861482,870810,2034983
case_073,1,PIPE_MTE3,1000010659,COPY_OUT,861546,861556,2034983
case_073,1,PIPE_M,4477,CONV,870810,875466,2034983
case_073,1,PIPE_V,4478,RELU,875466,875530,2034983
case_073,1,PIPE_MTE2,1000011878,COPY_IN,875466,886863,2034983
case_073,1,PIPE_M,4479,CONV,886863,891519,2034983
case_073,1,PIPE_V,4480,RELU,891519,891583,2034983
case_073,1,PIPE_MTE2,1000005286,COPY_IN,891519,896455,2034983
case_073,1,PIPE_V,4481,ADD,891583,891647,2034983
case_073,1,PIPE_MTE3,1000011456,COPY_OUT,891647,891657,2034983
case_073,1,PIPE_MTE2,1000005807,COPY_IN,896455,896460,2034983
case_073,1,PIPE_M,232,CONV,896460,901116,2034983
case_073,1,PIPE_MTE2,1000006643,COPY_IN,896460,896465,2034983
case_073,1,PIPE_MTE2,1000007473,COPY_IN,896465,896470,2034983
case_073,1,PIPE_MTE2,1000008315,COPY_IN,896470,896475,2034983
case_073,1,PIPE_MTE2,1000009160,COPY_IN,896475,896480,2034983
case_073,1,PIPE_MTE2,1000010002,COPY_IN,896480,896485,2034983
case_073,1,PIPE_MTE2,1000010844,COPY_IN,896485,896490,2034983
case_073,1,PIPE_MTE2,1000011560,COPY_IN,896490,896495,2034983
case_073,1,PIPE_V,233,RELU,901116,901180,2034983
case_073,1,PIPE_M,857,CONV,901116,905772,2034983
case_073,1,PIPE_V,858,RELU,905772,905836,2034983
case_073,1,PIPE_M,1482,CONV,905772,910428,2034983
case_073,1,PIPE_V,1483,RELU,910428,910492,2034983
case_073,1,PIPE_M,2107,CONV,910428,915084,2034983
case_073,1,PIPE_V,2108,RELU,915084,915148,2034983
case_073,1,PIPE_M,2732,CONV,915084,919740,2034983
case_073,1,PIPE_V,2733,RELU,919740,919804,2034983
case_073,1,PIPE_M,3357,CONV,919740,924396,2034983
case_073,1,PIPE_V,3358,RELU,924396,924460,2034983
case_073,1,PIPE_M,3982,CONV,924396,929052,2034983
case_073,1,PIPE_V,3983,RELU,929052,929116,2034983
case_073,1,PIPE_M,4607,CONV,929052,933708,2034983
case_073,1,PIPE_V,4608,RELU,933708,933772,2034983
case_073,1,PIPE_MTE2,1000005296,COPY_IN,933708,938629,2034983
case_073,1,PIPE_M,234,CONV,938629,943285,2034983
case_073,1,PIPE_V,235,RELU,943285,943349,2034983
case_073,1,PIPE_M,859,CONV,943285,947941,2034983
case_073,1,PIPE_MTE3,1000005812,COPY_OUT,943349,943354,2034983
case_073,1,PIPE_V,860,RELU,947941,948005,2034983
case_073,1,PIPE_M,1484,CONV,947941,952597,2034983
case_073,1,PIPE_MTE3,1000006648,COPY_OUT,948005,948010,2034983
case_073,1,PIPE_V,1485,RELU,952597,952661,2034983
case_073,1,PIPE_M,2109,CONV,952597,957253,2034983
case_073,1,PIPE_MTE3,1000007478,COPY_OUT,952661,952671,2034983
case_073,1,PIPE_V,2110,RELU,957253,957317,2034983
case_073,1,PIPE_M,2734,CONV,957253,961909,2034983
case_073,1,PIPE_MTE3,1000008320,COPY_OUT,957317,957322,2034983
case_073,1,PIPE_V,2735,RELU,961909,961973,2034983
case_073,1,PIPE_M,3359,CONV,961909,966565,2034983
case_073,1,PIPE_MTE3,1000009165,COPY_OUT,961973,961983,2034983
case_073,1,PIPE_V,3360,RELU,966565,966629,2034983
case_073,1,PIPE_M,3984,CONV,966565,971221,2034983
case_073,1,PIPE_MTE3,1000010007,COPY_OUT,966629,966634,2034983
case_073,1,PIPE_V,3985,RELU,971221,971285,2034983
case_073,1,PIPE_M,4609,CONV,971221,975877,2034983
case_073,1,PIPE_MTE3,1000010849,COPY_OUT,971285,971290,2034983
case_073,1,PIPE_V,4610,RELU,975877,975941,2034983
case_073,1,PIPE_MTE2,1000005306,COPY_IN,975877,980798,2034983
case_073,1,PIPE_V,4611,ADD,975941,976005,2034983
case_073,1,PIPE_MTE3,1000011562,COPY_OUT,976005,976015,2034983
case_073,1,PIPE_MTE2,1000006012,COPY_IN,997266,997280,2034983
case_073,1,PIPE_M,362,CONV,997280,1001936,2034983
case_073,1,PIPE_MTE2,1000006851,COPY_IN,997586,997600,2034983
case_073,1,PIPE_MTE2,1000007678,COPY_IN,997910,997925,2034983
case_073,1,PIPE_MTE2,1000008523,COPY_IN,998226,998240,2034983
case_073,1,PIPE_MTE2,1000009368,COPY_IN,998546,998560,2034983
case_073,1,PIPE_MTE2,1000010204,COPY_IN,998866,998876,2034983
case_073,1,PIPE_MTE2,1000011046,COPY_IN,999186,999196,2034983
case_073,1,PIPE_MTE2,1000011663,COPY_IN,999196,999206,2034983
case_073,1,PIPE_V,363,RELU,1001936,1002000,2034983
case_073,1,PIPE_M,987,CONV,1001936,1006592,2034983
case_073,1,PIPE_V,988,RELU,1006592,1006656,2034983
case_073,1,PIPE_M,1612,CONV,1006592,1011248,2034983
case_073,1,PIPE_V,1613,RELU,1011248,1011312,2034983
case_073,1,PIPE_M,2237,CONV,1011248,1015904,2034983
case_073,1,PIPE_V,2238,RELU,1015904,1015968,2034983
case_073,1,PIPE_M,2862,CONV,1015904,1020560,2034983
case_073,1,PIPE_V,2863,RELU,1020560,1020624,2034983
case_073,1,PIPE_M,3487,CONV,1020560,1025216,2034983
case_073,1,PIPE_V,3488,RELU,1025216,1025280,2034983
case_073,1,PIPE_M,4112,CONV,1025216,1029872,2034983
case_073,1,PIPE_V,4113,RELU,1029872,1029936,2034983
case_073,1,PIPE_M,4737,CONV,1029872,1034528,2034983
case_073,1,PIPE_V,4738,RELU,1034528,1034592,2034983
case_073,1,PIPE_MTE2,1000005316,COPY_IN,1034528,1057383,2034983
case_073,1,PIPE_M,364,CONV,1057383,1062039,2034983
case_073,1,PIPE_V,365,RELU,1062039,1062103,2034983
case_073,1,PIPE_M,989,CONV,1062039,1066695,2034983
case_073,1,PIPE_MTE3,1000006017,COPY_OUT,1062103,1062108,2034983
case_073,1,PIPE_V,990,RELU,1066695,1066759,2034983
case_073,1,PIPE_M,1614,CONV,1066695,1071351,2034983
case_073,1,PIPE_MTE3,1000006856,COPY_OUT,1066759,1066774,2034983
case_073,1,PIPE_V,1615,RELU,1071351,1071415,2034983
case_073,1,PIPE_M,2239,CONV,1071351,1076007,2034983
case_073,1,PIPE_MTE3,1000007683,COPY_OUT,1071415,1071425,2034983
case_073,1,PIPE_V,2240,RELU,1076007,1076071,2034983
case_073,1,PIPE_M,2864,CONV,1076007,1080663,2034983
case_073,1,PIPE_MTE3,1000008528,COPY_OUT,1076071,1076081,2034983
case_073,1,PIPE_V,2865,RELU,1080663,1080727,2034983
case_073,1,PIPE_M,3489,CONV,1080663,1085319,2034983
case_073,1,PIPE_MTE3,1000009373,COPY_OUT,1080727,1080742,2034983
case_073,1,PIPE_V,3490,RELU,1085319,1085383,2034983
case_073,1,PIPE_M,4114,CONV,1085319,1089975,2034983
case_073,1,PIPE_MTE3,1000010209,COPY_OUT,1085383,1085388,2034983
case_073,1,PIPE_V,4115,RELU,1089975,1090039,2034983
case_073,1,PIPE_M,4739,CONV,1089975,1094631,2034983
case_073,1,PIPE_MTE3,1000011051,COPY_OUT,1090039,1090054,2034983
case_073,1,PIPE_V,4740,RELU,1094631,1094695,2034983
case_073,1,PIPE_MTE2,1000005326,COPY_IN,1094631,1117314,2034983
case_073,1,PIPE_V,4741,ADD,1094695,1094759,2034983
case_073,1,PIPE_MTE3,1000011665,COPY_OUT,1094759,1094784,2034983
case_073,1,PIPE_MTE2,1000006220,COPY_IN,1177106,1177117,2034983
case_073,1,PIPE_M,492,CONV,1177117,1181773,2034983
case_073,1,PIPE_MTE2,1000007044,COPY_IN,1177416,1177430,2034983
case_073,1,PIPE_MTE2,1000007874,COPY_IN,1177736,1177750,2034983
case_073,1,PIPE_MTE2,1000008719,COPY_IN,1178056,1178070,2034983
case_073,1,PIPE_MTE2,1000009567,COPY_IN,1178376,1178386,2034983
case_073,1,PIPE_MTE2,1000010397,COPY_IN,1178696,1178706,2034983
case_073,1,PIPE_V,493,RELU,1181773,1181837,2034983
case_073,1,PIPE_M,1117,CONV,1181773,1186429,2034983
case_073,1,PIPE_MTE2,1000011236,COPY_IN,1185731,1185751,2034983
case_073,1,PIPE_MTE2,1000011766,COPY_IN,1185751,1185771,2034983
case_073,1,PIPE_V,1118,RELU,1186429,1186493,2034983
case_073,1,PIPE_M,1742,CONV,1186429,1191085,2034983
case_073,1,PIPE_V,1743,RELU,1191085,1191149,2034983
case_073,1,PIPE_M,2367,CONV,1191085,1195741,2034983
case_073,1,PIPE_V,2368,RELU,1195741,1195805,2034983
case_073,1,PIPE_M,2992,CONV,1195741,1200397,2034983
case_073,1,PIPE_V,2993,RELU,1200397,1200461,2034983
case_073,1,PIPE_M,3617,CONV,1200397,1205053,2034983
case_073,1,PIPE_V,3618,RELU,1205053,1205117,2034983
case_073,1,PIPE_M,4242,CONV,1205053,1209709,2034983
case_073,1,PIPE_V,4243,RELU,1209709,1209773,2034983
case_073,1,PIPE_M,4867,CONV,1209709,1214365,2034983
case_073,1,PIPE_V,4868,RELU,1214365,1214429,2034983
case_073,1,PIPE_MTE2,1000005336,COPY_IN,1214365,1230520,2034983
case_073,1,PIPE_M,494,CONV,1230520,1235176,2034983
case_073,1,PIPE_V,495,RELU,1235176,1235240,2034983
case_073,1,PIPE_M,1119,CONV,1235176,1239832,2034983
case_073,1,PIPE_MTE3,1000006222,COPY_OUT,1235240,1235250,2034983
case_073,1,PIPE_V,1120,RELU,1239832,1239896,2034983
case_073,1,PIPE_M,1744,CONV,1239832,1244488,2034983
case_073,1,PIPE_V,1745,RELU,1244488,1244552,2034983
case_073,1,PIPE_M,2369,CONV,1244488,1249144,2034983
case_073,1,PIPE_V,2370,RELU,1249144,1249208,2034983
case_073,1,PIPE_M,2994,CONV,1249144,1253800,2034983
case_073,1,PIPE_V,2995,RELU,1253800,1253864,2034983
case_073,1,PIPE_M,3619,CONV,1253800,1258456,2034983
case_073,1,PIPE_V,3620,RELU,1258456,1258520,2034983
case_073,1,PIPE_M,4244,CONV,1258456,1263112,2034983
case_073,1,PIPE_V,4245,RELU,1263112,1263176,2034983
case_073,1,PIPE_M,4869,CONV,1263112,1267768,2034983
case_073,1,PIPE_V,4870,RELU,1267768,1267832,2034983
case_073,1,PIPE_MTE2,1000005346,COPY_IN,1267768,1281718,2034983
case_073,1,PIPE_V,1121,ADD,1267832,1267896,2034983
case_073,1,PIPE_M,1122,CONV,1281718,1286374,2034983
case_073,1,PIPE_MTE2,1000005356,COPY_IN,1281718,1286063,2034983
case_073,1,PIPE_V,1123,RELU,1286374,1286438,2034983
case_073,1,PIPE_M,1124,CONV,1286438,1287510,2034983
case_073,1,PIPE_V,1746,ADD,1286438,1286502,2034983
case_073,1,PIPE_M,1747,CONV,1287510,1292166,2034983
case_073,1,PIPE_MTE3,1000007046,COPY_OUT,1287510,1287537,2034983
case_073,1,PIPE_V,1748,RELU,1292166,1292230,2034983
case_073,1,PIPE_M,1749,CONV,1292230,1293302,2034983
case_073,1,PIPE_V,2371,ADD,1292230,1292294,2034983
case_073,1,PIPE_M,2372,CONV,1293302,1297958,2034983
case_073,1,PIPE_MTE3,1000007876,COPY_OUT,1293302,1293320,2034983
case_073,1,PIPE_V,2373,RELU,1297958,1298022,2034983
case_073,1,PIPE_M,2374,CONV,1298022,1299094,2034983
case_073,1,PIPE_V,2996,ADD,1298022,1298086,2034983
case_073,1,PIPE_M,2997,CONV,1299094,1303750,2034983
case_073,1,PIPE_MTE3,1000008721,COPY_OUT,1299094,1299103,2034983
case_073,1,PIPE_V,2998,RELU,1303750,1303814,2034983
case_073,1,PIPE_M,2999,CONV,1303814,1304886,2034983
case_073,1,PIPE_V,3621,ADD,1303814,1303878,2034983
case_073,1,PIPE_M,3622,CONV,1304886,1309542,2034983
case_073,1,PIPE_MTE3,1000009569,COPY_OUT,1304886,1304904,2034983
case_073,1,PIPE_V,3623,RELU,1309542,1309606,2034983
case_073,1,PIPE_M,3624,CONV,1309606,1310678,2034983
case_073,1,PIPE_V,4246,ADD,1309606,1309670,2034983
case_073,1,PIPE_M,4247,CONV,1310678,1315334,2034983
case_073,1,PIPE_MTE3,1000010399,COPY_OUT,1310678,1310696,2034983
case_073,1,PIPE_V,4248,RELU,1315334,1315398,2034983
case_073,1,PIPE_M,4249,CONV,1315398,1316470,2034983
case_073,1,PIPE_V,4871,ADD,1315398,1315462,2034983
case_073,1,PIPE_M,4872,CONV,1316470,1321126,2034983
case_073,1,PIPE_MTE3,1000011238,COPY_OUT,1316470,1316506,2034983
case_073,1,PIPE_V,4873,RELU,1321126,1321190,2034983
case_073,1,PIPE_M,4874,CONV,1321190,1322262,2034983
case_073,1,PIPE_MTE2,1000010527,COPY_IN,1395210,1395219,2034983
case_073,1,PIPE_MTE2,1000011849,COPY_IN,1395219,1395228,2034983
case_073,1,PIPE_V,3750,ADD,1395228,1395308,2034983
case_073,1,PIPE_V,3751,RELU,1395308,1395388,2034983
case_073,1,PIPE_MTE2,1000011357,COPY_IN,1401011,1401033,2034983
case_073,1,PIPE_MTE2,1000011845,COPY_IN,1401033,1401056,2034983
case_073,1,PIPE_V,4375,ADD,1401056,1401136,2034983
case_073,1,PIPE_MTE2,1000011754,COPY_IN,1401056,1401079,2034983
case_073,1,PIPE_MTE2,1000005366,COPY_IN,1401079,1404353,2034983
case_073,1,PIPE_V,4376,RELU,1401136,1401216,2034983
case_073,1,PIPE_V,4875,ADD,1401216,1401296,2034983
case_073,1,PIPE_V,4876,RELU,1401296,1401376,2034983
case_073,1,PIPE_MTE3,1000011768,COPY_OUT,1401376,1401418,2034983
case_073,1,PIPE_MTE2,1000005376,COPY_IN,1404353,1408590,2034983
case_073,1,PIPE_MTE2,1000006359,COPY_IN,1408590,1408599,2034983
case_073,1,PIPE_M,627,CONV,1408599,1413255,2034983
case_073,1,PIPE_MTE2,1000007174,COPY_IN,1408599,1408608,2034983
case_073,1,PIPE_MTE2,1000008001,COPY_IN,1408608,1408617,2034983
case_073,1,PIPE_MTE2,1000008849,COPY_IN,1408617,1408626,2034983
case_073,1,PIPE_MTE2,1000009694,COPY_IN,1408626,1408635,2034983
case_073,1,PIPE_MTE2,1000005647,COPY_IN,1408635,1408644,2034983
case_073,1,PIPE_MTE2,1000005650,COPY_IN,1410474,1410483,2034983
case_073,1,PIPE_MTE2,1000005834,COPY_IN,1410483,1410492,2034983
case_073,1,PIPE_MTE2,1000005840,COPY_IN,1411073,1411082,2034983
case_073,1,PIPE_MTE2,1000006033,COPY_IN,1411082,1411091,2034983
case_073,1,PIPE_MTE2,1000006039,COPY_IN,1411112,1411121,2034983
case_073,1,PIPE_MTE2,1000006232,COPY_IN,1411121,1411130,2034983
case_073,1,PIPE_MTE2,1000006235,COPY_IN,1411130,1411139,2034983
case_073,1,PIPE_MTE2,1000006498,COPY_IN,1411139,1411148,2034983
case_073,1,PIPE_V,628,RELU,1413255,1413335,2034983
case_073,1,PIPE_M,629,CONV,1413335,1417991,2034983
case_073,1,PIPE_V,630,RELU,1417991,1418071,2034983
case_073,1,PIPE_M,1252,CONV,1417991,1422647,2034983
case_073,1,PIPE_MTE2,1000006501,COPY_IN,1419866,1419875,2034983
case_073,1,PIPE_MTE2,1000006667,COPY_IN,1419875,1419884,2034983
case_073,1,PIPE_MTE2,1000006673,COPY_IN,1420465,1420474,2034983
case_073,1,PIPE_MTE2,1000006866,COPY_IN,1420474,1420483,2034983
case_073,1,PIPE_MTE2,1000006872,COPY_IN,1420504,1420513,2034983
case_073,1,PIPE_MTE2,1000007053,COPY_IN,1420513,1420522,2034983
case_073,1,PIPE_MTE2,1000007056,COPY_IN,1420522,1420531,2034983
case_073,1,PIPE_MTE2,1000007310,COPY_IN,1420531,1420540,2034983
case_073,1,PIPE_V,1253,RELU,1422647,1422727,2034983
case_073,1,PIPE_M,1254,CONV,1422727,1427383,2034983
case_073,1,PIPE_V,1255,RELU,1427383,1427463,2034983
case_073,1,PIPE_M,1877,CONV,1427383,1432039,2034983
case_073,1,PIPE_MTE2,1000007313,COPY_IN,1429258,1429267,2034983
case_073,1,PIPE_MTE2,1000007497,COPY_IN,1429267,1429276,2034983
case_073,1,PIPE_MTE2,1000007503,COPY_IN,1429857,1429866,2034983
case_073,1,PIPE_MTE2,1000007693,COPY_IN,1429866,1429875,2034983
case_073,1,PIPE_MTE2,1000007699,COPY_IN,1429896,1429905,2034983
case_073,1,PIPE_MTE2,1000007883,COPY_IN,1429905,1429914,2034983
case_073,1,PIPE_MTE2,1000007886,COPY_IN,1429914,1429923,2034983
case_073,1,PIPE_MTE2,1000008146,COPY_IN,1429923,1429932,2034983
case_073,1,PIPE_V,1878,RELU,1432039,1432119,2034983
case_073,1,PIPE_M,1879,CONV,1432119,1436775,2034983
case_073,1,PIPE_V,1880,RELU,1436775,1436855,2034983
case_073,1,PIPE_M,2502,CONV,1436775,1441431,2034983
case_073,1,PIPE_MTE2,1000008149,COPY_IN,1438650,1438659,2034983
case_073,1,PIPE_MTE2,1000008339,COPY_IN,1438659,1438668,2034983
case_073,1,PIPE_MTE2,1000008345,COPY_IN,1439249,1439258,2034983
case_073,1,PIPE_MTE2,1000008538,COPY_IN,1439258,1439267,2034983
case_073,1,PIPE_MTE2,1000008544,COPY_IN,1439288,1439297,2034983
case_073,1,PIPE_MTE2,1000008728,COPY_IN,1439297,1439306,2034983
case_073,1,PIPE_MTE2,1000008731,COPY_IN,1439306,1439315,2034983
case_073,1,PIPE_MTE2,1000008994,COPY_IN,1439315,1439324,2034983
case_073,1,PIPE_V,2503,RELU,1441431,1441511,2034983
case_073,1,PIPE_M,2504,CONV,1441511,1446167,2034983
case_073,1,PIPE_V,2505,RELU,1446167,1446247,2034983
case_073,1,PIPE_M,3127,CONV,1446167,1450823,2034983
case_073,1,PIPE_MTE2,1000008997,COPY_IN,1448042,1448051,2034983
case_073,1,PIPE_MTE2,1000009184,COPY_IN,1448051,1448060,2034983
case_073,1,PIPE_MTE2,1000009190,COPY_IN,1448641,1448650,2034983
case_073,1,PIPE_MTE2,1000009383,COPY_IN,1448650,1448659,2034983
case_073,1,PIPE_MTE2,1000009389,COPY_IN,1448680,1448689,2034983
case_073,1,PIPE_MTE2,1000009576,COPY_IN,1448689,1448698,2034983
case_073,1,PIPE_MTE2,1000009579,COPY_IN,1448698,1448707,2034983
case_073,1,PIPE_MTE2,1000009836,COPY_IN,1448707,1448716,2034983
case_073,1,PIPE_V,3128,RELU,1450823,1450903,2034983
case_073,1,PIPE_M,3129,CONV,1450903,1455559,2034983
case_073,1,PIPE_V,3130,RELU,1455559,1455639,2034983
case_073,1,PIPE_M,3752,CONV,1455559,1460215,2034983
case_073,1,PIPE_MTE2,1000009842,COPY_IN,1457434,1457443,2034983
case_073,1,PIPE_MTE2,1000010023,COPY_IN,1457443,1457452,2034983
case_073,1,PIPE_MTE2,1000010029,COPY_IN,1458033,1458042,2034983
case_073,1,PIPE_MTE2,1000010219,COPY_IN,1458042,1458051,2034983
case_073,1,PIPE_MTE2,1000010225,COPY_IN,1458072,1458081,2034983
case_073,1,PIPE_MTE2,1000010403,COPY_IN,1458081,1458090,2034983
case_073,1,PIPE_MTE2,1000010406,COPY_IN,1458090,1458099,2034983
case_073,1,PIPE_MTE2,1000010675,COPY_IN,1458099,1458108,2034983
case_073,1,PIPE_V,3753,RELU,1460215,1460295,2034983
case_073,1,PIPE_M,3754,CONV,1460295,1464951,2034983
case_073,1,PIPE_V,3755,RELU,1464951,1465031,2034983
case_073,1,PIPE_M,4377,CONV,1464951,1469607,2034983
case_073,1,PIPE_MTE2,1000010681,COPY_IN,1466826,1466835,2034983
case_073,1,PIPE_MTE2,1000010865,COPY_IN,1466835,1466844,2034983
case_073,1,PIPE_MTE2,1000010871,COPY_IN,1467425,1467434,2034983
case_073,1,PIPE_MTE2,1000011061,COPY_IN,1467434,1467443,2034983
case_073,1,PIPE_MTE2,1000011067,COPY_IN,1467464,1467473,2034983
case_073,1,PIPE_MTE2,1000011242,COPY_IN,1467473,1467482,2034983
case_073,1,PIPE_MTE2,1000011245,COPY_IN,1467482,1467491,2034983
case_073,1,PIPE_MTE2,1000005386,COPY_IN,1467491,1468720,2034983
case_073,1,PIPE_MTE2,1000005396,COPY_IN,1468720,1469949,2034983
case_073,1,PIPE_V,4378,RELU,1469607,1469687,2034983
case_073,1,PIPE_M,4379,CONV,1469687,1474343,2034983
case_073,1,PIPE_V,4380,RELU,1474343,1474423,2034983
case_073,1,PIPE_V,131,ADD,1474423,1474503,2034983
case_073,1,PIPE_M,132,CONV,1474503,1479159,2034983
case_073,1,PIPE_V,256,ADD,1474503,1474583,2034983
case_073,1,PIPE_MTE3,1000005652,COPY_OUT,1474503,1474512,2034983
case_073,1,PIPE_V,381,ADD,1474583,1474663,2034983
case_073,1,PIPE_MTE3,1000005842,COPY_OUT,1474583,1474592,2034983
case_073,1,PIPE_MTE3,1000005845,COPY_OUT,1474592,1474601,2034983
case_073,1,PIPE_V,506,ADD,1474663,1474743,2034983
case_073,1,PIPE_MTE3,1000006041,COPY_OUT,1474663,1474672,2034983
case_073,1,PIPE_MTE3,1000006044,COPY_OUT,1474672,1474681,2034983
case_073,1,PIPE_V,631,ADD,1474743,1474823,2034983
case_073,1,PIPE_MTE3,1000006237,COPY_OUT,1474743,1474752,2034983
case_073,1,PIPE_V,756,ADD,1474823,1474903,2034983
case_073,1,PIPE_MTE3,1000006361,COPY_OUT,1474823,1474832,2034983
case_073,1,PIPE_V,881,ADD,1474903,1474983,2034983
case_073,1,PIPE_V,1006,ADD,1474983,1475063,2034983
case_073,1,PIPE_MTE3,1000006675,COPY_OUT,1474983,1474992,2034983
case_073,1,PIPE_MTE3,1000006678,COPY_OUT,1474992,1475001,2034983
case_073,1,PIPE_V,1131,ADD,1475063,1475143,2034983
case_073,1,PIPE_MTE3,1000006874,COPY_OUT,1475063,1475072,2034983
case_073,1,PIPE_V,1256,ADD,1475143,1475223,2034983
case_073,1,PIPE_MTE3,1000007058,COPY_OUT,1475143,1475161,2034983
case_073,1,PIPE_MTE3,1000007061,COPY_OUT,1475161,1475179,2034983
case_073,1,PIPE_V,1381,ADD,1475223,1475303,2034983
case_073,1,PIPE_MTE3,1000007176,COPY_OUT,1475223,1475250,2034983
case_073,1,PIPE_V,1506,ADD,1475303,1475383,2034983
case_073,1,PIPE_MTE3,1000007315,COPY_OUT,1475303,1475341,2034983
case_073,1,PIPE_V,1631,ADD,1475383,1475463,2034983
case_073,1,PIPE_MTE3,1000007505,COPY_OUT,1475383,1475428,2034983
case_073,1,PIPE_V,1756,ADD,1475463,1475543,2034983
case_073,1,PIPE_MTE3,1000007701,COPY_OUT,1475463,1475508,2034983
case_073,1,PIPE_MTE3,1000007704,COPY_OUT,1475508,1475553,2034983
case_073,1,PIPE_V,1881,ADD,1475543,1475623,2034983
case_073,1,PIPE_MTE3,1000007888,COPY_OUT,1475553,1475598,2034983
case_073,1,PIPE_V,2006,ADD,1475623,1475703,2034983
case_073,1,PIPE_MTE3,1000008003,COPY_OUT,1475623,1475668,2034983
case_073,1,PIPE_V,2131,ADD,1475703,1475783,2034983
case_073,1,PIPE_MTE3,1000008151,COPY_OUT,1475703,1475748,2034983
case_073,1,PIPE_V,2256,ADD,1475783,1475863,2034983
case_073,1,PIPE_MTE3,1000008347,COPY_OUT,1475783,1475836,2034983
case_073,1,PIPE_MTE3,1000008350,COPY_OUT,1475836,1475883,2034983
case_073,1,PIPE_V,2381,ADD,1475863,1475943,2034983
case_073,1,PIPE_MTE3,1000008546,COPY_OUT,1475883,1475928,2034983
case_073,1,PIPE_MTE3,1000008549,COPY_OUT,1475928,1475973,2034983
case_073,1,PIPE_V,2506,ADD,1475943,1476023,2034983
case_073,1,PIPE_MTE3,1000008733,COPY_OUT,1475973,1476018,2034983
case_073,1,PIPE_V,2631,ADD,1476023,1476103,2034983
case_073,1,PIPE_MTE3,1000008851,COPY_OUT,1476023,1476068,2034983
case_073,1,PIPE_V,2756,ADD,1476103,1476183,2034983
case_073,1,PIPE_MTE3,1000008999,COPY_OUT,1476103,1476148,2034983
case_073,1,PIPE_V,2881,ADD,1476183,1476263,2034983
case_073,1,PIPE_MTE3,1000009192,COPY_OUT,1476183,1476228,2034983
case_073,1,PIPE_MTE3,1000009195,COPY_OUT,1476228,1476273,2034983
case_073,1,PIPE_V,3006,ADD,1476263,1476343,2034983
case_073,1,PIPE_MTE3,1000009391,COPY_OUT,1476273,1476318,2034983
case_073,1,PIPE_MTE3,1000009394,COPY_OUT,1476318,1476367,2034983
case_073,1,PIPE_V,3131,ADD,1476343,1476423,2034983
case_073,1,PIPE_MTE2,1000011469,COPY_IN,1476343,1476399,2034983
case_073,1,PIPE_MTE3,1000009581,COPY_OUT,1476367,1476427,2034983
case_073,1,PIPE_MTE2,1000005406,COPY_IN,1476399,1477943,2034983
case_073,1,PIPE_V,3256,ADD,1476423,1476503,2034983
case_073,1,PIPE_MTE3,1000009696,COPY_OUT,1476427,1476501,2034983
case_073,1,PIPE_V,3381,ADD,1476503,1476583,2034983
case_073,1,PIPE_MTE3,1000009844,COPY_OUT,1476503,1476566,2034983
case_073,1,PIPE_V,3506,ADD,1476583,1476663,2034983
case_073,1,PIPE_MTE3,1000010031,COPY_OUT,1476583,1476637,2034983
case_073,1,PIPE_MTE3,1000010034,COPY_OUT,1476637,1476691,2034983
case_073,1,PIPE_V,3631,ADD,1476663,1476743,2034983
case_073,1,PIPE_MTE3,1000010227,COPY_OUT,1476691,1476745,2034983
case_073,1,PIPE_V,3756,ADD,1476743,1476823,2034983
case_073,1,PIPE_MTE3,1000010230,COPY_OUT,1476745,1476799,2034983
case_073,1,PIPE_MTE3,1000010408,COPY_OUT,1476799,1476853,2034983
case_073,1,PIPE_V,3881,ADD,1476823,1476903,2034983
case_073,1,PIPE_MTE3,1000010529,COPY_OUT,1476853,1476907,2034983
case_073,1,PIPE_V,4006,ADD,1476903,1476983,2034983
case_073,1,PIPE_MTE3,1000010683,COPY_OUT,1476907,1476961,2034983
case_073,1,PIPE_V,4131,ADD,1476983,1477063,2034983
case_073,1,PIPE_MTE3,1000010873,COPY_OUT,1476983,1477037,2034983
case_073,1,PIPE_MTE3,1000010876,COPY_OUT,1477037,1477091,2034983
case_073,1,PIPE_V,4256,ADD,1477063,1477143,2034983
case_073,1,PIPE_MTE3,1000011069,COPY_OUT,1477091,1477145,2034983
case_073,1,PIPE_V,4381,ADD,1477143,1477223,2034983
case_073,1,PIPE_MTE3,1000011072,COPY_OUT,1477145,1477199,2034983
case_073,1,PIPE_MTE3,1000011247,COPY_OUT,1477199,1477253,2034983
case_073,1,PIPE_MTE3,1000011359,COPY_OUT,1477253,1477307,2034983
case_073,1,PIPE_V,133,RELU,1479159,1479239,2034983
case_073,1,PIPE_M,134,CONV,1479239,1483895,2034983
case_073,1,PIPE_V,135,RELU,1483895,1483975,2034983
case_073,1,PIPE_M,757,CONV,1483895,1488551,2034983
case_073,1,PIPE_MTE3,1000005655,COPY_OUT,1483975,1483984,2034983
case_073,1,PIPE_MTE2,1000006241,COPY_IN,1486248,1486257,2034983
case_073,1,PIPE_V,758,RELU,1488551,1488631,2034983
case_073,1,PIPE_M,759,CONV,1488631,1493287,2034983
case_073,1,PIPE_V,760,RELU,1493287,1493367,2034983
case_073,1,PIPE_M,1382,CONV,1493287,1497943,2034983
case_073,1,PIPE_MTE2,1000006878,COPY_IN,1495606,1495615,2034983
case_073,1,PIPE_MTE2,1000007180,COPY_IN,1495658,1495667,2034983
case_073,1,PIPE_V,1383,RELU,1497943,1498023,2034983
case_073,1,PIPE_M,1384,CONV,1498023,1502679,2034983
case_073,1,PIPE_V,1385,RELU,1502679,1502759,2034983
case_073,1,PIPE_M,2007,CONV,1502679,1507335,2034983
case_073,1,PIPE_MTE3,1000007318,COPY_OUT,1502759,1502768,2034983
case_073,1,PIPE_MTE2,1000007509,COPY_IN,1504471,1504480,2034983
case_073,1,PIPE_MTE2,1000007892,COPY_IN,1505032,1505047,2034983
case_073,1,PIPE_V,2008,RELU,1507335,1507415,2034983
case_073,1,PIPE_M,2009,CONV,1507415,1512071,2034983
case_073,1,PIPE_V,2010,RELU,1512071,1512151,2034983
case_073,1,PIPE_M,2632,CONV,1512071,1516727,2034983
case_073,1,PIPE_MTE3,1000008154,COPY_OUT,1512151,1512160,2034983
case_073,1,PIPE_MTE2,1000008737,COPY_IN,1514424,1514433,2034983
case_073,1,PIPE_V,2633,RELU,1516727,1516807,2034983
case_073,1,PIPE_M,2634,CONV,1516807,1521463,2034983
case_073,1,PIPE_V,2635,RELU,1521463,1521543,2034983
case_073,1,PIPE_M,3257,CONV,1521463,1526119,2034983
case_073,1,PIPE_MTE3,1000009002,COPY_OUT,1521543,1521552,2034983
case_073,1,PIPE_MTE2,1000009585,COPY_IN,1523816,1523825,2034983
case_073,1,PIPE_V,3258,RELU,1526119,1526199,2034983
case_073,1,PIPE_M,3259,CONV,1526199,1530855,2034983
case_073,1,PIPE_V,3260,RELU,1530855,1530935,2034983
case_073,1,PIPE_M,3882,CONV,1530855,1535511,2034983
case_073,1,PIPE_MTE3,1000009847,COPY_OUT,1530935,1530944,2034983
case_073,1,PIPE_MTE2,1000010412,COPY_IN,1533208,1533217,2034983
case_073,1,PIPE_V,3883,RELU,1535511,1535591,2034983
case_073,1,PIPE_M,3884,CONV,1535591,1540247,2034983
case_073,1,PIPE_V,3885,RELU,1540247,1540327,2034983
case_073,1,PIPE_M,4507,CONV,1540247,1544903,2034983
case_073,1,PIPE_MTE3,1000010686,COPY_OUT,1540327,1540336,2034983
case_073,1,PIPE_MTE2,1000011251,COPY_IN,1542600,1542609,2034983
case_073,1,PIPE_MTE2,1000011772,COPY_IN,1542609,1542618,2034983
case_073,1,PIPE_V,4508,RELU,1544903,1544983,2034983
case_073,1,PIPE_M,4509,CONV,1544983,1549639,2034983
case_073,1,PIPE_V,4510,RELU,1549639,1549719,2034983
case_073,1,PIPE_V,511,ADD,1549719,1549799,2034983
case_073,1,PIPE_MTE3,1000011471,COPY_OUT,1549719,1549728,2034983
case_073,1,PIPE_M,512,CONV,1549799,1550871,2034983
case_073,1,PIPE_V,761,ADD,1549799,1549879,2034983
case_073,1,PIPE_V,1011,ADD,1549879,1549959,2034983
case_073,1,PIPE_V,1261,ADD,1549959,1550039,2034983
case_073,1,PIPE_V,1511,ADD,1550039,1550119,2034983
case_073,1,PIPE_V,1761,ADD,1550119,1550199,2034983
case_073,1,PIPE_V,2386,ADD,1550199,1550279,2034983
case_073,1,PIPE_V,3011,ADD,1550279,1550359,2034983
case_073,1,PIPE_V,3636,ADD,1550359,1550439,2034983
case_073,1,PIPE_V,4261,ADD,1550439,1550519,2034983
case_073,1,PIPE_M,762,CONV,1550871,1551943,2034983
case_073,1,PIPE_MTE3,1000006243,COPY_OUT,1550871,1550889,2034983
case_073,1,PIPE_M,1012,CONV,1551943,1553015,2034983
case_073,1,PIPE_MTE3,1000006503,COPY_OUT,1551943,1551961,2034983
case_073,1,PIPE_MTE2,1000011778,COPY_IN,1552001,1552019,2034983
case_073,1,PIPE_V,4886,ADD,1552019,1552099,2034983
case_073,1,PIPE_MTE2,1000007322,COPY_IN,1552019,1552055,2034983
case_073,1,PIPE_MTE2,1000011841,COPY_IN,1552055,1552100,2034983
case_073,1,PIPE_V,1388,ADD,1552100,1552212,2034983
case_073,1,PIPE_V,1389,RELU,1552212,1552324,2034983
case_073,1,PIPE_MTE2,1000008158,COPY_IN,1552619,1552639,2034983
case_073,1,PIPE_MTE2,1000011837,COPY_IN,1552639,1552673,2034983
case_073,1,PIPE_V,2013,ADD,1552673,1552785,2034983
case_073,1,PIPE_V,2014,RELU,1552785,1552897,2034983
case_073,1,PIPE_M,1262,CONV,1553015,1554087,2034983
case_073,1,PIPE_MTE3,1000006880,COPY_OUT,1553015,1553033,2034983
case_073,1,PIPE_MTE2,1000009006,COPY_IN,1553664,1553696,2034983
case_073,1,PIPE_MTE2,1000011833,COPY_IN,1553696,1553729,2034983
case_073,1,PIPE_V,2638,ADD,1553729,1553841,2034983
case_073,1,PIPE_V,2639,RELU,1553841,1553953,2034983
case_073,1,PIPE_M,1512,CONV,1554087,1555159,2034983
case_073,1,PIPE_MTE3,1000007182,COPY_OUT,1554087,1554105,2034983
case_073,1,PIPE_MTE2,1000009851,COPY_IN,1554736,1554785,2034983
case_073,1,PIPE_MTE2,1000011829,COPY_IN,1554785,1554821,2034983
case_073,1,PIPE_V,3263,ADD,1554821,1554933,2034983
case_073,1,PIPE_V,3264,RELU,1554933,1555045,2034983
case_073,1,PIPE_M,1762,CONV,1555159,1556231,2034983
case_073,1,PIPE_MTE3,1000007511,COPY_OUT,1555159,1555177,2034983
case_073,1,PIPE_MTE2,1000010690,COPY_IN,1555808,1555840,2034983
case_073,1,PIPE_MTE2,1000011825,COPY_IN,1555840,1555873,2034983
case_073,1,PIPE_V,3888,ADD,1555873,1555985,2034983
case_073,1,PIPE_MTE2,1000011439,COPY_IN,1555873,1555898,2034983
case_073,1,PIPE_V,3889,RELU,1555985,1556097,2034983
case_073,1,PIPE_M,2387,CONV,1556231,1557303,2034983
case_073,1,PIPE_MTE3,1000007894,COPY_OUT,1556231,1556267,2034983
case_073,1,PIPE_MTE2,1000011475,COPY_IN,1556906,1556989,2034983
case_073,1,PIPE_V,4513,ADD,1556989,1557101,2034983
case_073,1,PIPE_MTE2,1000005416,COPY_IN,1556989,1558307,2034983
case_073,1,PIPE_V,4514,RELU,1557101,1557213,2034983
case_073,1,PIPE_M,3012,CONV,1557303,1558375,2034983
case_073,1,PIPE_MTE3,1000008739,COPY_OUT,1557303,1557375,2034983
case_073,1,PIPE_MTE2,1000005426,COPY_IN,1558307,1559447,2034983
case_073,1,PIPE_M,3637,CONV,1558375,1559447,2034983
case_073,1,PIPE_MTE3,1000009587,COPY_OUT,1558375,1558465,2034983
case_073,1,PIPE_M,4262,CONV,1559447,1560519,2034983
case_073,1,PIPE_MTE2,1000005855,COPY_IN,1559447,1559519,2034983
case_073,1,PIPE_MTE3,1000010414,COPY_OUT,1559447,1559519,2034983
case_073,1,PIPE_MTE2,1000006685,COPY_IN,1559519,1559573,2034983
case_073,1,PIPE_MTE2,1000007515,COPY_IN,1559573,1559627,2034983
case_073,1,PIPE_MTE2,1000008360,COPY_IN,1559627,1559681,2034983
case_073,1,PIPE_MTE2,1000009205,COPY_IN,1559681,1559735,2034983
case_073,1,PIPE_MTE2,1000010044,COPY_IN,1559735,1559789,2034983
case_073,1,PIPE_MTE2,1000010886,COPY_IN,1559789,1559843,2034983
case_073,1,PIPE_MTE2,1000011581,COPY_IN,1559843,1559897,2034983
case_073,1,PIPE_MTE2,1000005436,COPY_IN,1559897,1560680,2034983
case_073,1,PIPE_M,4887,CONV,1560519,1561591,2034983
case_073,1,PIPE_MTE3,1000011253,COPY_OUT,1560519,1560573,2034983
case_073,1,PIPE_M,265,CONV,1561591,1566247,2034983
case_073,1,PIPE_MTE3,1000011780,COPY_OUT,1561591,1561609,2034983
case_073,1,PIPE_MTE3,1000007324,COPY_OUT,1561609,1561627,2034983
case_073,1,PIPE_MTE3,1000007327,COPY_OUT,1561627,1561645,2034983
case_073,1,PIPE_MTE3,1000008160,COPY_OUT,1561645,1561663,2034983
case_073,1,PIPE_MTE3,1000008163,COPY_OUT,1561663,1561681,2034983
case_073,1,PIPE_MTE3,1000009008,COPY_OUT,1561681,1561699,2034983
case_073,1,PIPE_MTE3,1000009011,COPY_OUT,1561699,1561717,2034983
case_073,1,PIPE_MTE3,1000009853,COPY_OUT,1561717,1561735,2034983
case_073,1,PIPE_MTE3,1000009856,COPY_OUT,1561735,1561753,2034983
case_073,1,PIPE_MTE3,1000010692,COPY_OUT,1561753,1561771,2034983
case_073,1,PIPE_MTE3,1000010695,COPY_OUT,1561771,1561789,2034983
case_073,1,PIPE_MTE3,1000011477,COPY_OUT,1561789,1561807,2034983
case_073,1,PIPE_V,266,RELU,1566247,1566359,2034983
case_073,1,PIPE_M,267,CONV,1566359,1571015,2034983
case_073,1,PIPE_V,268,RELU,1571015,1571127,2034983
case_073,1,PIPE_M,890,CONV,1571015,1575671,2034983
case_073,1,PIPE_MTE3,1000005860,COPY_OUT,1571127,1571145,2034983
case_073,1,PIPE_V,891,RELU,1575671,1575783,2034983
case_073,1,PIPE_M,892,CONV,1575783,1580439,2034983
case_073,1,PIPE_V,893,RELU,1580439,1580551,2034983
case_073,1,PIPE_M,1515,CONV,1580439,1585095,2034983
case_073,1,PIPE_MTE3,1000006690,COPY_OUT,1580551,1580569,2034983
case_073,1,PIPE_V,1516,RELU,1585095,1585207,2034983
case_073,1,PIPE_M,1517,CONV,1585207,1589863,2034983
case_073,1,PIPE_V,1518,RELU,1589863,1589975,2034983
case_073,1,PIPE_M,2140,CONV,1589863,1594519,2034983
case_073,1,PIPE_MTE3,1000007520,COPY_OUT,1589975,1589993,2034983
case_073,1,PIPE_V,2141,RELU,1594519,1594631,2034983
case_073,1,PIPE_M,2142,CONV,1594631,1599287,2034983
case_073,1,PIPE_V,2143,RELU,1599287,1599399,2034983
case_073,1,PIPE_M,2765,CONV,1599287,1603943,2034983
case_073,1,PIPE_MTE3,1000008365,COPY_OUT,1599399,1599417,2034983
case_073,1,PIPE_V,2766,RELU,1603943,1604055,2034983
case_073,1,PIPE_M,2767,CONV,1604055,1608711,2034983
case_073,1,PIPE_V,2768,RELU,1608711,1608823,2034983
case_073,1,PIPE_M,3390,CONV,1608711,1613367,2034983
case_073,1,PIPE_MTE3,1000009210,COPY_OUT,1608823,1608841,2034983
case_073,1,PIPE_V,3391,RELU,1613367,1613479,2034983
case_073,1,PIPE_M,3392,CONV,1613479,1618135,2034983
case_073,1,PIPE_V,3393,RELU,1618135,1618247,2034983
case_073,1,PIPE_M,4015,CONV,1618135,1622791,2034983
case_073,1,PIPE_MTE3,1000010049,COPY_OUT,1618247,1618265,2034983
case_073,1,PIPE_V,4016,RELU,1622791,1622903,2034983
case_073,1,PIPE_M,4017,CONV,1622903,1627559,2034983
case_073,1,PIPE_V,4018,RELU,1627559,1627671,2034983
case_073,1,PIPE_M,4640,CONV,1627559,1632215,2034983
case_073,1,PIPE_MTE3,1000010891,COPY_OUT,1627671,1627689,2034983
case_073,1,PIPE_MTE2,1000006057,COPY_IN,1629677,1629713,2034983
case_073,1,PIPE_MTE2,1000005446,COPY_IN,1629713,1630844,2034983
case_073,1,PIPE_MTE2,1000006893,COPY_IN,1630844,1630908,2034983
case_073,1,PIPE_MTE2,1000007723,COPY_IN,1630908,1630950,2034983
case_073,1,PIPE_MTE2,1000008568,COPY_IN,1631424,1631442,2034983
case_073,1,PIPE_MTE2,1000009413,COPY_IN,1631917,1631935,2034983
case_073,1,PIPE_V,4641,RELU,1632215,1632327,2034983
case_073,1,PIPE_M,4642,CONV,1632327,1636983,2034983
case_073,1,PIPE_MTE2,1000010249,COPY_IN,1632477,1632495,2034983
case_073,1,PIPE_MTE2,1000011091,COPY_IN,1633037,1633055,2034983
case_073,1,PIPE_MTE2,1000011684,COPY_IN,1635079,1635097,2034983
case_073,1,PIPE_MTE2,1000008013,COPY_IN,1635097,1635115,2034983
case_073,1,PIPE_M,395,CONV,1636983,1641639,2034983
case_073,1,PIPE_V,4643,RELU,1636983,1637095,2034983
case_073,1,PIPE_V,4644,ADD,1637095,1637207,2034983
case_073,1,PIPE_MTE3,1000011583,COPY_OUT,1637207,1637225,2034983
case_073,1,PIPE_MTE3,1000011586,COPY_OUT,1637225,1637243,2034983
case_073,1,PIPE_V,396,RELU,1641639,1641751,2034983
case_073,1,PIPE_M,397,CONV,1641751,1646407,2034983
case_073,1,PIPE_V,398,RELU,1646407,1646519,2034983
case_073,1,PIPE_M,1020,CONV,1646407,1651063,2034983
case_073,1,PIPE_MTE3,1000006062,COPY_OUT,1646519,1646537,2034983
case_073,1,PIPE_V,1021,RELU,1651063,1651175,2034983
case_073,1,PIPE_M,1022,CONV,1651175,1655831,2034983
case_073,1,PIPE_V,1023,RELU,1655831,1655943,2034983
case_073,1,PIPE_M,1645,CONV,1655831,1660487,2034983
case_073,1,PIPE_MTE3,1000006898,COPY_OUT,1655943,1655961,2034983
case_073,1,PIPE_V,1646,RELU,1660487,1660599,2034983
case_073,1,PIPE_M,1647,CONV,1660599,1665255,2034983
case_073,1,PIPE_MTE2,1000008019,COPY_IN,1663268,1663304,2034983
case_073,1,PIPE_MTE2,1000005456,COPY_IN,1663304,1663431,2034983
case_073,1,PIPE_MTE2,1000008861,COPY_IN,1663431,1663449,2034983
case_073,1,PIPE_V,1648,RELU,1665255,1665367,2034983
case_073,1,PIPE_M,2270,CONV,1665255,1669911,2034983
case_073,1,PIPE_MTE3,1000007725,COPY_OUT,1665367,1665385,2034983
case_073,1,PIPE_V,2271,RELU,1669911,1670023,2034983
case_073,1,PIPE_M,2272,CONV,1670023,1674679,2034983
case_073,1,PIPE_MTE2,1000008867,COPY_IN,1672692,1672746,2034983
case_073,1,PIPE_MTE2,1000009706,COPY_IN,1672746,1672785,2034983
case_073,1,PIPE_V,2273,RELU,1674679,1674791,2034983
case_073,1,PIPE_M,2895,CONV,1674679,1679335,2034983
case_073,1,PIPE_MTE3,1000008570,COPY_OUT,1674791,1674809,2034983
case_073,1,PIPE_V,2896,RELU,1679335,1679447,2034983
case_073,1,PIPE_M,2897,CONV,1679447,1684103,2034983
case_073,1,PIPE_MTE2,1000009712,COPY_IN,1682116,1682141,2034983
case_073,1,PIPE_MTE2,1000010539,COPY_IN,1682141,1682159,2034983
case_073,1,PIPE_V,2898,RELU,1684103,1684215,2034983
case_073,1,PIPE_M,3520,CONV,1684103,1688759,2034983
case_073,1,PIPE_MTE3,1000009415,COPY_OUT,1684215,1684233,2034983
case_073,1,PIPE_V,3521,RELU,1688759,1688871,2034983
case_073,1,PIPE_M,3522,CONV,1688871,1693527,2034983
case_073,1,PIPE_MTE2,1000010545,COPY_IN,1691540,1691565,2034983
case_073,1,PIPE_MTE2,1000011369,COPY_IN,1691565,1691583,2034983
case_073,1,PIPE_V,3523,RELU,1693527,1693639,2034983
case_073,1,PIPE_M,4145,CONV,1693527,1698183,2034983
case_073,1,PIPE_MTE3,1000010251,COPY_OUT,1693639,1693657,2034983
case_073,1,PIPE_V,4146,RELU,1698183,1698295,2034983
case_073,1,PIPE_M,4147,CONV,1698295,1702951,2034983
case_073,1,PIPE_MTE2,1000011375,COPY_IN,1700964,1700989,2034983
case_073,1,PIPE_MTE2,1000005587,COPY_IN,1700989,1701024,2034983
case_073,1,PIPE_MTE2,1000005674,COPY_IN,1702165,1702200,2034983
case_073,1,PIPE_MTE2,1000006320,COPY_IN,1702200,1702235,2034983
case_073,1,PIPE_V,4148,RELU,1702951,1703063,2034983
case_073,1,PIPE_M,4770,CONV,1702951,1707607,2034983
case_073,1,PIPE_MTE3,1000011093,COPY_OUT,1703063,1703081,2034983
case_073,1,PIPE_MTE2,1000006374,COPY_IN,1706158,1706193,2034983
case_073,1,PIPE_MTE2,1000006975,COPY_IN,1706193,1706228,2034983
case_073,1,PIPE_V,4771,RELU,1707607,1707719,2034983
case_073,1,PIPE_M,4772,CONV,1707719,1712375,2034983
case_073,1,PIPE_MTE2,1000007083,COPY_IN,1708302,1708337,2034983
case_073,1,PIPE_MTE2,1000007729,COPY_IN,1710446,1710516,2034983
case_073,1,PIPE_MTE2,1000011822,COPY_IN,1710516,1710586,2034983
case_073,1,PIPE_MTE2,1000008574,COPY_IN,1711565,1711635,2034983
case_073,1,PIPE_MTE2,1000011820,COPY_IN,1711635,1711701,2034983
case_073,1,PIPE_V,4773,RELU,1712375,1712487,2034983
case_073,1,PIPE_V,1899,ADD,1712487,1712599,2034983
case_073,1,PIPE_MTE3,1000011689,COPY_OUT,1712487,1712505,2034983
case_073,1,PIPE_M,1900,CONV,1712599,1713671,2034983
case_073,1,PIPE_V,2524,ADD,1712599,1712711,2034983
case_073,1,PIPE_MTE2,1000009419,COPY_IN,1712637,1712707,2034983
case_073,1,PIPE_MTE2,1000011818,COPY_IN,1712707,1712773,2034983
case_073,1,PIPE_V,3149,ADD,1712711,1712823,2034983
case_073,1,PIPE_V,3774,ADD,1712823,1712935,2034983
case_073,1,PIPE_V,4399,ADD,1712935,1713047,2034983
case_073,1,PIPE_V,151,ADD,1713047,1713223,2034983
case_073,1,PIPE_V,152,RELU,1713223,1713399,2034983
case_073,1,PIPE_V,651,ADD,1713399,1713575,2034983
case_073,1,PIPE_V,652,RELU,1713575,1713751,2034983
case_073,1,PIPE_M,2525,CONV,1713671,1714743,2034983
case_073,1,PIPE_MTE3,1000008021,COPY_OUT,1713671,1713706,2034983
case_073,1,PIPE_V,1151,ADD,1713751,1713927,2034983
case_073,1,PIPE_MTE2,1000010255,COPY_IN,1713752,1713843,2034983
case_073,1,PIPE_MTE2,1000011816,COPY_IN,1713843,1713945,2034983
case_073,1,PIPE_V,1152,RELU,1713927,1714103,2034983
case_073,1,PIPE_V,1651,ADD,1714103,1714279,2034983
case_073,1,PIPE_V,1652,RELU,1714279,1714455,2034983
case_073,1,PIPE_V,2276,ADD,1714455,1714631,2034983
case_073,1,PIPE_V,2277,RELU,1714631,1714807,2034983
case_073,1,PIPE_M,3150,CONV,1714743,1715815,2034983
case_073,1,PIPE_MTE3,1000008869,COPY_OUT,1714743,1714778,2034983
case_073,1,PIPE_V,2901,ADD,1714807,1714983,2034983
case_073,1,PIPE_MTE2,1000011097,COPY_IN,1714819,1714910,2034983
case_073,1,PIPE_MTE2,1000011814,COPY_IN,1714910,1715009,2034983
case_073,1,PIPE_V,2902,RELU,1714983,1715159,2034983
case_073,1,PIPE_V,3526,ADD,1715159,1715335,2034983
case_073,1,PIPE_V,3527,RELU,1715335,1715511,2034983
case_073,1,PIPE_V,4151,ADD,1715511,1715687,2034983
case_073,1,PIPE_V,4152,RELU,1715687,1715863,2034983
case_073,1,PIPE_M,3775,CONV,1715815,1716887,2034983
case_073,1,PIPE_MTE3,1000009714,COPY_OUT,1715815,1715924,2034983
case_073,1,PIPE_MTE2,1000011693,COPY_IN,1715915,1716084,2034983
case_073,1,PIPE_MTE2,1000011812,COPY_IN,1716084,1716264,2034983
case_073,1,PIPE_V,4776,ADD,1716264,1716440,2034983
case_073,1,PIPE_MTE2,1000005466,COPY_IN,1716264,1716787,2034983
case_073,1,PIPE_V,4777,RELU,1716440,1716616,2034983
case_073,1,PIPE_MTE2,1000005476,COPY_IN,1716787,1717264,2034983
case_073,1,PIPE_M,4400,CONV,1716887,1717959,2034983
case_073,1,PIPE_MTE3,1000010547,COPY_OUT,1716887,1717118,2034983
case_073,1,PIPE_MTE2,1000006265,COPY_IN,1717264,1717467,2034983
case_073,1,PIPE_MTE2,1000007916,COPY_IN,1717467,1717589,2034983
case_073,1,PIPE_MTE2,1000008761,COPY_IN,1717589,1717702,2034983
case_073,1,PIPE_MTE2,1000009609,COPY_IN,1717702,1717855,2034983
case_073,1,PIPE_MTE2,1000010436,COPY_IN,1717855,1717920,2034983
case_073,1,PIPE_MTE2,1000011275,COPY_IN,1717920,1717955,2034983
case_073,1,PIPE_M,528,CONV,1717959,1722615,2034983
case_073,1,PIPE_MTE3,1000011377,COPY_OUT,1717959,1717994,2034983
case_073,1,PIPE_MTE3,1000005676,COPY_OUT,1717994,1718029,2034983
case_073,1,PIPE_MTE3,1000005679,COPY_OUT,1718029,1718087,2034983
case_073,1,PIPE_MTE3,1000006376,COPY_OUT,1718087,1718157,2034983
case_073,1,PIPE_MTE3,1000007085,COPY_OUT,1718157,1718227,2034983
case_073,1,PIPE_MTE3,1000007731,COPY_OUT,1718227,1718326,2034983
case_073,1,PIPE_MTE2,1000011799,COPY_IN,1718303,1718426,2034983
case_073,1,PIPE_MTE3,1000007734,COPY_OUT,1718326,1718443,2034983
case_073,1,PIPE_MTE2,1000005486,COPY_IN,1718426,1718668,2034983
case_073,1,PIPE_MTE3,1000008576,COPY_OUT,1718443,1718557,2034983
case_073,1,PIPE_MTE3,1000008579,COPY_OUT,1718557,1718664,2034983
case_073,1,PIPE_MTE3,1000009421,COPY_OUT,1718664,1718770,2034983
case_073,1,PIPE_MTE3,1000009424,COPY_OUT,1718770,1718875,2034983
case_073,1,PIPE_MTE3,1000010257,COPY_OUT,1718875,1718992,2034983
case_073,1,PIPE_MTE3,1000010260,COPY_OUT,1718992,1719136,2034983
case_073,1,PIPE_MTE3,1000011099,COPY_OUT,1719136,1719287,2034983
case_073,1,PIPE_MTE3,1000011102,COPY_OUT,1719287,1719363,2034983
case_073,1,PIPE_MTE3,1000011695,COPY_OUT,1719363,1719462,2034983
case_073,1,PIPE_V,529,RELU,1722615,1722791,2034983
case_073,1,PIPE_M,530,CONV,1722791,1727447,2034983
case_073,1,PIPE_V,531,RELU,1727447,1727623,2034983
case_073,1,PIPE_M,1153,CONV,1727447,1732103,2034983
case_073,1,PIPE_MTE3,1000006270,COPY_OUT,1727623,1727658,2034983
case_073,1,PIPE_V,1154,RELU,1732103,1732279,2034983
case_073,1,PIPE_M,1155,CONV,1732279,1736935,2034983
case_073,1,PIPE_V,1156,RELU,1736935,1737111,2034983
case_073,1,PIPE_M,1778,CONV,1736935,1741591,2034983
case_073,1,PIPE_MTE3,1000007088,COPY_OUT,1737111,1737146,2034983
case_073,1,PIPE_V,1779,RELU,1741591,1741767,2034983
case_073,1,PIPE_M,1780,CONV,1741767,1746423,2034983
case_073,1,PIPE_V,1781,RELU,1746423,1746599,2034983
case_073,1,PIPE_M,2403,CONV,1746423,1751079,2034983
case_073,1,PIPE_MTE3,1000007918,COPY_OUT,1746599,1746634,2034983
case_073,1,PIPE_V,2404,RELU,1751079,1751255,2034983
case_073,1,PIPE_M,2405,CONV,1751255,1755911,2034983
case_073,1,PIPE_V,2406,RELU,1755911,1756087,2034983
case_073,1,PIPE_M,3028,CONV,1755911,1760567,2034983
case_073,1,PIPE_MTE3,1000008763,COPY_OUT,1756087,1756122,2034983
case_073,1,PIPE_V,3029,RELU,1760567,1760743,2034983
case_073,1,PIPE_M,3030,CONV,1760743,1765399,2034983
case_073,1,PIPE_V,3031,RELU,1765399,1765575,2034983
case_073,1,PIPE_M,3653,CONV,1765399,1770055,2034983
case_073,1,PIPE_MTE3,1000009611,COPY_OUT,1765575,1765610,2034983
case_073,1,PIPE_V,3654,RELU,1770055,1770231,2034983
case_073,1,PIPE_M,3655,CONV,1770231,1774887,2034983
case_073,1,PIPE_V,3656,RELU,1774887,1775063,2034983
case_073,1,PIPE_M,4278,CONV,1774887,1779543,2034983
case_073,1,PIPE_MTE3,1000010438,COPY_OUT,1775063,1775098,2034983
case_073,1,PIPE_V,4279,RELU,1779543,1779719,2034983
case_073,1,PIPE_M,4280,CONV,1779719,1784375,2034983
case_073,1,PIPE_V,4281,RELU,1784375,1784551,2034983
case_073,1,PIPE_M,4903,CONV,1784375,1789031,2034983
case_073,1,PIPE_MTE3,1000011277,COPY_OUT,1784551,1784586,2034983
case_073,1,PIPE_MTE2,1000006380,COPY_IN,1786772,1786874,2034983
case_073,1,PIPE_MTE2,1000005496,COPY_IN,1786874,1787072,2034983
case_073,1,PIPE_MTE2,1000007192,COPY_IN,1787694,1787729,2034983
case_073,1,PIPE_MTE2,1000008028,COPY_IN,1788560,1788595,2034983
case_073,1,PIPE_V,4904,RELU,1789031,1789207,2034983
case_073,1,PIPE_M,4905,CONV,1789207,1793863,2034983
case_073,1,PIPE_MTE2,1000008876,COPY_IN,1789412,1789475,2034983
case_073,1,PIPE_MTE2,1000009721,COPY_IN,1790292,1790355,2034983
case_073,1,PIPE_MTE2,1000010554,COPY_IN,1791172,1791235,2034983
case_073,1,PIPE_MTE2,1000011384,COPY_IN,1792052,1792087,2034983
case_073,1,PIPE_MTE2,1000005506,COPY_IN,1792087,1792105,2034983
case_073,1,PIPE_MTE2,1000005686,COPY_IN,1792105,1792158,2034983
case_073,1,PIPE_M,658,CONV,1793863,1798519,2034983
case_073,1,PIPE_V,4906,RELU,1793863,1794039,2034983
case_073,1,PIPE_V,4907,ADD,1794039,1794215,2034983
case_073,1,PIPE_MTE3,1000011801,COPY_OUT,1794215,1794261,2034983
case_073,1,PIPE_MTE2,1000005689,COPY_IN,1797273,1797308,2034983
case_073,1,PIPE_MTE2,1000005879,COPY_IN,1797308,1797343,2034983
case_073,1,PIPE_V,659,RELU,1798519,1798695,2034983
case_073,1,PIPE_M,660,CONV,1798695,1803351,2034983
case_073,1,PIPE_V,661,RELU,1803351,1803527,2034983
case_073,1,PIPE_M,1283,CONV,1803351,1808007,2034983
case_073,1,PIPE_MTE2,1000005885,COPY_IN,1805458,1805493,2034983
case_073,1,PIPE_MTE2,1000006081,COPY_IN,1805493,1805528,2034983
case_073,1,PIPE_MTE2,1000006084,COPY_IN,1805528,1805563,2034983
case_073,1,PIPE_MTE2,1000006274,COPY_IN,1805563,1805598,2034983
case_073,1,PIPE_MTE2,1000006280,COPY_IN,1805598,1805633,2034983
case_073,1,PIPE_MTE2,1000006709,COPY_IN,1805633,1805668,2034983
case_073,1,PIPE_V,1284,RELU,1808007,1808183,2034983
case_073,1,PIPE_M,1285,CONV,1808183,1812839,2034983
case_073,1,PIPE_V,1286,RELU,1812839,1813015,2034983
case_073,1,PIPE_M,1908,CONV,1812839,1817495,2034983
case_073,1,PIPE_MTE3,1000007194,COPY_OUT,1813015,1813050,2034983
case_073,1,PIPE_MTE2,1000006715,COPY_IN,1814946,1814981,2034983
case_073,1,PIPE_MTE2,1000007092,COPY_IN,1814981,1815016,2034983
case_073,1,PIPE_MTE2,1000007098,COPY_IN,1815016,1815051,2034983
case_073,1,PIPE_MTE2,1000007346,COPY_IN,1815051,1815086,2034983
case_073,1,PIPE_MTE2,1000007349,COPY_IN,1816249,1816284,2034983
case_073,1,PIPE_MTE2,1000008188,COPY_IN,1816284,1816319,2034983
case_073,1,PIPE_V,1909,RELU,1817495,1817671,2034983
case_073,1,PIPE_M,1910,CONV,1817671,1822327,2034983
case_073,1,PIPE_V,1911,RELU,1822327,1822503,2034983
case_073,1,PIPE_M,2533,CONV,1822327,1826983,2034983
case_073,1,PIPE_MTE3,1000008030,COPY_OUT,1822503,1822538,2034983
case_073,1,PIPE_MTE2,1000008191,COPY_IN,1825737,1825772,2034983
case_073,1,PIPE_MTE2,1000009036,COPY_IN,1825772,1825807,2034983
case_073,1,PIPE_V,2534,RELU,1826983,1827159,2034983
case_073,1,PIPE_M,2535,CONV,1827159,1831815,2034983
case_073,1,PIPE_V,2536,RELU,1831815,1831991,2034983
case_073,1,PIPE_M,3158,CONV,1831815,1836471,2034983
case_073,1,PIPE_MTE3,1000008878,COPY_OUT,1831991,1832026,2034983
case_073,1,PIPE_MTE2,1000009039,COPY_IN,1835225,1835260,2034983
case_073,1,PIPE_MTE2,1000009881,COPY_IN,1835260,1835295,2034983
case_073,1,PIPE_V,3159,RELU,1836471,1836647,2034983
case_073,1,PIPE_M,3160,CONV,1836647,1841303,2034983
case_073,1,PIPE_V,3161,RELU,1841303,1841479,2034983
case_073,1,PIPE_M,3783,CONV,1841303,1845959,2034983
case_073,1,PIPE_MTE3,1000009723,COPY_OUT,1841479,1841514,2034983
case_073,1,PIPE_MTE2,1000009884,COPY_IN,1844713,1844748,2034983
case_073,1,PIPE_MTE2,1000010720,COPY_IN,1844748,1844783,2034983
case_073,1,PIPE_V,3784,RELU,1845959,1846135,2034983
case_073,1,PIPE_M,3785,CONV,1846135,1850791,2034983
case_073,1,PIPE_V,3786,RELU,1850791,1850967,2034983
case_073,1,PIPE_M,4408,CONV,1850791,1855447,2034983
case_073,1,PIPE_MTE3,1000010556,COPY_OUT,1850967,1851002,2034983
case_073,1,PIPE_MTE2,1000010723,COPY_IN,1854201,1854236,2034983
case_073,1,PIPE_MTE2,1000011496,COPY_IN,1854236,1854271,2034983
case_073,1,PIPE_V,4409,RELU,1855447,1855623,2034983
case_073,1,PIPE_M,4410,CONV,1855623,1860279,2034983
case_073,1,PIPE_V,4411,RELU,1860279,1860455,2034983
case_073,1,PIPE_V,162,ADD,1860455,1860631,2034983
case_073,1,PIPE_MTE3,1000011386,COPY_OUT,1860455,1860490,2034983
case_073,1,PIPE_M,163,CONV,1860631,1861703,2034983
case_073,1,PIPE_V,287,ADD,1860631,1860807,2034983
case_073,1,PIPE_V,412,ADD,1860807,1860983,2034983
case_073,1,PIPE_V,537,ADD,1860983,1861159,2034983
case_073,1,PIPE_V,662,ADD,1861159,1861335,2034983
case_073,1,PIPE_V,912,ADD,1861335,1861511,2034983
case_073,1,PIPE_V,1162,ADD,1861511,1861687,2034983
case_073,1,PIPE_V,1412,ADD,1861687,1861863,2034983
case_073,1,PIPE_M,288,CONV,1861703,1862775,2034983
case_073,1,PIPE_MTE3,1000005691,COPY_OUT,1861703,1861772,2034983
case_073,1,PIPE_V,2037,ADD,1861863,1862039,2034983
case_073,1,PIPE_V,2662,ADD,1862039,1862215,2034983
case_073,1,PIPE_V,3287,ADD,1862215,1862391,2034983
case_073,1,PIPE_V,3912,ADD,1862391,1862567,2034983
case_073,1,PIPE_M,413,CONV,1862775,1863847,2034983
case_073,1,PIPE_MTE2,1000011502,COPY_IN,1863689,1863724,2034983
case_073,1,PIPE_V,4537,ADD,1863724,1863900,2034983
case_073,1,PIPE_MTE2,1000005732,COPY_IN,1863724,1863793,2034983
case_073,1,PIPE_MTE2,1000006130,COPY_IN,1863793,1863877,2034983
case_073,1,PIPE_M,538,CONV,1863847,1864919,2034983
case_073,1,PIPE_MTE3,1000006086,COPY_OUT,1863847,1863985,2034983
case_073,1,PIPE_MTE2,1000006957,COPY_IN,1863877,1864000,2034983
case_073,1,PIPE_V,289,ADD,1863900,1864204,2034983
case_073,1,PIPE_MTE2,1000007787,COPY_IN,1864000,1864069,2034983
case_073,1,PIPE_V,290,RELU,1864204,1864508,2034983
case_073,1,PIPE_V,539,ADD,1864919,1865223,2034983
case_073,1,PIPE_M,663,CONV,1864919,1865991,2034983
case_073,1,PIPE_V,540,RELU,1865223,1865527,2034983
case_073,1,PIPE_M,913,CONV,1865991,1867063,2034983
case_073,1,PIPE_MTE3,1000006382,COPY_OUT,1865991,1866060,2034983
case_073,1,PIPE_M,1163,CONV,1867063,1868135,2034983
case_073,1,PIPE_MTE3,1000006717,COPY_OUT,1867063,1867132,2034983
case_073,1,PIPE_V,1164,ADD,1868135,1868439,2034983
case_073,1,PIPE_M,1413,CONV,1868135,1869207,2034983
case_073,1,PIPE_V,1165,RELU,1868439,1868743,2034983
case_073,1,PIPE_M,2038,CONV,1869207,1870279,2034983
case_073,1,PIPE_MTE3,1000007351,COPY_OUT,1869207,1869364,2034983
case_073,1,PIPE_M,2663,CONV,1870279,1871351,2034983
case_073,1,PIPE_MTE3,1000008193,COPY_OUT,1870279,1870436,2034983
case_073,1,PIPE_MTE2,1000007925,COPY_IN,1871114,1871183,2034983
case_073,1,PIPE_V,1789,ADD,1871183,1871487,2034983
case_073,1,PIPE_MTE2,1000008632,COPY_IN,1871183,1871252,2034983
case_073,1,PIPE_M,3288,CONV,1871351,1872423,2034983
case_073,1,PIPE_MTE3,1000009041,COPY_OUT,1871351,1871532,2034983
case_073,1,PIPE_V,1790,RELU,1871487,1871791,2034983
case_073,1,PIPE_MTE2,1000008770,COPY_IN,1872241,1872461,2034983
case_073,1,PIPE_M,3913,CONV,1872423,1873495,2034983
case_073,1,PIPE_MTE3,1000009886,COPY_OUT,1872423,1872806,2034983
case_073,1,PIPE_V,2414,ADD,1872461,1872765,2034983
case_073,1,PIPE_MTE2,1000009480,COPY_IN,1872461,1872867,2034983
case_073,1,PIPE_V,2415,RELU,1872765,1873069,2034983
case_073,1,PIPE_M,4538,CONV,1873495,1874567,2034983
case_073,1,PIPE_MTE3,1000010725,COPY_OUT,1873495,1873849,2034983
case_073,1,PIPE_MTE2,1000009618,COPY_IN,1873595,1874030,2034983
case_073,1,PIPE_V,3039,ADD,1874030,1874334,2034983
case_073,1,PIPE_MTE2,1000010313,COPY_IN,1874030,1874412,2034983
case_073,1,PIPE_V,3040,RELU,1874334,1874638,2034983
case_073,1,PIPE_MTE3,1000011504,COPY_OUT,1874567,1875008,2034983
case_073,1,PIPE_MTE2,1000010445,COPY_IN,1874718,1875280,2034983
case_073,1,PIPE_MTE3,1000005887,COPY_OUT,1875008,1875517,2034983
case_073,1,PIPE_V,3664,ADD,1875280,1875584,2034983
case_073,1,PIPE_MTE2,1000011152,COPY_IN,1875280,1875744,2034983
case_073,1,PIPE_MTE3,1000006282,COPY_OUT,1875517,1875995,2034983
case_073,1,PIPE_V,3665,RELU,1875584,1875888,2034983
case_073,1,PIPE_MTE2,1000011284,COPY_IN,1875899,1876451,2034983
case_073,1,PIPE_MTE3,1000007100,COPY_OUT,1875995,1876519,2034983
case_073,1,PIPE_V,4289,ADD,1876451,1876755,2034983
case_073,1,PIPE_MTE3,1000007927,COPY_OUT,1876519,1877076,2034983
case_073,1,PIPE_V,4290,RELU,1876755,1877059,2034983
case_073,1,PIPE_MTE2,1000011805,COPY_IN,1876956,1877516,2034983
case_073,1,PIPE_MTE3,1000008772,COPY_OUT,1877076,1877612,2034983
case_073,1,PIPE_MTE2,1000011809,COPY_IN,1877516,1878067,2034983
case_073,1,PIPE_MTE3,1000009620,COPY_OUT,1877612,1878174,2034983
case_073,1,PIPE_V,4914,ADD,1878067,1878371,2034983
case_073,1,PIPE_MTE2,1000005516,COPY_IN,1878067,1878220,2034983
case_073,1,PIPE_MTE3,1000010447,COPY_OUT,1878174,1878591,2034983
case_073,1,PIPE_V,4915,RELU,1878371,1878675,2034983
case_073,1,PIPE_MTE3,1000011286,COPY_OUT,1878591,1879108,2034983
case_073,1,PIPE_MTE3,1000011807,COPY_OUT,1879108,1879570,2034983
case_073,1,PIPE_MTE2,1000006386,COPY_IN,1879392,1879915,2034983
case_073,1,PIPE_M,666,CONV,1879915,1884571,2034983
case_073,1,PIPE_MTE2,1000005526,COPY_IN,1879915,1880075,2034983
case_073,1,PIPE_MTE2,1000007201,COPY_IN,1880075,1880503,2034983
case_073,1,PIPE_MTE2,1000008037,COPY_IN,1880503,1880958,2034983
case_073,1,PIPE_MTE2,1000008885,COPY_IN,1880958,1881308,2034983
case_073,1,PIPE_MTE2,1000009730,COPY_IN,1881309,1881651,2034983
case_073,1,PIPE_MTE2,1000010563,COPY_IN,1881694,1881950,2034983
case_073,1,PIPE_MTE2,1000011393,COPY_IN,1882036,1882214,2034983
case_073,1,PIPE_MTE2,1000005695,COPY_IN,1882214,1882390,2034983
case_073,1,PIPE_V,667,RELU,1884571,1884875,2034983
case_073,1,PIPE_M,668,CONV,1884875,1889531,2034983
case_073,1,PIPE_MTE2,1000005701,COPY_IN,1888436,1888505,2034983
case_073,1,PIPE_MTE2,1000005891,COPY_IN,1888505,1888574,2034983
case_073,1,PIPE_MTE2,1000006090,COPY_IN,1888574,1888643,2034983
case_073,1,PIPE_V,669,RELU,1889531,1889835,2034983
case_073,1,PIPE_M,1291,CONV,1889531,1894187,2034983
case_073,1,PIPE_MTE2,1000006096,COPY_IN,1891131,1891200,2034983
case_073,1,PIPE_MTE2,1000006286,COPY_IN,1891200,1891269,2034983
case_073,1,PIPE_MTE2,1000006528,COPY_IN,1891269,1891338,2034983
case_073,1,PIPE_V,1292,RELU,1894187,1894491,2034983
case_073,1,PIPE_M,1293,CONV,1894491,1899147,2034983
case_073,1,PIPE_MTE2,1000006534,COPY_IN,1898052,1898121,2034983
case_073,1,PIPE_MTE2,1000006724,COPY_IN,1898121,1898190,2034983
case_073,1,PIPE_MTE2,1000006727,COPY_IN,1898190,1898259,2034983
case_073,1,PIPE_MTE2,1000006917,COPY_IN,1898259,1898328,2034983
case_073,1,PIPE_V,1294,RELU,1899147,1899451,2034983
case_073,1,PIPE_M,1916,CONV,1899147,1903803,2034983
case_073,1,PIPE_MTE2,1000006923,COPY_IN,1900747,1900816,2034983
case_073,1,PIPE_MTE2,1000007104,COPY_IN,1900816,1900885,2034983
case_073,1,PIPE_MTE2,1000007355,COPY_IN,1900885,1900954,2034983
case_073,1,PIPE_V,1917,RELU,1903803,1904107,2034983
case_073,1,PIPE_M,1918,CONV,1904107,1908763,2034983
case_073,1,PIPE_MTE2,1000007361,COPY_IN,1907668,1907737,2034983
case_073,1,PIPE_MTE2,1000007554,COPY_IN,1907737,1907806,2034983
case_073,1,PIPE_MTE2,1000007557,COPY_IN,1907806,1907875,2034983
case_073,1,PIPE_MTE2,1000007747,COPY_IN,1907875,1907944,2034983
case_073,1,PIPE_V,1919,RELU,1908763,1909067,2034983
case_073,1,PIPE_M,2541,CONV,1908763,1913419,2034983
case_073,1,PIPE_MTE2,1000007753,COPY_IN,1910363,1910432,2034983
case_073,1,PIPE_MTE2,1000007931,COPY_IN,1910432,1910501,2034983
case_073,1,PIPE_MTE2,1000008197,COPY_IN,1910501,1910570,2034983
case_073,1,PIPE_V,2542,RELU,1913419,1913723,2034983
case_073,1,PIPE_M,2543,CONV,1913723,1918379,2034983
case_073,1,PIPE_MTE2,1000008203,COPY_IN,1917284,1917353,2034983
case_073,1,PIPE_MTE2,1000008399,COPY_IN,1917353,1917422,2034983
case_073,1,PIPE_MTE2,1000008402,COPY_IN,1917422,1917491,2034983
case_073,1,PIPE_MTE2,1000008592,COPY_IN,1917491,1917560,2034983
case_073,1,PIPE_V,2544,RELU,1918379,1918683,2034983
case_073,1,PIPE_M,3166,CONV,1918379,1923035,2034983
case_073,1,PIPE_MTE2,1000008598,COPY_IN,1919979,1920048,2034983
case_073,1,PIPE_MTE2,1000008776,COPY_IN,1920048,1920117,2034983
case_073,1,PIPE_MTE2,1000009045,COPY_IN,1920117,1920186,2034983
case_073,1,PIPE_V,3167,RELU,1923035,1923339,2034983
case_073,1,PIPE_M,3168,CONV,1923339,1927995,2034983
case_073,1,PIPE_MTE2,1000009051,COPY_IN,1926900,1926969,2034983
case_073,1,PIPE_MTE2,1000009244,COPY_IN,1926969,1927038,2034983
case_073,1,PIPE_MTE2,1000009247,COPY_IN,1927038,1927107,2034983
case_073,1,PIPE_MTE2,1000009437,COPY_IN,1927107,1927176,2034983
case_073,1,PIPE_V,3169,RELU,1927995,1928299,2034983
case_073,1,PIPE_M,3791,CONV,1927995,1932651,2034983
case_073,1,PIPE_MTE2,1000009443,COPY_IN,1929595,1929664,2034983
case_073,1,PIPE_MTE2,1000009624,COPY_IN,1929664,1929733,2034983
case_073,1,PIPE_MTE2,1000009890,COPY_IN,1929733,1929802,2034983
case_073,1,PIPE_V,3792,RELU,1932651,1932955,2034983
case_073,1,PIPE_M,3793,CONV,1932955,1937611,2034983
case_073,1,PIPE_MTE2,1000009896,COPY_IN,1936516,1936585,2034983
case_073,1,PIPE_MTE2,1000010083,COPY_IN,1936585,1936654,2034983
case_073,1,PIPE_MTE2,1000010086,COPY_IN,1936654,1936723,2034983
case_073,1,PIPE_MTE2,1000010273,COPY_IN,1936723,1936792,2034983
case_073,1,PIPE_V,3794,RELU,1937611,1937915,2034983
case_073,1,PIPE_M,4416,CONV,1937611,1942267,2034983
case_073,1,PIPE_MTE2,1000010279,COPY_IN,1939211,1939280,2034983
case_073,1,PIPE_MTE2,1000010451,COPY_IN,1939280,1939349,2034983
case_073,1,PIPE_MTE2,1000010729,COPY_IN,1939349,1939418,2034983
case_073,1,PIPE_V,4417,RELU,1942267,1942571,2034983
case_073,1,PIPE_M,4418,CONV,1942571,1947227,2034983
case_073,1,PIPE_MTE2,1000010735,COPY_IN,1946132,1946201,2034983
case_073,1,PIPE_MTE2,1000011290,COPY_IN,1946201,1946270,2034983
case_073,1,PIPE_MTE2,1000005536,COPY_IN,1946270,1946290,2034983
case_073,1,PIPE_MTE2,1000005546,COPY_IN,1946290,1946310,2034983
case_073,1,PIPE_V,4419,RELU,1947227,1947531,2034983
case_073,1,PIPE_V,170,ADD,1947531,1947835,2034983
case_073,1,PIPE_MTE3,1000011398,COPY_OUT,1947531,1947600,2034983
case_073,1,PIPE_M,171,CONV,1947835,1952491,2034983
case_073,1,PIPE_V,295,ADD,1947835,1948139,2034983
case_073,1,PIPE_MTE3,1000005703,COPY_OUT,1947835,1947904,2034983
case_073,1,PIPE_V,420,ADD,1948139,1948443,2034983
case_073,1,PIPE_MTE3,1000005893,COPY_OUT,1948139,1948258,2034983
case_073,1,PIPE_MTE3,1000005896,COPY_OUT,1948258,1948396,2034983
case_073,1,PIPE_V,545,ADD,1948443,1948747,2034983
case_073,1,PIPE_MTE3,1000006098,COPY_OUT,1948443,1948512,2034983
case_073,1,PIPE_MTE3,1000006101,COPY_OUT,1948512,1948581,2034983
case_073,1,PIPE_V,670,ADD,1948747,1949051,2034983
case_073,1,PIPE_MTE3,1000006288,COPY_OUT,1948747,1948816,2034983
case_073,1,PIPE_MTE3,1000006291,COPY_OUT,1948816,1948885,2034983
case_073,1,PIPE_V,795,ADD,1949051,1949355,2034983
case_073,1,PIPE_MTE3,1000006388,COPY_OUT,1949051,1949189,2034983
case_073,1,PIPE_V,920,ADD,1949355,1949659,2034983
case_073,1,PIPE_MTE3,1000006536,COPY_OUT,1949355,1949454,2034983
case_073,1,PIPE_V,1045,ADD,1949659,1949963,2034983
case_073,1,PIPE_MTE3,1000006729,COPY_OUT,1949659,1949767,2034983
case_073,1,PIPE_MTE3,1000006732,COPY_OUT,1949767,1949886,2034983
case_073,1,PIPE_V,1170,ADD,1949963,1950267,2034983
case_073,1,PIPE_MTE3,1000006925,COPY_OUT,1949963,1950032,2034983
case_073,1,PIPE_MTE3,1000006928,COPY_OUT,1950032,1950101,2034983
case_073,1,PIPE_V,1295,ADD,1950267,1950571,2034983
case_073,1,PIPE_MTE3,1000007106,COPY_OUT,1950267,1950336,2034983
case_073,1,PIPE_MTE3,1000007109,COPY_OUT,1950336,1950424,2034983
case_073,1,PIPE_V,1420,ADD,1950571,1950875,2034983
case_073,1,PIPE_MTE3,1000007203,COPY_OUT,1950571,1950670,2034983
case_073,1,PIPE_V,1545,ADD,1950875,1951179,2034983
case_073,1,PIPE_MTE3,1000007363,COPY_OUT,1950875,1950974,2034983
case_073,1,PIPE_V,1670,ADD,1951179,1951483,2034983
case_073,1,PIPE_MTE3,1000007559,COPY_OUT,1951179,1951308,2034983
case_073,1,PIPE_MTE3,1000007562,COPY_OUT,1951308,1951377,2034983
case_073,1,PIPE_V,1795,ADD,1951483,1951787,2034983
case_073,1,PIPE_MTE3,1000007755,COPY_OUT,1951483,1951552,2034983
case_073,1,PIPE_MTE3,1000007758,COPY_OUT,1951552,1951621,2034983
case_073,1,PIPE_V,1920,ADD,1951787,1952091,2034983
case_073,1,PIPE_MTE3,1000007933,COPY_OUT,1951787,1951856,2034983
case_073,1,PIPE_MTE3,1000007936,COPY_OUT,1951856,1951973,2034983
case_073,1,PIPE_V,2045,ADD,1952091,1952395,2034983
case_073,1,PIPE_MTE3,1000008039,COPY_OUT,1952091,1952190,2034983
case_073,1,PIPE_V,2170,ADD,1952395,1952699,2034983
case_073,1,PIPE_MTE3,1000008205,COPY_OUT,1952395,1952494,2034983
case_073,1,PIPE_V,2295,ADD,1952699,1953003,2034983
case_073,1,PIPE_MTE3,1000008404,COPY_OUT,1952699,1952828,2034983
case_073,1,PIPE_MTE3,1000008407,COPY_OUT,1952828,1952897,2034983
case_073,1,PIPE_V,2420,ADD,1953003,1953307,2034983
case_073,1,PIPE_MTE3,1000008600,COPY_OUT,1953003,1953072,2034983
case_073,1,PIPE_MTE3,1000008603,COPY_OUT,1953072,1953141,2034983
case_073,1,PIPE_V,2545,ADD,1953307,1953611,2034983
case_073,1,PIPE_MTE3,1000008778,COPY_OUT,1953307,1953376,2034983
case_073,1,PIPE_MTE3,1000008781,COPY_OUT,1953376,1953493,2034983
case_073,1,PIPE_V,2670,ADD,1953611,1953915,2034983
case_073,1,PIPE_MTE3,1000008887,COPY_OUT,1953611,1953710,2034983
case_073,1,PIPE_V,2795,ADD,1953915,1954219,2034983
case_073,1,PIPE_MTE3,1000009053,COPY_OUT,1953915,1954014,2034983
case_073,1,PIPE_V,2920,ADD,1954219,1954523,2034983
case_073,1,PIPE_MTE3,1000009249,COPY_OUT,1954219,1954348,2034983
case_073,1,PIPE_MTE3,1000009252,COPY_OUT,1954348,1954471,2034983
case_073,1,PIPE_V,3045,ADD,1954523,1954827,2034983
case_073,1,PIPE_MTE3,1000009445,COPY_OUT,1954523,1954592,2034983
case_073,1,PIPE_MTE3,1000009448,COPY_OUT,1954592,1954661,2034983
case_073,1,PIPE_V,3170,ADD,1954827,1955131,2034983
case_073,1,PIPE_MTE3,1000009626,COPY_OUT,1954827,1954896,2034983
case_073,1,PIPE_MTE3,1000009629,COPY_OUT,1954896,1954965,2034983
case_073,1,PIPE_V,3295,ADD,1955131,1955435,2034983
case_073,1,PIPE_MTE3,1000009732,COPY_OUT,1955131,1955230,2034983
case_073,1,PIPE_V,3420,ADD,1955435,1955739,2034983
case_073,1,PIPE_MTE3,1000009898,COPY_OUT,1955435,1955579,2034983
case_073,1,PIPE_V,3545,ADD,1955739,1956043,2034983
case_073,1,PIPE_MTE3,1000010088,COPY_OUT,1955739,1955913,2034983
case_073,1,PIPE_MTE3,1000010091,COPY_OUT,1955913,1956006,2034983
case_073,1,PIPE_V,3670,ADD,1956043,1956347,2034983
case_073,1,PIPE_MTE3,1000010281,COPY_OUT,1956043,1956112,2034983
case_073,1,PIPE_MTE3,1000010284,COPY_OUT,1956112,1956181,2034983
case_073,1,PIPE_V,3795,ADD,1956347,1956651,2034983
case_073,1,PIPE_MTE3,1000010453,COPY_OUT,1956347,1956416,2034983
case_073,1,PIPE_MTE3,1000010456,COPY_OUT,1956416,1956511,2034983
case_073,1,PIPE_MTE2,1000011511,COPY_IN,1956461,1956601,2034983
case_073,1,PIPE_MTE2,1000011124,COPY_IN,1956601,1956853,2034983
case_073,1,PIPE_V,3920,ADD,1956651,1956955,2034983
case_073,1,PIPE_MTE3,1000010565,COPY_OUT,1956651,1956896,2034983
case_073,1,PIPE_V,4295,ADD,1956955,1957259,2034983
case_073,1,PIPE_MTE3,1000010737,COPY_OUT,1956955,1957054,2034983
case_073,1,PIPE_V,172,RELU,1957259,1957563,2034983
case_073,1,PIPE_MTE3,1000011292,COPY_OUT,1957259,1957328,2034983
case_073,1,PIPE_MTE3,1000011295,COPY_OUT,1957328,1957398,2034983
case_073,1,PIPE_M,173,CONV,1957563,1962219,2034983
case_073,1,PIPE_V,174,RELU,1962219,1962523,2034983
case_073,1,PIPE_M,796,CONV,1962219,1966875,2034983
case_073,1,PIPE_MTE3,1000005706,COPY_OUT,1962523,1962592,2034983
case_073,1,PIPE_V,797,RELU,1966875,1967179,2034983
case_073,1,PIPE_M,798,CONV,1967179,1971835,2034983
case_073,1,PIPE_V,799,RELU,1971835,1972139,2034983
case_073,1,PIPE_M,1421,CONV,1971835,1976491,2034983
case_073,1,PIPE_MTE3,1000006539,COPY_OUT,1972139,1972208,2034983
case_073,1,PIPE_V,1422,RELU,1976491,1976795,2034983
case_073,1,PIPE_M,1423,CONV,1976795,1981451,2034983
case_073,1,PIPE_V,1424,RELU,1981451,1981755,2034983
case_073,1,PIPE_M,2046,CONV,1981451,1986107,2034983
case_073,1,PIPE_MTE3,1000007366,COPY_OUT,1981755,1981824,2034983
case_073,1,PIPE_V,2047,RELU,1986107,1986411,2034983
case_073,1,PIPE_M,2048,CONV,1986411,1991067,2034983
case_073,1,PIPE_V,2049,RELU,1991067,1991371,2034983
case_073,1,PIPE_M,2671,CONV,1991067,1995723,2034983
case_073,1,PIPE_MTE3,1000008208,COPY_OUT,1991371,1991440,2034983
case_073,1,PIPE_V,2672,RELU,1995723,1996027,2034983
case_073,1,PIPE_M,2673,CONV,1996027,2000683,2034983
case_073,1,PIPE_V,2674,RELU,2000683,2000987,2034983
case_073,1,PIPE_M,3296,CONV,2000683,2005339,2034983
case_073,1,PIPE_MTE3,1000009056,COPY_OUT,2000987,2001056,2034983
case_073,1,PIPE_V,3297,RELU,2005339,2005643,2034983
case_073,1,PIPE_M,3298,CONV,2005643,2010299,2034983
case_073,1,PIPE_V,3299,RELU,2010299,2010603,2034983
case_073,1,PIPE_M,3921,CONV,2010299,2014955,2034983
case_073,1,PIPE_MTE3,1000009901,COPY_OUT,2010603,2010672,2034983
case_073,1,PIPE_V,3922,RELU,2014955,2015259,2034983
case_073,1,PIPE_M,3923,CONV,2015259,2019915,2034983
case_073,1,PIPE_V,3924,RELU,2019915,2020219,2034983
case_073,1,PIPE_M,4546,CONV,2019915,2024571,2034983
case_073,1,PIPE_MTE3,1000010740,COPY_OUT,2020219,2020288,2034983
case_073,1,PIPE_MTE2,1000011127,COPY_IN,2021940,2022009,2034983
case_073,1,PIPE_V,4547,RELU,2024571,2024875,2034983
case_073,1,PIPE_M,4548,CONV,2024875,2029531,2034983
case_073,1,PIPE_V,4549,RELU,2029531,2029835,2034983
case_073,1,PIPE_V,4175,ADD,2029835,2030139,2034983
case_073,1,PIPE_V,4550,ADD,2030139,2030443,2034983
case_073,1,PIPE_MTE3,1000011129,COPY_OUT,2030139,2030208,2034983
case_073,1,PIPE_MTE3,1000011513,COPY_OUT,2030443,2030512,2034983
case_073,2,PIPE_MTE2,1000005058,COPY_IN,0,100,2034983
case_073,2,PIPE_MTE2,1000005904,COPY_IN,100,445,2034983
case_073,2,PIPE_M,302,CONV,445,5101,2034983
case_073,2,PIPE_MTE2,1000006740,COPY_IN,445,790,2034983
case_073,2,PIPE_MTE2,1000007570,COPY_IN,790,1135,2034983
case_073,2,PIPE_MTE2,1000008415,COPY_IN,1135,1480,2034983
case_073,2,PIPE_MTE2,1000009260,COPY_IN,1480,1825,2034983
case_073,2,PIPE_MTE2,1000010099,COPY_IN,1825,2170,2034983
case_073,2,PIPE_MTE2,1000010938,COPY_IN,2170,2515,2034983
case_073,2,PIPE_MTE2,1000011612,COPY_IN,2515,2831,2034983
case_073,2,PIPE_MTE2,1000005068,COPY_IN,2831,2911,2034983
case_073,2,PIPE_MTE2,1000005078,COPY_IN,2911,2971,2034983
case_073,2,PIPE_V,303,RELU,5101,5405,2034983
case_073,2,PIPE_M,927,CONV,5101,9757,2034983
case_073,2,PIPE_MTE3,1000005906,COPY_OUT,5405,5750,2034983
case_073,2,PIPE_MTE3,1000005909,COPY_OUT,5750,5957,2034983
case_073,2,PIPE_MTE2,1000006112,COPY_IN,6250,6544,2034983
case_073,2,PIPE_V,928,RELU,9757,10061,2034983
case_073,2,PIPE_M,1552,CONV,9757,14413,2034983
case_073,2,PIPE_MTE3,1000006742,COPY_OUT,10061,10406,2034983
case_073,2,PIPE_MTE3,1000006745,COPY_OUT,10406,10613,2034983
case_073,2,PIPE_MTE2,1000006939,COPY_IN,10906,11200,2034983
case_073,2,PIPE_V,1553,RELU,14413,14717,2034983
case_073,2,PIPE_M,2177,CONV,14413,19069,2034983
case_073,2,PIPE_MTE3,1000007572,COPY_OUT,14717,15062,2034983
case_073,2,PIPE_MTE3,1000007575,COPY_OUT,15062,15269,2034983
case_073,2,PIPE_MTE2,1000007769,COPY_IN,15562,15856,2034983
case_073,2,PIPE_V,2178,RELU,19069,19373,2034983
case_073,2,PIPE_M,2802,CONV,19069,23725,2034983
case_073,2,PIPE_MTE3,1000008417,COPY_OUT,19373,19718,2034983
case_073,2,PIPE_MTE3,1000008420,COPY_OUT,19718,19925,2034983
case_073,2,PIPE_MTE2,1000008614,COPY_IN,20218,20512,2034983
case_073,2,PIPE_V,2803,RELU,23725,24029,2034983
case_073,2,PIPE_M,3427,CONV,23725,28381,2034983
case_073,2,PIPE_MTE3,1000009262,COPY_OUT,24029,24374,2034983
case_073,2,PIPE_MTE3,1000009265,COPY_OUT,24374,24650,2034983
case_073,2,PIPE_MTE2,1000009459,COPY_IN,24874,25150,2034983
case_073,2,PIPE_V,3428,RELU,28381,28685,2034983
case_073,2,PIPE_M,4052,CONV,28381,33037,2034983
case_073,2,PIPE_MTE3,1000010101,COPY_OUT,28685,29030,2034983
case_073,2,PIPE_MTE3,1000010104,COPY_OUT,29030,29168,2034983
case_073,2,PIPE_MTE2,1000010295,COPY_IN,29530,29875,2034983
case_073,2,PIPE_V,4053,RELU,33037,33341,2034983
case_073,2,PIPE_M,4677,CONV,33037,37693,2034983
case_073,2,PIPE_MTE3,1000010940,COPY_OUT,33341,33686,2034983
case_073,2,PIPE_MTE3,1000010943,COPY_OUT,33686,33962,2034983
case_073,2,PIPE_MTE2,1000011134,COPY_IN,34186,34462,2034983
case_073,2,PIPE_M,429,CONV,37693,42349,2034983
case_073,2,PIPE_V,4678,RELU,37693,37997,2034983
case_073,2,PIPE_MTE3,1000011614,COPY_OUT,37997,38273,2034983
case_073,2,PIPE_MTE2,1000011715,COPY_IN,38773,39049,2034983
case_073,2,PIPE_MTE2,1000005088,COPY_IN,39049,39129,2034983
case_073,2,PIPE_V,430,RELU,42349,42653,2034983
case_073,2,PIPE_M,431,CONV,42653,47309,2034983
case_073,2,PIPE_V,432,RELU,47309,47613,2034983
case_073,2,PIPE_M,1054,CONV,47309,51965,2034983
case_073,2,PIPE_MTE3,1000006114,COPY_OUT,47613,47820,2034983
case_073,2,PIPE_V,1055,RELU,51965,52269,2034983
case_073,2,PIPE_M,1056,CONV,52269,56925,2034983
case_073,2,PIPE_V,1057,RELU,56925,57229,2034983
case_073,2,PIPE_M,1679,CONV,56925,61581,2034983
case_073,2,PIPE_MTE3,1000006941,COPY_OUT,57229,57436,2034983
case_073,2,PIPE_V,1680,RELU,61581,61885,2034983
case_073,2,PIPE_M,1681,CONV,61885,66541,2034983
case_073,2,PIPE_V,1682,RELU,66541,66845,2034983
case_073,2,PIPE_M,2304,CONV,66541,71197,2034983
case_073,2,PIPE_MTE3,1000007771,COPY_OUT,66845,67052,2034983
case_073,2,PIPE_V,2305,RELU,71197,71501,2034983
case_073,2,PIPE_M,2306,CONV,71501,76157,2034983
case_073,2,PIPE_V,2307,RELU,76157,76461,2034983
case_073,2,PIPE_M,2929,CONV,76157,80813,2034983
case_073,2,PIPE_MTE3,1000008616,COPY_OUT,76461,76737,2034983
case_073,2,PIPE_V,2930,RELU,80813,81117,2034983
case_073,2,PIPE_M,2931,CONV,81117,85773,2034983
case_073,2,PIPE_V,2932,RELU,85773,86077,2034983
case_073,2,PIPE_M,3554,CONV,85773,90429,2034983
case_073,2,PIPE_MTE3,1000009464,COPY_OUT,86077,86284,2034983
case_073,2,PIPE_V,3555,RELU,90429,90733,2034983
case_073,2,PIPE_M,3556,CONV,90733,95389,2034983
case_073,2,PIPE_V,3557,RELU,95389,95693,2034983
case_073,2,PIPE_M,4179,CONV,95389,100045,2034983
case_073,2,PIPE_MTE3,1000010297,COPY_OUT,95693,95969,2034983
case_073,2,PIPE_V,4180,RELU,100045,100349,2034983
case_073,2,PIPE_M,4181,CONV,100349,105005,2034983
case_073,2,PIPE_V,4182,RELU,105005,105309,2034983
case_073,2,PIPE_M,4804,CONV,105005,109661,2034983
case_073,2,PIPE_MTE3,1000011139,COPY_OUT,105309,105516,2034983
case_073,2,PIPE_MTE2,1000006305,COPY_IN,107411,107523,2034983
case_073,2,PIPE_MTE2,1000005098,COPY_IN,107523,107563,2034983
case_073,2,PIPE_MTE2,1000007123,COPY_IN,108948,109077,2034983
case_073,2,PIPE_V,4805,RELU,109661,109965,2034983
case_073,2,PIPE_M,4806,CONV,109965,114621,2034983
case_073,2,PIPE_MTE2,1000007950,COPY_IN,110468,110609,2034983
case_073,2,PIPE_MTE2,1000008798,COPY_IN,111515,111732,2034983
case_073,2,PIPE_MTE2,1000009643,COPY_IN,112392,112600,2034983
case_073,2,PIPE_MTE2,1000010473,COPY_IN,113107,113282,2034983
case_073,2,PIPE_MTE2,1000011309,COPY_IN,113863,113969,2034983
case_073,2,PIPE_MTE2,1000005566,COPY_IN,113969,114075,2034983
case_073,2,PIPE_M,559,CONV,114621,119277,2034983
case_073,2,PIPE_V,4807,RELU,114621,114925,2034983
case_073,2,PIPE_V,4808,ADD,114925,115229,2034983
case_073,2,PIPE_MTE3,1000011717,COPY_OUT,115229,115436,2034983
case_073,2,PIPE_MTE2,1000005569,COPY_IN,119046,119115,2034983
case_073,2,PIPE_MTE2,1000005723,COPY_IN,119115,119184,2034983
case_073,2,PIPE_V,560,RELU,119277,119581,2034983
case_073,2,PIPE_M,561,CONV,119581,124237,2034983
case_073,2,PIPE_MTE2,1000005729,COPY_IN,120454,120523,2034983
case_073,2,PIPE_MTE2,1000005919,COPY_IN,120523,120592,2034983
case_073,2,PIPE_V,562,RELU,124237,124541,2034983
case_073,2,PIPE_M,1184,CONV,124237,128893,2034983
case_073,2,PIPE_MTE2,1000005922,COPY_IN,125179,125248,2034983
case_073,2,PIPE_MTE2,1000006121,COPY_IN,125248,125317,2034983
case_073,2,PIPE_MTE2,1000006124,COPY_IN,125317,125386,2034983
case_073,2,PIPE_MTE2,1000006405,COPY_IN,125386,125455,2034983
case_073,2,PIPE_MTE2,1000006408,COPY_IN,128662,128731,2034983
case_073,2,PIPE_MTE2,1000006556,COPY_IN,128731,128800,2034983
case_073,2,PIPE_V,1185,RELU,128893,129197,2034983
case_073,2,PIPE_M,1186,CONV,129197,133853,2034983
case_073,2,PIPE_MTE2,1000006562,COPY_IN,130070,130139,2034983
case_073,2,PIPE_MTE2,1000006755,COPY_IN,130139,130208,2034983
case_073,2,PIPE_V,1187,RELU,133853,134157,2034983
case_073,2,PIPE_M,1809,CONV,133853,138509,2034983
case_073,2,PIPE_MTE2,1000006758,COPY_IN,134795,134864,2034983
case_073,2,PIPE_MTE2,1000006948,COPY_IN,134864,134933,2034983
case_073,2,PIPE_MTE2,1000006951,COPY_IN,134933,135002,2034983
case_073,2,PIPE_MTE2,1000007220,COPY_IN,135002,135071,2034983
case_073,2,PIPE_MTE2,1000007223,COPY_IN,138278,138347,2034983
case_073,2,PIPE_MTE2,1000007383,COPY_IN,138347,138416,2034983
case_073,2,PIPE_V,1810,RELU,138509,138813,2034983
case_073,2,PIPE_M,1811,CONV,138813,143469,2034983
case_073,2,PIPE_MTE2,1000007389,COPY_IN,139686,139755,2034983
case_073,2,PIPE_MTE2,1000007585,COPY_IN,139755,139824,2034983
case_073,2,PIPE_V,1812,RELU,143469,143773,2034983
case_073,2,PIPE_M,2434,CONV,143469,148125,2034983
case_073,2,PIPE_MTE2,1000007588,COPY_IN,144411,144480,2034983
case_073,2,PIPE_MTE2,1000007778,COPY_IN,144480,144549,2034983
case_073,2,PIPE_MTE2,1000007781,COPY_IN,144549,144618,2034983
case_073,2,PIPE_MTE2,1000008056,COPY_IN,144618,144687,2034983
case_073,2,PIPE_MTE2,1000008059,COPY_IN,147894,147963,2034983
case_073,2,PIPE_MTE2,1000008225,COPY_IN,147963,148032,2034983
case_073,2,PIPE_V,2435,RELU,148125,148429,2034983
case_073,2,PIPE_M,2436,CONV,148429,153085,2034983
case_073,2,PIPE_MTE2,1000008231,COPY_IN,149302,149371,2034983
case_073,2,PIPE_MTE2,1000008430,COPY_IN,149371,149440,2034983
case_073,2,PIPE_V,2437,RELU,153085,153389,2034983
case_073,2,PIPE_M,3059,CONV,153085,157741,2034983
case_073,2,PIPE_MTE2,1000008433,COPY_IN,154027,154096,2034983
case_073,2,PIPE_MTE2,1000008623,COPY_IN,154096,154165,2034983
case_073,2,PIPE_MTE2,1000008626,COPY_IN,154165,154234,2034983
case_073,2,PIPE_MTE2,1000008904,COPY_IN,154234,154303,2034983
case_073,2,PIPE_MTE2,1000008907,COPY_IN,157510,157579,2034983
case_073,2,PIPE_MTE2,1000009073,COPY_IN,157579,157648,2034983
case_073,2,PIPE_V,3060,RELU,157741,158045,2034983
case_073,2,PIPE_M,3061,CONV,158045,162701,2034983
case_073,2,PIPE_MTE2,1000009076,COPY_IN,158918,158987,2034983
case_073,2,PIPE_MTE2,1000009275,COPY_IN,158987,159056,2034983
case_073,2,PIPE_V,3062,RELU,162701,163005,2034983
case_073,2,PIPE_M,3684,CONV,162701,167357,2034983
case_073,2,PIPE_MTE2,1000009278,COPY_IN,163643,163712,2034983
case_073,2,PIPE_MTE2,1000009471,COPY_IN,163712,163781,2034983
case_073,2,PIPE_MTE2,1000009474,COPY_IN,163781,163850,2034983
case_073,2,PIPE_MTE2,1000009743,COPY_IN,163850,163919,2034983
case_073,2,PIPE_MTE2,1000009749,COPY_IN,167126,167195,2034983
case_073,2,PIPE_MTE2,1000010304,COPY_IN,167195,167264,2034983
case_073,2,PIPE_V,3685,RELU,167357,167661,2034983
case_073,2,PIPE_M,3686,CONV,167661,172317,2034983
case_073,2,PIPE_V,3687,RELU,172317,172621,2034983
case_073,2,PIPE_M,4309,CONV,172317,176973,2034983
case_073,2,PIPE_MTE3,1000010478,COPY_OUT,172621,172828,2034983
case_073,2,PIPE_MTE2,1000010307,COPY_IN,173328,173535,2034983
case_073,2,PIPE_MTE2,1000010757,COPY_IN,173535,173673,2034983
case_073,2,PIPE_V,4310,RELU,176973,177277,2034983
case_073,2,PIPE_M,4311,CONV,177277,181933,2034983
case_073,2,PIPE_MTE2,1000010760,COPY_IN,178150,178219,2034983
case_073,2,PIPE_MTE2,1000005108,COPY_IN,178219,178258,2034983
case_073,2,PIPE_V,4312,RELU,181933,182237,2034983
case_073,2,PIPE_V,63,ADD,182237,182541,2034983
case_073,2,PIPE_M,64,CONV,182541,184893,2034983
case_073,2,PIPE_V,188,ADD,182541,182845,2034983
case_073,2,PIPE_V,313,ADD,182845,183149,2034983
case_073,2,PIPE_MTE3,1000005731,COPY_OUT,182845,182992,2034983
case_073,2,PIPE_MTE3,1000005734,COPY_OUT,182992,183199,2034983
case_073,2,PIPE_V,438,ADD,183149,183453,2034983
case_073,2,PIPE_MTE3,1000005924,COPY_OUT,183199,183268,2034983
case_073,2,PIPE_MTE3,1000011827,COPY_OUT,183268,183337,2034983
case_073,2,PIPE_V,563,ADD,183453,183757,2034983
case_073,2,PIPE_MTE3,1000006126,COPY_OUT,183453,183522,2034983
case_073,2,PIPE_MTE3,1000006129,COPY_OUT,183522,183591,2034983
case_073,2,PIPE_V,688,ADD,183757,184061,2034983
case_073,2,PIPE_MTE3,1000006307,COPY_OUT,183757,183901,2034983
case_073,2,PIPE_MTE3,1000006310,COPY_OUT,183901,183975,2034983
case_073,2,PIPE_V,813,ADD,184061,184365,2034983
case_073,2,PIPE_MTE3,1000006410,COPY_OUT,184061,184160,2034983
case_073,2,PIPE_V,938,ADD,184365,184669,2034983
case_073,2,PIPE_MTE3,1000006564,COPY_OUT,184365,184467,2034983
case_073,2,PIPE_V,1063,ADD,184669,184973,2034983
case_073,2,PIPE_MTE3,1000006760,COPY_OUT,184669,184738,2034983
case_073,2,PIPE_MTE3,1000011823,COPY_OUT,184738,184807,2034983
case_073,2,PIPE_M,689,CONV,184893,187245,2034983
case_073,2,PIPE_V,1188,ADD,184973,185277,2034983
case_073,2,PIPE_MTE3,1000006953,COPY_OUT,184973,185105,2034983
case_073,2,PIPE_MTE3,1000006956,COPY_OUT,185105,185174,2034983
case_073,2,PIPE_V,1313,ADD,185277,185581,2034983
case_073,2,PIPE_MTE3,1000007125,COPY_OUT,185277,185376,2034983
case_073,2,PIPE_MTE3,1000007128,COPY_OUT,185376,185445,2034983
case_073,2,PIPE_V,1438,ADD,185581,185885,2034983
case_073,2,PIPE_MTE3,1000007225,COPY_OUT,185581,185695,2034983
case_073,2,PIPE_V,1563,ADD,185885,186189,2034983
case_073,2,PIPE_MTE3,1000007391,COPY_OUT,185885,186014,2034983
case_073,2,PIPE_V,1688,ADD,186189,186493,2034983
case_073,2,PIPE_MTE3,1000007590,COPY_OUT,186189,186258,2034983
case_073,2,PIPE_MTE3,1000011819,COPY_OUT,186258,186327,2034983
case_073,2,PIPE_V,1813,ADD,186493,186797,2034983
case_073,2,PIPE_MTE3,1000007783,COPY_OUT,186493,186663,2034983
case_073,2,PIPE_MTE3,1000007786,COPY_OUT,186663,186796,2034983
case_073,2,PIPE_V,1938,ADD,186797,187101,2034983
case_073,2,PIPE_MTE3,1000007952,COPY_OUT,186797,186991,2034983
case_073,2,PIPE_MTE3,1000007955,COPY_OUT,186991,187129,2034983
case_073,2,PIPE_V,2063,ADD,187101,187405,2034983
case_073,2,PIPE_MTE3,1000008061,COPY_OUT,187129,187319,2034983
case_073,2,PIPE_M,1314,CONV,187245,189597,2034983
case_073,2,PIPE_V,2188,ADD,187405,187709,2034983
case_073,2,PIPE_MTE3,1000008233,COPY_OUT,187405,187474,2034983
case_073,2,PIPE_V,2313,ADD,187709,188013,2034983
case_073,2,PIPE_MTE3,1000008435,COPY_OUT,187709,187778,2034983
case_073,2,PIPE_MTE3,1000011815,COPY_OUT,187778,187889,2034983
case_073,2,PIPE_V,2438,ADD,188013,188317,2034983
case_073,2,PIPE_MTE3,1000008628,COPY_OUT,188013,188229,2034983
case_073,2,PIPE_MTE3,1000008631,COPY_OUT,188229,188413,2034983
case_073,2,PIPE_V,2563,ADD,188317,188621,2034983
case_073,2,PIPE_MTE3,1000008800,COPY_OUT,188413,188615,2034983
case_073,2,PIPE_MTE2,1000010591,COPY_IN,188496,188703,2034983
case_073,2,PIPE_MTE3,1000008803,COPY_OUT,188615,188813,2034983
case_073,2,PIPE_V,2688,ADD,188621,188925,2034983
case_073,2,PIPE_MTE2,1000011421,COPY_IN,188703,188901,2034983
case_073,2,PIPE_MTE3,1000008909,COPY_OUT,188813,188992,2034983
case_073,2,PIPE_MTE2,1000005118,COPY_IN,188901,189066,2034983
case_073,2,PIPE_V,2813,ADD,188925,189229,2034983
case_073,2,PIPE_MTE3,1000009078,COPY_OUT,188992,189138,2034983
case_073,2,PIPE_MTE2,1000005128,COPY_IN,189066,189228,2034983
case_073,2,PIPE_MTE2,1000005741,COPY_IN,189228,189314,2034983
case_073,2,PIPE_V,2938,ADD,189229,189533,2034983
case_073,2,PIPE_MTE3,1000009280,COPY_OUT,189229,189348,2034983
case_073,2,PIPE_MTE3,1000011811,COPY_OUT,189348,189417,2034983
case_073,2,PIPE_V,3063,ADD,189533,189837,2034983
case_073,2,PIPE_MTE3,1000009476,COPY_OUT,189533,189602,2034983
case_073,2,PIPE_M,1939,CONV,189597,191949,2034983
case_073,2,PIPE_MTE3,1000009479,COPY_OUT,189602,189704,2034983
case_073,2,PIPE_V,3188,ADD,189837,190141,2034983
case_073,2,PIPE_MTE3,1000009645,COPY_OUT,189837,189964,2034983
case_073,2,PIPE_MTE3,1000009648,COPY_OUT,189964,190102,2034983
case_073,2,PIPE_V,3563,ADD,190141,190445,2034983
case_073,2,PIPE_MTE3,1000009751,COPY_OUT,190141,190251,2034983
case_073,2,PIPE_V,3938,ADD,190445,190749,2034983
case_073,2,PIPE_MTE3,1000010309,COPY_OUT,190445,190564,2034983
case_073,2,PIPE_MTE3,1000010312,COPY_OUT,190564,190702,2034983
case_073,2,PIPE_V,4313,ADD,190749,191053,2034983
case_073,2,PIPE_MTE3,1000010762,COPY_OUT,190749,190818,2034983
case_073,2,PIPE_MTE2,1000006571,COPY_IN,190935,190970,2034983
case_073,2,PIPE_V,65,RELU,191053,191229,2034983
case_073,2,PIPE_MTE3,1000011311,COPY_OUT,191053,191180,2034983
case_073,2,PIPE_MTE3,1000011314,COPY_OUT,191180,191318,2034983
case_073,2,PIPE_V,690,RELU,191229,191405,2034983
case_073,2,PIPE_MTE3,1000011831,COPY_OUT,191318,191467,2034983
case_073,2,PIPE_V,1315,RELU,191405,191581,2034983
case_073,2,PIPE_MTE3,1000005571,COPY_OUT,191467,191537,2034983
case_073,2,PIPE_MTE3,1000005574,COPY_OUT,191537,191607,2034983
case_073,2,PIPE_MTE3,1000006413,COPY_OUT,191607,191677,2034983
case_073,2,PIPE_MTE3,1000006416,COPY_OUT,191677,191783,2034983
case_073,2,PIPE_MTE3,1000007228,COPY_OUT,191783,191923,2034983
case_073,2,PIPE_MTE3,1000007231,COPY_OUT,191923,192061,2034983
case_073,2,PIPE_V,1940,RELU,191949,192125,2034983
case_073,2,PIPE_M,2564,CONV,191949,194301,2034983
case_073,2,PIPE_MTE3,1000008064,COPY_OUT,192125,192260,2034983
case_073,2,PIPE_MTE3,1000008067,COPY_OUT,192260,192400,2034983
case_073,2,PIPE_MTE2,1000007398,COPY_IN,193287,193357,2034983
case_073,2,PIPE_V,2565,RELU,194301,194477,2034983
case_073,2,PIPE_M,3189,CONV,194301,196653,2034983
case_073,2,PIPE_MTE3,1000008912,COPY_OUT,194477,194512,2034983
case_073,2,PIPE_MTE3,1000008915,COPY_OUT,194512,194547,2034983
case_073,2,PIPE_MTE2,1000008240,COPY_IN,195652,195687,2034983
case_073,2,PIPE_V,3190,RELU,196653,196829,2034983
case_073,2,PIPE_M,3814,CONV,196653,199005,2034983
case_073,2,PIPE_MTE3,1000009754,COPY_OUT,196829,196864,2034983
case_073,2,PIPE_MTE3,1000009757,COPY_OUT,196864,196899,2034983
case_073,2,PIPE_MTE2,1000009085,COPY_IN,198004,198039,2034983
case_073,2,PIPE_V,3815,RELU,199005,199181,2034983
case_073,2,PIPE_M,4439,CONV,199005,201357,2034983
case_073,2,PIPE_MTE3,1000010593,COPY_OUT,199181,199216,2034983
case_073,2,PIPE_MTE3,1000010596,COPY_OUT,199216,199251,2034983
case_073,2,PIPE_MTE2,1000009927,COPY_IN,200356,200391,2034983
case_073,2,PIPE_M,191,CONV,201357,206013,2034983
case_073,2,PIPE_V,4440,RELU,201357,201533,2034983
case_073,2,PIPE_MTE3,1000011423,COPY_OUT,201533,201568,2034983
case_073,2,PIPE_MTE2,1000010769,COPY_IN,202765,202800,2034983
case_073,2,PIPE_MTE2,1000011527,COPY_IN,205012,205047,2034983
case_073,2,PIPE_MTE2,1000005138,COPY_IN,205047,205124,2034983
case_073,2,PIPE_MTE2,1000005148,COPY_IN,205124,205201,2034983
case_073,2,PIPE_V,192,RELU,206013,206189,2034983
case_073,2,PIPE_M,193,CONV,206189,210845,2034983
case_073,2,PIPE_V,194,RELU,210845,211021,2034983
case_073,2,PIPE_M,816,CONV,210845,215501,2034983
case_073,2,PIPE_MTE3,1000005743,COPY_OUT,211021,211056,2034983
case_073,2,PIPE_V,817,RELU,215501,215677,2034983
case_073,2,PIPE_M,818,CONV,215677,220333,2034983
case_073,2,PIPE_V,819,RELU,220333,220509,2034983
case_073,2,PIPE_M,1441,CONV,220333,224989,2034983
case_073,2,PIPE_MTE3,1000006573,COPY_OUT,220509,220544,2034983
case_073,2,PIPE_V,1442,RELU,224989,225165,2034983
case_073,2,PIPE_M,1443,CONV,225165,229821,2034983
case_073,2,PIPE_V,1444,RELU,229821,229997,2034983
case_073,2,PIPE_M,2066,CONV,229821,234477,2034983
case_073,2,PIPE_MTE3,1000007400,COPY_OUT,229997,230032,2034983
case_073,2,PIPE_V,2067,RELU,234477,234653,2034983
case_073,2,PIPE_M,2068,CONV,234653,239309,2034983
case_073,2,PIPE_V,2069,RELU,239309,239485,2034983
case_073,2,PIPE_M,2691,CONV,239309,243965,2034983
case_073,2,PIPE_MTE3,1000008242,COPY_OUT,239485,239520,2034983
case_073,2,PIPE_V,2692,RELU,243965,244141,2034983
case_073,2,PIPE_M,2693,CONV,244141,248797,2034983
case_073,2,PIPE_V,2694,RELU,248797,248973,2034983
case_073,2,PIPE_M,3316,CONV,248797,253453,2034983
case_073,2,PIPE_MTE3,1000009087,COPY_OUT,248973,249008,2034983
case_073,2,PIPE_V,3317,RELU,253453,253629,2034983
case_073,2,PIPE_M,3318,CONV,253629,258285,2034983
case_073,2,PIPE_V,3319,RELU,258285,258461,2034983
case_073,2,PIPE_M,3941,CONV,258285,262941,2034983
case_073,2,PIPE_MTE3,1000009929,COPY_OUT,258461,258496,2034983
case_073,2,PIPE_V,3942,RELU,262941,263117,2034983
case_073,2,PIPE_M,3943,CONV,263117,267773,2034983
case_073,2,PIPE_V,3944,RELU,267773,267949,2034983
case_073,2,PIPE_M,4566,CONV,267773,272429,2034983
case_073,2,PIPE_MTE3,1000010771,COPY_OUT,267949,267984,2034983
case_073,2,PIPE_V,4567,RELU,272429,272605,2034983
case_073,2,PIPE_M,4568,CONV,272605,277261,2034983
case_073,2,PIPE_V,4569,RELU,277261,277437,2034983
case_073,2,PIPE_V,4570,ADD,277437,277613,2034983
case_073,2,PIPE_MTE3,1000011529,COPY_OUT,277613,277648,2034983
case_073,2,PIPE_MTE2,1000005937,COPY_IN,278020,278083,2034983
case_073,2,PIPE_M,321,CONV,278083,282739,2034983
case_073,2,PIPE_MTE2,1000006773,COPY_IN,278900,278963,2034983
case_073,2,PIPE_MTE2,1000007603,COPY_IN,279808,279843,2034983
case_073,2,PIPE_MTE2,1000008448,COPY_IN,280688,280723,2034983
case_073,2,PIPE_MTE2,1000009293,COPY_IN,281568,281603,2034983
case_073,2,PIPE_MTE2,1000010129,COPY_IN,282448,282483,2034983
case_073,2,PIPE_V,322,RELU,282739,282915,2034983
case_073,2,PIPE_M,323,CONV,282915,287571,2034983
case_073,2,PIPE_MTE2,1000010971,COPY_IN,283328,283398,2034983
case_073,2,PIPE_MTE2,1000011630,COPY_IN,283398,283446,2034983
case_073,2,PIPE_MTE2,1000005158,COPY_IN,283446,283760,2034983
case_073,2,PIPE_V,324,RELU,287571,287747,2034983
case_073,2,PIPE_M,946,CONV,287571,292227,2034983
case_073,2,PIPE_MTE3,1000005942,COPY_OUT,287747,287782,2034983
case_073,2,PIPE_V,947,RELU,292227,292403,2034983
case_073,2,PIPE_M,948,CONV,292403,297059,2034983
case_073,2,PIPE_V,949,RELU,297059,297235,2034983
case_073,2,PIPE_M,1571,CONV,297059,301715,2034983
case_073,2,PIPE_MTE3,1000006778,COPY_OUT,297235,297270,2034983
case_073,2,PIPE_V,1572,RELU,301715,301891,2034983
case_073,2,PIPE_M,1573,CONV,301891,306547,2034983
case_073,2,PIPE_V,1574,RELU,306547,306723,2034983
case_073,2,PIPE_M,2196,CONV,306547,311203,2034983
case_073,2,PIPE_MTE3,1000007608,COPY_OUT,306723,306758,2034983
case_073,2,PIPE_V,2197,RELU,311203,311379,2034983
case_073,2,PIPE_M,2198,CONV,311379,316035,2034983
case_073,2,PIPE_V,2199,RELU,316035,316211,2034983
case_073,2,PIPE_M,2821,CONV,316035,320691,2034983
case_073,2,PIPE_MTE3,1000008453,COPY_OUT,316211,316246,2034983
case_073,2,PIPE_V,2822,RELU,320691,320867,2034983
case_073,2,PIPE_M,2823,CONV,320867,325523,2034983
case_073,2,PIPE_V,2824,RELU,325523,325699,2034983
case_073,2,PIPE_M,3446,CONV,325523,330179,2034983
case_073,2,PIPE_MTE3,1000009298,COPY_OUT,325699,325734,2034983
case_073,2,PIPE_V,3447,RELU,330179,330355,2034983
case_073,2,PIPE_M,3448,CONV,330355,335011,2034983
case_073,2,PIPE_V,3449,RELU,335011,335187,2034983
case_073,2,PIPE_M,4071,CONV,335011,339667,2034983
case_073,2,PIPE_MTE3,1000010134,COPY_OUT,335187,335222,2034983
case_073,2,PIPE_V,4072,RELU,339667,339843,2034983
case_073,2,PIPE_M,4073,CONV,339843,344499,2034983
case_073,2,PIPE_V,4074,RELU,344499,344675,2034983
case_073,2,PIPE_M,4696,CONV,344499,349155,2034983
case_073,2,PIPE_MTE3,1000010976,COPY_OUT,344675,344710,2034983
case_073,2,PIPE_V,4697,RELU,349155,349331,2034983
case_073,2,PIPE_M,4698,CONV,349331,353987,2034983
case_073,2,PIPE_MTE2,1000006323,COPY_IN,349690,349725,2034983
case_073,2,PIPE_MTE2,1000007138,COPY_IN,350528,350598,2034983
case_073,2,PIPE_MTE2,1000007965,COPY_IN,351408,351496,2034983
case_073,2,PIPE_MTE2,1000008813,COPY_IN,352260,352323,2034983
case_073,2,PIPE_MTE2,1000009658,COPY_IN,353168,353203,2034983
case_073,2,PIPE_M,576,CONV,353987,356339,2034983
case_073,2,PIPE_V,4699,RELU,353987,354163,2034983
case_073,2,PIPE_MTE2,1000010494,COPY_IN,354048,354083,2034983
case_073,2,PIPE_V,4700,ADD,354163,354339,2034983
case_073,2,PIPE_MTE3,1000011632,COPY_OUT,354339,354389,2034983
case_073,2,PIPE_MTE2,1000011324,COPY_IN,354941,355011,2034983
case_073,2,PIPE_MTE2,1000005168,COPY_IN,355011,355815,2034983
case_073,2,PIPE_MTE2,1000005178,COPY_IN,355815,356793,2034983
case_073,2,PIPE_V,577,RELU,356339,356451,2034983
case_073,2,PIPE_M,1201,CONV,356339,358691,2034983
case_073,2,PIPE_MTE3,1000006325,COPY_OUT,356451,356556,2034983
case_073,2,PIPE_MTE2,1000005590,COPY_IN,356793,356829,2034983
case_073,2,PIPE_V,1202,RELU,358691,358803,2034983
case_073,2,PIPE_M,1826,CONV,358691,361043,2034983
case_073,2,PIPE_MTE3,1000007140,COPY_OUT,358803,358834,2034983
case_073,2,PIPE_MTE2,1000006435,COPY_IN,359091,359109,2034983
case_073,2,PIPE_V,1827,RELU,361043,361155,2034983
case_073,2,PIPE_M,2451,CONV,361043,363395,2034983
case_073,2,PIPE_MTE3,1000007967,COPY_OUT,361155,361207,2034983
case_073,2,PIPE_MTE2,1000007250,COPY_IN,361461,361479,2034983
case_073,2,PIPE_V,2452,RELU,363395,363507,2034983
case_073,2,PIPE_M,3076,CONV,363395,365747,2034983
case_073,2,PIPE_MTE3,1000008815,COPY_OUT,363507,363538,2034983
case_073,2,PIPE_MTE2,1000008086,COPY_IN,363795,363813,2034983
case_073,2,PIPE_V,3077,RELU,365747,365859,2034983
case_073,2,PIPE_M,3701,CONV,365747,368099,2034983
case_073,2,PIPE_MTE3,1000009660,COPY_OUT,365859,365890,2034983
case_073,2,PIPE_MTE2,1000008934,COPY_IN,366147,366165,2034983
case_073,2,PIPE_V,3702,RELU,368099,368211,2034983
case_073,2,PIPE_M,4326,CONV,368099,370451,2034983
case_073,2,PIPE_MTE3,1000010496,COPY_OUT,368211,368242,2034983
case_073,2,PIPE_MTE2,1000009776,COPY_IN,368499,368517,2034983
case_073,2,PIPE_M,78,CONV,370451,375107,2034983
case_073,2,PIPE_V,4327,RELU,370451,370563,2034983
case_073,2,PIPE_MTE3,1000011326,COPY_OUT,370563,370594,2034983
case_073,2,PIPE_MTE2,1000010615,COPY_IN,370851,370869,2034983
case_073,2,PIPE_MTE2,1000011433,COPY_IN,373203,373221,2034983
case_073,2,PIPE_MTE2,1000005188,COPY_IN,373221,373666,2034983
case_073,2,PIPE_MTE2,1000005198,COPY_IN,373666,374444,2034983
case_073,2,PIPE_V,79,RELU,375107,375219,2034983
case_073,2,PIPE_M,80,CONV,375219,379875,2034983
case_073,2,PIPE_V,81,RELU,379875,379987,2034983
case_073,2,PIPE_M,703,CONV,379875,384531,2034983
case_073,2,PIPE_MTE3,1000005592,COPY_OUT,379987,380005,2034983
case_073,2,PIPE_V,704,RELU,384531,384643,2034983
case_073,2,PIPE_M,705,CONV,384643,389299,2034983
case_073,2,PIPE_V,706,RELU,389299,389411,2034983
case_073,2,PIPE_M,1328,CONV,389299,393955,2034983
case_073,2,PIPE_MTE3,1000006440,COPY_OUT,389411,389429,2034983
case_073,2,PIPE_V,1329,RELU,393955,394067,2034983
case_073,2,PIPE_M,1330,CONV,394067,398723,2034983
case_073,2,PIPE_V,1331,RELU,398723,398835,2034983
case_073,2,PIPE_M,1953,CONV,398723,403379,2034983
case_073,2,PIPE_MTE3,1000007255,COPY_OUT,398835,398853,2034983
case_073,2,PIPE_V,1954,RELU,403379,403491,2034983
case_073,2,PIPE_M,1955,CONV,403491,408147,2034983
case_073,2,PIPE_V,1956,RELU,408147,408259,2034983
case_073,2,PIPE_M,2578,CONV,408147,412803,2034983
case_073,2,PIPE_MTE3,1000008091,COPY_OUT,408259,408277,2034983
case_073,2,PIPE_V,2579,RELU,412803,412915,2034983
case_073,2,PIPE_M,2580,CONV,412915,417571,2034983
case_073,2,PIPE_V,2581,RELU,417571,417683,2034983
case_073,2,PIPE_M,3203,CONV,417571,422227,2034983
case_073,2,PIPE_MTE3,1000008939,COPY_OUT,417683,417701,2034983
case_073,2,PIPE_V,3204,RELU,422227,422339,2034983
case_073,2,PIPE_M,3205,CONV,422339,426995,2034983
case_073,2,PIPE_V,3206,RELU,426995,427107,2034983
case_073,2,PIPE_M,3828,CONV,426995,431651,2034983
case_073,2,PIPE_MTE3,1000009781,COPY_OUT,427107,427125,2034983
case_073,2,PIPE_V,3829,RELU,431651,431763,2034983
case_073,2,PIPE_M,3830,CONV,431763,436419,2034983
case_073,2,PIPE_V,3831,RELU,436419,436531,2034983
case_073,2,PIPE_M,4453,CONV,436419,441075,2034983
case_073,2,PIPE_MTE3,1000010620,COPY_OUT,436531,436549,2034983
case_073,2,PIPE_MTE2,1000005774,COPY_IN,439638,439656,2034983
case_073,2,PIPE_MTE2,1000006601,COPY_IN,440198,440240,2034983
case_073,2,PIPE_MTE2,1000007431,COPY_IN,440800,440836,2034983
case_073,2,PIPE_V,4454,RELU,441075,441187,2034983
case_073,2,PIPE_M,4455,CONV,441187,445843,2034983
case_073,2,PIPE_MTE2,1000008273,COPY_IN,441336,441366,2034983
case_073,2,PIPE_MTE2,1000009118,COPY_IN,441890,441914,2034983
case_073,2,PIPE_MTE2,1000009960,COPY_IN,442444,442462,2034983
case_073,2,PIPE_MTE2,1000010802,COPY_IN,442998,443016,2034983
case_073,2,PIPE_M,208,CONV,445843,450499,2034983
case_073,2,PIPE_V,4456,RELU,445843,445955,2034983
case_073,2,PIPE_V,4457,ADD,445955,446067,2034983
case_073,2,PIPE_MTE3,1000011435,COPY_OUT,446067,446085,2034983
case_073,2,PIPE_MTE2,1000011542,COPY_IN,448707,448725,2034983
case_073,2,PIPE_MTE2,1000005208,COPY_IN,448725,449383,2034983
case_073,2,PIPE_V,209,RELU,450499,450611,2034983
case_073,2,PIPE_M,210,CONV,450611,455267,2034983
case_073,2,PIPE_V,211,RELU,455267,455379,2034983
case_073,2,PIPE_M,833,CONV,455267,459923,2034983
case_073,2,PIPE_MTE3,1000005776,COPY_OUT,455379,455397,2034983
case_073,2,PIPE_V,834,RELU,459923,460035,2034983
case_073,2,PIPE_M,835,CONV,460035,464691,2034983
case_073,2,PIPE_V,836,RELU,464691,464803,2034983
case_073,2,PIPE_M,1458,CONV,464691,469347,2034983
case_073,2,PIPE_MTE3,1000006603,COPY_OUT,464803,464821,2034983
case_073,2,PIPE_V,1459,RELU,469347,469459,2034983
case_073,2,PIPE_M,1460,CONV,469459,474115,2034983
case_073,2,PIPE_V,1461,RELU,474115,474227,2034983
case_073,2,PIPE_M,2083,CONV,474115,478771,2034983
case_073,2,PIPE_MTE3,1000007433,COPY_OUT,474227,474245,2034983
case_073,2,PIPE_V,2084,RELU,478771,478883,2034983
case_073,2,PIPE_M,2085,CONV,478883,483539,2034983
case_073,2,PIPE_V,2086,RELU,483539,483651,2034983
case_073,2,PIPE_M,2708,CONV,483539,488195,2034983
case_073,2,PIPE_MTE3,1000008275,COPY_OUT,483651,483669,2034983
case_073,2,PIPE_V,2709,RELU,488195,488307,2034983
case_073,2,PIPE_M,2710,CONV,488307,492963,2034983
case_073,2,PIPE_V,2711,RELU,492963,493075,2034983
case_073,2,PIPE_M,3333,CONV,492963,497619,2034983
case_073,2,PIPE_MTE3,1000009120,COPY_OUT,493075,493093,2034983
case_073,2,PIPE_V,3334,RELU,497619,497731,2034983
case_073,2,PIPE_M,3335,CONV,497731,502387,2034983
case_073,2,PIPE_V,3336,RELU,502387,502499,2034983
case_073,2,PIPE_M,3958,CONV,502387,507043,2034983
case_073,2,PIPE_MTE3,1000009962,COPY_OUT,502499,502517,2034983
case_073,2,PIPE_V,3959,RELU,507043,507155,2034983
case_073,2,PIPE_M,3960,CONV,507155,511811,2034983
case_073,2,PIPE_V,3961,RELU,511811,511923,2034983
case_073,2,PIPE_M,4583,CONV,511811,516467,2034983
case_073,2,PIPE_MTE3,1000010804,COPY_OUT,511923,511941,2034983
case_073,2,PIPE_V,4584,RELU,516467,516579,2034983
case_073,2,PIPE_M,4585,CONV,516579,521235,2034983
case_073,2,PIPE_MTE2,1000006332,COPY_IN,521187,521205,2034983
case_073,2,PIPE_M,588,CONV,521235,523587,2034983
case_073,2,PIPE_V,4586,RELU,521235,521347,2034983
case_073,2,PIPE_V,4587,ADD,521347,521459,2034983
case_073,2,PIPE_MTE3,1000011544,COPY_OUT,521459,521510,2034983
case_073,2,PIPE_MTE2,1000007147,COPY_IN,521763,521804,2034983
case_073,2,PIPE_MTE2,1000007974,COPY_IN,522330,522375,2034983
case_073,2,PIPE_MTE2,1000008822,COPY_IN,522893,522913,2034983
case_073,2,PIPE_MTE2,1000009667,COPY_IN,523429,523455,2034983
case_073,2,PIPE_V,589,RELU,523587,523667,2034983
case_073,2,PIPE_M,1213,CONV,523587,525939,2034983
case_073,2,PIPE_MTE3,1000006337,COPY_OUT,523667,523680,2034983
case_073,2,PIPE_MTE2,1000010503,COPY_IN,523987,524005,2034983
case_073,2,PIPE_MTE2,1000011333,COPY_IN,524547,524619,2034983
case_073,2,PIPE_MTE2,1000005218,COPY_IN,524619,530910,2034983
case_073,2,PIPE_V,1214,RELU,525939,526019,2034983
case_073,2,PIPE_M,1838,CONV,525939,528291,2034983
case_073,2,PIPE_MTE3,1000007152,COPY_OUT,526019,526073,2034983
case_073,2,PIPE_V,1839,RELU,528291,528371,2034983
case_073,2,PIPE_M,2463,CONV,528291,530643,2034983
case_073,2,PIPE_MTE3,1000007979,COPY_OUT,528371,528425,2034983
case_073,2,PIPE_V,2464,RELU,530643,530723,2034983
case_073,2,PIPE_M,3088,CONV,530643,532995,2034983
case_073,2,PIPE_MTE3,1000008827,COPY_OUT,530723,530777,2034983
case_073,2,PIPE_MTE2,1000005228,COPY_IN,530910,537050,2034983
case_073,2,PIPE_V,3089,RELU,532995,533075,2034983
case_073,2,PIPE_M,3713,CONV,532995,535347,2034983
case_073,2,PIPE_MTE3,1000009672,COPY_OUT,533075,533129,2034983
case_073,2,PIPE_V,3714,RELU,535347,535427,2034983
case_073,2,PIPE_M,4338,CONV,535347,537699,2034983
case_073,2,PIPE_MTE3,1000010508,COPY_OUT,535427,535481,2034983
case_073,2,PIPE_MTE2,1000005605,COPY_IN,537050,537068,2034983
case_073,2,PIPE_MTE2,1000006456,COPY_IN,537068,537086,2034983
case_073,2,PIPE_MTE2,1000007268,COPY_IN,537086,537104,2034983
case_073,2,PIPE_MTE2,1000008104,COPY_IN,537104,537122,2034983
case_073,2,PIPE_MTE2,1000008952,COPY_IN,537122,537140,2034983
case_073,2,PIPE_MTE2,1000009794,COPY_IN,537140,537158,2034983
case_073,2,PIPE_M,90,CONV,537699,542355,2034983
case_073,2,PIPE_V,4339,RELU,537699,537779,2034983
case_073,2,PIPE_MTE3,1000011338,COPY_OUT,537779,537788,2034983
case_073,2,PIPE_MTE2,1000010633,COPY_IN,538065,538079,2034983
case_073,2,PIPE_MTE2,1000011445,COPY_IN,540417,540433,2034983
case_073,2,PIPE_MTE2,1000005238,COPY_IN,540433,542503,2034983
case_073,2,PIPE_V,91,RELU,542355,542435,2034983
case_073,2,PIPE_M,92,CONV,542435,547091,2034983
case_073,2,PIPE_MTE2,1000005248,COPY_IN,542503,547332,2034983
case_073,2,PIPE_V,93,RELU,547091,547171,2034983
case_073,2,PIPE_M,715,CONV,547091,551747,2034983
case_073,2,PIPE_MTE3,1000005610,COPY_OUT,547171,547216,2034983
case_073,2,PIPE_V,716,RELU,551747,551827,2034983
case_073,2,PIPE_M,717,CONV,551827,556483,2034983
case_073,2,PIPE_V,718,RELU,556483,556563,2034983
case_073,2,PIPE_M,1340,CONV,556483,561139,2034983
case_073,2,PIPE_MTE3,1000006461,COPY_OUT,556563,556572,2034983
case_073,2,PIPE_V,1341,RELU,561139,561219,2034983
case_073,2,PIPE_M,1342,CONV,561219,565875,2034983
case_073,2,PIPE_V,1343,RELU,565875,565955,2034983
case_073,2,PIPE_M,1965,CONV,565875,570531,2034983
case_073,2,PIPE_MTE3,1000007273,COPY_OUT,565955,565964,2034983
case_073,2,PIPE_V,1966,RELU,570531,570611,2034983
case_073,2,PIPE_M,1967,CONV,570611,575267,2034983
case_073,2,PIPE_V,1968,RELU,575267,575347,2034983
case_073,2,PIPE_M,2590,CONV,575267,579923,2034983
case_073,2,PIPE_MTE3,1000008109,COPY_OUT,575347,575356,2034983
case_073,2,PIPE_V,2591,RELU,579923,580003,2034983
case_073,2,PIPE_M,2592,CONV,580003,584659,2034983
case_073,2,PIPE_V,2593,RELU,584659,584739,2034983
case_073,2,PIPE_M,3215,CONV,584659,589315,2034983
case_073,2,PIPE_MTE3,1000008957,COPY_OUT,584739,584748,2034983
case_073,2,PIPE_V,3216,RELU,589315,589395,2034983
case_073,2,PIPE_M,3217,CONV,589395,594051,2034983
case_073,2,PIPE_V,3218,RELU,594051,594131,2034983
case_073,2,PIPE_M,3840,CONV,594051,598707,2034983
case_073,2,PIPE_MTE3,1000009799,COPY_OUT,594131,594140,2034983
case_073,2,PIPE_V,3841,RELU,598707,598787,2034983
case_073,2,PIPE_M,3842,CONV,598787,603443,2034983
case_073,2,PIPE_V,3843,RELU,603443,603523,2034983
case_073,2,PIPE_M,4465,CONV,603443,608099,2034983
case_073,2,PIPE_MTE3,1000010638,COPY_OUT,603523,603532,2034983
case_073,2,PIPE_V,4466,RELU,608099,608179,2034983
case_073,2,PIPE_M,4467,CONV,608179,612835,2034983
case_073,2,PIPE_MTE2,1000005792,COPY_IN,608695,608713,2034983
case_073,2,PIPE_MTE2,1000006622,COPY_IN,609095,609113,2034983
case_073,2,PIPE_MTE2,1000007452,COPY_IN,609495,609513,2034983
case_073,2,PIPE_MTE2,1000008294,COPY_IN,609895,609913,2034983
case_073,2,PIPE_MTE2,1000009139,COPY_IN,610295,610313,2034983
case_073,2,PIPE_MTE2,1000009981,COPY_IN,610695,610713,2034983
case_073,2,PIPE_MTE2,1000010823,COPY_IN,611095,611104,2034983
case_073,2,PIPE_M,220,CONV,612835,617491,2034983
case_073,2,PIPE_V,4468,RELU,612835,612915,2034983
case_073,2,PIPE_V,4469,ADD,612915,612995,2034983
case_073,2,PIPE_MTE3,1000011447,COPY_OUT,612995,613004,2034983
case_073,2,PIPE_MTE2,1000011551,COPY_IN,615635,615653,2034983
case_073,2,PIPE_MTE2,1000005258,COPY_IN,615653,622372,2034983
case_073,2,PIPE_V,221,RELU,617491,617571,2034983
case_073,2,PIPE_M,222,CONV,617571,622227,2034983
case_073,2,PIPE_V,223,RELU,622227,622307,2034983
case_073,2,PIPE_M,845,CONV,622227,626883,2034983
case_073,2,PIPE_MTE3,1000005794,COPY_OUT,622307,622343,2034983
case_073,2,PIPE_V,846,RELU,626883,626963,2034983
case_073,2,PIPE_M,847,CONV,626963,631619,2034983
case_073,2,PIPE_V,848,RELU,631619,631699,2034983
case_073,2,PIPE_M,1470,CONV,631619,636275,2034983
case_073,2,PIPE_MTE3,1000006624,COPY_OUT,631699,631708,2034983
case_073,2,PIPE_V,1471,RELU,636275,636355,2034983
case_073,2,PIPE_M,1472,CONV,636355,641011,2034983
case_073,2,PIPE_V,1473,RELU,641011,641091,2034983
case_073,2,PIPE_M,2095,CONV,641011,645667,2034983
case_073,2,PIPE_MTE3,1000007454,COPY_OUT,641091,641100,2034983
case_073,2,PIPE_V,2096,RELU,645667,645747,2034983
case_073,2,PIPE_M,2097,CONV,645747,650403,2034983
case_073,2,PIPE_V,2098,RELU,650403,650483,2034983
case_073,2,PIPE_M,2720,CONV,650403,655059,2034983
case_073,2,PIPE_MTE3,1000008296,COPY_OUT,650483,650492,2034983
case_073,2,PIPE_V,2721,RELU,655059,655139,2034983
case_073,2,PIPE_M,2722,CONV,655139,659795,2034983
case_073,2,PIPE_V,2723,RELU,659795,659875,2034983
case_073,2,PIPE_M,3345,CONV,659795,664451,2034983
case_073,2,PIPE_MTE3,1000009141,COPY_OUT,659875,659884,2034983
case_073,2,PIPE_V,3346,RELU,664451,664531,2034983
case_073,2,PIPE_M,3347,CONV,664531,669187,2034983
case_073,2,PIPE_V,3348,RELU,669187,669267,2034983
case_073,2,PIPE_M,3970,CONV,669187,673843,2034983
case_073,2,PIPE_MTE3,1000009983,COPY_OUT,669267,669276,2034983
case_073,2,PIPE_V,3971,RELU,673843,673923,2034983
case_073,2,PIPE_M,3972,CONV,673923,678579,2034983
case_073,2,PIPE_V,3973,RELU,678579,678659,2034983
case_073,2,PIPE_M,4595,CONV,678579,683235,2034983
case_073,2,PIPE_MTE3,1000010825,COPY_OUT,678659,678668,2034983
case_073,2,PIPE_V,4596,RELU,683235,683315,2034983
case_073,2,PIPE_M,4597,CONV,683315,687971,2034983
case_073,2,PIPE_MTE2,1000006628,COPY_IN,683427,683445,2034983
case_073,2,PIPE_MTE2,1000007458,COPY_IN,683827,683845,2034983
case_073,2,PIPE_MTE2,1000008300,COPY_IN,684227,684245,2034983
case_073,2,PIPE_MTE2,1000009145,COPY_IN,684627,684645,2034983
case_073,2,PIPE_MTE2,1000009987,COPY_IN,685028,685046,2034983
case_073,2,PIPE_MTE2,1000010829,COPY_IN,685427,685454,2034983
case_073,2,PIPE_M,850,CONV,687971,690323,2034983
case_073,2,PIPE_V,4598,RELU,687971,688051,2034983
case_073,2,PIPE_MTE2,1000005268,COPY_IN,687971,704379,2034983
case_073,2,PIPE_V,4599,ADD,688051,688131,2034983
case_073,2,PIPE_MTE3,1000011553,COPY_OUT,688131,688167,2034983
case_073,2,PIPE_V,851,RELU,690323,690387,2034983
case_073,2,PIPE_M,1475,CONV,690323,692675,2034983
case_073,2,PIPE_MTE3,1000006633,COPY_OUT,690387,690412,2034983
case_073,2,PIPE_MTE3,1000006636,COPY_OUT,690412,690437,2034983
case_073,2,PIPE_V,1476,RELU,692675,692739,2034983
case_073,2,PIPE_M,2100,CONV,692675,695027,2034983
case_073,2,PIPE_MTE3,1000007463,COPY_OUT,692739,692764,2034983
case_073,2,PIPE_MTE3,1000007466,COPY_OUT,692764,692789,2034983
case_073,2,PIPE_V,2101,RELU,695027,695091,2034983
case_073,2,PIPE_M,2725,CONV,695027,697379,2034983
case_073,2,PIPE_MTE3,1000008305,COPY_OUT,695091,695116,2034983
case_073,2,PIPE_MTE3,1000008308,COPY_OUT,695116,695141,2034983
case_073,2,PIPE_V,2726,RELU,697379,697443,2034983
case_073,2,PIPE_M,3350,CONV,697379,699731,2034983
case_073,2,PIPE_MTE3,1000009150,COPY_OUT,697443,697468,2034983
case_073,2,PIPE_MTE3,1000009153,COPY_OUT,697468,697493,2034983
case_073,2,PIPE_V,3351,RELU,699731,699795,2034983
case_073,2,PIPE_M,3975,CONV,699731,702083,2034983
case_073,2,PIPE_MTE3,1000009992,COPY_OUT,699795,699820,2034983
case_073,2,PIPE_MTE3,1000009995,COPY_OUT,699820,699845,2034983
case_073,2,PIPE_V,3976,RELU,702083,702147,2034983
case_073,2,PIPE_M,4600,CONV,702083,704435,2034983
case_073,2,PIPE_MTE3,1000010834,COPY_OUT,702147,702162,2034983
case_073,2,PIPE_MTE3,1000010837,COPY_OUT,702162,702177,2034983
case_073,2,PIPE_MTE2,1000005997,COPY_IN,704379,704389,2034983
case_073,2,PIPE_MTE2,1000006836,COPY_IN,704389,704399,2034983
case_073,2,PIPE_MTE2,1000007663,COPY_IN,704399,704409,2034983
case_073,2,PIPE_MTE2,1000008508,COPY_IN,704409,704419,2034983
case_073,2,PIPE_MTE2,1000009353,COPY_IN,704419,704429,2034983
case_073,2,PIPE_MTE2,1000010189,COPY_IN,704429,704439,2034983
case_073,2,PIPE_M,352,CONV,704435,709091,2034983
case_073,2,PIPE_V,4601,RELU,704435,704499,2034983
case_073,2,PIPE_MTE3,1000011556,COPY_OUT,704499,704509,2034983
case_073,2,PIPE_MTE2,1000011031,COPY_IN,704799,704809,2034983
case_073,2,PIPE_MTE2,1000011657,COPY_IN,707126,707131,2034983
case_073,2,PIPE_V,353,RELU,709091,709155,2034983
case_073,2,PIPE_M,977,CONV,709091,713747,2034983
case_073,2,PIPE_V,978,RELU,713747,713811,2034983
case_073,2,PIPE_M,1602,CONV,713747,718403,2034983
case_073,2,PIPE_V,1603,RELU,718403,718467,2034983
case_073,2,PIPE_M,2227,CONV,718403,723059,2034983
case_073,2,PIPE_V,2228,RELU,723059,723123,2034983
case_073,2,PIPE_M,2852,CONV,723059,727715,2034983
case_073,2,PIPE_V,2853,RELU,727715,727779,2034983
case_073,2,PIPE_M,3477,CONV,727715,732371,2034983
case_073,2,PIPE_V,3478,RELU,732371,732435,2034983
case_073,2,PIPE_M,4102,CONV,732371,737027,2034983
case_073,2,PIPE_V,4103,RELU,737027,737091,2034983
case_073,2,PIPE_M,4727,CONV,737027,741683,2034983
case_073,2,PIPE_V,4728,RELU,741683,741747,2034983
case_073,2,PIPE_MTE2,1000005278,COPY_IN,741683,757011,2034983
case_073,2,PIPE_M,354,CONV,757011,761667,2034983
case_073,2,PIPE_V,355,RELU,761667,761731,2034983
case_073,2,PIPE_M,979,CONV,761667,766323,2034983
case_073,2,PIPE_MTE3,1000005999,COPY_OUT,761731,761736,2034983
case_073,2,PIPE_V,980,RELU,766323,766387,2034983
case_073,2,PIPE_M,1604,CONV,766323,770979,2034983
case_073,2,PIPE_MTE3,1000006838,COPY_OUT,766387,766402,2034983
case_073,2,PIPE_V,1605,RELU,770979,771043,2034983
case_073,2,PIPE_M,2229,CONV,770979,775635,2034983
case_073,2,PIPE_MTE3,1000007665,COPY_OUT,771043,771053,2034983
case_073,2,PIPE_V,2230,RELU,775635,775699,2034983
case_073,2,PIPE_M,2854,CONV,775635,780291,2034983
case_073,2,PIPE_MTE3,1000008510,COPY_OUT,775699,775704,2034983
case_073,2,PIPE_V,2855,RELU,780291,780355,2034983
case_073,2,PIPE_M,3479,CONV,780291,784947,2034983
case_073,2,PIPE_MTE3,1000009355,COPY_OUT,780355,780365,2034983
case_073,2,PIPE_V,3480,RELU,784947,785011,2034983
case_073,2,PIPE_M,4104,CONV,784947,789603,2034983
case_073,2,PIPE_MTE3,1000010191,COPY_OUT,785011,785016,2034983
case_073,2,PIPE_V,4105,RELU,789603,789667,2034983
case_073,2,PIPE_M,4729,CONV,789603,794259,2034983
case_073,2,PIPE_MTE3,1000011033,COPY_OUT,789667,789677,2034983
case_073,2,PIPE_V,4730,RELU,794259,794323,2034983
case_073,2,PIPE_MTE2,1000005288,COPY_IN,794259,804068,2034983
case_073,2,PIPE_V,4731,ADD,794323,794387,2034983
case_073,2,PIPE_MTE3,1000011659,COPY_OUT,794387,794397,2034983
case_073,2,PIPE_MTE2,1000006199,COPY_IN,804068,804083,2034983
case_073,2,PIPE_M,482,CONV,804083,808739,2034983
case_073,2,PIPE_MTE2,1000007026,COPY_IN,804083,804098,2034983
case_073,2,PIPE_MTE2,1000007856,COPY_IN,804098,804113,2034983
case_073,2,PIPE_MTE2,1000008701,COPY_IN,804113,804128,2034983
case_073,2,PIPE_V,483,RELU,808739,808803,2034983
case_073,2,PIPE_M,1107,CONV,808739,813395,2034983
case_073,2,PIPE_V,1108,RELU,813395,813459,2034983
case_073,2,PIPE_M,1732,CONV,813395,818051,2034983
case_073,2,PIPE_V,1733,RELU,818051,818115,2034983
case_073,2,PIPE_M,2357,CONV,818051,822707,2034983
case_073,2,PIPE_V,2358,RELU,822707,822771,2034983
case_073,2,PIPE_MTE2,1000009549,COPY_IN,824364,824374,2034983
case_073,2,PIPE_M,2982,CONV,824374,829030,2034983
case_073,2,PIPE_V,2983,RELU,829030,829094,2034983
case_073,2,PIPE_MTE2,1000010379,COPY_IN,843598,843608,2034983
case_073,2,PIPE_M,3607,CONV,843608,848264,2034983
case_073,2,PIPE_V,3608,RELU,848264,848328,2034983
case_073,2,PIPE_MTE2,1000011218,COPY_IN,862837,862852,2034983
case_073,2,PIPE_M,4232,CONV,862852,867508,2034983
case_073,2,PIPE_MTE2,1000011760,COPY_IN,862852,862867,2034983
case_073,2,PIPE_V,4233,RELU,867508,867572,2034983
case_073,2,PIPE_M,4857,CONV,867508,872164,2034983
case_073,2,PIPE_V,4858,RELU,872164,872228,2034983
case_073,2,PIPE_MTE2,1000005298,COPY_IN,872164,885212,2034983
case_073,2,PIPE_M,484,CONV,885212,889868,2034983
case_073,2,PIPE_V,485,RELU,889868,889932,2034983
case_073,2,PIPE_M,1109,CONV,889868,894524,2034983
case_073,2,PIPE_MTE3,1000006204,COPY_OUT,889932,889937,2034983
case_073,2,PIPE_V,1110,RELU,894524,894588,2034983
case_073,2,PIPE_M,1734,CONV,894524,899180,2034983
case_073,2,PIPE_MTE3,1000007031,COPY_OUT,894588,894598,2034983
case_073,2,PIPE_V,1735,RELU,899180,899244,2034983
case_073,2,PIPE_M,2359,CONV,899180,903836,2034983
case_073,2,PIPE_MTE3,1000007861,COPY_OUT,899244,899249,2034983
case_073,2,PIPE_V,2360,RELU,903836,903900,2034983
case_073,2,PIPE_M,2984,CONV,903836,908492,2034983
case_073,2,PIPE_MTE3,1000008706,COPY_OUT,903900,903905,2034983
case_073,2,PIPE_V,2985,RELU,908492,908556,2034983
case_073,2,PIPE_M,3609,CONV,908492,913148,2034983
case_073,2,PIPE_MTE3,1000009554,COPY_OUT,908556,908561,2034983
case_073,2,PIPE_V,3610,RELU,913148,913212,2034983
case_073,2,PIPE_M,4234,CONV,913148,917804,2034983
case_073,2,PIPE_MTE3,1000010384,COPY_OUT,913212,913222,2034983
case_073,2,PIPE_V,4235,RELU,917804,917868,2034983
case_073,2,PIPE_M,4859,CONV,917804,922460,2034983
case_073,2,PIPE_MTE3,1000011223,COPY_OUT,917868,917873,2034983
case_073,2,PIPE_V,4860,RELU,922460,922524,2034983
case_073,2,PIPE_MTE2,1000005308,COPY_IN,922460,933626,2034983
case_073,2,PIPE_V,4861,ADD,922524,922588,2034983
case_073,2,PIPE_MTE3,1000011762,COPY_OUT,922588,922608,2034983
case_073,2,PIPE_MTE2,1000006353,COPY_IN,997394,997408,2034983
case_073,2,PIPE_M,612,CONV,997408,1002064,2034983
case_073,2,PIPE_V,613,RELU,1002064,1002128,2034983
case_073,2,PIPE_MTE2,1000005318,COPY_IN,1002064,1007394,2034983
case_073,2,PIPE_M,614,CONV,1007394,1012050,2034983
case_073,2,PIPE_MTE2,1000007168,COPY_IN,1007394,1007404,2034983
case_073,2,PIPE_V,615,RELU,1012050,1012114,2034983
case_073,2,PIPE_MTE2,1000011839,COPY_IN,1012050,1017390,2034983
case_073,2,PIPE_MTE3,1000011841,COPY_OUT,1012114,1012124,2034983
case_073,2,PIPE_M,1237,CONV,1017390,1022046,2034983
case_073,2,PIPE_V,1238,RELU,1022046,1022110,2034983
case_073,2,PIPE_MTE2,1000011845,COPY_IN,1022046,1027376,2034983
case_073,2,PIPE_M,1239,CONV,1027376,1032032,2034983
case_073,2,PIPE_MTE2,1000007995,COPY_IN,1027376,1027386,2034983
case_073,2,PIPE_V,1240,RELU,1032032,1032096,2034983
case_073,2,PIPE_MTE2,1000011849,COPY_IN,1032032,1046284,2034983
case_073,2,PIPE_MTE3,1000011851,COPY_OUT,1032096,1032106,2034983
case_073,2,PIPE_M,1862,CONV,1046284,1050940,2034983
case_073,2,PIPE_V,1863,RELU,1050940,1051004,2034983
case_073,2,PIPE_MTE2,1000011855,COPY_IN,1050940,1061538,2034983
case_073,2,PIPE_M,1864,CONV,1061538,1066194,2034983
case_073,2,PIPE_MTE2,1000008843,COPY_IN,1061538,1061543,2034983
case_073,2,PIPE_V,1865,RELU,1066194,1066258,2034983
case_073,2,PIPE_MTE2,1000011859,COPY_IN,1066194,1072954,2034983
case_073,2,PIPE_MTE3,1000011861,COPY_OUT,1066258,1066273,2034983
case_073,2,PIPE_M,2487,CONV,1072954,1077610,2034983
case_073,2,PIPE_V,2488,RELU,1077610,1077674,2034983
case_073,2,PIPE_MTE2,1000011865,COPY_IN,1077610,1084345,2034983
case_073,2,PIPE_M,2489,CONV,1084345,1089001,2034983
case_073,2,PIPE_MTE2,1000009688,COPY_IN,1084345,1084350,2034983
case_073,2,PIPE_V,2490,RELU,1089001,1089065,2034983
case_073,2,PIPE_MTE2,1000011869,COPY_IN,1089001,1099858,2034983
case_073,2,PIPE_MTE3,1000011871,COPY_OUT,1089065,1089080,2034983
case_073,2,PIPE_M,3112,CONV,1099858,1104514,2034983
case_073,2,PIPE_V,3113,RELU,1104514,1104578,2034983
case_073,2,PIPE_MTE2,1000011875,COPY_IN,1104514,1120346,2034983
case_073,2,PIPE_M,3114,CONV,1120346,1125002,2034983
case_073,2,PIPE_MTE2,1000010521,COPY_IN,1120346,1120351,2034983
case_073,2,PIPE_V,3115,RELU,1125002,1125066,2034983
case_073,2,PIPE_MTE2,1000011879,COPY_IN,1125002,1133167,2034983
case_073,2,PIPE_MTE3,1000011881,COPY_OUT,1125066,1125081,2034983
case_073,2,PIPE_M,3737,CONV,1133167,1137823,2034983
case_073,2,PIPE_V,3738,RELU,1137823,1137887,2034983
case_073,2,PIPE_MTE2,1000011885,COPY_IN,1137823,1145978,2034983
case_073,2,PIPE_M,3739,CONV,1145978,1150634,2034983
case_073,2,PIPE_MTE2,1000011351,COPY_IN,1145978,1145983,2034983
case_073,2,PIPE_V,3740,RELU,1150634,1150698,2034983
case_073,2,PIPE_MTE2,1000011889,COPY_IN,1150634,1158799,2034983
case_073,2,PIPE_MTE3,1000011891,COPY_OUT,1150698,1150713,2034983
case_073,2,PIPE_M,4362,CONV,1158799,1163455,2034983
case_073,2,PIPE_V,4363,RELU,1163455,1163519,2034983
case_073,2,PIPE_MTE2,1000011895,COPY_IN,1163455,1171610,2034983
case_073,2,PIPE_M,4364,CONV,1171610,1176266,2034983
case_073,2,PIPE_MTE2,1000005635,COPY_IN,1171610,1171615,2034983
case_073,2,PIPE_MTE2,1000005638,COPY_IN,1171615,1171620,2034983
case_073,2,PIPE_MTE2,1000005819,COPY_IN,1171620,1171625,2034983
case_073,2,PIPE_MTE2,1000005822,COPY_IN,1171625,1171630,2034983
case_073,2,PIPE_MTE2,1000006015,COPY_IN,1171630,1171635,2034983
case_073,2,PIPE_MTE2,1000006018,COPY_IN,1171635,1171640,2034983
case_073,2,PIPE_MTE2,1000006208,COPY_IN,1171640,1171645,2034983
case_073,2,PIPE_MTE2,1000006214,COPY_IN,1171645,1171650,2034983
case_073,2,PIPE_MTE2,1000011837,COPY_IN,1171650,1171655,2034983
case_073,2,PIPE_MTE2,1000011842,COPY_IN,1171655,1171660,2034983
case_073,2,PIPE_MTE2,1000006489,COPY_IN,1171660,1171665,2034983
case_073,2,PIPE_MTE2,1000006492,COPY_IN,1171665,1171670,2034983
case_073,2,PIPE_MTE2,1000006655,COPY_IN,1171670,1171675,2034983
case_073,2,PIPE_MTE2,1000006658,COPY_IN,1171675,1171680,2034983
case_073,2,PIPE_MTE2,1000006854,COPY_IN,1171680,1171685,2034983
case_073,2,PIPE_MTE2,1000006857,COPY_IN,1171685,1171690,2034983
case_073,2,PIPE_MTE2,1000007035,COPY_IN,1171690,1171695,2034983
case_073,2,PIPE_MTE2,1000007041,COPY_IN,1171695,1171700,2034983
case_073,2,PIPE_MTE2,1000011847,COPY_IN,1171700,1171705,2034983
case_073,2,PIPE_MTE2,1000011852,COPY_IN,1171705,1171710,2034983
case_073,2,PIPE_MTE2,1000007301,COPY_IN,1171710,1171715,2034983
case_073,2,PIPE_MTE2,1000007304,COPY_IN,1171715,1171720,2034983
case_073,2,PIPE_MTE2,1000007485,COPY_IN,1171720,1171725,2034983
case_073,2,PIPE_MTE2,1000007488,COPY_IN,1171725,1171730,2034983
case_073,2,PIPE_MTE2,1000007681,COPY_IN,1171730,1171735,2034983
case_073,2,PIPE_MTE2,1000007684,COPY_IN,1171735,1171740,2034983
case_073,2,PIPE_MTE2,1000007865,COPY_IN,1171740,1171745,2034983
case_073,2,PIPE_MTE2,1000007871,COPY_IN,1171745,1171750,2034983
case_073,2,PIPE_MTE2,1000011857,COPY_IN,1171750,1171755,2034983
case_073,2,PIPE_MTE2,1000011862,COPY_IN,1171755,1171760,2034983
case_073,2,PIPE_MTE2,1000008137,COPY_IN,1171760,1171765,2034983
case_073,2,PIPE_MTE2,1000008140,COPY_IN,1171765,1171770,2034983
case_073,2,PIPE_MTE2,1000008327,COPY_IN,1171770,1171775,2034983
case_073,2,PIPE_MTE2,1000008330,COPY_IN,1171775,1171780,2034983
case_073,2,PIPE_MTE2,1000008526,COPY_IN,1171780,1171785,2034983
case_073,2,PIPE_MTE2,1000008529,COPY_IN,1171785,1171790,2034983
case_073,2,PIPE_MTE2,1000008710,COPY_IN,1171790,1171795,2034983
case_073,2,PIPE_MTE2,1000008716,COPY_IN,1171795,1171800,2034983
case_073,2,PIPE_MTE2,1000011867,COPY_IN,1171800,1171805,2034983
case_073,2,PIPE_MTE2,1000011872,COPY_IN,1171805,1171810,2034983
case_073,2,PIPE_MTE2,1000008985,COPY_IN,1171810,1171815,2034983
case_073,2,PIPE_MTE2,1000008988,COPY_IN,1171815,1171820,2034983
case_073,2,PIPE_MTE2,1000009172,COPY_IN,1171820,1171825,2034983
case_073,2,PIPE_MTE2,1000009175,COPY_IN,1171825,1171830,2034983
case_073,2,PIPE_MTE2,1000009371,COPY_IN,1171830,1171835,2034983
case_073,2,PIPE_MTE2,1000009374,COPY_IN,1171835,1171840,2034983
case_073,2,PIPE_MTE2,1000009558,COPY_IN,1171840,1171845,2034983
case_073,2,PIPE_MTE2,1000009564,COPY_IN,1171845,1171850,2034983
case_073,2,PIPE_MTE2,1000011877,COPY_IN,1171850,1171855,2034983
case_073,2,PIPE_MTE2,1000011882,COPY_IN,1171855,1171860,2034983
case_073,2,PIPE_MTE2,1000009830,COPY_IN,1171860,1171865,2034983
case_073,2,PIPE_MTE2,1000009833,COPY_IN,1171865,1171870,2034983
case_073,2,PIPE_MTE2,1000010014,COPY_IN,1171870,1171875,2034983
case_073,2,PIPE_MTE2,1000010017,COPY_IN,1171875,1171880,2034983
case_073,2,PIPE_MTE2,1000010207,COPY_IN,1171880,1171885,2034983
case_073,2,PIPE_MTE2,1000010210,COPY_IN,1171885,1171890,2034983
case_073,2,PIPE_MTE2,1000010388,COPY_IN,1171890,1171895,2034983
case_073,2,PIPE_MTE2,1000010394,COPY_IN,1171895,1171900,2034983
case_073,2,PIPE_MTE2,1000011887,COPY_IN,1171900,1171905,2034983
case_073,2,PIPE_MTE2,1000011892,COPY_IN,1171905,1171910,2034983
case_073,2,PIPE_MTE2,1000010669,COPY_IN,1171910,1171915,2034983
case_073,2,PIPE_V,4365,RELU,1176266,1176330,2034983
case_073,2,PIPE_V,116,ADD,1176330,1176394,2034983
case_073,2,PIPE_V,241,ADD,1176394,1176458,2034983
case_073,2,PIPE_MTE3,1000005640,COPY_OUT,1176394,1176404,2034983
case_073,2,PIPE_V,366,ADD,1176458,1176522,2034983
case_073,2,PIPE_MTE3,1000005824,COPY_OUT,1176458,1176468,2034983
case_073,2,PIPE_V,491,ADD,1176522,1176586,2034983
case_073,2,PIPE_MTE3,1000006020,COPY_OUT,1176522,1176532,2034983
case_073,2,PIPE_MTE3,1000006023,COPY_OUT,1176532,1176542,2034983
case_073,2,PIPE_V,616,ADD,1176586,1176650,2034983
case_073,2,PIPE_MTE3,1000006216,COPY_OUT,1176586,1176596,2034983
case_073,2,PIPE_MTE3,1000006219,COPY_OUT,1176596,1176606,2034983
case_073,2,PIPE_V,741,ADD,1176650,1176714,2034983
case_073,2,PIPE_MTE3,1000006355,COPY_OUT,1176650,1176660,2034983
case_073,2,PIPE_V,866,ADD,1176714,1176778,2034983
case_073,2,PIPE_V,991,ADD,1176778,1176842,2034983
case_073,2,PIPE_MTE3,1000006660,COPY_OUT,1176778,1176788,2034983
case_073,2,PIPE_V,1116,ADD,1176842,1176906,2034983
case_073,2,PIPE_MTE3,1000006859,COPY_OUT,1176842,1176852,2034983
case_073,2,PIPE_V,1241,ADD,1176906,1176970,2034983
case_073,2,PIPE_MTE3,1000007043,COPY_OUT,1176906,1176916,2034983
case_073,2,PIPE_V,1366,ADD,1176970,1177034,2034983
case_073,2,PIPE_MTE3,1000007170,COPY_OUT,1176970,1176980,2034983
case_073,2,PIPE_V,1491,ADD,1177034,1177098,2034983
case_073,2,PIPE_V,1616,ADD,1177098,1177162,2034983
case_073,2,PIPE_MTE3,1000007490,COPY_OUT,1177098,1177109,2034983
case_073,2,PIPE_V,1741,ADD,1177162,1177226,2034983
case_073,2,PIPE_MTE3,1000007686,COPY_OUT,1177162,1177176,2034983
case_073,2,PIPE_V,1866,ADD,1177226,1177290,2034983
case_073,2,PIPE_MTE3,1000007873,COPY_OUT,1177226,1177236,2034983
case_073,2,PIPE_V,1991,ADD,1177290,1177354,2034983
case_073,2,PIPE_MTE3,1000007997,COPY_OUT,1177290,1177300,2034983
case_073,2,PIPE_V,2116,ADD,1177354,1177418,2034983
case_073,2,PIPE_V,2241,ADD,1177418,1177482,2034983
case_073,2,PIPE_MTE3,1000008332,COPY_OUT,1177418,1177432,2034983
case_073,2,PIPE_V,2366,ADD,1177482,1177546,2034983
case_073,2,PIPE_MTE3,1000008531,COPY_OUT,1177482,1177492,2034983
case_073,2,PIPE_V,2491,ADD,1177546,1177610,2034983
case_073,2,PIPE_MTE3,1000008718,COPY_OUT,1177546,1177556,2034983
case_073,2,PIPE_V,2616,ADD,1177610,1177674,2034983
case_073,2,PIPE_MTE3,1000008845,COPY_OUT,1177610,1177620,2034983
case_073,2,PIPE_V,2741,ADD,1177674,1177738,2034983
case_073,2,PIPE_V,2866,ADD,1177738,1177802,2034983
case_073,2,PIPE_MTE3,1000009177,COPY_OUT,1177738,1177752,2034983
case_073,2,PIPE_V,2991,ADD,1177802,1177866,2034983
case_073,2,PIPE_MTE3,1000009376,COPY_OUT,1177802,1177812,2034983
case_073,2,PIPE_V,3116,ADD,1177866,1177930,2034983
case_073,2,PIPE_MTE3,1000009566,COPY_OUT,1177866,1177876,2034983
case_073,2,PIPE_V,3241,ADD,1177930,1177994,2034983
case_073,2,PIPE_MTE3,1000009690,COPY_OUT,1177930,1177940,2034983
case_073,2,PIPE_V,3366,ADD,1177994,1178058,2034983
case_073,2,PIPE_V,3491,ADD,1178058,1178122,2034983
case_073,2,PIPE_MTE3,1000010019,COPY_OUT,1178058,1178072,2034983
case_073,2,PIPE_V,3616,ADD,1178122,1178186,2034983
case_073,2,PIPE_MTE3,1000010212,COPY_OUT,1178122,1178132,2034983
case_073,2,PIPE_V,3741,ADD,1178186,1178250,2034983
case_073,2,PIPE_MTE3,1000010396,COPY_OUT,1178186,1178196,2034983
case_073,2,PIPE_MTE3,1000010523,COPY_OUT,1178250,1178260,2034983
case_073,2,PIPE_MTE2,1000010672,COPY_IN,1184940,1184955,2034983
case_073,2,PIPE_V,3866,ADD,1184955,1185019,2034983
case_073,2,PIPE_MTE2,1000010856,COPY_IN,1184955,1184970,2034983
case_073,2,PIPE_MTE2,1000010859,COPY_IN,1184970,1184985,2034983
case_073,2,PIPE_MTE2,1000011049,COPY_IN,1184985,1185000,2034983
case_073,2,PIPE_MTE2,1000011052,COPY_IN,1185000,1185015,2034983
case_073,2,PIPE_MTE2,1000011227,COPY_IN,1185015,1185030,2034983
case_073,2,PIPE_V,3991,ADD,1185019,1185083,2034983
case_073,2,PIPE_MTE2,1000011233,COPY_IN,1185030,1185045,2034983
case_073,2,PIPE_MTE2,1000005328,COPY_IN,1185045,1197196,2034983
case_073,2,PIPE_V,4116,ADD,1185083,1185147,2034983
case_073,2,PIPE_MTE3,1000010861,COPY_OUT,1185083,1185103,2034983
case_073,2,PIPE_V,4241,ADD,1185147,1185211,2034983
case_073,2,PIPE_MTE3,1000011054,COPY_OUT,1185147,1185167,2034983
case_073,2,PIPE_V,4366,ADD,1185211,1185275,2034983
case_073,2,PIPE_MTE3,1000011235,COPY_OUT,1185211,1185231,2034983
case_073,2,PIPE_MTE3,1000011353,COPY_OUT,1185275,1185295,2034983
case_073,2,PIPE_M,117,CONV,1197196,1201852,2034983
case_073,2,PIPE_V,118,RELU,1201852,1201916,2034983
case_073,2,PIPE_M,742,CONV,1201852,1206508,2034983
case_073,2,PIPE_V,743,RELU,1206508,1206572,2034983
case_073,2,PIPE_M,1367,CONV,1206508,1211164,2034983
case_073,2,PIPE_V,1368,RELU,1211164,1211228,2034983
case_073,2,PIPE_M,1992,CONV,1211164,1215820,2034983
case_073,2,PIPE_MTE2,1000011463,COPY_IN,1211799,1211814,2034983
case_073,2,PIPE_V,1993,RELU,1215820,1215884,2034983
case_073,2,PIPE_M,2617,CONV,1215820,1220476,2034983
case_073,2,PIPE_V,2618,RELU,1220476,1220540,2034983
case_073,2,PIPE_M,3242,CONV,1220476,1225132,2034983
case_073,2,PIPE_V,3243,RELU,1225132,1225196,2034983
case_073,2,PIPE_M,3867,CONV,1225132,1229788,2034983
case_073,2,PIPE_V,3868,RELU,1229788,1229852,2034983
case_073,2,PIPE_M,4492,CONV,1229788,1234444,2034983
case_073,2,PIPE_V,4493,RELU,1234444,1234508,2034983
case_073,2,PIPE_MTE2,1000005338,COPY_IN,1234444,1242828,2034983
case_073,2,PIPE_M,119,CONV,1242828,1247484,2034983
case_073,2,PIPE_V,120,RELU,1247484,1247548,2034983
case_073,2,PIPE_M,744,CONV,1247484,1252140,2034983
case_073,2,PIPE_MTE3,1000005643,COPY_OUT,1247548,1247553,2034983
case_073,2,PIPE_V,745,RELU,1252140,1252204,2034983
case_073,2,PIPE_M,1369,CONV,1252140,1256796,2034983
case_073,2,PIPE_V,1370,RELU,1256796,1256860,2034983
case_073,2,PIPE_M,1994,CONV,1256796,1261452,2034983
case_073,2,PIPE_V,1995,RELU,1261452,1261516,2034983
case_073,2,PIPE_M,2619,CONV,1261452,1266108,2034983
case_073,2,PIPE_V,2620,RELU,1266108,1266172,2034983
case_073,2,PIPE_M,3244,CONV,1266108,1270764,2034983
case_073,2,PIPE_V,3245,RELU,1270764,1270828,2034983
case_073,2,PIPE_M,3869,CONV,1270764,1275420,2034983
case_073,2,PIPE_V,3870,RELU,1275420,1275484,2034983
case_073,2,PIPE_M,4494,CONV,1275420,1280076,2034983
case_073,2,PIPE_V,4495,RELU,1280076,1280140,2034983
case_073,2,PIPE_MTE2,1000005348,COPY_IN,1280076,1290235,2034983
case_073,2,PIPE_MTE2,1000005358,COPY_IN,1290235,1291328,2034983
case_073,2,PIPE_MTE2,1000005828,COPY_IN,1291328,1291333,2034983
case_073,2,PIPE_V,246,ADD,1291333,1291397,2034983
case_073,2,PIPE_MTE2,1000009344,COPY_IN,1291333,1291342,2034983
case_073,2,PIPE_M,247,CONV,1291397,1296053,2034983
case_073,2,PIPE_V,248,RELU,1296053,1296117,2034983
case_073,2,PIPE_M,249,CONV,1296117,1297189,2034983
case_073,2,PIPE_V,746,ADD,1296117,1296181,2034983
case_073,2,PIPE_M,747,CONV,1297189,1301845,2034983
case_073,2,PIPE_MTE3,1000005830,COPY_OUT,1297189,1297198,2034983
case_073,2,PIPE_V,748,RELU,1301845,1301909,2034983
case_073,2,PIPE_M,749,CONV,1301909,1302981,2034983
case_073,2,PIPE_V,1371,ADD,1301909,1301973,2034983
case_073,2,PIPE_M,1372,CONV,1302981,1307637,2034983
case_073,2,PIPE_MTE3,1000006494,COPY_OUT,1302981,1302999,2034983
case_073,2,PIPE_V,1373,RELU,1307637,1307701,2034983
case_073,2,PIPE_M,1374,CONV,1307701,1308773,2034983
case_073,2,PIPE_V,1996,ADD,1307701,1307765,2034983
case_073,2,PIPE_M,1997,CONV,1308773,1313429,2034983
case_073,2,PIPE_MTE3,1000007306,COPY_OUT,1308773,1308791,2034983
case_073,2,PIPE_V,1998,RELU,1313429,1313493,2034983
case_073,2,PIPE_M,1999,CONV,1313493,1314565,2034983
case_073,2,PIPE_V,2621,ADD,1313493,1313557,2034983
case_073,2,PIPE_M,2622,CONV,1314565,1319221,2034983
case_073,2,PIPE_MTE3,1000008142,COPY_OUT,1314565,1314592,2034983
case_073,2,PIPE_MTE2,1000009380,COPY_IN,1315531,1315558,2034983
case_073,2,PIPE_MTE2,1000009809,COPY_IN,1315558,1315585,2034983
case_073,2,PIPE_MTE2,1000010648,COPY_IN,1315585,1315612,2034983
case_073,2,PIPE_MTE2,1000011451,COPY_IN,1315612,1315639,2034983
case_073,2,PIPE_MTE2,1000005368,COPY_IN,1315639,1319605,2034983
case_073,2,PIPE_V,2623,RELU,1319221,1319285,2034983
case_073,2,PIPE_M,2624,CONV,1319285,1320357,2034983
case_073,2,PIPE_V,3246,ADD,1319285,1319349,2034983
case_073,2,PIPE_MTE2,1000005378,COPY_IN,1319605,1322561,2034983
case_073,2,PIPE_M,3247,CONV,1320357,1325013,2034983
case_073,2,PIPE_MTE3,1000008990,COPY_OUT,1320357,1320397,2034983
case_073,2,PIPE_V,3248,RELU,1325013,1325077,2034983
case_073,2,PIPE_M,3249,CONV,1325077,1326149,2034983
case_073,2,PIPE_V,3871,ADD,1325077,1325141,2034983
case_073,2,PIPE_M,3872,CONV,1326149,1330805,2034983
case_073,2,PIPE_V,3873,RELU,1330805,1330869,2034983
case_073,2,PIPE_M,3874,CONV,1330869,1331941,2034983
case_073,2,PIPE_V,4496,ADD,1330869,1330933,2034983
case_073,2,PIPE_M,4497,CONV,1331941,1336597,2034983
case_073,2,PIPE_V,4498,RELU,1336597,1336661,2034983
case_073,2,PIPE_V,2875,ADD,1336661,1336741,2034983
case_073,2,PIPE_M,4499,CONV,1336661,1337733,2034983
case_073,2,PIPE_V,2876,RELU,1336741,1336821,2034983
case_073,2,PIPE_V,3250,ADD,1336821,1336901,2034983
case_073,2,PIPE_MTE3,1000009382,COPY_OUT,1336821,1336830,2034983
case_073,2,PIPE_MTE3,1000009385,COPY_OUT,1336830,1336839,2034983
case_073,2,PIPE_V,3251,RELU,1336901,1336981,2034983
case_073,2,PIPE_V,3875,ADD,1336981,1337061,2034983
case_073,2,PIPE_MTE3,1000009835,COPY_OUT,1336981,1336990,2034983
case_073,2,PIPE_MTE3,1000009838,COPY_OUT,1336990,1336999,2034983
case_073,2,PIPE_V,3876,RELU,1337061,1337141,2034983
case_073,2,PIPE_MTE3,1000010674,COPY_OUT,1337141,1337150,2034983
case_073,2,PIPE_MTE3,1000010677,COPY_OUT,1337150,1337159,2034983
case_073,2,PIPE_V,4500,ADD,1337733,1337813,2034983
case_073,2,PIPE_V,4501,RELU,1337813,1337893,2034983
case_073,2,PIPE_MTE3,1000011465,COPY_OUT,1337893,1337902,2034983
case_073,2,PIPE_MTE2,1000005837,COPY_IN,1401065,1401092,2034983
case_073,2,PIPE_M,252,CONV,1401092,1405748,2034983
case_073,2,PIPE_MTE2,1000006670,COPY_IN,1401209,1401236,2034983
case_073,2,PIPE_MTE2,1000007500,COPY_IN,1401907,1401934,2034983
case_073,2,PIPE_MTE2,1000008342,COPY_IN,1402698,1402725,2034983
case_073,2,PIPE_MTE2,1000009187,COPY_IN,1403498,1403525,2034983
case_073,2,PIPE_MTE2,1000010026,COPY_IN,1403525,1403552,2034983
case_073,2,PIPE_MTE2,1000010868,COPY_IN,1403552,1403579,2034983
case_073,2,PIPE_MTE2,1000011569,COPY_IN,1403579,1403606,2034983
case_073,2,PIPE_MTE2,1000005388,COPY_IN,1403606,1408238,2034983
case_073,2,PIPE_V,253,RELU,1405748,1405828,2034983
case_073,2,PIPE_M,254,CONV,1405828,1410484,2034983
case_073,2,PIPE_V,255,RELU,1410484,1410564,2034983
case_073,2,PIPE_M,877,CONV,1410484,1415140,2034983
case_073,2,PIPE_MTE3,1000005839,COPY_OUT,1410564,1410573,2034983
case_073,2,PIPE_V,878,RELU,1415140,1415220,2034983
case_073,2,PIPE_M,879,CONV,1415220,1419876,2034983
case_073,2,PIPE_V,880,RELU,1419876,1419956,2034983
case_073,2,PIPE_M,1502,CONV,1419876,1424532,2034983
case_073,2,PIPE_MTE3,1000006672,COPY_OUT,1419956,1419965,2034983
case_073,2,PIPE_V,1503,RELU,1424532,1424612,2034983
case_073,2,PIPE_M,1504,CONV,1424612,1429268,2034983
case_073,2,PIPE_V,1505,RELU,1429268,1429348,2034983
case_073,2,PIPE_M,2127,CONV,1429268,1433924,2034983
case_073,2,PIPE_MTE3,1000007502,COPY_OUT,1429348,1429357,2034983
case_073,2,PIPE_V,2128,RELU,1433924,1434004,2034983
case_073,2,PIPE_M,2129,CONV,1434004,1438660,2034983
case_073,2,PIPE_V,2130,RELU,1438660,1438740,2034983
case_073,2,PIPE_M,2752,CONV,1438660,1443316,2034983
case_073,2,PIPE_MTE3,1000008344,COPY_OUT,1438740,1438749,2034983
case_073,2,PIPE_V,2753,RELU,1443316,1443396,2034983
case_073,2,PIPE_M,2754,CONV,1443396,1448052,2034983
case_073,2,PIPE_V,2755,RELU,1448052,1448132,2034983
case_073,2,PIPE_M,3377,CONV,1448052,1452708,2034983
case_073,2,PIPE_MTE3,1000009189,COPY_OUT,1448132,1448141,2034983
case_073,2,PIPE_V,3378,RELU,1452708,1452788,2034983
case_073,2,PIPE_M,3379,CONV,1452788,1457444,2034983
case_073,2,PIPE_V,3380,RELU,1457444,1457524,2034983
case_073,2,PIPE_M,4002,CONV,1457444,1462100,2034983
case_073,2,PIPE_MTE3,1000010028,COPY_OUT,1457524,1457533,2034983
case_073,2,PIPE_V,4003,RELU,1462100,1462180,2034983
case_073,2,PIPE_M,4004,CONV,1462180,1466836,2034983
case_073,2,PIPE_V,4005,RELU,1466836,1466916,2034983
case_073,2,PIPE_M,4627,CONV,1466836,1471492,2034983
case_073,2,PIPE_MTE3,1000010870,COPY_OUT,1466916,1466925,2034983
case_073,2,PIPE_V,4628,RELU,1471492,1471572,2034983
case_073,2,PIPE_M,4629,CONV,1471572,1476228,2034983
case_073,2,PIPE_MTE2,1000006045,COPY_IN,1475181,1475199,2034983
case_073,2,PIPE_MTE2,1000005398,COPY_IN,1475199,1480690,2034983
case_073,2,PIPE_M,382,CONV,1476228,1480884,2034983
case_073,2,PIPE_V,4630,RELU,1476228,1476308,2034983
case_073,2,PIPE_V,4631,ADD,1476308,1476388,2034983
case_073,2,PIPE_MTE3,1000011571,COPY_OUT,1476388,1476456,2034983
case_073,2,PIPE_MTE2,1000006875,COPY_IN,1480690,1480726,2034983
case_073,2,PIPE_MTE2,1000007705,COPY_IN,1480726,1480762,2034983
case_073,2,PIPE_MTE2,1000008547,COPY_IN,1480762,1480798,2034983
case_073,2,PIPE_MTE2,1000009392,COPY_IN,1480798,1480834,2034983
case_073,2,PIPE_MTE2,1000010228,COPY_IN,1480834,1480870,2034983
case_073,2,PIPE_MTE2,1000011070,COPY_IN,1480870,1480906,2034983
case_073,2,PIPE_V,383,RELU,1480884,1480964,2034983
case_073,2,PIPE_MTE2,1000011672,COPY_IN,1480906,1480942,2034983
case_073,2,PIPE_MTE2,1000005408,COPY_IN,1480942,1481985,2034983
case_073,2,PIPE_M,384,CONV,1480964,1485620,2034983
case_073,2,PIPE_MTE2,1000008348,COPY_IN,1481985,1482012,2034983
case_073,2,PIPE_V,385,RELU,1485620,1485700,2034983
case_073,2,PIPE_M,1007,CONV,1485620,1490276,2034983
case_073,2,PIPE_MTE3,1000006047,COPY_OUT,1485700,1485714,2034983
case_073,2,PIPE_V,1008,RELU,1490276,1490356,2034983
case_073,2,PIPE_M,1009,CONV,1490356,1495012,2034983
case_073,2,PIPE_V,1010,RELU,1495012,1495092,2034983
case_073,2,PIPE_M,1632,CONV,1495012,1499668,2034983
case_073,2,PIPE_MTE3,1000006877,COPY_OUT,1495092,1495106,2034983
case_073,2,PIPE_V,1633,RELU,1499668,1499748,2034983
case_073,2,PIPE_M,1634,CONV,1499748,1504404,2034983
case_073,2,PIPE_V,1635,RELU,1504404,1504484,2034983
case_073,2,PIPE_M,2257,CONV,1504404,1509060,2034983
case_073,2,PIPE_MTE3,1000007707,COPY_OUT,1504484,1504493,2034983
case_073,2,PIPE_V,2258,RELU,1509060,1509140,2034983
case_073,2,PIPE_M,2259,CONV,1509140,1513796,2034983
case_073,2,PIPE_V,2260,RELU,1513796,1513876,2034983
case_073,2,PIPE_M,2882,CONV,1513796,1518452,2034983
case_073,2,PIPE_MTE2,1000008354,COPY_IN,1513863,1513872,2034983
case_073,2,PIPE_MTE2,1000009193,COPY_IN,1513872,1513886,2034983
case_073,2,PIPE_MTE3,1000008552,COPY_OUT,1513876,1513890,2034983
case_073,2,PIPE_V,2883,RELU,1518452,1518532,2034983
case_073,2,PIPE_M,2884,CONV,1518532,1523188,2034983
case_073,2,PIPE_V,2885,RELU,1523188,1523268,2034983
case_073,2,PIPE_M,3507,CONV,1523188,1527844,2034983
case_073,2,PIPE_MTE2,1000009199,COPY_IN,1523255,1523264,2034983
case_073,2,PIPE_MTE2,1000010032,COPY_IN,1523264,1523278,2034983
case_073,2,PIPE_MTE3,1000009397,COPY_OUT,1523268,1523282,2034983
case_073,2,PIPE_V,3508,RELU,1527844,1527924,2034983
case_073,2,PIPE_M,3509,CONV,1527924,1532580,2034983
case_073,2,PIPE_V,3510,RELU,1532580,1532660,2034983
case_073,2,PIPE_M,4132,CONV,1532580,1537236,2034983
case_073,2,PIPE_MTE2,1000010038,COPY_IN,1532647,1532656,2034983
case_073,2,PIPE_MTE2,1000010874,COPY_IN,1532656,1532670,2034983
case_073,2,PIPE_MTE3,1000010233,COPY_OUT,1532660,1532674,2034983
case_073,2,PIPE_V,4133,RELU,1537236,1537316,2034983
case_073,2,PIPE_M,4134,CONV,1537316,1541972,2034983
case_073,2,PIPE_V,4135,RELU,1541972,1542052,2034983
case_073,2,PIPE_M,4757,CONV,1541972,1546628,2034983
case_073,2,PIPE_MTE2,1000010880,COPY_IN,1542039,1542048,2034983
case_073,2,PIPE_MTE3,1000011075,COPY_OUT,1542052,1542061,2034983
case_073,2,PIPE_V,4758,RELU,1546628,1546708,2034983
case_073,2,PIPE_M,4759,CONV,1546708,1551364,2034983
case_073,2,PIPE_V,4760,RELU,1551364,1551444,2034983
case_073,2,PIPE_MTE2,1000011575,COPY_IN,1551431,1551440,2034983
case_073,2,PIPE_MTE2,1000006166,COPY_IN,1551440,1551467,2034983
case_073,2,PIPE_V,2136,ADD,1551444,1551524,2034983
case_073,2,PIPE_MTE3,1000011674,COPY_OUT,1551444,1551462,2034983
case_073,2,PIPE_MTE2,1000006244,COPY_IN,1551467,1551487,2034983
case_073,2,PIPE_MTE2,1000006806,COPY_IN,1551487,1551512,2034983
case_073,2,PIPE_M,2137,CONV,1551524,1552596,2034983
case_073,2,PIPE_V,2761,ADD,1551524,1551604,2034983
case_073,2,PIPE_V,3386,ADD,1551604,1551684,2034983
case_073,2,PIPE_V,4011,ADD,1551684,1551764,2034983
case_073,2,PIPE_V,4636,ADD,1551764,1551844,2034983
case_073,2,PIPE_V,513,ADD,1551844,1551956,2034983
case_073,2,PIPE_V,514,RELU,1551956,1552068,2034983
case_073,2,PIPE_M,2762,CONV,1552596,1553668,2034983
case_073,2,PIPE_MTE3,1000008356,COPY_OUT,1552596,1552614,2034983
case_073,2,PIPE_MTE2,1000006881,COPY_IN,1553533,1553551,2034983
case_073,2,PIPE_V,1013,ADD,1553551,1553663,2034983
case_073,2,PIPE_MTE2,1000007633,COPY_IN,1553551,1553569,2034983
case_073,2,PIPE_MTE2,1000007711,COPY_IN,1553569,1553587,2034983
case_073,2,PIPE_MTE2,1000008478,COPY_IN,1553587,1553605,2034983
case_073,2,PIPE_MTE2,1000008556,COPY_IN,1553605,1553623,2034983
case_073,2,PIPE_MTE2,1000009323,COPY_IN,1553623,1553641,2034983
case_073,2,PIPE_V,1014,RELU,1553663,1553775,2034983
case_073,2,PIPE_M,3387,CONV,1553668,1554740,2034983
case_073,2,PIPE_MTE3,1000009201,COPY_OUT,1553668,1553704,2034983
case_073,2,PIPE_V,1638,ADD,1553775,1553887,2034983
case_073,2,PIPE_V,1639,RELU,1553887,1553999,2034983
case_073,2,PIPE_V,2263,ADD,1553999,1554111,2034983
case_073,2,PIPE_V,2264,RELU,1554111,1554223,2034983
case_073,2,PIPE_MTE2,1000009401,COPY_IN,1554236,1554254,2034983
case_073,2,PIPE_V,2888,ADD,1554254,1554366,2034983
case_073,2,PIPE_MTE2,1000010159,COPY_IN,1554254,1554272,2034983
case_073,2,PIPE_V,2889,RELU,1554366,1554478,2034983
case_073,2,PIPE_M,4012,CONV,1554740,1555812,2034983
case_073,2,PIPE_MTE3,1000010040,COPY_OUT,1554740,1554791,2034983
case_073,2,PIPE_MTE2,1000010237,COPY_IN,1555319,1555337,2034983
case_073,2,PIPE_V,3513,ADD,1555337,1555449,2034983
case_073,2,PIPE_MTE2,1000011001,COPY_IN,1555337,1555355,2034983
case_073,2,PIPE_V,3514,RELU,1555449,1555561,2034983
case_073,2,PIPE_M,4637,CONV,1555812,1556884,2034983
case_073,2,PIPE_MTE3,1000010882,COPY_OUT,1555812,1555848,2034983
case_073,2,PIPE_MTE2,1000011079,COPY_IN,1556387,1556441,2034983
case_073,2,PIPE_V,4138,ADD,1556441,1556553,2034983
case_073,2,PIPE_MTE2,1000011645,COPY_IN,1556441,1556486,2034983
case_073,2,PIPE_V,4139,RELU,1556553,1556665,2034983
case_073,2,PIPE_MTE3,1000011577,COPY_OUT,1556884,1556967,2034983
case_073,2,PIPE_MTE3,1000006246,COPY_OUT,1556967,1557039,2034983
case_073,2,PIPE_MTE3,1000006883,COPY_OUT,1557039,1557111,2034983
case_073,2,PIPE_MTE3,1000006886,COPY_OUT,1557111,1557175,2034983
case_073,2,PIPE_MTE3,1000007713,COPY_OUT,1557175,1557229,2034983
case_073,2,PIPE_MTE3,1000007716,COPY_OUT,1557229,1557283,2034983
case_073,2,PIPE_MTE3,1000008558,COPY_OUT,1557283,1557349,2034983
case_073,2,PIPE_MTE3,1000008561,COPY_OUT,1557349,1557410,2034983
case_073,2,PIPE_MTE3,1000009403,COPY_OUT,1557410,1557464,2034983
case_073,2,PIPE_MTE3,1000009406,COPY_OUT,1557464,1557543,2034983
case_073,2,PIPE_MTE2,1000011678,COPY_IN,1557504,1557594,2034983
case_073,2,PIPE_MTE3,1000010239,COPY_OUT,1557543,1557633,2034983
case_073,2,PIPE_V,4763,ADD,1557594,1557706,2034983
case_073,2,PIPE_MTE2,1000005418,COPY_IN,1557594,1558974,2034983
case_073,2,PIPE_MTE3,1000010242,COPY_OUT,1557633,1557723,2034983
case_073,2,PIPE_V,4764,RELU,1557706,1557818,2034983
case_073,2,PIPE_MTE3,1000011081,COPY_OUT,1557723,1557822,2034983
case_073,2,PIPE_MTE3,1000011084,COPY_OUT,1557822,1557931,2034983
case_073,2,PIPE_MTE3,1000011680,COPY_OUT,1557931,1558039,2034983
case_073,2,PIPE_M,515,CONV,1558974,1563630,2034983
case_073,2,PIPE_MTE2,1000005428,COPY_IN,1558974,1559968,2034983
case_073,2,PIPE_MTE2,1000007071,COPY_IN,1559968,1560023,2034983
case_073,2,PIPE_MTE2,1000007898,COPY_IN,1560023,1560095,2034983
case_073,2,PIPE_MTE2,1000008743,COPY_IN,1560095,1560166,2034983
case_073,2,PIPE_MTE2,1000009591,COPY_IN,1560166,1560220,2034983
case_073,2,PIPE_MTE2,1000010418,COPY_IN,1560869,1560887,2034983
case_073,2,PIPE_MTE2,1000011257,COPY_IN,1561833,1561851,2034983
case_073,2,PIPE_MTE2,1000011784,COPY_IN,1562905,1562959,2034983
case_073,2,PIPE_MTE2,1000005438,COPY_IN,1562959,1563602,2034983
case_073,2,PIPE_MTE2,1000005448,COPY_IN,1563602,1563937,2034983
case_073,2,PIPE_V,516,RELU,1563630,1563742,2034983
case_073,2,PIPE_M,517,CONV,1563742,1568398,2034983
case_073,2,PIPE_V,518,RELU,1568398,1568510,2034983
case_073,2,PIPE_M,1140,CONV,1568398,1573054,2034983
case_073,2,PIPE_MTE3,1000006249,COPY_OUT,1568510,1568528,2034983
case_073,2,PIPE_V,1141,RELU,1573054,1573166,2034983
case_073,2,PIPE_M,1142,CONV,1573166,1577822,2034983
case_073,2,PIPE_V,1143,RELU,1577822,1577934,2034983
case_073,2,PIPE_M,1765,CONV,1577822,1582478,2034983
case_073,2,PIPE_MTE3,1000007073,COPY_OUT,1577934,1577952,2034983
case_073,2,PIPE_V,1766,RELU,1582478,1582590,2034983
case_073,2,PIPE_M,1767,CONV,1582590,1587246,2034983
case_073,2,PIPE_V,1768,RELU,1587246,1587358,2034983
case_073,2,PIPE_M,2390,CONV,1587246,1591902,2034983
case_073,2,PIPE_MTE3,1000007900,COPY_OUT,1587358,1587376,2034983
case_073,2,PIPE_V,2391,RELU,1591902,1592014,2034983
case_073,2,PIPE_M,2392,CONV,1592014,1596670,2034983
case_073,2,PIPE_V,2393,RELU,1596670,1596782,2034983
case_073,2,PIPE_M,3015,CONV,1596670,1601326,2034983
case_073,2,PIPE_MTE3,1000008745,COPY_OUT,1596782,1596800,2034983
case_073,2,PIPE_V,3016,RELU,1601326,1601438,2034983
case_073,2,PIPE_M,3017,CONV,1601438,1606094,2034983
case_073,2,PIPE_V,3018,RELU,1606094,1606206,2034983
case_073,2,PIPE_M,3640,CONV,1606094,1610750,2034983
case_073,2,PIPE_MTE3,1000009593,COPY_OUT,1606206,1606224,2034983
case_073,2,PIPE_V,3641,RELU,1610750,1610862,2034983
case_073,2,PIPE_M,3642,CONV,1610862,1615518,2034983
case_073,2,PIPE_V,3643,RELU,1615518,1615630,2034983
case_073,2,PIPE_M,4265,CONV,1615518,1620174,2034983
case_073,2,PIPE_MTE3,1000010420,COPY_OUT,1615630,1615648,2034983
case_073,2,PIPE_V,4266,RELU,1620174,1620286,2034983
case_073,2,PIPE_M,4267,CONV,1620286,1624942,2034983
case_073,2,PIPE_V,4268,RELU,1624942,1625054,2034983
case_073,2,PIPE_M,4890,CONV,1624942,1629598,2034983
case_073,2,PIPE_MTE3,1000011259,COPY_OUT,1625054,1625072,2034983
case_073,2,PIPE_V,4891,RELU,1629598,1629710,2034983
case_073,2,PIPE_M,4892,CONV,1629710,1634366,2034983
case_073,2,PIPE_MTE2,1000006368,COPY_IN,1629901,1629984,2034983
case_073,2,PIPE_MTE2,1000007189,COPY_IN,1630524,1630614,2034983
case_073,2,PIPE_MTE2,1000008016,COPY_IN,1631189,1631211,2034983
case_073,2,PIPE_MTE2,1000008864,COPY_IN,1631599,1631617,2034983
case_073,2,PIPE_MTE2,1000009709,COPY_IN,1632159,1632177,2034983
case_073,2,PIPE_MTE2,1000010542,COPY_IN,1632719,1632737,2034983
case_073,2,PIPE_MTE2,1000011372,COPY_IN,1633279,1633297,2034983
case_073,2,PIPE_MTE2,1000005458,COPY_IN,1633297,1633366,2034983
case_073,2,PIPE_MTE2,1000005668,COPY_IN,1633366,1633384,2034983
case_073,2,PIPE_M,645,CONV,1634366,1639022,2034983
case_073,2,PIPE_V,4893,RELU,1634366,1634478,2034983
case_073,2,PIPE_V,4894,ADD,1634478,1634590,2034983
case_073,2,PIPE_MTE3,1000011786,COPY_OUT,1634590,1634615,2034983
case_073,2,PIPE_MTE3,1000011789,COPY_OUT,1634615,1634633,2034983
case_073,2,PIPE_MTE2,1000005671,COPY_IN,1638989,1639007,2034983
case_073,2,PIPE_MTE2,1000005864,COPY_IN,1639007,1639025,2034983
case_073,2,PIPE_V,646,RELU,1639022,1639134,2034983
case_073,2,PIPE_M,647,CONV,1639134,1643790,2034983
case_073,2,PIPE_V,648,RELU,1643790,1643902,2034983
case_073,2,PIPE_M,1270,CONV,1643790,1648446,2034983
case_073,2,PIPE_MTE3,1000006370,COPY_OUT,1643902,1643920,2034983
case_073,2,PIPE_MTE2,1000005870,COPY_IN,1644347,1644365,2034983
case_073,2,PIPE_MTE2,1000006060,COPY_IN,1644365,1644383,2034983
case_073,2,PIPE_MTE2,1000006063,COPY_IN,1647037,1647055,2034983
case_073,2,PIPE_MTE2,1000006256,COPY_IN,1647055,1647073,2034983
case_073,2,PIPE_MTE2,1000006259,COPY_IN,1647073,1647091,2034983
case_073,2,PIPE_MTE2,1000006513,COPY_IN,1647091,1647109,2034983
case_073,2,PIPE_MTE2,1000006516,COPY_IN,1648413,1648431,2034983
case_073,2,PIPE_MTE2,1000006896,COPY_IN,1648431,1648449,2034983
case_073,2,PIPE_V,1271,RELU,1648446,1648558,2034983
case_073,2,PIPE_M,1272,CONV,1648558,1653214,2034983
case_073,2,PIPE_V,1273,RELU,1653214,1653326,2034983
case_073,2,PIPE_M,1895,CONV,1653214,1657870,2034983
case_073,2,PIPE_MTE2,1000006899,COPY_IN,1656461,1656479,2034983
case_073,2,PIPE_MTE2,1000007524,COPY_IN,1656479,1656497,2034983
case_073,2,PIPE_V,1896,RELU,1657870,1657982,2034983
case_073,2,PIPE_M,1897,CONV,1657982,1662638,2034983
case_073,2,PIPE_V,1898,RELU,1662638,1662750,2034983
case_073,2,PIPE_M,2520,CONV,1662638,1667294,2034983
case_073,2,PIPE_MTE3,1000008018,COPY_OUT,1662750,1662768,2034983
case_073,2,PIPE_MTE2,1000007530,COPY_IN,1663195,1663213,2034983
case_073,2,PIPE_MTE2,1000008170,COPY_IN,1663213,1663231,2034983
case_073,2,PIPE_MTE2,1000008173,COPY_IN,1667261,1667279,2034983
case_073,2,PIPE_MTE2,1000009018,COPY_IN,1667279,1667297,2034983
case_073,2,PIPE_V,2521,RELU,1667294,1667406,2034983
case_073,2,PIPE_M,2522,CONV,1667406,1672062,2034983
case_073,2,PIPE_V,2523,RELU,1672062,1672174,2034983
case_073,2,PIPE_M,3145,CONV,1672062,1676718,2034983
case_073,2,PIPE_MTE3,1000008866,COPY_OUT,1672174,1672192,2034983
case_073,2,PIPE_MTE2,1000009021,COPY_IN,1676685,1676703,2034983
case_073,2,PIPE_MTE2,1000009863,COPY_IN,1676703,1676721,2034983
case_073,2,PIPE_V,3146,RELU,1676718,1676830,2034983
case_073,2,PIPE_M,3147,CONV,1676830,1681486,2034983
case_073,2,PIPE_V,3148,RELU,1681486,1681598,2034983
case_073,2,PIPE_M,3770,CONV,1681486,1686142,2034983
case_073,2,PIPE_MTE3,1000009711,COPY_OUT,1681598,1681616,2034983
case_073,2,PIPE_MTE2,1000009866,COPY_IN,1686109,1686127,2034983
case_073,2,PIPE_MTE2,1000010702,COPY_IN,1686127,1686145,2034983
case_073,2,PIPE_V,3771,RELU,1686142,1686254,2034983
case_073,2,PIPE_M,3772,CONV,1686254,1690910,2034983
case_073,2,PIPE_V,3773,RELU,1690910,1691022,2034983
case_073,2,PIPE_M,4395,CONV,1690910,1695566,2034983
case_073,2,PIPE_MTE3,1000010544,COPY_OUT,1691022,1691040,2034983
case_073,2,PIPE_MTE2,1000010705,COPY_IN,1695533,1695551,2034983
case_073,2,PIPE_MTE2,1000011481,COPY_IN,1695551,1695569,2034983
case_073,2,PIPE_V,4396,RELU,1695566,1695678,2034983
case_073,2,PIPE_M,4397,CONV,1695678,1700334,2034983
case_073,2,PIPE_V,4398,RELU,1700334,1700446,2034983
case_073,2,PIPE_V,149,ADD,1700446,1700558,2034983
case_073,2,PIPE_MTE3,1000011374,COPY_OUT,1700446,1700464,2034983
case_073,2,PIPE_M,150,CONV,1700558,1701630,2034983
case_073,2,PIPE_V,274,ADD,1700558,1700670,2034983
case_073,2,PIPE_V,399,ADD,1700670,1700782,2034983
case_073,2,PIPE_V,524,ADD,1700782,1700894,2034983
case_073,2,PIPE_V,774,ADD,1700894,1701006,2034983
case_073,2,PIPE_V,1024,ADD,1701006,1701118,2034983
case_073,2,PIPE_V,1274,ADD,1701118,1701230,2034983
case_073,2,PIPE_V,1524,ADD,1701230,1701342,2034983
case_073,2,PIPE_V,2024,ADD,1701342,1701454,2034983
case_073,2,PIPE_V,2649,ADD,1701454,1701566,2034983
case_073,2,PIPE_V,3274,ADD,1701566,1701678,2034983
case_073,2,PIPE_M,275,CONV,1701630,1702702,2034983
case_073,2,PIPE_MTE3,1000005673,COPY_OUT,1701630,1701665,2034983
case_073,2,PIPE_V,3899,ADD,1701678,1701790,2034983
case_073,2,PIPE_M,400,CONV,1702702,1703774,2034983
case_073,2,PIPE_M,525,CONV,1703774,1704846,2034983
case_073,2,PIPE_MTE3,1000006065,COPY_OUT,1703774,1703809,2034983
case_073,2,PIPE_M,775,CONV,1704846,1705918,2034983
case_073,2,PIPE_MTE3,1000006261,COPY_OUT,1704846,1704881,2034983
case_073,2,PIPE_MTE2,1000011487,COPY_IN,1704957,1704975,2034983
case_073,2,PIPE_V,4524,ADD,1704975,1705087,2034983
case_073,2,PIPE_MTE2,1000005759,COPY_IN,1704975,1705010,2034983
case_073,2,PIPE_MTE2,1000006429,COPY_IN,1705010,1705045,2034983
case_073,2,PIPE_MTE2,1000011835,COPY_IN,1705045,1705080,2034983
case_073,2,PIPE_MTE2,1000007805,COPY_IN,1705080,1705115,2034983
case_073,2,PIPE_V,276,ADD,1705087,1705263,2034983
case_073,2,PIPE_V,277,RELU,1705263,1705439,2034983
case_073,2,PIPE_V,776,ADD,1705918,1706094,2034983
case_073,2,PIPE_M,1025,CONV,1705918,1706990,2034983
case_073,2,PIPE_V,777,RELU,1706094,1706270,2034983
case_073,2,PIPE_M,1275,CONV,1706990,1708062,2034983
case_073,2,PIPE_MTE3,1000006901,COPY_OUT,1706990,1707025,2034983
case_073,2,PIPE_V,1276,ADD,1708062,1708238,2034983
case_073,2,PIPE_M,1525,CONV,1708062,1709134,2034983
case_073,2,PIPE_V,1277,RELU,1708238,1708414,2034983
case_073,2,PIPE_M,2025,CONV,1709134,1710206,2034983
case_073,2,PIPE_MTE3,1000007532,COPY_OUT,1709134,1709169,2034983
case_073,2,PIPE_M,2650,CONV,1710206,1711278,2034983
case_073,2,PIPE_MTE3,1000008175,COPY_OUT,1710206,1710241,2034983
case_073,2,PIPE_M,3275,CONV,1711278,1712350,2034983
case_073,2,PIPE_MTE3,1000009023,COPY_OUT,1711278,1711313,2034983
case_073,2,PIPE_MTE2,1000007913,COPY_IN,1711561,1711627,2034983
case_073,2,PIPE_V,1776,ADD,1711627,1711803,2034983
case_073,2,PIPE_MTE2,1000008650,COPY_IN,1711627,1711697,2034983
case_073,2,PIPE_V,1777,RELU,1711803,1711979,2034983
case_073,2,PIPE_M,3900,CONV,1712350,1713422,2034983
case_073,2,PIPE_MTE3,1000009868,COPY_OUT,1712350,1712385,2034983
case_073,2,PIPE_MTE2,1000008758,COPY_IN,1712633,1712699,2034983
case_073,2,PIPE_V,2401,ADD,1712699,1712875,2034983
case_073,2,PIPE_MTE2,1000009498,COPY_IN,1712699,1712769,2034983
case_073,2,PIPE_V,2402,RELU,1712875,1713051,2034983
case_073,2,PIPE_M,4525,CONV,1713422,1714494,2034983
case_073,2,PIPE_MTE3,1000010707,COPY_OUT,1713422,1713492,2034983
case_073,2,PIPE_MTE2,1000009606,COPY_IN,1713749,1713834,2034983
case_073,2,PIPE_V,3026,ADD,1713834,1714010,2034983
case_073,2,PIPE_MTE2,1000010331,COPY_IN,1713834,1713939,2034983
case_073,2,PIPE_V,3027,RELU,1714010,1714186,2034983
case_073,2,PIPE_MTE3,1000011489,COPY_OUT,1714494,1714529,2034983
case_073,2,PIPE_MTE3,1000005872,COPY_OUT,1714529,1714564,2034983
case_073,2,PIPE_MTE3,1000006518,COPY_OUT,1714564,1714599,2034983
case_073,2,PIPE_MTE3,1000007915,COPY_OUT,1714599,1714634,2034983
case_073,2,PIPE_MTE3,1000008760,COPY_OUT,1714634,1714669,2034983
case_073,2,PIPE_MTE3,1000009608,COPY_OUT,1714669,1714704,2034983
case_073,2,PIPE_MTE2,1000010433,COPY_IN,1714813,1714892,2034983
case_073,2,PIPE_V,3651,ADD,1714892,1715068,2034983
case_073,2,PIPE_MTE2,1000011170,COPY_IN,1714892,1714997,2034983
case_073,2,PIPE_V,3652,RELU,1715068,1715244,2034983
case_073,2,PIPE_MTE3,1000010435,COPY_OUT,1715244,1715348,2034983
case_073,2,PIPE_MTE2,1000011272,COPY_IN,1715912,1716080,2034983
case_073,2,PIPE_V,4276,ADD,1716080,1716256,2034983
case_073,2,PIPE_MTE2,1000011730,COPY_IN,1716080,1716260,2034983
case_073,2,PIPE_V,4277,RELU,1716256,1716432,2034983
case_073,2,PIPE_MTE3,1000011274,COPY_OUT,1716432,1716711,2034983
case_073,2,PIPE_MTE2,1000011796,COPY_IN,1717092,1717283,2034983
case_073,2,PIPE_V,4901,ADD,1717283,1717459,2034983
case_073,2,PIPE_MTE2,1000005468,COPY_IN,1717283,1717607,2034983
case_073,2,PIPE_V,4902,RELU,1717459,1717635,2034983
case_073,2,PIPE_MTE2,1000005478,COPY_IN,1717607,1717901,2034983
case_073,2,PIPE_MTE3,1000011798,COPY_OUT,1717635,1717803,2034983
case_073,2,PIPE_MTE2,1000006377,COPY_IN,1718657,1718765,2034983
case_073,2,PIPE_M,653,CONV,1718765,1723421,2034983
case_073,2,PIPE_MTE2,1000008025,COPY_IN,1718765,1718870,2034983
case_073,2,PIPE_MTE2,1000008873,COPY_IN,1718870,1718986,2034983
case_073,2,PIPE_MTE2,1000009718,COPY_IN,1718986,1719130,2034983
case_073,2,PIPE_MTE2,1000010551,COPY_IN,1719130,1719282,2034983
case_073,2,PIPE_MTE2,1000011381,COPY_IN,1719724,1719794,2034983
case_073,2,PIPE_MTE2,1000005677,COPY_IN,1719794,1719865,2034983
case_073,2,PIPE_V,654,RELU,1723421,1723597,2034983
case_073,2,PIPE_M,655,CONV,1723597,1728253,2034983
case_073,2,PIPE_V,656,RELU,1728253,1728429,2034983
case_073,2,PIPE_M,1278,CONV,1728253,1732909,2034983
case_073,2,PIPE_MTE2,1000005683,COPY_IN,1729554,1729589,2034983
case_073,2,PIPE_MTE2,1000005876,COPY_IN,1729589,1729624,2034983
case_073,2,PIPE_MTE2,1000006069,COPY_IN,1729624,1729659,2034983
case_073,2,PIPE_MTE2,1000006075,COPY_IN,1729659,1729694,2034983
case_073,2,PIPE_MTE2,1000006268,COPY_IN,1729694,1729729,2034983
case_073,2,PIPE_MTE2,1000006271,COPY_IN,1729729,1729764,2034983
case_073,2,PIPE_V,1279,RELU,1732909,1733085,2034983
case_073,2,PIPE_M,1280,CONV,1733085,1737741,2034983
case_073,2,PIPE_V,1281,RELU,1737741,1737917,2034983
case_073,2,PIPE_M,1903,CONV,1737741,1742397,2034983
case_073,2,PIPE_MTE2,1000006522,COPY_IN,1739042,1739077,2034983
case_073,2,PIPE_MTE2,1000006703,COPY_IN,1739077,1739112,2034983
case_073,2,PIPE_MTE2,1000006706,COPY_IN,1739112,1739147,2034983
case_073,2,PIPE_MTE2,1000006905,COPY_IN,1739147,1739182,2034983
case_073,2,PIPE_MTE2,1000006908,COPY_IN,1739182,1739217,2034983
case_073,2,PIPE_MTE2,1000007086,COPY_IN,1739217,1739252,2034983
case_073,2,PIPE_MTE2,1000007089,COPY_IN,1739252,1739287,2034983
case_073,2,PIPE_MTE2,1000007337,COPY_IN,1739287,1739322,2034983
case_073,2,PIPE_V,1904,RELU,1742397,1742573,2034983
case_073,2,PIPE_M,1905,CONV,1742573,1747229,2034983
case_073,2,PIPE_V,1906,RELU,1747229,1747405,2034983
case_073,2,PIPE_M,2528,CONV,1747229,1751885,2034983
case_073,2,PIPE_MTE2,1000007343,COPY_IN,1748530,1748565,2034983
case_073,2,PIPE_MTE2,1000007539,COPY_IN,1748565,1748600,2034983
case_073,2,PIPE_MTE2,1000007542,COPY_IN,1748600,1748635,2034983
case_073,2,PIPE_MTE2,1000007732,COPY_IN,1748635,1748670,2034983
case_073,2,PIPE_MTE2,1000007738,COPY_IN,1748670,1748705,2034983
case_073,2,PIPE_MTE2,1000007919,COPY_IN,1748705,1748740,2034983
case_073,2,PIPE_MTE2,1000008179,COPY_IN,1748740,1748775,2034983
case_073,2,PIPE_V,2529,RELU,1751885,1752061,2034983
case_073,2,PIPE_M,2530,CONV,1752061,1756717,2034983
case_073,2,PIPE_V,2531,RELU,1756717,1756893,2034983
case_073,2,PIPE_M,3153,CONV,1756717,1761373,2034983
case_073,2,PIPE_MTE2,1000008185,COPY_IN,1758018,1758053,2034983
case_073,2,PIPE_MTE2,1000008384,COPY_IN,1758053,1758088,2034983
case_073,2,PIPE_MTE2,1000008387,COPY_IN,1758088,1758123,2034983
case_073,2,PIPE_MTE2,1000008577,COPY_IN,1758123,1758158,2034983
case_073,2,PIPE_MTE2,1000008583,COPY_IN,1758158,1758193,2034983
case_073,2,PIPE_MTE2,1000008764,COPY_IN,1758193,1758228,2034983
case_073,2,PIPE_MTE2,1000009027,COPY_IN,1758228,1758263,2034983
case_073,2,PIPE_V,3154,RELU,1761373,1761549,2034983
case_073,2,PIPE_M,3155,CONV,1761549,1766205,2034983
case_073,2,PIPE_V,3156,RELU,1766205,1766381,2034983
case_073,2,PIPE_M,3778,CONV,1766205,1770861,2034983
case_073,2,PIPE_MTE2,1000009033,COPY_IN,1767506,1767541,2034983
case_073,2,PIPE_MTE2,1000009229,COPY_IN,1767541,1767576,2034983
case_073,2,PIPE_MTE2,1000009232,COPY_IN,1767576,1767611,2034983
case_073,2,PIPE_MTE2,1000009422,COPY_IN,1767611,1767646,2034983
case_073,2,PIPE_MTE2,1000009428,COPY_IN,1767646,1767681,2034983
case_073,2,PIPE_MTE2,1000009612,COPY_IN,1767681,1767716,2034983
case_073,2,PIPE_MTE2,1000009872,COPY_IN,1767716,1767751,2034983
case_073,2,PIPE_V,3779,RELU,1770861,1771037,2034983
case_073,2,PIPE_M,3780,CONV,1771037,1775693,2034983
case_073,2,PIPE_V,3781,RELU,1775693,1775869,2034983
case_073,2,PIPE_M,4403,CONV,1775693,1780349,2034983
case_073,2,PIPE_MTE2,1000009878,COPY_IN,1776994,1777029,2034983
case_073,2,PIPE_MTE2,1000010068,COPY_IN,1777029,1777064,2034983
case_073,2,PIPE_MTE2,1000010071,COPY_IN,1777064,1777099,2034983
case_073,2,PIPE_MTE2,1000010258,COPY_IN,1777099,1777134,2034983
case_073,2,PIPE_MTE2,1000010264,COPY_IN,1777134,1777169,2034983
case_073,2,PIPE_MTE2,1000010439,COPY_IN,1777169,1777204,2034983
case_073,2,PIPE_MTE2,1000010711,COPY_IN,1777204,1777239,2034983
case_073,2,PIPE_V,4404,RELU,1780349,1780525,2034983
case_073,2,PIPE_M,4405,CONV,1780525,1785181,2034983
case_073,2,PIPE_V,4406,RELU,1785181,1785357,2034983
case_073,2,PIPE_V,157,ADD,1785357,1785533,2034983
case_073,2,PIPE_V,282,ADD,1785533,1785709,2034983
case_073,2,PIPE_MTE3,1000005685,COPY_OUT,1785533,1785568,2034983
case_073,2,PIPE_V,407,ADD,1785709,1785885,2034983
case_073,2,PIPE_MTE3,1000005878,COPY_OUT,1785709,1785744,2034983
case_073,2,PIPE_MTE3,1000005881,COPY_OUT,1785744,1785779,2034983
case_073,2,PIPE_V,532,ADD,1785885,1786061,2034983
case_073,2,PIPE_MTE3,1000006077,COPY_OUT,1785885,1785920,2034983
case_073,2,PIPE_MTE3,1000006080,COPY_OUT,1785920,1785963,2034983
case_073,2,PIPE_V,657,ADD,1786061,1786237,2034983
case_073,2,PIPE_MTE3,1000006273,COPY_OUT,1786061,1786096,2034983
case_073,2,PIPE_MTE3,1000006276,COPY_OUT,1786096,1786131,2034983
case_073,2,PIPE_V,782,ADD,1786237,1786413,2034983
case_073,2,PIPE_MTE3,1000006379,COPY_OUT,1786237,1786272,2034983
case_073,2,PIPE_V,907,ADD,1786413,1786589,2034983
case_073,2,PIPE_MTE2,1000010717,COPY_IN,1786490,1786525,2034983
case_073,2,PIPE_MTE2,1000010910,COPY_IN,1786525,1786560,2034983
case_073,2,PIPE_MTE2,1000010913,COPY_IN,1786560,1786601,2034983
case_073,2,PIPE_V,1032,ADD,1786589,1786765,2034983
case_073,2,PIPE_MTE3,1000006708,COPY_OUT,1786589,1786673,2034983
case_073,2,PIPE_MTE2,1000011100,COPY_IN,1786601,1786691,2034983
case_073,2,PIPE_MTE3,1000006711,COPY_OUT,1786673,1786764,2034983
case_073,2,PIPE_MTE2,1000011106,COPY_IN,1786691,1786777,2034983
case_073,2,PIPE_V,1157,ADD,1786765,1786941,2034983
case_073,2,PIPE_MTE3,1000006910,COPY_OUT,1786765,1786867,2034983
case_073,2,PIPE_MTE2,1000011278,COPY_IN,1786777,1786876,2034983
case_073,2,PIPE_MTE2,1000005488,COPY_IN,1786876,1787074,2034983
case_073,2,PIPE_V,1282,ADD,1786941,1787117,2034983
case_073,2,PIPE_MTE3,1000007091,COPY_OUT,1786941,1787046,2034983
case_073,2,PIPE_MTE3,1000007094,COPY_OUT,1787046,1787124,2034983
case_073,2,PIPE_M,158,CONV,1787074,1791730,2034983
case_073,2,PIPE_MTE2,1000005498,COPY_IN,1787074,1787211,2034983
case_073,2,PIPE_V,1407,ADD,1787117,1787293,2034983
case_073,2,PIPE_MTE3,1000007191,COPY_OUT,1787124,1787194,2034983
case_073,2,PIPE_V,1532,ADD,1787293,1787469,2034983
case_073,2,PIPE_MTE3,1000007345,COPY_OUT,1787293,1787334,2034983
case_073,2,PIPE_V,1657,ADD,1787469,1787645,2034983
case_073,2,PIPE_MTE3,1000007544,COPY_OUT,1787469,1787504,2034983
case_073,2,PIPE_V,1782,ADD,1787645,1787821,2034983
case_073,2,PIPE_MTE3,1000007740,COPY_OUT,1787645,1787694,2034983
case_073,2,PIPE_V,1907,ADD,1787821,1787997,2034983
case_073,2,PIPE_MTE3,1000007921,COPY_OUT,1787821,1787856,2034983
case_073,2,PIPE_V,2032,ADD,1787997,1788173,2034983
case_073,2,PIPE_MTE3,1000008027,COPY_OUT,1787997,1788060,2034983
case_073,2,PIPE_V,2157,ADD,1788173,1788349,2034983
case_073,2,PIPE_MTE3,1000008187,COPY_OUT,1788173,1788222,2034983
case_073,2,PIPE_V,2282,ADD,1788349,1788525,2034983
case_073,2,PIPE_MTE3,1000008389,COPY_OUT,1788349,1788412,2034983
case_073,2,PIPE_V,2407,ADD,1788525,1788701,2034983
case_073,2,PIPE_MTE3,1000008585,COPY_OUT,1788525,1788560,2034983
case_073,2,PIPE_V,2532,ADD,1788701,1788877,2034983
case_073,2,PIPE_MTE3,1000008766,COPY_OUT,1788701,1788736,2034983
case_073,2,PIPE_V,2657,ADD,1788877,1789053,2034983
case_073,2,PIPE_MTE3,1000008875,COPY_OUT,1788877,1788912,2034983
case_073,2,PIPE_V,2782,ADD,1789053,1789229,2034983
case_073,2,PIPE_MTE3,1000009035,COPY_OUT,1789053,1789116,2034983
case_073,2,PIPE_V,2907,ADD,1789229,1789405,2034983
case_073,2,PIPE_MTE3,1000009234,COPY_OUT,1789229,1789292,2034983
case_073,2,PIPE_V,3032,ADD,1789405,1789581,2034983
case_073,2,PIPE_MTE3,1000009430,COPY_OUT,1789405,1789468,2034983
case_073,2,PIPE_V,3157,ADD,1789581,1789757,2034983
case_073,2,PIPE_MTE3,1000009614,COPY_OUT,1789581,1789616,2034983
case_073,2,PIPE_V,3282,ADD,1789757,1789933,2034983
case_073,2,PIPE_MTE3,1000009720,COPY_OUT,1789757,1789792,2034983
case_073,2,PIPE_V,3407,ADD,1789933,1790109,2034983
case_073,2,PIPE_MTE3,1000009880,COPY_OUT,1789933,1789968,2034983
case_073,2,PIPE_V,3532,ADD,1790109,1790285,2034983
case_073,2,PIPE_MTE3,1000010073,COPY_OUT,1790109,1790172,2034983
case_073,2,PIPE_V,3657,ADD,1790285,1790461,2034983
case_073,2,PIPE_MTE3,1000010266,COPY_OUT,1790285,1790348,2034983
case_073,2,PIPE_V,3782,ADD,1790461,1790637,2034983
case_073,2,PIPE_MTE3,1000010441,COPY_OUT,1790461,1790496,2034983
case_073,2,PIPE_V,3907,ADD,1790637,1790813,2034983
case_073,2,PIPE_MTE3,1000010553,COPY_OUT,1790637,1790672,2034983
case_073,2,PIPE_V,4032,ADD,1790813,1790989,2034983
case_073,2,PIPE_MTE3,1000010719,COPY_OUT,1790813,1790848,2034983
case_073,2,PIPE_V,4157,ADD,1790989,1791165,2034983
case_073,2,PIPE_MTE3,1000010915,COPY_OUT,1790989,1791052,2034983
case_073,2,PIPE_V,4282,ADD,1791165,1791341,2034983
case_073,2,PIPE_MTE3,1000011108,COPY_OUT,1791165,1791228,2034983
case_073,2,PIPE_V,4407,ADD,1791341,1791517,2034983
case_073,2,PIPE_MTE3,1000011280,COPY_OUT,1791341,1791376,2034983
case_073,2,PIPE_MTE3,1000011383,COPY_OUT,1791517,1791552,2034983
case_073,2,PIPE_V,159,RELU,1791730,1791906,2034983
case_073,2,PIPE_M,160,CONV,1791906,1796562,2034983
case_073,2,PIPE_MTE2,1000011499,COPY_IN,1796181,1796216,2034983
case_073,2,PIPE_MTE2,1000005508,COPY_IN,1796216,1796234,2034983
case_073,2,PIPE_V,161,RELU,1796562,1796738,2034983
case_073,2,PIPE_M,783,CONV,1796562,1801218,2034983
case_073,2,PIPE_MTE3,1000005688,COPY_OUT,1796738,1796773,2034983
case_073,2,PIPE_V,784,RELU,1801218,1801394,2034983
case_073,2,PIPE_M,785,CONV,1801394,1806050,2034983
case_073,2,PIPE_V,786,RELU,1806050,1806226,2034983
case_073,2,PIPE_M,1408,CONV,1806050,1810706,2034983
case_073,2,PIPE_V,1409,RELU,1810706,1810882,2034983
case_073,2,PIPE_M,1410,CONV,1810882,1815538,2034983
case_073,2,PIPE_MTE2,1000006914,COPY_IN,1810904,1810939,2034983
case_073,2,PIPE_MTE2,1000007195,COPY_IN,1813550,1813585,2034983
case_073,2,PIPE_V,1411,RELU,1815538,1815714,2034983
case_073,2,PIPE_M,2033,CONV,1815538,1820194,2034983
case_073,2,PIPE_MTE3,1000007348,COPY_OUT,1815714,1815749,2034983
case_073,2,PIPE_V,2034,RELU,1820194,1820370,2034983
case_073,2,PIPE_M,2035,CONV,1820370,1825026,2034983
case_073,2,PIPE_MTE2,1000008031,COPY_IN,1823038,1823073,2034983
case_073,2,PIPE_V,2036,RELU,1825026,1825202,2034983
case_073,2,PIPE_M,2658,CONV,1825026,1829682,2034983
case_073,2,PIPE_MTE3,1000008190,COPY_OUT,1825202,1825237,2034983
case_073,2,PIPE_V,2659,RELU,1829682,1829858,2034983
case_073,2,PIPE_M,2660,CONV,1829858,1834514,2034983
case_073,2,PIPE_MTE2,1000008879,COPY_IN,1832526,1832561,2034983
case_073,2,PIPE_V,2661,RELU,1834514,1834690,2034983
case_073,2,PIPE_M,3283,CONV,1834514,1839170,2034983
case_073,2,PIPE_MTE3,1000009038,COPY_OUT,1834690,1834725,2034983
case_073,2,PIPE_V,3284,RELU,1839170,1839346,2034983
case_073,2,PIPE_M,3285,CONV,1839346,1844002,2034983
case_073,2,PIPE_MTE2,1000009724,COPY_IN,1842014,1842049,2034983
case_073,2,PIPE_V,3286,RELU,1844002,1844178,2034983
case_073,2,PIPE_M,3908,CONV,1844002,1848658,2034983
case_073,2,PIPE_MTE3,1000009883,COPY_OUT,1844178,1844213,2034983
case_073,2,PIPE_V,3909,RELU,1848658,1848834,2034983
case_073,2,PIPE_M,3910,CONV,1848834,1853490,2034983
case_073,2,PIPE_MTE2,1000010557,COPY_IN,1851502,1851537,2034983
case_073,2,PIPE_V,3911,RELU,1853490,1853666,2034983
case_073,2,PIPE_M,4533,CONV,1853490,1858146,2034983
case_073,2,PIPE_MTE3,1000010722,COPY_OUT,1853666,1853701,2034983
case_073,2,PIPE_V,4534,RELU,1858146,1858322,2034983
case_073,2,PIPE_M,4535,CONV,1858322,1862978,2034983
case_073,2,PIPE_MTE2,1000011387,COPY_IN,1860990,1861025,2034983
case_073,2,PIPE_MTE2,1000005692,COPY_IN,1862272,1862341,2034983
case_073,2,PIPE_MTE2,1000011832,COPY_IN,1862341,1862410,2034983
case_073,2,PIPE_V,4536,RELU,1862978,1863154,2034983
case_073,2,PIPE_V,787,ADD,1863154,1863330,2034983
case_073,2,PIPE_MTE3,1000011501,COPY_OUT,1863154,1863189,2034983
case_073,2,PIPE_M,788,CONV,1863330,1864402,2034983
case_073,2,PIPE_V,1037,ADD,1863330,1863506,2034983
case_073,2,PIPE_V,1287,ADD,1863506,1863682,2034983
case_073,2,PIPE_V,1912,ADD,1863682,1863858,2034983
case_073,2,PIPE_V,2537,ADD,1863858,1864034,2034983
case_073,2,PIPE_V,3162,ADD,1864034,1864210,2034983
case_073,2,PIPE_V,3787,ADD,1864210,1864386,2034983
case_073,2,PIPE_V,4412,ADD,1864386,1864562,2034983
case_073,2,PIPE_M,1038,CONV,1864402,1865474,2034983
case_073,2,PIPE_MTE3,1000006524,COPY_OUT,1864402,1864471,2034983
case_073,2,PIPE_MTE2,1000006087,COPY_IN,1864485,1864554,2034983
case_073,2,PIPE_MTE2,1000011828,COPY_IN,1864554,1864623,2034983
case_073,2,PIPE_V,164,ADD,1864562,1864866,2034983
case_073,2,PIPE_MTE2,1000011824,COPY_IN,1864623,1864692,2034983
case_073,2,PIPE_V,165,RELU,1864866,1865170,2034983
case_073,2,PIPE_V,414,ADD,1865170,1865474,2034983
case_073,2,PIPE_V,415,RELU,1865474,1865778,2034983
case_073,2,PIPE_M,1288,CONV,1865474,1866546,2034983
case_073,2,PIPE_V,1039,ADD,1865778,1866082,2034983
case_073,2,PIPE_V,1040,RELU,1866082,1866386,2034983
case_073,2,PIPE_M,1913,CONV,1866546,1867618,2034983
case_073,2,PIPE_MTE3,1000007197,COPY_OUT,1866546,1866670,2034983
case_073,2,PIPE_M,2538,CONV,1867618,1868690,2034983
case_073,2,PIPE_MTE3,1000008033,COPY_OUT,1867618,1867742,2034983
case_073,2,PIPE_M,3163,CONV,1868690,1869762,2034983
case_073,2,PIPE_MTE3,1000008881,COPY_OUT,1868690,1868759,2034983
case_073,2,PIPE_MTE2,1000007744,COPY_IN,1869114,1869183,2034983
case_073,2,PIPE_MTE2,1000011820,COPY_IN,1869183,1869316,2034983
case_073,2,PIPE_V,1664,ADD,1869316,1869620,2034983
case_073,2,PIPE_V,1665,RELU,1869620,1869924,2034983
case_073,2,PIPE_M,3788,CONV,1869762,1870834,2034983
case_073,2,PIPE_MTE3,1000009726,COPY_OUT,1869762,1869831,2034983
case_073,2,PIPE_MTE2,1000008589,COPY_IN,1870186,1870255,2034983
case_073,2,PIPE_MTE2,1000011816,COPY_IN,1870255,1870388,2034983
case_073,2,PIPE_V,2289,ADD,1870388,1870692,2034983
case_073,2,PIPE_V,2290,RELU,1870692,1870996,2034983
case_073,2,PIPE_M,4413,CONV,1870834,1871906,2034983
case_073,2,PIPE_MTE3,1000010559,COPY_OUT,1870834,1870903,2034983
case_073,2,PIPE_MTE2,1000009434,COPY_IN,1871258,1871327,2034983
case_073,2,PIPE_MTE2,1000011812,COPY_IN,1871327,1871460,2034983
case_073,2,PIPE_V,2914,ADD,1871460,1871764,2034983
case_073,2,PIPE_MTE2,1000010117,COPY_IN,1871460,1871625,2034983
case_073,2,PIPE_V,2915,RELU,1871764,1872068,2034983
case_073,2,PIPE_MTE3,1000011389,COPY_OUT,1871906,1871975,2034983
case_073,2,PIPE_MTE3,1000005694,COPY_OUT,1871975,1872056,2034983
case_073,2,PIPE_MTE3,1000005697,COPY_OUT,1872056,1872194,2034983
case_073,2,PIPE_MTE3,1000006089,COPY_OUT,1872194,1872382,2034983
case_073,2,PIPE_MTE2,1000010270,COPY_IN,1872330,1872610,2034983
case_073,2,PIPE_MTE3,1000006092,COPY_OUT,1872382,1872710,2034983
case_073,2,PIPE_V,3539,ADD,1872610,1872914,2034983
case_073,2,PIPE_MTE2,1000010956,COPY_IN,1872610,1873042,2034983
case_073,2,PIPE_MTE3,1000006916,COPY_OUT,1872710,1873104,2034983
case_073,2,PIPE_V,3540,RELU,1872914,1873218,2034983
case_073,2,PIPE_MTE3,1000006919,COPY_OUT,1873104,1873257,2034983
case_073,2,PIPE_MTE3,1000007746,COPY_OUT,1873257,1873346,2034983
case_073,2,PIPE_MTE3,1000007749,COPY_OUT,1873346,1873484,2034983
case_073,2,PIPE_MTE3,1000008591,COPY_OUT,1873484,1873810,2034983
case_073,2,PIPE_MTE2,1000011112,COPY_IN,1873658,1874119,2034983
case_073,2,PIPE_MTE3,1000008594,COPY_OUT,1873810,1874253,2034983
case_073,2,PIPE_V,4164,ADD,1874119,1874423,2034983
case_073,2,PIPE_MTE2,1000011621,COPY_IN,1874119,1874463,2034983
case_073,2,PIPE_MTE3,1000009436,COPY_OUT,1874253,1874533,2034983
case_073,2,PIPE_V,4165,RELU,1874423,1874727,2034983
case_073,2,PIPE_MTE3,1000009439,COPY_OUT,1874533,1874906,2034983
case_073,2,PIPE_MTE2,1000011702,COPY_IN,1874828,1875395,2034983
case_073,2,PIPE_MTE3,1000010272,COPY_OUT,1874906,1875447,2034983
case_073,2,PIPE_V,4789,ADD,1875395,1875699,2034983
case_073,2,PIPE_MTE2,1000005518,COPY_IN,1875395,1875517,2034983
case_073,2,PIPE_MTE3,1000010275,COPY_OUT,1875447,1875894,2034983
case_073,2,PIPE_MTE2,1000005528,COPY_IN,1875517,1875667,2034983
case_073,2,PIPE_V,4790,RELU,1875699,1876003,2034983
case_073,2,PIPE_MTE3,1000011114,COPY_OUT,1875894,1876446,2034983
case_073,2,PIPE_MTE3,1000011117,COPY_OUT,1876446,1876972,2034983
case_073,2,PIPE_MTE2,1000006283,COPY_IN,1876495,1877045,2034983
case_073,2,PIPE_MTE3,1000011704,COPY_OUT,1876972,1877531,2034983
case_073,2,PIPE_M,541,CONV,1877045,1881701,2034983
case_073,2,PIPE_MTE2,1000007101,COPY_IN,1877045,1877587,2034983
case_073,2,PIPE_MTE2,1000007928,COPY_IN,1877587,1878146,2034983
case_073,2,PIPE_MTE2,1000008773,COPY_IN,1878146,1878573,2034983
case_073,2,PIPE_MTE2,1000009621,COPY_IN,1878674,1879206,2034983
case_073,2,PIPE_MTE2,1000010448,COPY_IN,1879206,1879672,2034983
case_073,2,PIPE_MTE2,1000011287,COPY_IN,1879672,1880200,2034983
case_073,2,PIPE_MTE2,1000011808,COPY_IN,1880200,1880617,2034983
case_073,2,PIPE_MTE2,1000005538,COPY_IN,1880617,1880755,2034983
case_073,2,PIPE_MTE2,1000005548,COPY_IN,1880755,1880895,2034983
case_073,2,PIPE_V,542,RELU,1881701,1882005,2034983
case_073,2,PIPE_M,543,CONV,1882005,1886661,2034983
case_073,2,PIPE_V,544,RELU,1886661,1886965,2034983
case_073,2,PIPE_M,1166,CONV,1886661,1891317,2034983
case_073,2,PIPE_MTE3,1000006285,COPY_OUT,1886965,1887034,2034983
case_073,2,PIPE_V,1167,RELU,1891317,1891621,2034983
case_073,2,PIPE_M,1168,CONV,1891621,1896277,2034983
case_073,2,PIPE_V,1169,RELU,1896277,1896581,2034983
case_073,2,PIPE_M,1791,CONV,1896277,1900933,2034983
case_073,2,PIPE_MTE3,1000007103,COPY_OUT,1896581,1896650,2034983
case_073,2,PIPE_V,1792,RELU,1900933,1901237,2034983
case_073,2,PIPE_M,1793,CONV,1901237,1905893,2034983
case_073,2,PIPE_V,1794,RELU,1905893,1906197,2034983
case_073,2,PIPE_M,2416,CONV,1905893,1910549,2034983
case_073,2,PIPE_MTE3,1000007930,COPY_OUT,1906197,1906266,2034983
case_073,2,PIPE_V,2417,RELU,1910549,1910853,2034983
case_073,2,PIPE_M,2418,CONV,1910853,1915509,2034983
case_073,2,PIPE_V,2419,RELU,1915509,1915813,2034983
case_073,2,PIPE_M,3041,CONV,1915509,1920165,2034983
case_073,2,PIPE_MTE3,1000008775,COPY_OUT,1915813,1915882,2034983
case_073,2,PIPE_V,3042,RELU,1920165,1920469,2034983
case_073,2,PIPE_M,3043,CONV,1920469,1925125,2034983
case_073,2,PIPE_V,3044,RELU,1925125,1925429,2034983
case_073,2,PIPE_M,3666,CONV,1925125,1929781,2034983
case_073,2,PIPE_MTE3,1000009623,COPY_OUT,1925429,1925498,2034983
case_073,2,PIPE_V,3667,RELU,1929781,1930085,2034983
case_073,2,PIPE_M,3668,CONV,1930085,1934741,2034983
case_073,2,PIPE_V,3669,RELU,1934741,1935045,2034983
case_073,2,PIPE_M,4291,CONV,1934741,1939397,2034983
case_073,2,PIPE_MTE3,1000010450,COPY_OUT,1935045,1935114,2034983
case_073,2,PIPE_V,4292,RELU,1939397,1939701,2034983
case_073,2,PIPE_M,4293,CONV,1939701,1944357,2034983
case_073,2,PIPE_V,4294,RELU,1944357,1944661,2034983
case_073,2,PIPE_M,4916,CONV,1944357,1949013,2034983
case_073,2,PIPE_MTE3,1000011289,COPY_OUT,1944661,1944730,2034983
case_073,2,PIPE_V,4917,RELU,1949013,1949317,2034983
case_073,2,PIPE_MTE2,1000006289,COPY_IN,1949316,1949415,2034983
case_073,2,PIPE_M,4918,CONV,1949317,1953973,2034983
case_073,2,PIPE_MTE2,1000007107,COPY_IN,1950836,1950935,2034983
case_073,2,PIPE_MTE2,1000007934,COPY_IN,1952356,1952455,2034983
case_073,2,PIPE_MTE2,1000008779,COPY_IN,1953876,1953975,2034983
case_073,2,PIPE_M,546,CONV,1953973,1958629,2034983
case_073,2,PIPE_V,4919,RELU,1953973,1954277,2034983
case_073,2,PIPE_V,4920,ADD,1954277,1954581,2034983
case_073,2,PIPE_MTE2,1000009627,COPY_IN,1955396,1955501,2034983
case_073,2,PIPE_MTE2,1000010454,COPY_IN,1956916,1957015,2034983
case_073,2,PIPE_MTE2,1000011293,COPY_IN,1957828,1957897,2034983
case_073,2,PIPE_V,547,RELU,1958629,1958933,2034983
case_073,2,PIPE_M,548,CONV,1958933,1963589,2034983
case_073,2,PIPE_V,549,RELU,1963589,1963893,2034983
case_073,2,PIPE_M,1171,CONV,1963589,1968245,2034983
case_073,2,PIPE_MTE3,1000006294,COPY_OUT,1963893,1963962,2034983
case_073,2,PIPE_V,1172,RELU,1968245,1968549,2034983
case_073,2,PIPE_M,1173,CONV,1968549,1973205,2034983
case_073,2,PIPE_V,1174,RELU,1973205,1973509,2034983
case_073,2,PIPE_M,1796,CONV,1973205,1977861,2034983
case_073,2,PIPE_MTE3,1000007112,COPY_OUT,1973509,1973578,2034983
case_073,2,PIPE_V,1797,RELU,1977861,1978165,2034983
case_073,2,PIPE_M,1798,CONV,1978165,1982821,2034983
case_073,2,PIPE_V,1799,RELU,1982821,1983125,2034983
case_073,2,PIPE_M,2421,CONV,1982821,1987477,2034983
case_073,2,PIPE_MTE3,1000007939,COPY_OUT,1983125,1983194,2034983
case_073,2,PIPE_V,2422,RELU,1987477,1987781,2034983
case_073,2,PIPE_M,2423,CONV,1987781,1992437,2034983
case_073,2,PIPE_V,2424,RELU,1992437,1992741,2034983
case_073,2,PIPE_M,3046,CONV,1992437,1997093,2034983
case_073,2,PIPE_MTE3,1000008784,COPY_OUT,1992741,1992810,2034983
case_073,2,PIPE_V,3047,RELU,1997093,1997397,2034983
case_073,2,PIPE_M,3048,CONV,1997397,2002053,2034983
case_073,2,PIPE_V,3049,RELU,2002053,2002357,2034983
case_073,2,PIPE_M,3671,CONV,2002053,2006709,2034983
case_073,2,PIPE_MTE3,1000009632,COPY_OUT,2002357,2002426,2034983
case_073,2,PIPE_V,3672,RELU,2006709,2007013,2034983
case_073,2,PIPE_M,3673,CONV,2007013,2011669,2034983
case_073,2,PIPE_V,3674,RELU,2011669,2011973,2034983
case_073,2,PIPE_M,4296,CONV,2011669,2016325,2034983
case_073,2,PIPE_MTE3,1000010459,COPY_OUT,2011973,2012042,2034983
case_073,2,PIPE_V,4297,RELU,2016325,2016629,2034983
case_073,2,PIPE_M,4298,CONV,2016629,2021285,2034983
case_073,2,PIPE_V,4299,RELU,2021285,2021589,2034983
case_073,2,PIPE_M,4921,CONV,2021285,2025941,2034983
case_073,2,PIPE_MTE3,1000011298,COPY_OUT,2021589,2021658,2034983
case_073,2,PIPE_V,4922,RELU,2025941,2026245,2034983
case_073,2,PIPE_M,4923,CONV,2026245,2030901,2034983
case_073,2,PIPE_V,4924,RELU,2030901,2031205,2034983
case_073,2,PIPE_V,4925,ADD,2031205,2031509,2034983
case_073,2,PIPE_MTE3,1000011810,COPY_OUT,2031509,2031586,2034983
case_073,3,PIPE_MTE2,1000005060,COPY_IN,0,100,2034983
case_073,3,PIPE_MTE2,1000006109,COPY_IN,100,445,2034983
case_073,3,PIPE_M,427,CONV,445,5101,2034983
case_073,3,PIPE_MTE2,1000006936,COPY_IN,445,790,2034983
case_073,3,PIPE_MTE2,1000007766,COPY_IN,790,1135,2034983
case_073,3,PIPE_MTE2,1000008611,COPY_IN,1135,1480,2034983
case_073,3,PIPE_MTE2,1000009456,COPY_IN,1480,1825,2034983
case_073,3,PIPE_MTE2,1000010292,COPY_IN,1825,2170,2034983
case_073,3,PIPE_MTE2,1000011131,COPY_IN,2170,2515,2034983
case_073,3,PIPE_MTE2,1000011712,COPY_IN,2515,2831,2034983
case_073,3,PIPE_MTE2,1000005070,COPY_IN,2831,2911,2034983
case_073,3,PIPE_V,428,RELU,5101,5405,2034983
case_073,3,PIPE_M,1052,CONV,5101,9757,2034983
case_073,3,PIPE_MTE3,1000006111,COPY_OUT,5405,5750,2034983
case_073,3,PIPE_MTE2,1000006302,COPY_IN,6250,6544,2034983
case_073,3,PIPE_MTE2,1000005080,COPY_IN,6544,6584,2034983
case_073,3,PIPE_V,1053,RELU,9757,10061,2034983
case_073,3,PIPE_M,1677,CONV,9757,14413,2034983
case_073,3,PIPE_MTE3,1000006938,COPY_OUT,10061,10406,2034983
case_073,3,PIPE_MTE2,1000007120,COPY_IN,10906,11200,2034983
case_073,3,PIPE_V,1678,RELU,14413,14717,2034983
case_073,3,PIPE_M,2302,CONV,14413,19069,2034983
case_073,3,PIPE_MTE3,1000007768,COPY_OUT,14717,15062,2034983
case_073,3,PIPE_MTE2,1000007947,COPY_IN,15562,15856,2034983
case_073,3,PIPE_V,2303,RELU,19069,19373,2034983
case_073,3,PIPE_M,2927,CONV,19069,23725,2034983
case_073,3,PIPE_MTE3,1000008613,COPY_OUT,19373,19718,2034983
case_073,3,PIPE_MTE2,1000008792,COPY_IN,20218,20512,2034983
case_073,3,PIPE_V,2928,RELU,23725,24029,2034983
case_073,3,PIPE_M,3552,CONV,23725,28381,2034983
case_073,3,PIPE_MTE3,1000009458,COPY_OUT,24029,24374,2034983
case_073,3,PIPE_MTE3,1000009461,COPY_OUT,24374,24650,2034983
case_073,3,PIPE_MTE2,1000009640,COPY_IN,24874,25150,2034983
case_073,3,PIPE_V,3553,RELU,28381,28685,2034983
case_073,3,PIPE_M,4177,CONV,28381,33037,2034983
case_073,3,PIPE_MTE3,1000010294,COPY_OUT,28685,29030,2034983
case_073,3,PIPE_MTE2,1000010467,COPY_IN,29530,29875,2034983
case_073,3,PIPE_V,4178,RELU,33037,33341,2034983
case_073,3,PIPE_M,4802,CONV,33037,37693,2034983
case_073,3,PIPE_MTE3,1000011133,COPY_OUT,33341,33686,2034983
case_073,3,PIPE_MTE3,1000011136,COPY_OUT,33686,33962,2034983
case_073,3,PIPE_MTE2,1000011306,COPY_IN,34186,34462,2034983
case_073,3,PIPE_MTE2,1000005557,COPY_IN,34462,34600,2034983
case_073,3,PIPE_M,554,CONV,37693,42349,2034983
case_073,3,PIPE_V,4803,RELU,37693,37997,2034983
case_073,3,PIPE_MTE3,1000011714,COPY_OUT,37997,38273,2034983
case_073,3,PIPE_V,555,RELU,42349,42653,2034983
case_073,3,PIPE_M,556,CONV,42653,47309,2034983
case_073,3,PIPE_MTE2,1000005563,COPY_IN,43526,43595,2034983
case_073,3,PIPE_MTE2,1000005717,COPY_IN,43595,43664,2034983
case_073,3,PIPE_V,557,RELU,47309,47613,2034983
case_073,3,PIPE_M,1179,CONV,47309,51965,2034983
case_073,3,PIPE_MTE2,1000005720,COPY_IN,48320,48389,2034983
case_073,3,PIPE_MTE2,1000005910,COPY_IN,48389,48458,2034983
case_073,3,PIPE_MTE2,1000005913,COPY_IN,48458,48527,2034983
case_073,3,PIPE_MTE2,1000006115,COPY_IN,48527,48596,2034983
case_073,3,PIPE_MTE2,1000006396,COPY_IN,48596,48665,2034983
case_073,3,PIPE_V,1180,RELU,51965,52269,2034983
case_073,3,PIPE_M,1181,CONV,52269,56925,2034983
case_073,3,PIPE_MTE2,1000006402,COPY_IN,53142,53211,2034983
case_073,3,PIPE_MTE2,1000006550,COPY_IN,53211,53280,2034983
case_073,3,PIPE_V,1182,RELU,56925,57229,2034983
case_073,3,PIPE_M,1804,CONV,56925,61581,2034983
case_073,3,PIPE_MTE2,1000006553,COPY_IN,57936,58005,2034983
case_073,3,PIPE_MTE2,1000006746,COPY_IN,58005,58074,2034983
case_073,3,PIPE_MTE2,1000006749,COPY_IN,58074,58143,2034983
case_073,3,PIPE_MTE2,1000006942,COPY_IN,58143,58212,2034983
case_073,3,PIPE_MTE2,1000007211,COPY_IN,58212,58281,2034983
case_073,3,PIPE_V,1805,RELU,61581,61885,2034983
case_073,3,PIPE_M,1806,CONV,61885,66541,2034983
case_073,3,PIPE_MTE2,1000007217,COPY_IN,62758,62827,2034983
case_073,3,PIPE_MTE2,1000007377,COPY_IN,62827,62896,2034983
case_073,3,PIPE_V,1807,RELU,66541,66845,2034983
case_073,3,PIPE_M,2429,CONV,66541,71197,2034983
case_073,3,PIPE_MTE2,1000007380,COPY_IN,67552,67621,2034983
case_073,3,PIPE_MTE2,1000007576,COPY_IN,67621,67690,2034983
case_073,3,PIPE_MTE2,1000007579,COPY_IN,67690,67759,2034983
case_073,3,PIPE_MTE2,1000007772,COPY_IN,67759,67828,2034983
case_073,3,PIPE_MTE2,1000008047,COPY_IN,67828,67897,2034983
case_073,3,PIPE_V,2430,RELU,71197,71501,2034983
case_073,3,PIPE_M,2431,CONV,71501,76157,2034983
case_073,3,PIPE_MTE2,1000008053,COPY_IN,72374,72443,2034983
case_073,3,PIPE_MTE2,1000008219,COPY_IN,72443,72512,2034983
case_073,3,PIPE_V,2432,RELU,76157,76461,2034983
case_073,3,PIPE_M,3054,CONV,76157,80813,2034983
case_073,3,PIPE_MTE3,1000008794,COPY_OUT,76461,76737,2034983
case_073,3,PIPE_MTE2,1000008222,COPY_IN,77237,77375,2034983
case_073,3,PIPE_MTE2,1000008617,COPY_IN,77375,77513,2034983
case_073,3,PIPE_MTE2,1000008895,COPY_IN,77513,77651,2034983
case_073,3,PIPE_V,3055,RELU,80813,81117,2034983
case_073,3,PIPE_M,3056,CONV,81117,85773,2034983
case_073,3,PIPE_MTE2,1000008901,COPY_IN,81990,82059,2034983
case_073,3,PIPE_MTE2,1000009266,COPY_IN,82059,82128,2034983
case_073,3,PIPE_V,3057,RELU,85773,86077,2034983
case_073,3,PIPE_M,3679,CONV,85773,90429,2034983
case_073,3,PIPE_MTE2,1000009269,COPY_IN,86784,86922,2034983
case_073,3,PIPE_MTE2,1000009912,COPY_IN,86922,87060,2034983
case_073,3,PIPE_V,3680,RELU,90429,90733,2034983
case_073,3,PIPE_M,3681,CONV,90733,95389,2034983
case_073,3,PIPE_V,3682,RELU,95389,95693,2034983
case_073,3,PIPE_M,4304,CONV,95389,100045,2034983
case_073,3,PIPE_MTE3,1000010469,COPY_OUT,95693,95969,2034983
case_073,3,PIPE_MTE2,1000009915,COPY_IN,96469,96607,2034983
case_073,3,PIPE_MTE2,1000010298,COPY_IN,96607,96745,2034983
case_073,3,PIPE_MTE2,1000010573,COPY_IN,96745,96883,2034983
case_073,3,PIPE_V,4305,RELU,100045,100349,2034983
case_073,3,PIPE_M,4306,CONV,100349,105005,2034983
case_073,3,PIPE_MTE2,1000010579,COPY_IN,101222,101291,2034983
case_073,3,PIPE_MTE2,1000010944,COPY_IN,101291,101360,2034983
case_073,3,PIPE_V,4307,RELU,105005,105309,2034983
case_073,3,PIPE_V,58,ADD,105309,105613,2034983
case_073,3,PIPE_V,183,ADD,105613,105917,2034983
case_073,3,PIPE_MTE3,1000005565,COPY_OUT,105613,105682,2034983
case_073,3,PIPE_V,308,ADD,105917,106221,2034983
case_073,3,PIPE_MTE3,1000005722,COPY_OUT,105917,105986,2034983
case_073,3,PIPE_MTE3,1000005725,COPY_OUT,105986,106133,2034983
case_073,3,PIPE_MTE2,1000010947,COPY_IN,106016,106193,2034983
case_073,3,PIPE_MTE2,1000005090,COPY_IN,106193,106239,2034983
case_073,3,PIPE_V,433,ADD,106221,106525,2034983
case_073,3,PIPE_MTE3,1000005915,COPY_OUT,106221,106385,2034983
case_073,3,PIPE_M,59,CONV,106239,110895,2034983
case_073,3,PIPE_MTE2,1000005100,COPY_IN,106239,106299,2034983
case_073,3,PIPE_MTE3,1000005918,COPY_OUT,106385,106523,2034983
case_073,3,PIPE_V,558,ADD,106525,106829,2034983
case_073,3,PIPE_MTE3,1000006117,COPY_OUT,106525,106618,2034983
case_073,3,PIPE_MTE3,1000006120,COPY_OUT,106618,106741,2034983
case_073,3,PIPE_V,683,ADD,106829,107133,2034983
case_073,3,PIPE_MTE3,1000006304,COPY_OUT,106829,106911,2034983
case_073,3,PIPE_V,808,ADD,107133,107437,2034983
case_073,3,PIPE_MTE3,1000006404,COPY_OUT,107133,107256,2034983
case_073,3,PIPE_V,933,ADD,107437,107741,2034983
case_073,3,PIPE_MTE3,1000006555,COPY_OUT,107437,107569,2034983
case_073,3,PIPE_MTE3,1000006558,COPY_OUT,107569,107638,2034983
case_073,3,PIPE_V,1058,ADD,107741,108045,2034983
case_073,3,PIPE_MTE3,1000006751,COPY_OUT,107741,107810,2034983
case_073,3,PIPE_MTE3,1000006754,COPY_OUT,107810,107879,2034983
case_073,3,PIPE_V,1183,ADD,108045,108349,2034983
case_073,3,PIPE_MTE3,1000006944,COPY_OUT,108045,108114,2034983
case_073,3,PIPE_MTE3,1000006947,COPY_OUT,108114,108228,2034983
case_073,3,PIPE_V,1308,ADD,108349,108653,2034983
case_073,3,PIPE_MTE3,1000007122,COPY_OUT,108349,108448,2034983
case_073,3,PIPE_V,1433,ADD,108653,108957,2034983
case_073,3,PIPE_MTE3,1000007219,COPY_OUT,108653,108752,2034983
case_073,3,PIPE_V,1558,ADD,108957,109261,2034983
case_073,3,PIPE_MTE3,1000007382,COPY_OUT,108957,109086,2034983
case_073,3,PIPE_MTE3,1000007385,COPY_OUT,109086,109155,2034983
case_073,3,PIPE_V,1683,ADD,109261,109565,2034983
case_073,3,PIPE_MTE3,1000007581,COPY_OUT,109261,109330,2034983
case_073,3,PIPE_MTE3,1000007584,COPY_OUT,109330,109399,2034983
case_073,3,PIPE_V,1808,ADD,109565,109869,2034983
case_073,3,PIPE_MTE3,1000007774,COPY_OUT,109565,109634,2034983
case_073,3,PIPE_MTE3,1000007777,COPY_OUT,109634,109751,2034983
case_073,3,PIPE_V,1933,ADD,109869,110173,2034983
case_073,3,PIPE_MTE3,1000007949,COPY_OUT,109869,109968,2034983
case_073,3,PIPE_V,2058,ADD,110173,110477,2034983
case_073,3,PIPE_MTE3,1000008055,COPY_OUT,110173,110272,2034983
case_073,3,PIPE_V,2308,ADD,110477,110781,2034983
case_073,3,PIPE_MTE3,1000008224,COPY_OUT,110477,110627,2034983
case_073,3,PIPE_MTE3,1000008227,COPY_OUT,110627,110765,2034983
case_073,3,PIPE_V,2558,ADD,110781,111085,2034983
case_073,3,PIPE_MTE3,1000008619,COPY_OUT,110781,110887,2034983
case_073,3,PIPE_MTE3,1000008622,COPY_OUT,110887,111020,2034983
case_073,3,PIPE_V,2808,ADD,111085,111389,2034983
case_073,3,PIPE_MTE3,1000008903,COPY_OUT,111085,111154,2034983
case_073,3,PIPE_V,3058,ADD,111389,111693,2034983
case_073,3,PIPE_MTE3,1000009271,COPY_OUT,111389,111558,2034983
case_073,3,PIPE_MTE3,1000009274,COPY_OUT,111558,111754,2034983
case_073,3,PIPE_V,3308,ADD,111693,111997,2034983
case_073,3,PIPE_MTE3,1000009642,COPY_OUT,111754,111892,2034983
case_073,3,PIPE_V,3558,ADD,111997,112301,2034983
case_073,3,PIPE_MTE3,1000009917,COPY_OUT,111997,112101,2034983
case_073,3,PIPE_V,3808,ADD,112301,112605,2034983
case_073,3,PIPE_MTE3,1000010300,COPY_OUT,112301,112370,2034983
case_073,3,PIPE_MTE3,1000010303,COPY_OUT,112370,112534,2034983
case_073,3,PIPE_MTE2,1000009746,COPY_IN,112521,112783,2034983
case_073,3,PIPE_V,4058,ADD,112605,112909,2034983
case_073,3,PIPE_MTE3,1000010581,COPY_OUT,112605,112896,2034983
case_073,3,PIPE_V,4308,ADD,112909,113213,2034983
case_073,3,PIPE_MTE3,1000010949,COPY_OUT,112909,113145,2034983
case_073,3,PIPE_V,60,RELU,113213,113517,2034983
case_073,3,PIPE_MTE3,1000011308,COPY_OUT,113213,113363,2034983
case_073,3,PIPE_M,61,CONV,113517,118173,2034983
case_073,3,PIPE_MTE2,1000011415,COPY_IN,113905,114043,2034983
case_073,3,PIPE_V,62,RELU,118173,118477,2034983
case_073,3,PIPE_M,684,CONV,118173,122829,2034983
case_073,3,PIPE_MTE3,1000005568,COPY_OUT,118477,118546,2034983
case_073,3,PIPE_V,685,RELU,122829,123133,2034983
case_073,3,PIPE_M,686,CONV,123133,127789,2034983
case_073,3,PIPE_V,687,RELU,127789,128093,2034983
case_073,3,PIPE_M,1309,CONV,127789,132445,2034983
case_073,3,PIPE_MTE3,1000006407,COPY_OUT,128093,128162,2034983
case_073,3,PIPE_V,1310,RELU,132445,132749,2034983
case_073,3,PIPE_M,1311,CONV,132749,137405,2034983
case_073,3,PIPE_V,1312,RELU,137405,137709,2034983
case_073,3,PIPE_M,1934,CONV,137405,142061,2034983
case_073,3,PIPE_MTE3,1000007222,COPY_OUT,137709,137778,2034983
case_073,3,PIPE_V,1935,RELU,142061,142365,2034983
case_073,3,PIPE_M,1936,CONV,142365,147021,2034983
case_073,3,PIPE_V,1937,RELU,147021,147325,2034983
case_073,3,PIPE_M,2559,CONV,147021,151677,2034983
case_073,3,PIPE_MTE3,1000008058,COPY_OUT,147325,147394,2034983
case_073,3,PIPE_V,2560,RELU,151677,151981,2034983
case_073,3,PIPE_M,2561,CONV,151981,156637,2034983
case_073,3,PIPE_V,2562,RELU,156637,156941,2034983
case_073,3,PIPE_M,3184,CONV,156637,161293,2034983
case_073,3,PIPE_MTE3,1000008906,COPY_OUT,156941,157010,2034983
case_073,3,PIPE_V,3185,RELU,161293,161597,2034983
case_073,3,PIPE_M,3186,CONV,161597,166253,2034983
case_073,3,PIPE_V,3187,RELU,166253,166557,2034983
case_073,3,PIPE_M,3809,CONV,166253,170909,2034983
case_073,3,PIPE_MTE3,1000009748,COPY_OUT,166557,166626,2034983
case_073,3,PIPE_MTE2,1000009921,COPY_IN,168534,168603,2034983
case_073,3,PIPE_MTE2,1000010476,COPY_IN,168603,168672,2034983
case_073,3,PIPE_V,3810,RELU,170909,171213,2034983
case_073,3,PIPE_M,3811,CONV,171213,175869,2034983
case_073,3,PIPE_MTE2,1000010479,COPY_IN,173328,173535,2034983
case_073,3,PIPE_V,3812,RELU,175869,176173,2034983
case_073,3,PIPE_M,4434,CONV,175869,180525,2034983
case_073,3,PIPE_MTE3,1000010584,COPY_OUT,176173,176242,2034983
case_073,3,PIPE_V,4435,RELU,180525,180829,2034983
case_073,3,PIPE_M,4436,CONV,180829,185485,2034983
case_073,3,PIPE_MTE2,1000010953,COPY_IN,182875,183082,2034983
case_073,3,PIPE_MTE2,1000005110,COPY_IN,183082,183199,2034983
case_073,3,PIPE_MTE2,1000005735,COPY_IN,183699,183785,2034983
case_073,3,PIPE_MTE2,1000006565,COPY_IN,184967,185099,2034983
case_073,3,PIPE_M,189,CONV,185485,187837,2034983
case_073,3,PIPE_V,4437,RELU,185485,185789,2034983
case_073,3,PIPE_V,3313,ADD,185789,186093,2034983
case_073,3,PIPE_V,3688,ADD,186093,186397,2034983
case_073,3,PIPE_V,4063,ADD,186397,186701,2034983
case_073,3,PIPE_MTE3,1000010481,COPY_OUT,186397,186466,2034983
case_073,3,PIPE_MTE3,1000010484,COPY_OUT,186466,186609,2034983
case_073,3,PIPE_MTE2,1000007392,COPY_IN,186514,186683,2034983
case_073,3,PIPE_V,4438,ADD,186701,187005,2034983
case_073,3,PIPE_MTE3,1000010955,COPY_OUT,186701,186879,2034983
case_073,3,PIPE_MTE3,1000010958,COPY_OUT,186879,187045,2034983
case_073,3,PIPE_MTE3,1000011417,COPY_OUT,187045,187193,2034983
case_073,3,PIPE_MTE3,1000011420,COPY_OUT,187193,187363,2034983
case_073,3,PIPE_V,190,RELU,187837,188013,2034983
case_073,3,PIPE_M,814,CONV,187837,190189,2034983
case_073,3,PIPE_MTE2,1000008234,COPY_IN,187974,188145,2034983
case_073,3,PIPE_MTE3,1000005737,COPY_OUT,188013,188121,2034983
case_073,3,PIPE_MTE3,1000005740,COPY_OUT,188121,188232,2034983
case_073,3,PIPE_MTE2,1000009079,COPY_IN,189638,189740,2034983
case_073,3,PIPE_V,815,RELU,190189,190365,2034983
case_073,3,PIPE_M,1439,CONV,190189,192541,2034983
case_073,3,PIPE_MTE3,1000006567,COPY_OUT,190365,190400,2034983
case_073,3,PIPE_MTE3,1000006570,COPY_OUT,190400,190435,2034983
case_073,3,PIPE_MTE2,1000010763,COPY_IN,191318,191467,2034983
case_073,3,PIPE_MTE2,1000011524,COPY_IN,191467,191605,2034983
case_073,3,PIPE_MTE2,1000005120,COPY_IN,191605,191807,2034983
case_073,3,PIPE_MTE2,1000005130,COPY_IN,191807,192087,2034983
case_073,3,PIPE_MTE2,1000005931,COPY_IN,192087,192184,2034983
case_073,3,PIPE_V,1440,RELU,192541,192717,2034983
case_073,3,PIPE_M,2064,CONV,192541,194893,2034983
case_073,3,PIPE_MTE2,1000006767,COPY_IN,192553,192679,2034983
case_073,3,PIPE_MTE3,1000007394,COPY_OUT,192717,192752,2034983
case_073,3,PIPE_MTE3,1000007397,COPY_OUT,192752,192787,2034983
case_073,3,PIPE_MTE2,1000007597,COPY_IN,194717,194792,2034983
case_073,3,PIPE_V,2065,RELU,194893,195069,2034983
case_073,3,PIPE_M,2689,CONV,194893,197245,2034983
case_073,3,PIPE_MTE3,1000008236,COPY_OUT,195069,195117,2034983
case_073,3,PIPE_MTE3,1000008239,COPY_OUT,195117,195152,2034983
case_073,3,PIPE_MTE2,1000008442,COPY_IN,197069,197115,2034983
case_073,3,PIPE_V,2690,RELU,197245,197421,2034983
case_073,3,PIPE_M,3314,CONV,197245,199597,2034983
case_073,3,PIPE_MTE3,1000009081,COPY_OUT,197421,197469,2034983
case_073,3,PIPE_MTE3,1000009084,COPY_OUT,197469,197504,2034983
case_073,3,PIPE_MTE3,1000011809,COPY_OUT,197504,197573,2034983
case_073,3,PIPE_MTE2,1000009287,COPY_IN,199421,199467,2034983
case_073,3,PIPE_V,3315,RELU,199597,199773,2034983
case_073,3,PIPE_M,3939,CONV,199597,201949,2034983
case_073,3,PIPE_MTE3,1000009923,COPY_OUT,199773,199821,2034983
case_073,3,PIPE_MTE3,1000009926,COPY_OUT,199821,199856,2034983
case_073,3,PIPE_MTE2,1000010123,COPY_IN,201773,201819,2034983
case_073,3,PIPE_V,3940,RELU,201949,202125,2034983
case_073,3,PIPE_M,4564,CONV,201949,204301,2034983
case_073,3,PIPE_MTE3,1000010765,COPY_OUT,202125,202195,2034983
case_073,3,PIPE_MTE3,1000010768,COPY_OUT,202195,202265,2034983
case_073,3,PIPE_MTE2,1000010965,COPY_IN,204125,204171,2034983
case_073,3,PIPE_M,316,CONV,204301,208957,2034983
case_073,3,PIPE_V,4565,RELU,204301,204477,2034983
case_073,3,PIPE_MTE3,1000011526,COPY_OUT,204477,204512,2034983
case_073,3,PIPE_MTE2,1000011627,COPY_IN,206442,206523,2034983
case_073,3,PIPE_MTE2,1000005140,COPY_IN,206523,206600,2034983
case_073,3,PIPE_MTE2,1000005150,COPY_IN,206600,206677,2034983
case_073,3,PIPE_V,317,RELU,208957,209133,2034983
case_073,3,PIPE_M,318,CONV,209133,213789,2034983
case_073,3,PIPE_V,319,RELU,213789,213965,2034983
case_073,3,PIPE_M,941,CONV,213789,218445,2034983
case_073,3,PIPE_MTE3,1000005933,COPY_OUT,213965,214000,2034983
case_073,3,PIPE_V,942,RELU,218445,218621,2034983
case_073,3,PIPE_M,943,CONV,218621,223277,2034983
case_073,3,PIPE_V,944,RELU,223277,223453,2034983
case_073,3,PIPE_M,1566,CONV,223277,227933,2034983
case_073,3,PIPE_MTE3,1000006769,COPY_OUT,223453,223488,2034983
case_073,3,PIPE_V,1567,RELU,227933,228109,2034983
case_073,3,PIPE_M,1568,CONV,228109,232765,2034983
case_073,3,PIPE_V,1569,RELU,232765,232941,2034983
case_073,3,PIPE_M,2191,CONV,232765,237421,2034983
case_073,3,PIPE_MTE3,1000007599,COPY_OUT,232941,232976,2034983
case_073,3,PIPE_V,2192,RELU,237421,237597,2034983
case_073,3,PIPE_M,2193,CONV,237597,242253,2034983
case_073,3,PIPE_V,2194,RELU,242253,242429,2034983
case_073,3,PIPE_M,2816,CONV,242253,246909,2034983
case_073,3,PIPE_MTE3,1000008444,COPY_OUT,242429,242464,2034983
case_073,3,PIPE_V,2817,RELU,246909,247085,2034983
case_073,3,PIPE_M,2818,CONV,247085,251741,2034983
case_073,3,PIPE_V,2819,RELU,251741,251917,2034983
case_073,3,PIPE_M,3441,CONV,251741,256397,2034983
case_073,3,PIPE_MTE3,1000009289,COPY_OUT,251917,251952,2034983
case_073,3,PIPE_V,3442,RELU,256397,256573,2034983
case_073,3,PIPE_M,3443,CONV,256573,261229,2034983
case_073,3,PIPE_V,3444,RELU,261229,261405,2034983
case_073,3,PIPE_M,4066,CONV,261229,265885,2034983
case_073,3,PIPE_MTE3,1000010125,COPY_OUT,261405,261440,2034983
case_073,3,PIPE_V,4067,RELU,265885,266061,2034983
case_073,3,PIPE_M,4068,CONV,266061,270717,2034983
case_073,3,PIPE_V,4069,RELU,270717,270893,2034983
case_073,3,PIPE_M,4691,CONV,270717,275373,2034983
case_073,3,PIPE_MTE3,1000010967,COPY_OUT,270893,270928,2034983
case_073,3,PIPE_V,4692,RELU,275373,275549,2034983
case_073,3,PIPE_M,4693,CONV,275549,280205,2034983
case_073,3,PIPE_MTE2,1000006139,COPY_IN,278196,278266,2034983
case_073,3,PIPE_MTE2,1000006966,COPY_IN,279076,279146,2034983
case_073,3,PIPE_MTE2,1000007796,COPY_IN,279956,280026,2034983
case_073,3,PIPE_M,446,CONV,280205,284861,2034983
case_073,3,PIPE_V,4694,RELU,280205,280381,2034983
case_073,3,PIPE_V,4695,ADD,280381,280557,2034983
case_073,3,PIPE_MTE3,1000011629,COPY_OUT,280557,280592,2034983
case_073,3,PIPE_MTE2,1000008641,COPY_IN,280836,280906,2034983
case_073,3,PIPE_MTE2,1000009489,COPY_IN,281716,281786,2034983
case_073,3,PIPE_MTE2,1000010322,COPY_IN,282596,282666,2034983
case_073,3,PIPE_MTE2,1000011161,COPY_IN,283476,283546,2034983
case_073,3,PIPE_MTE2,1000011727,COPY_IN,283546,283616,2034983
case_073,3,PIPE_MTE2,1000005160,COPY_IN,283616,283894,2034983
case_073,3,PIPE_V,447,RELU,284861,285037,2034983
case_073,3,PIPE_M,448,CONV,285037,289693,2034983
case_073,3,PIPE_V,449,RELU,289693,289869,2034983
case_073,3,PIPE_M,1071,CONV,289693,294349,2034983
case_073,3,PIPE_MTE3,1000006144,COPY_OUT,289869,289904,2034983
case_073,3,PIPE_V,1072,RELU,294349,294525,2034983
case_073,3,PIPE_M,1073,CONV,294525,299181,2034983
case_073,3,PIPE_V,1074,RELU,299181,299357,2034983
case_073,3,PIPE_M,1696,CONV,299181,303837,2034983
case_073,3,PIPE_MTE3,1000006971,COPY_OUT,299357,299392,2034983
case_073,3,PIPE_V,1697,RELU,303837,304013,2034983
case_073,3,PIPE_M,1698,CONV,304013,308669,2034983
case_073,3,PIPE_V,1699,RELU,308669,308845,2034983
case_073,3,PIPE_M,2321,CONV,308669,313325,2034983
case_073,3,PIPE_MTE3,1000007801,COPY_OUT,308845,308880,2034983
case_073,3,PIPE_V,2322,RELU,313325,313501,2034983
case_073,3,PIPE_M,2323,CONV,313501,318157,2034983
case_073,3,PIPE_V,2324,RELU,318157,318333,2034983
case_073,3,PIPE_M,2946,CONV,318157,322813,2034983
case_073,3,PIPE_MTE3,1000008646,COPY_OUT,318333,318368,2034983
case_073,3,PIPE_V,2947,RELU,322813,322989,2034983
case_073,3,PIPE_M,2948,CONV,322989,327645,2034983
case_073,3,PIPE_V,2949,RELU,327645,327821,2034983
case_073,3,PIPE_M,3571,CONV,327645,332301,2034983
case_073,3,PIPE_MTE3,1000009494,COPY_OUT,327821,327856,2034983
case_073,3,PIPE_V,3572,RELU,332301,332477,2034983
case_073,3,PIPE_M,3573,CONV,332477,337133,2034983
case_073,3,PIPE_V,3574,RELU,337133,337309,2034983
case_073,3,PIPE_M,4196,CONV,337133,341789,2034983
case_073,3,PIPE_MTE3,1000010327,COPY_OUT,337309,337344,2034983
case_073,3,PIPE_V,4197,RELU,341789,341965,2034983
case_073,3,PIPE_M,4198,CONV,341965,346621,2034983
case_073,3,PIPE_V,4199,RELU,346621,346797,2034983
case_073,3,PIPE_M,4821,CONV,346621,351277,2034983
case_073,3,PIPE_MTE3,1000011166,COPY_OUT,346797,346832,2034983
case_073,3,PIPE_MTE2,1000006432,COPY_IN,349859,349894,2034983
case_073,3,PIPE_MTE2,1000007247,COPY_IN,350746,350781,2034983
case_073,3,PIPE_V,4822,RELU,351277,351453,2034983
case_073,3,PIPE_M,4823,CONV,351453,356109,2034983
case_073,3,PIPE_MTE2,1000008083,COPY_IN,351643,351678,2034983
case_073,3,PIPE_MTE2,1000008931,COPY_IN,352481,352516,2034983
case_073,3,PIPE_MTE2,1000009773,COPY_IN,353386,353421,2034983
case_073,3,PIPE_MTE2,1000010612,COPY_IN,354266,354301,2034983
case_073,3,PIPE_MTE2,1000011430,COPY_IN,355252,355357,2034983
case_073,3,PIPE_MTE2,1000005170,COPY_IN,355357,356281,2034983
case_073,3,PIPE_M,701,CONV,356109,358461,2034983
case_073,3,PIPE_V,4824,RELU,356109,356285,2034983
case_073,3,PIPE_MTE2,1000005180,COPY_IN,356281,357002,2034983
case_073,3,PIPE_V,4825,ADD,356285,356461,2034983
case_073,3,PIPE_MTE3,1000011729,COPY_OUT,356461,356632,2034983
case_073,3,PIPE_MTE3,1000011732,COPY_OUT,356632,356745,2034983
case_073,3,PIPE_MTE2,1000005762,COPY_IN,357365,357401,2034983
case_073,3,PIPE_V,702,RELU,358461,358573,2034983
case_073,3,PIPE_M,1326,CONV,358461,360813,2034983
case_073,3,PIPE_MTE3,1000006434,COPY_OUT,358573,358591,2034983
case_073,3,PIPE_MTE3,1000006437,COPY_OUT,358591,358609,2034983
case_073,3,PIPE_MTE2,1000006589,COPY_IN,359699,359717,2034983
case_073,3,PIPE_V,1327,RELU,360813,360925,2034983
case_073,3,PIPE_M,1951,CONV,360813,363165,2034983
case_073,3,PIPE_MTE3,1000007249,COPY_OUT,360925,360961,2034983
case_073,3,PIPE_MTE3,1000007252,COPY_OUT,360961,360997,2034983
case_073,3,PIPE_MTE2,1000007419,COPY_IN,362051,362069,2034983
case_073,3,PIPE_V,1952,RELU,363165,363277,2034983
case_073,3,PIPE_M,2576,CONV,363165,365517,2034983
case_073,3,PIPE_MTE3,1000008085,COPY_OUT,363277,363295,2034983
case_073,3,PIPE_MTE3,1000008088,COPY_OUT,363295,363313,2034983
case_073,3,PIPE_MTE2,1000008261,COPY_IN,364403,364421,2034983
case_073,3,PIPE_V,2577,RELU,365517,365629,2034983
case_073,3,PIPE_M,3201,CONV,365517,367869,2034983
case_073,3,PIPE_MTE3,1000008933,COPY_OUT,365629,365647,2034983
case_073,3,PIPE_MTE3,1000008936,COPY_OUT,365647,365665,2034983
case_073,3,PIPE_MTE2,1000009106,COPY_IN,366755,366773,2034983
case_073,3,PIPE_V,3202,RELU,367869,367981,2034983
case_073,3,PIPE_M,3826,CONV,367869,370221,2034983
case_073,3,PIPE_MTE3,1000009775,COPY_OUT,367981,367999,2034983
case_073,3,PIPE_MTE3,1000009778,COPY_OUT,367999,368017,2034983
case_073,3,PIPE_MTE2,1000009948,COPY_IN,369107,369125,2034983
case_073,3,PIPE_V,3827,RELU,370221,370333,2034983
case_073,3,PIPE_M,4451,CONV,370221,372573,2034983
case_073,3,PIPE_MTE3,1000010614,COPY_OUT,370333,370351,2034983
case_073,3,PIPE_MTE3,1000010617,COPY_OUT,370351,370369,2034983
case_073,3,PIPE_MTE2,1000010790,COPY_IN,371459,371477,2034983
case_073,3,PIPE_M,203,CONV,372573,377229,2034983
case_073,3,PIPE_V,4452,RELU,372573,372685,2034983
case_073,3,PIPE_MTE3,1000011432,COPY_OUT,372685,372703,2034983
case_073,3,PIPE_MTE2,1000011539,COPY_IN,373829,373883,2034983
case_073,3,PIPE_MTE2,1000005190,COPY_IN,373883,374543,2034983
case_073,3,PIPE_MTE2,1000005200,COPY_IN,374543,374869,2034983
case_073,3,PIPE_V,204,RELU,377229,377341,2034983
case_073,3,PIPE_M,205,CONV,377341,381997,2034983
case_073,3,PIPE_V,206,RELU,381997,382109,2034983
case_073,3,PIPE_M,828,CONV,381997,386653,2034983
case_073,3,PIPE_MTE3,1000005767,COPY_OUT,382109,382127,2034983
case_073,3,PIPE_V,829,RELU,386653,386765,2034983
case_073,3,PIPE_M,830,CONV,386765,391421,2034983
case_073,3,PIPE_V,831,RELU,391421,391533,2034983
case_073,3,PIPE_M,1453,CONV,391421,396077,2034983
case_073,3,PIPE_MTE3,1000006594,COPY_OUT,391533,391551,2034983
case_073,3,PIPE_V,1454,RELU,396077,396189,2034983
case_073,3,PIPE_M,1455,CONV,396189,400845,2034983
case_073,3,PIPE_V,1456,RELU,400845,400957,2034983
case_073,3,PIPE_M,2078,CONV,400845,405501,2034983
case_073,3,PIPE_MTE3,1000007424,COPY_OUT,400957,400975,2034983
case_073,3,PIPE_V,2079,RELU,405501,405613,2034983
case_073,3,PIPE_M,2080,CONV,405613,410269,2034983
case_073,3,PIPE_V,2081,RELU,410269,410381,2034983
case_073,3,PIPE_M,2703,CONV,410269,414925,2034983
case_073,3,PIPE_MTE3,1000008266,COPY_OUT,410381,410399,2034983
case_073,3,PIPE_V,2704,RELU,414925,415037,2034983
case_073,3,PIPE_M,2705,CONV,415037,419693,2034983
case_073,3,PIPE_V,2706,RELU,419693,419805,2034983
case_073,3,PIPE_M,3328,CONV,419693,424349,2034983
case_073,3,PIPE_MTE3,1000009111,COPY_OUT,419805,419823,2034983
case_073,3,PIPE_V,3329,RELU,424349,424461,2034983
case_073,3,PIPE_M,3330,CONV,424461,429117,2034983
case_073,3,PIPE_V,3331,RELU,429117,429229,2034983
case_073,3,PIPE_M,3953,CONV,429117,433773,2034983
case_073,3,PIPE_MTE3,1000009953,COPY_OUT,429229,429247,2034983
case_073,3,PIPE_V,3954,RELU,433773,433885,2034983
case_073,3,PIPE_M,3955,CONV,433885,438541,2034983
case_073,3,PIPE_V,3956,RELU,438541,438653,2034983
case_073,3,PIPE_M,4578,CONV,438541,443197,2034983
case_073,3,PIPE_MTE3,1000010795,COPY_OUT,438653,438671,2034983
case_073,3,PIPE_MTE2,1000005964,COPY_IN,439750,439768,2034983
case_073,3,PIPE_MTE2,1000006800,COPY_IN,440328,440379,2034983
case_073,3,PIPE_MTE2,1000007627,COPY_IN,440930,440948,2034983
case_073,3,PIPE_MTE2,1000008472,COPY_IN,441430,441448,2034983
case_073,3,PIPE_MTE2,1000009317,COPY_IN,441990,442008,2034983
case_073,3,PIPE_MTE2,1000010153,COPY_IN,442550,442568,2034983
case_073,3,PIPE_MTE2,1000010995,COPY_IN,443110,443128,2034983
case_073,3,PIPE_V,4579,RELU,443197,443309,2034983
case_073,3,PIPE_M,4580,CONV,443309,447965,2034983
case_073,3,PIPE_M,333,CONV,447965,452621,2034983
case_073,3,PIPE_V,4581,RELU,447965,448077,2034983
case_073,3,PIPE_V,4582,ADD,448077,448189,2034983
case_073,3,PIPE_MTE3,1000011541,COPY_OUT,448189,448207,2034983
case_073,3,PIPE_MTE2,1000011639,COPY_IN,449333,449369,2034983
case_073,3,PIPE_MTE2,1000005210,COPY_IN,449369,449991,2034983
case_073,3,PIPE_V,334,RELU,452621,452733,2034983
case_073,3,PIPE_M,335,CONV,452733,457389,2034983
case_073,3,PIPE_V,336,RELU,457389,457501,2034983
case_073,3,PIPE_M,958,CONV,457389,462045,2034983
case_073,3,PIPE_MTE3,1000005966,COPY_OUT,457501,457519,2034983
case_073,3,PIPE_V,959,RELU,462045,462157,2034983
case_073,3,PIPE_M,960,CONV,462157,466813,2034983
case_073,3,PIPE_V,961,RELU,466813,466925,2034983
case_073,3,PIPE_M,1583,CONV,466813,471469,2034983
case_073,3,PIPE_MTE3,1000006802,COPY_OUT,466925,466943,2034983
case_073,3,PIPE_V,1584,RELU,471469,471581,2034983
case_073,3,PIPE_M,1585,CONV,471581,476237,2034983
case_073,3,PIPE_V,1586,RELU,476237,476349,2034983
case_073,3,PIPE_M,2208,CONV,476237,480893,2034983
case_073,3,PIPE_MTE3,1000007629,COPY_OUT,476349,476367,2034983
case_073,3,PIPE_V,2209,RELU,480893,481005,2034983
case_073,3,PIPE_M,2210,CONV,481005,485661,2034983
case_073,3,PIPE_V,2211,RELU,485661,485773,2034983
case_073,3,PIPE_M,2833,CONV,485661,490317,2034983
case_073,3,PIPE_MTE3,1000008474,COPY_OUT,485773,485791,2034983
case_073,3,PIPE_V,2834,RELU,490317,490429,2034983
case_073,3,PIPE_M,2835,CONV,490429,495085,2034983
case_073,3,PIPE_V,2836,RELU,495085,495197,2034983
case_073,3,PIPE_M,3458,CONV,495085,499741,2034983
case_073,3,PIPE_MTE3,1000009319,COPY_OUT,495197,495215,2034983
case_073,3,PIPE_V,3459,RELU,499741,499853,2034983
case_073,3,PIPE_M,3460,CONV,499853,504509,2034983
case_073,3,PIPE_V,3461,RELU,504509,504621,2034983
case_073,3,PIPE_M,4083,CONV,504509,509165,2034983
case_073,3,PIPE_MTE3,1000010155,COPY_OUT,504621,504639,2034983
case_073,3,PIPE_V,4084,RELU,509165,509277,2034983
case_073,3,PIPE_M,4085,CONV,509277,513933,2034983
case_073,3,PIPE_V,4086,RELU,513933,514045,2034983
case_073,3,PIPE_M,4708,CONV,513933,518589,2034983
case_073,3,PIPE_MTE3,1000010997,COPY_OUT,514045,514063,2034983
case_073,3,PIPE_V,4709,RELU,518589,518701,2034983
case_073,3,PIPE_M,4710,CONV,518701,523357,2034983
case_073,3,PIPE_MTE2,1000006450,COPY_IN,521299,521319,2034983
case_073,3,PIPE_MTE2,1000007265,COPY_IN,521859,521899,2034983
case_073,3,PIPE_MTE2,1000008101,COPY_IN,522437,522455,2034983
case_073,3,PIPE_MTE2,1000008949,COPY_IN,522979,522997,2034983
case_073,3,PIPE_M,713,CONV,523357,525709,2034983
case_073,3,PIPE_V,4711,RELU,523357,523469,2034983
case_073,3,PIPE_V,4712,ADD,523469,523581,2034983
case_073,3,PIPE_MTE2,1000009791,COPY_IN,523539,523557,2034983
case_073,3,PIPE_MTE3,1000011641,COPY_OUT,523581,523617,2034983
case_073,3,PIPE_MTE3,1000011644,COPY_OUT,523617,523654,2034983
case_073,3,PIPE_MTE2,1000010630,COPY_IN,524117,524163,2034983
case_073,3,PIPE_MTE2,1000011442,COPY_IN,524163,524204,2034983
case_073,3,PIPE_MTE2,1000005220,COPY_IN,524204,530290,2034983
case_073,3,PIPE_V,714,RELU,525709,525789,2034983
case_073,3,PIPE_M,1338,CONV,525709,528061,2034983
case_073,3,PIPE_MTE3,1000006455,COPY_OUT,525789,525852,2034983
case_073,3,PIPE_MTE3,1000006458,COPY_OUT,525852,525907,2034983
case_073,3,PIPE_V,1339,RELU,528061,528141,2034983
case_073,3,PIPE_M,1963,CONV,528061,530413,2034983
case_073,3,PIPE_MTE3,1000007267,COPY_OUT,528141,528204,2034983
case_073,3,PIPE_MTE3,1000007270,COPY_OUT,528204,528259,2034983
case_073,3,PIPE_MTE2,1000005230,COPY_IN,530290,536633,2034983
case_073,3,PIPE_V,1964,RELU,530413,530493,2034983
case_073,3,PIPE_M,2588,CONV,530413,532765,2034983
case_073,3,PIPE_MTE3,1000008103,COPY_OUT,530493,530556,2034983
case_073,3,PIPE_MTE3,1000008106,COPY_OUT,530556,530611,2034983
case_073,3,PIPE_V,2589,RELU,532765,532845,2034983
case_073,3,PIPE_M,3213,CONV,532765,535117,2034983
case_073,3,PIPE_MTE3,1000008951,COPY_OUT,532845,532908,2034983
case_073,3,PIPE_MTE3,1000008954,COPY_OUT,532908,532963,2034983
case_073,3,PIPE_V,3214,RELU,535117,535197,2034983
case_073,3,PIPE_M,3838,CONV,535117,537469,2034983
case_073,3,PIPE_MTE3,1000009793,COPY_OUT,535197,535260,2034983
case_073,3,PIPE_MTE3,1000009796,COPY_OUT,535260,535315,2034983
case_073,3,PIPE_MTE2,1000005783,COPY_IN,536633,536678,2034983
case_073,3,PIPE_MTE2,1000006610,COPY_IN,536678,536723,2034983
case_073,3,PIPE_MTE2,1000007440,COPY_IN,536723,536769,2034983
case_073,3,PIPE_MTE2,1000008282,COPY_IN,536769,536815,2034983
case_073,3,PIPE_MTE2,1000009127,COPY_IN,536815,536859,2034983
case_073,3,PIPE_MTE2,1000009969,COPY_IN,536859,536895,2034983
case_073,3,PIPE_V,3839,RELU,537469,537549,2034983
case_073,3,PIPE_M,4463,CONV,537469,539821,2034983
case_073,3,PIPE_MTE3,1000010632,COPY_OUT,537549,537565,2034983
case_073,3,PIPE_MTE3,1000010635,COPY_OUT,537565,537576,2034983
case_073,3,PIPE_MTE2,1000010811,COPY_IN,538666,538675,2034983
case_073,3,PIPE_M,215,CONV,539821,544477,2034983
case_073,3,PIPE_V,4464,RELU,539821,539901,2034983
case_073,3,PIPE_MTE3,1000011444,COPY_OUT,539901,539917,2034983
case_073,3,PIPE_MTE2,1000011548,COPY_IN,541027,541045,2034983
case_073,3,PIPE_MTE2,1000005240,COPY_IN,541045,544775,2034983
case_073,3,PIPE_V,216,RELU,544477,544557,2034983
case_073,3,PIPE_M,217,CONV,544557,549213,2034983
case_073,3,PIPE_MTE2,1000005250,COPY_IN,544775,549117,2034983
case_073,3,PIPE_V,218,RELU,549213,549293,2034983
case_073,3,PIPE_M,840,CONV,549213,553869,2034983
case_073,3,PIPE_MTE3,1000005785,COPY_OUT,549293,549320,2034983
case_073,3,PIPE_V,841,RELU,553869,553949,2034983
case_073,3,PIPE_M,842,CONV,553949,558605,2034983
case_073,3,PIPE_V,843,RELU,558605,558685,2034983
case_073,3,PIPE_M,1465,CONV,558605,563261,2034983
case_073,3,PIPE_MTE3,1000006615,COPY_OUT,558685,558694,2034983
case_073,3,PIPE_V,1466,RELU,563261,563341,2034983
case_073,3,PIPE_M,1467,CONV,563341,567997,2034983
case_073,3,PIPE_V,1468,RELU,567997,568077,2034983
case_073,3,PIPE_M,2090,CONV,567997,572653,2034983
case_073,3,PIPE_MTE3,1000007445,COPY_OUT,568077,568086,2034983
case_073,3,PIPE_V,2091,RELU,572653,572733,2034983
case_073,3,PIPE_M,2092,CONV,572733,577389,2034983
case_073,3,PIPE_V,2093,RELU,577389,577469,2034983
case_073,3,PIPE_M,2715,CONV,577389,582045,2034983
case_073,3,PIPE_MTE3,1000008287,COPY_OUT,577469,577478,2034983
case_073,3,PIPE_V,2716,RELU,582045,582125,2034983
case_073,3,PIPE_M,2717,CONV,582125,586781,2034983
case_073,3,PIPE_V,2718,RELU,586781,586861,2034983
case_073,3,PIPE_M,3340,CONV,586781,591437,2034983
case_073,3,PIPE_MTE3,1000009132,COPY_OUT,586861,586870,2034983
case_073,3,PIPE_V,3341,RELU,591437,591517,2034983
case_073,3,PIPE_M,3342,CONV,591517,596173,2034983
case_073,3,PIPE_V,3343,RELU,596173,596253,2034983
case_073,3,PIPE_M,3965,CONV,596173,600829,2034983
case_073,3,PIPE_MTE3,1000009974,COPY_OUT,596253,596262,2034983
case_073,3,PIPE_V,3966,RELU,600829,600909,2034983
case_073,3,PIPE_M,3967,CONV,600909,605565,2034983
case_073,3,PIPE_V,3968,RELU,605565,605645,2034983
case_073,3,PIPE_M,4590,CONV,605565,610221,2034983
case_073,3,PIPE_MTE3,1000010816,COPY_OUT,605645,605654,2034983
case_073,3,PIPE_MTE2,1000005985,COPY_IN,608775,608793,2034983
case_073,3,PIPE_MTE2,1000006821,COPY_IN,609175,609193,2034983
case_073,3,PIPE_MTE2,1000007648,COPY_IN,609575,609593,2034983
case_073,3,PIPE_MTE2,1000008493,COPY_IN,609975,609993,2034983
case_073,3,PIPE_V,4591,RELU,610221,610301,2034983
case_073,3,PIPE_M,4592,CONV,610301,614957,2034983
case_073,3,PIPE_MTE2,1000009338,COPY_IN,610375,610393,2034983
case_073,3,PIPE_MTE2,1000010174,COPY_IN,610775,610793,2034983
case_073,3,PIPE_MTE2,1000011016,COPY_IN,611175,611184,2034983
case_073,3,PIPE_M,345,CONV,614957,619613,2034983
case_073,3,PIPE_V,4593,RELU,614957,615037,2034983
case_073,3,PIPE_V,4594,ADD,615037,615117,2034983
case_073,3,PIPE_MTE3,1000011550,COPY_OUT,615117,615135,2034983
case_073,3,PIPE_MTE2,1000011651,COPY_IN,616252,616279,2034983
case_073,3,PIPE_MTE2,1000005260,COPY_IN,616279,622998,2034983
case_073,3,PIPE_V,346,RELU,619613,619693,2034983
case_073,3,PIPE_M,347,CONV,619693,624349,2034983
case_073,3,PIPE_V,348,RELU,624349,624429,2034983
case_073,3,PIPE_M,970,CONV,624349,629005,2034983
case_073,3,PIPE_MTE3,1000005987,COPY_OUT,624429,624438,2034983
case_073,3,PIPE_V,971,RELU,629005,629085,2034983
case_073,3,PIPE_M,972,CONV,629085,633741,2034983
case_073,3,PIPE_V,973,RELU,633741,633821,2034983
case_073,3,PIPE_M,1595,CONV,633741,638397,2034983
case_073,3,PIPE_MTE3,1000006823,COPY_OUT,633821,633830,2034983
case_073,3,PIPE_V,1596,RELU,638397,638477,2034983
case_073,3,PIPE_M,1597,CONV,638477,643133,2034983
case_073,3,PIPE_V,1598,RELU,643133,643213,2034983
case_073,3,PIPE_M,2220,CONV,643133,647789,2034983
case_073,3,PIPE_MTE3,1000007650,COPY_OUT,643213,643222,2034983
case_073,3,PIPE_V,2221,RELU,647789,647869,2034983
case_073,3,PIPE_M,2222,CONV,647869,652525,2034983
case_073,3,PIPE_V,2223,RELU,652525,652605,2034983
case_073,3,PIPE_M,2845,CONV,652525,657181,2034983
case_073,3,PIPE_MTE3,1000008495,COPY_OUT,652605,652614,2034983
case_073,3,PIPE_V,2846,RELU,657181,657261,2034983
case_073,3,PIPE_M,2847,CONV,657261,661917,2034983
case_073,3,PIPE_V,2848,RELU,661917,661997,2034983
case_073,3,PIPE_M,3470,CONV,661917,666573,2034983
case_073,3,PIPE_MTE3,1000009340,COPY_OUT,661997,662006,2034983
case_073,3,PIPE_V,3471,RELU,666573,666653,2034983
case_073,3,PIPE_M,3472,CONV,666653,671309,2034983
case_073,3,PIPE_V,3473,RELU,671309,671389,2034983
case_073,3,PIPE_M,4095,CONV,671309,675965,2034983
case_073,3,PIPE_MTE3,1000010176,COPY_OUT,671389,671398,2034983
case_073,3,PIPE_V,4096,RELU,675965,676045,2034983
case_073,3,PIPE_M,4097,CONV,676045,680701,2034983
case_073,3,PIPE_V,4098,RELU,680701,680781,2034983
case_073,3,PIPE_M,4720,CONV,680701,685357,2034983
case_073,3,PIPE_MTE3,1000011018,COPY_OUT,680781,680790,2034983
case_073,3,PIPE_MTE2,1000006827,COPY_IN,683507,683525,2034983
case_073,3,PIPE_MTE2,1000007654,COPY_IN,683907,683925,2034983
case_073,3,PIPE_MTE2,1000008499,COPY_IN,684307,684325,2034983
case_073,3,PIPE_MTE2,1000009347,COPY_IN,684725,684743,2034983
case_073,3,PIPE_MTE2,1000010180,COPY_IN,685107,685125,2034983
case_073,3,PIPE_V,4721,RELU,685357,685437,2034983
case_073,3,PIPE_M,4722,CONV,685437,690093,2034983
case_073,3,PIPE_MTE2,1000011022,COPY_IN,685507,685534,2034983
case_073,3,PIPE_M,975,CONV,690093,692445,2034983
case_073,3,PIPE_V,4723,RELU,690093,690173,2034983
case_073,3,PIPE_MTE2,1000005270,COPY_IN,690093,705126,2034983
case_073,3,PIPE_V,4724,ADD,690173,690253,2034983
case_073,3,PIPE_MTE3,1000011653,COPY_OUT,690253,690298,2034983
case_073,3,PIPE_V,976,RELU,692445,692509,2034983
case_073,3,PIPE_M,1600,CONV,692445,694797,2034983
case_073,3,PIPE_MTE3,1000006832,COPY_OUT,692509,692534,2034983
case_073,3,PIPE_MTE3,1000006835,COPY_OUT,692534,692559,2034983
case_073,3,PIPE_V,1601,RELU,694797,694861,2034983
case_073,3,PIPE_M,2225,CONV,694797,697149,2034983
case_073,3,PIPE_MTE3,1000007659,COPY_OUT,694861,694886,2034983
case_073,3,PIPE_MTE3,1000007662,COPY_OUT,694886,694911,2034983
case_073,3,PIPE_V,2226,RELU,697149,697213,2034983
case_073,3,PIPE_M,2850,CONV,697149,699501,2034983
case_073,3,PIPE_MTE3,1000008504,COPY_OUT,697213,697238,2034983
case_073,3,PIPE_MTE3,1000008507,COPY_OUT,697238,697263,2034983
case_073,3,PIPE_V,2851,RELU,699501,699565,2034983
case_073,3,PIPE_M,3475,CONV,699501,701853,2034983
case_073,3,PIPE_MTE3,1000009349,COPY_OUT,699565,699590,2034983
case_073,3,PIPE_MTE3,1000009352,COPY_OUT,699590,699615,2034983
case_073,3,PIPE_V,3476,RELU,701853,701917,2034983
case_073,3,PIPE_M,4100,CONV,701853,704205,2034983
case_073,3,PIPE_MTE3,1000010185,COPY_OUT,701917,701932,2034983
case_073,3,PIPE_MTE3,1000010188,COPY_OUT,701932,701947,2034983
case_073,3,PIPE_V,4101,RELU,704205,704269,2034983
case_073,3,PIPE_M,4725,CONV,704205,706557,2034983
case_073,3,PIPE_MTE3,1000011027,COPY_OUT,704269,704284,2034983
case_073,3,PIPE_MTE3,1000011030,COPY_OUT,704284,704299,2034983
case_073,3,PIPE_MTE2,1000006193,COPY_IN,705126,705131,2034983
case_073,3,PIPE_MTE2,1000007020,COPY_IN,705131,705136,2034983
case_073,3,PIPE_MTE2,1000007850,COPY_IN,705136,705141,2034983
case_073,3,PIPE_MTE2,1000008695,COPY_IN,705141,705146,2034983
case_073,3,PIPE_MTE2,1000009543,COPY_IN,705146,705151,2034983
case_073,3,PIPE_MTE2,1000010373,COPY_IN,705151,705156,2034983
case_073,3,PIPE_MTE2,1000011212,COPY_IN,705387,705392,2034983
case_073,3,PIPE_M,477,CONV,706557,711213,2034983
case_073,3,PIPE_V,4726,RELU,706557,706621,2034983
case_073,3,PIPE_MTE3,1000011656,COPY_OUT,706621,706626,2034983
case_073,3,PIPE_MTE2,1000011757,COPY_IN,707734,707739,2034983
case_073,3,PIPE_V,478,RELU,711213,711277,2034983
case_073,3,PIPE_M,1102,CONV,711213,715869,2034983
case_073,3,PIPE_V,1103,RELU,715869,715933,2034983
case_073,3,PIPE_M,1727,CONV,715869,720525,2034983
case_073,3,PIPE_V,1728,RELU,720525,720589,2034983
case_073,3,PIPE_M,2352,CONV,720525,725181,2034983
case_073,3,PIPE_V,2353,RELU,725181,725245,2034983
case_073,3,PIPE_M,2977,CONV,725181,729837,2034983
case_073,3,PIPE_V,2978,RELU,729837,729901,2034983
case_073,3,PIPE_M,3602,CONV,729837,734493,2034983
case_073,3,PIPE_V,3603,RELU,734493,734557,2034983
case_073,3,PIPE_M,4227,CONV,734493,739149,2034983
case_073,3,PIPE_V,4228,RELU,739149,739213,2034983
case_073,3,PIPE_M,4852,CONV,739149,743805,2034983
case_073,3,PIPE_V,4853,RELU,743805,743869,2034983
case_073,3,PIPE_MTE2,1000005280,COPY_IN,743805,761331,2034983
case_073,3,PIPE_M,479,CONV,761331,765987,2034983
case_073,3,PIPE_MTE2,1000005629,COPY_IN,761331,761341,2034983
case_073,3,PIPE_V,480,RELU,765987,766051,2034983
case_073,3,PIPE_M,1104,CONV,765987,770643,2034983
case_073,3,PIPE_MTE3,1000006195,COPY_OUT,766051,766066,2034983
case_073,3,PIPE_V,1105,RELU,770643,770707,2034983
case_073,3,PIPE_M,1729,CONV,770643,775299,2034983
case_073,3,PIPE_MTE3,1000007022,COPY_OUT,770707,770717,2034983
case_073,3,PIPE_V,1730,RELU,775299,775363,2034983
case_073,3,PIPE_M,2354,CONV,775299,779955,2034983
case_073,3,PIPE_MTE3,1000007852,COPY_OUT,775363,775368,2034983
case_073,3,PIPE_V,2355,RELU,779955,780019,2034983
case_073,3,PIPE_M,2979,CONV,779955,784611,2034983
case_073,3,PIPE_MTE3,1000008697,COPY_OUT,780019,780029,2034983
case_073,3,PIPE_V,2980,RELU,784611,784675,2034983
case_073,3,PIPE_M,3604,CONV,784611,789267,2034983
case_073,3,PIPE_MTE3,1000009545,COPY_OUT,784675,784680,2034983
case_073,3,PIPE_V,3605,RELU,789267,789331,2034983
case_073,3,PIPE_M,4229,CONV,789267,793923,2034983
case_073,3,PIPE_MTE3,1000010375,COPY_OUT,789331,789341,2034983
case_073,3,PIPE_V,4230,RELU,793923,793987,2034983
case_073,3,PIPE_M,4854,CONV,793923,798579,2034983
case_073,3,PIPE_MTE3,1000011214,COPY_OUT,793987,793992,2034983
case_073,3,PIPE_V,4855,RELU,798579,798643,2034983
case_073,3,PIPE_V,4856,ADD,798643,798707,2034983
case_073,3,PIPE_MTE3,1000011759,COPY_OUT,798707,798727,2034983
case_073,3,PIPE_MTE2,1000005632,COPY_IN,918808,918813,2034983
case_073,3,PIPE_V,111,ADD,918813,918877,2034983
case_073,3,PIPE_MTE2,1000005290,COPY_IN,918813,926444,2034983
case_073,3,PIPE_MTE3,1000005634,COPY_OUT,918877,918887,2034983
case_073,3,PIPE_MTE2,1000006350,COPY_IN,926444,926459,2034983
case_073,3,PIPE_M,607,CONV,926459,931115,2034983
case_073,3,PIPE_MTE2,1000007165,COPY_IN,926459,926474,2034983
case_073,3,PIPE_MTE2,1000007992,COPY_IN,926474,926489,2034983
case_073,3,PIPE_MTE2,1000008840,COPY_IN,926489,926504,2034983
case_073,3,PIPE_MTE2,1000009685,COPY_IN,926504,926519,2034983
case_073,3,PIPE_MTE2,1000010518,COPY_IN,926519,926534,2034983
case_073,3,PIPE_MTE2,1000011348,COPY_IN,926534,926549,2034983
case_073,3,PIPE_V,608,RELU,931115,931179,2034983
case_073,3,PIPE_M,1232,CONV,931115,935771,2034983
case_073,3,PIPE_V,1233,RELU,935771,935835,2034983
case_073,3,PIPE_M,1857,CONV,935771,940427,2034983
case_073,3,PIPE_V,1858,RELU,940427,940491,2034983
case_073,3,PIPE_M,2482,CONV,940427,945083,2034983
case_073,3,PIPE_V,2483,RELU,945083,945147,2034983
case_073,3,PIPE_M,3107,CONV,945083,949739,2034983
case_073,3,PIPE_V,3108,RELU,949739,949803,2034983
case_073,3,PIPE_M,3732,CONV,949739,954395,2034983
case_073,3,PIPE_V,3733,RELU,954395,954459,2034983
case_073,3,PIPE_M,4357,CONV,954395,959051,2034983
case_073,3,PIPE_V,4358,RELU,959051,959115,2034983
case_073,3,PIPE_MTE2,1000005300,COPY_IN,959051,963972,2034983
case_073,3,PIPE_M,609,CONV,963972,968628,2034983
case_073,3,PIPE_MTE2,1000005810,COPY_IN,963972,963977,2034983
case_073,3,PIPE_MTE2,1000005813,COPY_IN,963977,963982,2034983
case_073,3,PIPE_MTE2,1000006003,COPY_IN,963982,963987,2034983
case_073,3,PIPE_MTE2,1000006009,COPY_IN,963987,963992,2034983
case_073,3,PIPE_MTE2,1000006202,COPY_IN,963992,963997,2034983
case_073,3,PIPE_MTE2,1000006205,COPY_IN,963997,964002,2034983
case_073,3,PIPE_MTE2,1000006483,COPY_IN,964002,964007,2034983
case_073,3,PIPE_MTE2,1000006486,COPY_IN,964007,964012,2034983
case_073,3,PIPE_MTE2,1000006646,COPY_IN,964012,964017,2034983
case_073,3,PIPE_MTE2,1000006649,COPY_IN,964017,964022,2034983
case_073,3,PIPE_MTE2,1000006842,COPY_IN,964022,964027,2034983
case_073,3,PIPE_MTE2,1000006848,COPY_IN,964027,964032,2034983
case_073,3,PIPE_MTE2,1000007029,COPY_IN,964032,964037,2034983
case_073,3,PIPE_MTE2,1000007032,COPY_IN,964037,964042,2034983
case_073,3,PIPE_MTE2,1000007295,COPY_IN,964042,964047,2034983
case_073,3,PIPE_MTE2,1000007298,COPY_IN,964047,964052,2034983
case_073,3,PIPE_MTE2,1000007476,COPY_IN,964052,964057,2034983
case_073,3,PIPE_MTE2,1000007479,COPY_IN,964057,964062,2034983
case_073,3,PIPE_MTE2,1000007669,COPY_IN,964062,964067,2034983
case_073,3,PIPE_MTE2,1000007675,COPY_IN,964067,964072,2034983
case_073,3,PIPE_MTE2,1000007859,COPY_IN,964072,964077,2034983
case_073,3,PIPE_MTE2,1000007862,COPY_IN,964077,964082,2034983
case_073,3,PIPE_MTE2,1000008131,COPY_IN,964082,964087,2034983
case_073,3,PIPE_MTE2,1000008134,COPY_IN,964087,964092,2034983
case_073,3,PIPE_MTE2,1000008318,COPY_IN,964092,964097,2034983
case_073,3,PIPE_MTE2,1000008321,COPY_IN,964097,964102,2034983
case_073,3,PIPE_MTE2,1000008514,COPY_IN,964102,964107,2034983
case_073,3,PIPE_MTE2,1000008520,COPY_IN,964107,964112,2034983
case_073,3,PIPE_MTE2,1000008704,COPY_IN,964112,964117,2034983
case_073,3,PIPE_MTE2,1000008707,COPY_IN,964117,964122,2034983
case_073,3,PIPE_MTE2,1000008979,COPY_IN,964122,964127,2034983
case_073,3,PIPE_MTE2,1000008982,COPY_IN,964127,964132,2034983
case_073,3,PIPE_MTE2,1000009163,COPY_IN,964132,964137,2034983
case_073,3,PIPE_MTE2,1000009166,COPY_IN,964137,964142,2034983
case_073,3,PIPE_MTE2,1000009359,COPY_IN,964142,964147,2034983
case_073,3,PIPE_MTE2,1000009365,COPY_IN,964147,964152,2034983
case_073,3,PIPE_MTE2,1000009552,COPY_IN,964152,964157,2034983
case_073,3,PIPE_MTE2,1000009555,COPY_IN,964157,964162,2034983
case_073,3,PIPE_MTE2,1000009824,COPY_IN,964162,964167,2034983
case_073,3,PIPE_MTE2,1000009827,COPY_IN,964167,964172,2034983
case_073,3,PIPE_MTE2,1000010005,COPY_IN,964172,964177,2034983
case_073,3,PIPE_MTE2,1000010008,COPY_IN,967134,967139,2034983
case_073,3,PIPE_MTE2,1000010195,COPY_IN,967139,967144,2034983
case_073,3,PIPE_MTE2,1000010201,COPY_IN,967144,967149,2034983
case_073,3,PIPE_MTE2,1000010382,COPY_IN,967149,967154,2034983
case_073,3,PIPE_MTE2,1000010385,COPY_IN,967154,967159,2034983
case_073,3,PIPE_MTE2,1000010663,COPY_IN,967159,967164,2034983
case_073,3,PIPE_MTE2,1000010666,COPY_IN,967164,967169,2034983
case_073,3,PIPE_MTE2,1000010847,COPY_IN,967169,967174,2034983
case_073,3,PIPE_V,610,RELU,968628,968692,2034983
case_073,3,PIPE_M,1234,CONV,968628,973284,2034983
case_073,3,PIPE_MTE2,1000010850,COPY_IN,971790,971795,2034983
case_073,3,PIPE_MTE2,1000011037,COPY_IN,971795,971800,2034983
case_073,3,PIPE_MTE2,1000011043,COPY_IN,971800,971805,2034983
case_073,3,PIPE_MTE2,1000011221,COPY_IN,971805,971810,2034983
case_073,3,PIPE_MTE2,1000011224,COPY_IN,971810,971815,2034983
case_073,3,PIPE_V,1235,RELU,973284,973348,2034983
case_073,3,PIPE_M,1859,CONV,973284,977940,2034983
case_073,3,PIPE_V,1860,RELU,977940,978004,2034983
case_073,3,PIPE_M,2484,CONV,977940,982596,2034983
case_073,3,PIPE_V,2485,RELU,982596,982660,2034983
case_073,3,PIPE_M,3109,CONV,982596,987252,2034983
case_073,3,PIPE_V,3110,RELU,987252,987316,2034983
case_073,3,PIPE_M,3734,CONV,987252,991908,2034983
case_073,3,PIPE_V,3735,RELU,991908,991972,2034983
case_073,3,PIPE_M,4359,CONV,991908,996564,2034983
case_073,3,PIPE_V,4360,RELU,996564,996628,2034983
case_073,3,PIPE_MTE2,1000005310,COPY_IN,996564,1001910,2034983
case_073,3,PIPE_V,236,ADD,996628,996692,2034983
case_073,3,PIPE_V,361,ADD,996692,996756,2034983
case_073,3,PIPE_MTE3,1000005815,COPY_OUT,996692,996702,2034983
case_073,3,PIPE_MTE3,1000005818,COPY_OUT,996702,996712,2034983
case_073,3,PIPE_V,486,ADD,996756,996820,2034983
case_073,3,PIPE_MTE3,1000006011,COPY_OUT,996756,996766,2034983
case_073,3,PIPE_MTE3,1000006014,COPY_OUT,996766,996776,2034983
case_073,3,PIPE_V,611,ADD,996820,996884,2034983
case_073,3,PIPE_MTE3,1000006207,COPY_OUT,996820,996830,2034983
case_073,3,PIPE_MTE3,1000006210,COPY_OUT,996830,996840,2034983
case_073,3,PIPE_V,736,ADD,996884,996948,2034983
case_073,3,PIPE_MTE3,1000006352,COPY_OUT,996884,996894,2034983
case_073,3,PIPE_V,861,ADD,996948,997012,2034983
case_073,3,PIPE_MTE3,1000006488,COPY_OUT,996948,996958,2034983
case_073,3,PIPE_MTE3,1000011841,COPY_OUT,996958,996968,2034983
case_073,3,PIPE_V,986,ADD,997012,997076,2034983
case_073,3,PIPE_MTE3,1000006651,COPY_OUT,997012,997022,2034983
case_073,3,PIPE_MTE3,1000006654,COPY_OUT,997022,997032,2034983
case_073,3,PIPE_V,1111,ADD,997076,997140,2034983
case_073,3,PIPE_MTE3,1000006850,COPY_OUT,997076,997086,2034983
case_073,3,PIPE_MTE3,1000006853,COPY_OUT,997086,997096,2034983
case_073,3,PIPE_V,1236,ADD,997140,997204,2034983
case_073,3,PIPE_MTE3,1000007034,COPY_OUT,997140,997150,2034983
case_073,3,PIPE_MTE3,1000007037,COPY_OUT,997150,997160,2034983
case_073,3,PIPE_V,1361,ADD,997204,997268,2034983
case_073,3,PIPE_MTE3,1000007167,COPY_OUT,997204,997218,2034983
case_073,3,PIPE_V,1486,ADD,997268,997332,2034983
case_073,3,PIPE_MTE3,1000007300,COPY_OUT,997268,997282,2034983
case_073,3,PIPE_MTE3,1000011837,COPY_OUT,997282,997292,2034983
case_073,3,PIPE_V,1611,ADD,997332,997396,2034983
case_073,3,PIPE_MTE3,1000007481,COPY_OUT,997332,997343,2034983
case_073,3,PIPE_MTE3,1000007484,COPY_OUT,997343,997357,2034983
case_073,3,PIPE_V,1736,ADD,997396,997460,2034983
case_073,3,PIPE_MTE3,1000007677,COPY_OUT,997396,997410,2034983
case_073,3,PIPE_MTE3,1000007680,COPY_OUT,997410,997420,2034983
case_073,3,PIPE_V,1861,ADD,997460,997524,2034983
case_073,3,PIPE_MTE3,1000007864,COPY_OUT,997460,997470,2034983
case_073,3,PIPE_MTE3,1000007867,COPY_OUT,997470,997480,2034983
case_073,3,PIPE_V,1986,ADD,997524,997588,2034983
case_073,3,PIPE_MTE3,1000007994,COPY_OUT,997524,997538,2034983
case_073,3,PIPE_V,2111,ADD,997588,997652,2034983
case_073,3,PIPE_MTE3,1000008136,COPY_OUT,997588,997602,2034983
case_073,3,PIPE_MTE3,1000011833,COPY_OUT,997602,997612,2034983
case_073,3,PIPE_V,2236,ADD,997652,997716,2034983
case_073,3,PIPE_MTE3,1000008323,COPY_OUT,997652,997663,2034983
case_073,3,PIPE_MTE3,1000008326,COPY_OUT,997663,997677,2034983
case_073,3,PIPE_V,2361,ADD,997716,997780,2034983
case_073,3,PIPE_MTE3,1000008522,COPY_OUT,997716,997726,2034983
case_073,3,PIPE_MTE3,1000008525,COPY_OUT,997726,997736,2034983
case_073,3,PIPE_V,2486,ADD,997780,997844,2034983
case_073,3,PIPE_MTE3,1000008709,COPY_OUT,997780,997790,2034983
case_073,3,PIPE_MTE3,1000008712,COPY_OUT,997790,997800,2034983
case_073,3,PIPE_V,2611,ADD,997844,997908,2034983
case_073,3,PIPE_MTE3,1000008842,COPY_OUT,997844,997859,2034983
case_073,3,PIPE_V,2736,ADD,997908,997972,2034983
case_073,3,PIPE_MTE3,1000008984,COPY_OUT,997908,997922,2034983
case_073,3,PIPE_MTE3,1000011829,COPY_OUT,997922,997933,2034983
case_073,3,PIPE_V,2861,ADD,997972,998036,2034983
case_073,3,PIPE_MTE3,1000009168,COPY_OUT,997972,997983,2034983
case_073,3,PIPE_MTE3,1000009171,COPY_OUT,997983,997997,2034983
case_073,3,PIPE_V,2986,ADD,998036,998100,2034983
case_073,3,PIPE_MTE3,1000009367,COPY_OUT,998036,998046,2034983
case_073,3,PIPE_MTE3,1000009370,COPY_OUT,998046,998056,2034983
case_073,3,PIPE_V,3111,ADD,998100,998164,2034983
case_073,3,PIPE_MTE3,1000009557,COPY_OUT,998100,998110,2034983
case_073,3,PIPE_MTE3,1000009560,COPY_OUT,998110,998120,2034983
case_073,3,PIPE_V,3236,ADD,998164,998228,2034983
case_073,3,PIPE_MTE3,1000009687,COPY_OUT,998164,998179,2034983
case_073,3,PIPE_V,3361,ADD,998228,998292,2034983
case_073,3,PIPE_MTE3,1000009829,COPY_OUT,998228,998242,2034983
case_073,3,PIPE_MTE3,1000011825,COPY_OUT,998242,998252,2034983
case_073,3,PIPE_V,3486,ADD,998292,998356,2034983
case_073,3,PIPE_MTE3,1000010010,COPY_OUT,998292,998303,2034983
case_073,3,PIPE_MTE3,1000010013,COPY_OUT,998303,998317,2034983
case_073,3,PIPE_V,3611,ADD,998356,998420,2034983
case_073,3,PIPE_MTE3,1000010203,COPY_OUT,998356,998366,2034983
case_073,3,PIPE_MTE3,1000010206,COPY_OUT,998366,998376,2034983
case_073,3,PIPE_V,3736,ADD,998420,998484,2034983
case_073,3,PIPE_MTE3,1000010387,COPY_OUT,998420,998430,2034983
case_073,3,PIPE_MTE3,1000010390,COPY_OUT,998430,998440,2034983
case_073,3,PIPE_V,3861,ADD,998484,998548,2034983
case_073,3,PIPE_MTE3,1000010520,COPY_OUT,998484,998499,2034983
case_073,3,PIPE_V,3986,ADD,998548,998612,2034983
case_073,3,PIPE_MTE3,1000010668,COPY_OUT,998548,998562,2034983
case_073,3,PIPE_MTE3,1000011821,COPY_OUT,998562,998572,2034983
case_073,3,PIPE_V,4111,ADD,998612,998676,2034983
case_073,3,PIPE_MTE3,1000010852,COPY_OUT,998612,998623,2034983
case_073,3,PIPE_MTE3,1000010855,COPY_OUT,998623,998637,2034983
case_073,3,PIPE_V,4236,ADD,998676,998740,2034983
case_073,3,PIPE_MTE3,1000011045,COPY_OUT,998676,998686,2034983
case_073,3,PIPE_MTE3,1000011048,COPY_OUT,998686,998696,2034983
case_073,3,PIPE_V,4361,ADD,998740,998804,2034983
case_073,3,PIPE_MTE3,1000011226,COPY_OUT,998740,998750,2034983
case_073,3,PIPE_MTE3,1000011229,COPY_OUT,998750,998760,2034983
case_073,3,PIPE_MTE3,1000011350,COPY_OUT,998804,998819,2034983
case_073,3,PIPE_M,112,CONV,1001910,1006566,2034983
case_073,3,PIPE_V,113,RELU,1006566,1006630,2034983
case_073,3,PIPE_MTE2,1000005320,COPY_IN,1006566,1011901,2034983
case_073,3,PIPE_M,114,CONV,1011901,1016557,2034983
case_073,3,PIPE_MTE2,1000011842,COPY_IN,1011901,1011906,2034983
case_073,3,PIPE_V,115,RELU,1016557,1016621,2034983
case_073,3,PIPE_MTE2,1000011845,COPY_IN,1016557,1021892,2034983
case_073,3,PIPE_MTE3,1000005637,COPY_OUT,1016621,1016636,2034983
case_073,3,PIPE_M,737,CONV,1021892,1026548,2034983
case_073,3,PIPE_V,738,RELU,1026548,1026612,2034983
case_073,3,PIPE_MTE2,1000011847,COPY_IN,1026548,1031883,2034983
case_073,3,PIPE_M,739,CONV,1031883,1036539,2034983
case_073,3,PIPE_MTE2,1000011838,COPY_IN,1031883,1031888,2034983
case_073,3,PIPE_V,740,RELU,1036539,1036603,2034983
case_073,3,PIPE_MTE2,1000011849,COPY_IN,1036539,1058426,2034983
case_073,3,PIPE_MTE3,1000006491,COPY_OUT,1036603,1036633,2034983
case_073,3,PIPE_M,1362,CONV,1058426,1063082,2034983
case_073,3,PIPE_V,1363,RELU,1063082,1063146,2034983
case_073,3,PIPE_MTE2,1000011851,COPY_IN,1063082,1069822,2034983
case_073,3,PIPE_M,1364,CONV,1069822,1074478,2034983
case_073,3,PIPE_MTE2,1000011834,COPY_IN,1069822,1069832,2034983
case_073,3,PIPE_V,1365,RELU,1074478,1074542,2034983
case_073,3,PIPE_MTE2,1000011853,COPY_IN,1074478,1081233,2034983
case_073,3,PIPE_MTE3,1000007303,COPY_OUT,1074542,1074552,2034983
case_073,3,PIPE_M,1987,CONV,1081233,1085889,2034983
case_073,3,PIPE_V,1988,RELU,1085889,1085953,2034983
case_073,3,PIPE_MTE2,1000011855,COPY_IN,1085889,1092629,2034983
case_073,3,PIPE_M,1989,CONV,1092629,1097285,2034983
case_073,3,PIPE_MTE2,1000011830,COPY_IN,1092629,1092639,2034983
case_073,3,PIPE_V,1990,RELU,1097285,1097349,2034983
case_073,3,PIPE_MTE2,1000011857,COPY_IN,1097285,1118669,2034983
case_073,3,PIPE_MTE3,1000008139,COPY_OUT,1097349,1097379,2034983
case_073,3,PIPE_M,2612,CONV,1118669,1123325,2034983
case_073,3,PIPE_V,2613,RELU,1123325,1123389,2034983
case_073,3,PIPE_MTE2,1000011859,COPY_IN,1123325,1131485,2034983
case_073,3,PIPE_M,2614,CONV,1131485,1136141,2034983
case_073,3,PIPE_MTE2,1000011826,COPY_IN,1131485,1131495,2034983
case_073,3,PIPE_V,2615,RELU,1136141,1136205,2034983
case_073,3,PIPE_MTE2,1000011861,COPY_IN,1136141,1144301,2034983
case_073,3,PIPE_MTE3,1000008987,COPY_OUT,1136205,1136215,2034983
case_073,3,PIPE_M,3237,CONV,1144301,1148957,2034983
case_073,3,PIPE_V,3238,RELU,1148957,1149021,2034983
case_073,3,PIPE_MTE2,1000011863,COPY_IN,1148957,1157117,2034983
case_073,3,PIPE_M,3239,CONV,1157117,1161773,2034983
case_073,3,PIPE_MTE2,1000011822,COPY_IN,1157117,1157127,2034983
case_073,3,PIPE_V,3240,RELU,1161773,1161837,2034983
case_073,3,PIPE_MTE2,1000011865,COPY_IN,1161773,1169933,2034983
case_073,3,PIPE_MTE3,1000009832,COPY_OUT,1161837,1161847,2034983
case_073,3,PIPE_M,3862,CONV,1169933,1174589,2034983
case_073,3,PIPE_V,3863,RELU,1174589,1174653,2034983
case_073,3,PIPE_MTE2,1000011867,COPY_IN,1174589,1179705,2034983
case_073,3,PIPE_M,3864,CONV,1179705,1184361,2034983
case_073,3,PIPE_MTE2,1000011460,COPY_IN,1179705,1179710,2034983
case_073,3,PIPE_V,3865,RELU,1184361,1184425,2034983
case_073,3,PIPE_MTE2,1000011869,COPY_IN,1184361,1196552,2034983
case_073,3,PIPE_MTE3,1000010671,COPY_OUT,1184425,1184440,2034983
case_073,3,PIPE_M,4487,CONV,1196552,1201208,2034983
case_073,3,PIPE_V,4488,RELU,1201208,1201272,2034983
case_073,3,PIPE_MTE2,1000011871,COPY_IN,1201208,1206500,2034983
case_073,3,PIPE_M,4489,CONV,1206500,1211156,2034983
case_073,3,PIPE_V,4490,RELU,1211156,1211220,2034983
case_073,3,PIPE_MTE2,1000005330,COPY_IN,1211156,1222176,2034983
case_073,3,PIPE_V,4491,ADD,1211220,1211284,2034983
case_073,3,PIPE_MTE3,1000011462,COPY_OUT,1211284,1211299,2034983
case_073,3,PIPE_MTE2,1000005825,COPY_IN,1222176,1222196,2034983
case_073,3,PIPE_M,242,CONV,1222196,1226852,2034983
case_073,3,PIPE_MTE2,1000006661,COPY_IN,1222196,1222216,2034983
case_073,3,PIPE_MTE2,1000007491,COPY_IN,1222216,1222236,2034983
case_073,3,PIPE_MTE2,1000008333,COPY_IN,1222236,1222256,2034983
case_073,3,PIPE_MTE2,1000009178,COPY_IN,1222256,1222276,2034983
case_073,3,PIPE_MTE2,1000010020,COPY_IN,1222276,1222296,2034983
case_073,3,PIPE_MTE2,1000010862,COPY_IN,1222296,1222316,2034983
case_073,3,PIPE_MTE2,1000011566,COPY_IN,1222316,1222336,2034983
case_073,3,PIPE_V,243,RELU,1226852,1226916,2034983
case_073,3,PIPE_M,867,CONV,1226852,1231508,2034983
case_073,3,PIPE_V,868,RELU,1231508,1231572,2034983
case_073,3,PIPE_M,1492,CONV,1231508,1236164,2034983
case_073,3,PIPE_V,1493,RELU,1236164,1236228,2034983
case_073,3,PIPE_M,2117,CONV,1236164,1240820,2034983
case_073,3,PIPE_V,2118,RELU,1240820,1240884,2034983
case_073,3,PIPE_M,2742,CONV,1240820,1245476,2034983
case_073,3,PIPE_V,2743,RELU,1245476,1245540,2034983
case_073,3,PIPE_M,3367,CONV,1245476,1250132,2034983
case_073,3,PIPE_V,3368,RELU,1250132,1250196,2034983
case_073,3,PIPE_M,3992,CONV,1250132,1254788,2034983
case_073,3,PIPE_V,3993,RELU,1254788,1254852,2034983
case_073,3,PIPE_M,4617,CONV,1254788,1259444,2034983
case_073,3,PIPE_V,4618,RELU,1259444,1259508,2034983
case_073,3,PIPE_MTE2,1000005340,COPY_IN,1259444,1269645,2034983
case_073,3,PIPE_M,244,CONV,1269645,1274301,2034983
case_073,3,PIPE_V,245,RELU,1274301,1274365,2034983
case_073,3,PIPE_M,869,CONV,1274301,1278957,2034983
case_073,3,PIPE_MTE3,1000005827,COPY_OUT,1274365,1274385,2034983
case_073,3,PIPE_V,870,RELU,1278957,1279021,2034983
case_073,3,PIPE_M,1494,CONV,1278957,1283613,2034983
case_073,3,PIPE_V,1495,RELU,1283613,1283677,2034983
case_073,3,PIPE_M,2119,CONV,1283613,1288269,2034983
case_073,3,PIPE_V,2120,RELU,1288269,1288333,2034983
case_073,3,PIPE_M,2744,CONV,1288269,1292925,2034983
case_073,3,PIPE_V,2745,RELU,1292925,1292989,2034983
case_073,3,PIPE_M,3369,CONV,1292925,1297581,2034983
case_073,3,PIPE_V,3370,RELU,1297581,1297645,2034983
case_073,3,PIPE_M,3994,CONV,1297581,1302237,2034983
case_073,3,PIPE_V,3995,RELU,1302237,1302301,2034983
case_073,3,PIPE_M,4619,CONV,1302237,1306893,2034983
case_073,3,PIPE_V,4620,RELU,1306893,1306957,2034983
case_073,3,PIPE_MTE2,1000005350,COPY_IN,1306893,1312275,2034983
case_073,3,PIPE_MTE2,1000005360,COPY_IN,1312275,1314461,2034983
case_073,3,PIPE_MTE2,1000006024,COPY_IN,1314461,1314471,2034983
case_073,3,PIPE_MTE2,1000006027,COPY_IN,1314471,1314481,2034983
case_073,3,PIPE_V,371,ADD,1314481,1314545,2034983
case_073,3,PIPE_MTE2,1000009540,COPY_IN,1314481,1314499,2034983
case_073,3,PIPE_MTE2,1000009570,COPY_IN,1314499,1314517,2034983
case_073,3,PIPE_MTE2,1000009990,COPY_IN,1314517,1314535,2034983
case_073,3,PIPE_MTE2,1000010832,COPY_IN,1314535,1314553,2034983
case_073,3,PIPE_M,372,CONV,1314545,1319201,2034983
case_073,3,PIPE_MTE2,1000011554,COPY_IN,1314553,1314574,2034983
case_073,3,PIPE_MTE2,1000005370,COPY_IN,1314574,1318084,2034983
case_073,3,PIPE_V,373,RELU,1319201,1319265,2034983
case_073,3,PIPE_M,374,CONV,1319265,1320337,2034983
case_073,3,PIPE_V,871,ADD,1319265,1319329,2034983
case_073,3,PIPE_M,872,CONV,1320337,1324993,2034983
case_073,3,PIPE_MTE3,1000006029,COPY_OUT,1320337,1320377,2034983
case_073,3,PIPE_V,873,RELU,1324993,1325057,2034983
case_073,3,PIPE_M,874,CONV,1325057,1326129,2034983
case_073,3,PIPE_V,1496,ADD,1325057,1325121,2034983
case_073,3,PIPE_M,1497,CONV,1326129,1330785,2034983
case_073,3,PIPE_MTE3,1000006663,COPY_OUT,1326129,1326138,2034983
case_073,3,PIPE_V,1498,RELU,1330785,1330849,2034983
case_073,3,PIPE_M,1499,CONV,1330849,1331921,2034983
case_073,3,PIPE_V,2121,ADD,1330849,1330913,2034983
case_073,3,PIPE_MTE2,1000005380,COPY_IN,1330849,1334375,2034983
case_073,3,PIPE_M,2122,CONV,1331921,1336577,2034983
case_073,3,PIPE_MTE3,1000007493,COPY_OUT,1331921,1331957,2034983
case_073,3,PIPE_V,2123,RELU,1336577,1336641,2034983
case_073,3,PIPE_M,2124,CONV,1336641,1337713,2034983
case_073,3,PIPE_V,2746,ADD,1336641,1336705,2034983
case_073,3,PIPE_M,2747,CONV,1337713,1342369,2034983
case_073,3,PIPE_MTE3,1000008335,COPY_OUT,1337713,1337722,2034983
case_073,3,PIPE_V,2748,RELU,1342369,1342433,2034983
case_073,3,PIPE_M,2749,CONV,1342433,1343505,2034983
case_073,3,PIPE_V,3371,ADD,1342433,1342497,2034983
case_073,3,PIPE_M,3372,CONV,1343505,1348161,2034983
case_073,3,PIPE_MTE3,1000009180,COPY_OUT,1343505,1343523,2034983
case_073,3,PIPE_V,3373,RELU,1348161,1348225,2034983
case_073,3,PIPE_M,3374,CONV,1348225,1349297,2034983
case_073,3,PIPE_V,3996,ADD,1348225,1348289,2034983
case_073,3,PIPE_M,3997,CONV,1349297,1353953,2034983
case_073,3,PIPE_V,3998,RELU,1353953,1354017,2034983
case_073,3,PIPE_M,3999,CONV,1354017,1355089,2034983
case_073,3,PIPE_V,4621,ADD,1354017,1354081,2034983
case_073,3,PIPE_M,4622,CONV,1355089,1359745,2034983
case_073,3,PIPE_V,4623,RELU,1359745,1359809,2034983
case_073,3,PIPE_V,3000,ADD,1359809,1359889,2034983
case_073,3,PIPE_M,4624,CONV,1359809,1360881,2034983
case_073,3,PIPE_V,3001,RELU,1359889,1359969,2034983
case_073,3,PIPE_V,3375,ADD,1359969,1360049,2034983
case_073,3,PIPE_MTE3,1000009572,COPY_OUT,1359969,1359978,2034983
case_073,3,PIPE_MTE3,1000009575,COPY_OUT,1359978,1359987,2034983
case_073,3,PIPE_V,3376,RELU,1360049,1360129,2034983
case_073,3,PIPE_V,4000,ADD,1360129,1360209,2034983
case_073,3,PIPE_MTE3,1000010022,COPY_OUT,1360129,1360138,2034983
case_073,3,PIPE_MTE3,1000010025,COPY_OUT,1360138,1360147,2034983
case_073,3,PIPE_V,4001,RELU,1360209,1360289,2034983
case_073,3,PIPE_MTE3,1000010864,COPY_OUT,1360289,1360298,2034983
case_073,3,PIPE_MTE3,1000010867,COPY_OUT,1360298,1360307,2034983
case_073,3,PIPE_V,4625,ADD,1360881,1360961,2034983
case_073,3,PIPE_V,4626,RELU,1360961,1361041,2034983
case_073,3,PIPE_MTE3,1000011568,COPY_OUT,1361041,1361050,2034983
case_073,3,PIPE_MTE2,1000006036,COPY_IN,1401101,1401131,2034983
case_073,3,PIPE_M,377,CONV,1401131,1405787,2034983
case_073,3,PIPE_MTE2,1000006869,COPY_IN,1401245,1401272,2034983
case_073,3,PIPE_MTE2,1000007696,COPY_IN,1402055,1402082,2034983
case_073,3,PIPE_MTE2,1000008541,COPY_IN,1402855,1402882,2034983
case_073,3,PIPE_MTE2,1000009386,COPY_IN,1402882,1402909,2034983
case_073,3,PIPE_MTE2,1000010222,COPY_IN,1403833,1403869,2034983
case_073,3,PIPE_MTE2,1000011064,COPY_IN,1403975,1404011,2034983
case_073,3,PIPE_MTE2,1000011669,COPY_IN,1404011,1404047,2034983
case_073,3,PIPE_MTE2,1000005390,COPY_IN,1404047,1408514,2034983
case_073,3,PIPE_V,378,RELU,1405787,1405867,2034983
case_073,3,PIPE_M,379,CONV,1405867,1410523,2034983
case_073,3,PIPE_V,380,RELU,1410523,1410603,2034983
case_073,3,PIPE_M,1002,CONV,1410523,1415179,2034983
case_073,3,PIPE_MTE3,1000006038,COPY_OUT,1410603,1410612,2034983
case_073,3,PIPE_V,1003,RELU,1415179,1415259,2034983
case_073,3,PIPE_M,1004,CONV,1415259,1419915,2034983
case_073,3,PIPE_V,1005,RELU,1419915,1419995,2034983
case_073,3,PIPE_M,1627,CONV,1419915,1424571,2034983
case_073,3,PIPE_MTE3,1000006871,COPY_OUT,1419995,1420004,2034983
case_073,3,PIPE_V,1628,RELU,1424571,1424651,2034983
case_073,3,PIPE_M,1629,CONV,1424651,1429307,2034983
case_073,3,PIPE_V,1630,RELU,1429307,1429387,2034983
case_073,3,PIPE_M,2252,CONV,1429307,1433963,2034983
case_073,3,PIPE_MTE3,1000007698,COPY_OUT,1429387,1429396,2034983
case_073,3,PIPE_V,2253,RELU,1433963,1434043,2034983
case_073,3,PIPE_M,2254,CONV,1434043,1438699,2034983
case_073,3,PIPE_V,2255,RELU,1438699,1438779,2034983
case_073,3,PIPE_M,2877,CONV,1438699,1443355,2034983
case_073,3,PIPE_MTE3,1000008543,COPY_OUT,1438779,1438788,2034983
case_073,3,PIPE_V,2878,RELU,1443355,1443435,2034983
case_073,3,PIPE_M,2879,CONV,1443435,1448091,2034983
case_073,3,PIPE_V,2880,RELU,1448091,1448171,2034983
case_073,3,PIPE_M,3502,CONV,1448091,1452747,2034983
case_073,3,PIPE_MTE3,1000009388,COPY_OUT,1448171,1448180,2034983
case_073,3,PIPE_V,3503,RELU,1452747,1452827,2034983
case_073,3,PIPE_M,3504,CONV,1452827,1457483,2034983
case_073,3,PIPE_V,3505,RELU,1457483,1457563,2034983
case_073,3,PIPE_M,4127,CONV,1457483,1462139,2034983
case_073,3,PIPE_MTE3,1000010224,COPY_OUT,1457563,1457572,2034983
case_073,3,PIPE_V,4128,RELU,1462139,1462219,2034983
case_073,3,PIPE_M,4129,CONV,1462219,1466875,2034983
case_073,3,PIPE_V,4130,RELU,1466875,1466955,2034983
case_073,3,PIPE_M,4752,CONV,1466875,1471531,2034983
case_073,3,PIPE_MTE3,1000011066,COPY_OUT,1466955,1466964,2034983
case_073,3,PIPE_V,4753,RELU,1471531,1471611,2034983
case_073,3,PIPE_M,4754,CONV,1471611,1476267,2034983
case_073,3,PIPE_MTE2,1000006238,COPY_IN,1475252,1475279,2034983
case_073,3,PIPE_MTE2,1000005400,COPY_IN,1475279,1480814,2034983
case_073,3,PIPE_M,507,CONV,1476267,1480923,2034983
case_073,3,PIPE_V,4755,RELU,1476267,1476347,2034983
case_073,3,PIPE_V,4756,ADD,1476347,1476427,2034983
case_073,3,PIPE_MTE3,1000011671,COPY_OUT,1476427,1476501,2034983
case_073,3,PIPE_MTE2,1000007062,COPY_IN,1480814,1480850,2034983
case_073,3,PIPE_MTE2,1000007889,COPY_IN,1480850,1480886,2034983
case_073,3,PIPE_MTE2,1000008734,COPY_IN,1480886,1480922,2034983
case_073,3,PIPE_MTE2,1000009582,COPY_IN,1480922,1480958,2034983
case_073,3,PIPE_V,508,RELU,1480923,1481003,2034983
case_073,3,PIPE_MTE2,1000010409,COPY_IN,1480958,1480994,2034983
case_073,3,PIPE_MTE2,1000011248,COPY_IN,1480994,1481030,2034983
case_073,3,PIPE_M,509,CONV,1481003,1485659,2034983
case_073,3,PIPE_MTE2,1000011775,COPY_IN,1481030,1481066,2034983
case_073,3,PIPE_MTE2,1000005410,COPY_IN,1481066,1482056,2034983
case_073,3,PIPE_MTE2,1000008550,COPY_IN,1482056,1482074,2034983
case_073,3,PIPE_V,510,RELU,1485659,1485739,2034983
case_073,3,PIPE_M,1132,CONV,1485659,1490315,2034983
case_073,3,PIPE_MTE3,1000006240,COPY_OUT,1485739,1485748,2034983
case_073,3,PIPE_V,1133,RELU,1490315,1490395,2034983
case_073,3,PIPE_M,1134,CONV,1490395,1495051,2034983
case_073,3,PIPE_V,1135,RELU,1495051,1495131,2034983
case_073,3,PIPE_M,1757,CONV,1495051,1499707,2034983
case_073,3,PIPE_MTE3,1000007064,COPY_OUT,1495131,1495140,2034983
case_073,3,PIPE_V,1758,RELU,1499707,1499787,2034983
case_073,3,PIPE_M,1759,CONV,1499787,1504443,2034983
case_073,3,PIPE_V,1760,RELU,1504443,1504523,2034983
case_073,3,PIPE_M,2382,CONV,1504443,1509099,2034983
case_073,3,PIPE_MTE3,1000007891,COPY_OUT,1504523,1504532,2034983
case_073,3,PIPE_V,2383,RELU,1509099,1509179,2034983
case_073,3,PIPE_M,2384,CONV,1509179,1513835,2034983
case_073,3,PIPE_V,2385,RELU,1513835,1513915,2034983
case_073,3,PIPE_M,3007,CONV,1513835,1518491,2034983
case_073,3,PIPE_MTE3,1000008736,COPY_OUT,1513915,1513924,2034983
case_073,3,PIPE_MTE2,1000008553,COPY_IN,1514390,1514399,2034983
case_073,3,PIPE_MTE2,1000009395,COPY_IN,1514399,1514408,2034983
case_073,3,PIPE_V,3008,RELU,1518491,1518571,2034983
case_073,3,PIPE_M,3009,CONV,1518571,1523227,2034983
case_073,3,PIPE_V,3010,RELU,1523227,1523307,2034983
case_073,3,PIPE_M,3632,CONV,1523227,1527883,2034983
case_073,3,PIPE_MTE3,1000009584,COPY_OUT,1523307,1523316,2034983
case_073,3,PIPE_MTE2,1000009398,COPY_IN,1523782,1523791,2034983
case_073,3,PIPE_MTE2,1000010231,COPY_IN,1523791,1523800,2034983
case_073,3,PIPE_V,3633,RELU,1527883,1527963,2034983
case_073,3,PIPE_M,3634,CONV,1527963,1532619,2034983
case_073,3,PIPE_V,3635,RELU,1532619,1532699,2034983
case_073,3,PIPE_M,4257,CONV,1532619,1537275,2034983
case_073,3,PIPE_MTE3,1000010411,COPY_OUT,1532699,1532708,2034983
case_073,3,PIPE_MTE2,1000010234,COPY_IN,1533174,1533183,2034983
case_073,3,PIPE_MTE2,1000011073,COPY_IN,1533183,1533192,2034983
case_073,3,PIPE_V,4258,RELU,1537275,1537355,2034983
case_073,3,PIPE_M,4259,CONV,1537355,1542011,2034983
case_073,3,PIPE_V,4260,RELU,1542011,1542091,2034983
case_073,3,PIPE_M,4882,CONV,1542011,1546667,2034983
case_073,3,PIPE_MTE3,1000011250,COPY_OUT,1542091,1542100,2034983
case_073,3,PIPE_MTE2,1000011076,COPY_IN,1542561,1542570,2034983
case_073,3,PIPE_V,4883,RELU,1546667,1546747,2034983
case_073,3,PIPE_M,4884,CONV,1546747,1551403,2034983
case_073,3,PIPE_V,4885,RELU,1551403,1551483,2034983
case_073,3,PIPE_V,2261,ADD,1551483,1551563,2034983
case_073,3,PIPE_MTE3,1000011777,COPY_OUT,1551483,1551501,2034983
case_073,3,PIPE_M,2262,CONV,1551563,1552635,2034983
case_073,3,PIPE_V,2886,ADD,1551563,1551643,2034983
case_073,3,PIPE_V,3511,ADD,1551643,1551723,2034983
case_073,3,PIPE_V,4136,ADD,1551723,1551803,2034983
case_073,3,PIPE_MTE2,1000011675,COPY_IN,1551962,1551971,2034983
case_073,3,PIPE_V,4761,ADD,1551971,1552051,2034983
case_073,3,PIPE_MTE2,1000006335,COPY_IN,1551971,1551989,2034983
case_073,3,PIPE_MTE2,1000006365,COPY_IN,1551989,1552013,2034983
case_073,3,PIPE_MTE2,1000006993,COPY_IN,1552013,1552049,2034983
case_073,3,PIPE_MTE2,1000007068,COPY_IN,1552049,1552091,2034983
case_073,3,PIPE_V,638,ADD,1552051,1552163,2034983
case_073,3,PIPE_MTE2,1000007823,COPY_IN,1552091,1552124,2034983
case_073,3,PIPE_V,639,RELU,1552163,1552275,2034983
case_073,3,PIPE_V,1138,ADD,1552275,1552387,2034983
case_073,3,PIPE_V,1139,RELU,1552387,1552499,2034983
case_073,3,PIPE_M,2887,CONV,1552635,1553707,2034983
case_073,3,PIPE_MTE3,1000008555,COPY_OUT,1552635,1552671,2034983
case_073,3,PIPE_M,3512,CONV,1553707,1554779,2034983
case_073,3,PIPE_MTE3,1000009400,COPY_OUT,1553707,1553736,2034983
case_073,3,PIPE_M,4137,CONV,1554779,1555851,2034983
case_073,3,PIPE_MTE3,1000010236,COPY_OUT,1554779,1554819,2034983
case_073,3,PIPE_M,4762,CONV,1555851,1556923,2034983
case_073,3,PIPE_MTE3,1000011078,COPY_OUT,1555851,1555887,2034983
case_073,3,PIPE_MTE2,1000007895,COPY_IN,1556767,1556803,2034983
case_073,3,PIPE_V,1763,ADD,1556803,1556915,2034983
case_073,3,PIPE_MTE2,1000008668,COPY_IN,1556803,1556851,2034983
case_073,3,PIPE_V,1764,RELU,1556915,1557027,2034983
case_073,3,PIPE_MTE3,1000011677,COPY_OUT,1556923,1557004,2034983
case_073,3,PIPE_MTE3,1000007070,COPY_OUT,1557004,1557076,2034983
case_073,3,PIPE_MTE3,1000007897,COPY_OUT,1557076,1557148,2034983
case_073,3,PIPE_MTE2,1000008740,COPY_IN,1557875,1557984,2034983
case_073,3,PIPE_V,2388,ADD,1557984,1558096,2034983
case_073,3,PIPE_MTE2,1000009516,COPY_IN,1557984,1558084,2034983
case_073,3,PIPE_V,2389,RELU,1558096,1558208,2034983
case_073,3,PIPE_MTE3,1000008742,COPY_OUT,1558208,1558298,2034983
case_073,3,PIPE_MTE2,1000009588,COPY_IN,1558965,1559037,2034983
case_073,3,PIPE_V,3013,ADD,1559037,1559149,2034983
case_073,3,PIPE_MTE2,1000010349,COPY_IN,1559037,1559109,2034983
case_073,3,PIPE_V,3014,RELU,1559149,1559261,2034983
case_073,3,PIPE_MTE3,1000009590,COPY_OUT,1559261,1559333,2034983
case_073,3,PIPE_MTE2,1000010415,COPY_IN,1560019,1560091,2034983
case_073,3,PIPE_V,3638,ADD,1560091,1560203,2034983
case_073,3,PIPE_MTE2,1000011188,COPY_IN,1560091,1560163,2034983
case_073,3,PIPE_V,3639,RELU,1560203,1560315,2034983
case_073,3,PIPE_MTE3,1000010417,COPY_OUT,1560315,1560369,2034983
case_073,3,PIPE_MTE2,1000011254,COPY_IN,1561073,1561091,2034983
case_073,3,PIPE_V,4263,ADD,1561091,1561203,2034983
case_073,3,PIPE_MTE2,1000011742,COPY_IN,1561091,1561109,2034983
case_073,3,PIPE_V,4264,RELU,1561203,1561315,2034983
case_073,3,PIPE_MTE3,1000011256,COPY_OUT,1561315,1561333,2034983
case_073,3,PIPE_MTE2,1000011781,COPY_IN,1562109,1562127,2034983
case_073,3,PIPE_V,4888,ADD,1562127,1562239,2034983
case_073,3,PIPE_MTE2,1000005420,COPY_IN,1562127,1562743,2034983
case_073,3,PIPE_V,4889,RELU,1562239,1562351,2034983
case_073,3,PIPE_MTE3,1000011783,COPY_OUT,1562351,1562405,2034983
case_073,3,PIPE_M,640,CONV,1562743,1567399,2034983
case_073,3,PIPE_MTE2,1000005430,COPY_IN,1562743,1563404,2034983
case_073,3,PIPE_MTE2,1000007186,COPY_IN,1563404,1563440,2034983
case_073,3,PIPE_MTE2,1000008010,COPY_IN,1563440,1563476,2034983
case_073,3,PIPE_MTE2,1000008858,COPY_IN,1563476,1563512,2034983
case_073,3,PIPE_MTE2,1000009703,COPY_IN,1563512,1563548,2034983
case_073,3,PIPE_MTE2,1000010536,COPY_IN,1563548,1563584,2034983
case_073,3,PIPE_MTE2,1000011366,COPY_IN,1563584,1563620,2034983
case_073,3,PIPE_MTE2,1000005659,COPY_IN,1563620,1563656,2034983
case_073,3,PIPE_V,641,RELU,1567399,1567511,2034983
case_073,3,PIPE_M,642,CONV,1567511,1572167,2034983
case_073,3,PIPE_MTE2,1000005665,COPY_IN,1568955,1568973,2034983
case_073,3,PIPE_MTE2,1000005858,COPY_IN,1568973,1568991,2034983
case_073,3,PIPE_MTE2,1000005861,COPY_IN,1571645,1571663,2034983
case_073,3,PIPE_MTE2,1000006051,COPY_IN,1571663,1571681,2034983
case_073,3,PIPE_MTE2,1000006054,COPY_IN,1571681,1571699,2034983
case_073,3,PIPE_MTE2,1000006247,COPY_IN,1571699,1571717,2034983
case_073,3,PIPE_MTE2,1000006250,COPY_IN,1571717,1571735,2034983
case_073,3,PIPE_MTE2,1000006507,COPY_IN,1571735,1571753,2034983
case_073,3,PIPE_V,643,RELU,1572167,1572279,2034983
case_073,3,PIPE_M,1265,CONV,1572167,1576823,2034983
case_073,3,PIPE_V,1266,RELU,1576823,1576935,2034983
case_073,3,PIPE_M,1267,CONV,1576935,1581591,2034983
case_073,3,PIPE_MTE2,1000006510,COPY_IN,1578379,1578397,2034983
case_073,3,PIPE_MTE2,1000006688,COPY_IN,1578397,1578415,2034983
case_073,3,PIPE_MTE2,1000006691,COPY_IN,1581069,1581087,2034983
case_073,3,PIPE_MTE2,1000006887,COPY_IN,1581087,1581105,2034983
case_073,3,PIPE_MTE2,1000006890,COPY_IN,1581105,1581123,2034983
case_073,3,PIPE_MTE2,1000007074,COPY_IN,1581123,1581141,2034983
case_073,3,PIPE_MTE2,1000007325,COPY_IN,1581141,1581159,2034983
case_073,3,PIPE_V,1268,RELU,1581591,1581703,2034983
case_073,3,PIPE_M,1890,CONV,1581591,1586247,2034983
case_073,3,PIPE_V,1891,RELU,1586247,1586359,2034983
case_073,3,PIPE_M,1892,CONV,1586359,1591015,2034983
case_073,3,PIPE_MTE2,1000007331,COPY_IN,1587803,1587821,2034983
case_073,3,PIPE_MTE2,1000007518,COPY_IN,1587821,1587839,2034983
case_073,3,PIPE_MTE2,1000007521,COPY_IN,1590493,1590511,2034983
case_073,3,PIPE_MTE2,1000007717,COPY_IN,1590511,1590529,2034983
case_073,3,PIPE_MTE2,1000007720,COPY_IN,1590529,1590547,2034983
case_073,3,PIPE_MTE2,1000007901,COPY_IN,1590547,1590565,2034983
case_073,3,PIPE_MTE2,1000008161,COPY_IN,1590565,1590583,2034983
case_073,3,PIPE_V,1893,RELU,1591015,1591127,2034983
case_073,3,PIPE_M,2515,CONV,1591015,1595671,2034983
case_073,3,PIPE_V,2516,RELU,1595671,1595783,2034983
case_073,3,PIPE_M,2517,CONV,1595783,1600439,2034983
case_073,3,PIPE_MTE2,1000008167,COPY_IN,1597227,1597245,2034983
case_073,3,PIPE_MTE2,1000008363,COPY_IN,1597245,1597263,2034983
case_073,3,PIPE_MTE2,1000008366,COPY_IN,1599917,1599935,2034983
case_073,3,PIPE_MTE2,1000008562,COPY_IN,1599935,1599953,2034983
case_073,3,PIPE_MTE2,1000008565,COPY_IN,1599953,1599971,2034983
case_073,3,PIPE_MTE2,1000008746,COPY_IN,1599971,1599989,2034983
case_073,3,PIPE_MTE2,1000009009,COPY_IN,1599989,1600007,2034983
case_073,3,PIPE_V,2518,RELU,1600439,1600551,2034983
case_073,3,PIPE_M,3140,CONV,1600439,1605095,2034983
case_073,3,PIPE_V,3141,RELU,1605095,1605207,2034983
case_073,3,PIPE_M,3142,CONV,1605207,1609863,2034983
case_073,3,PIPE_MTE2,1000009015,COPY_IN,1606651,1606669,2034983
case_073,3,PIPE_MTE2,1000009208,COPY_IN,1606669,1606687,2034983
case_073,3,PIPE_MTE2,1000009211,COPY_IN,1609341,1609359,2034983
case_073,3,PIPE_MTE2,1000009407,COPY_IN,1609359,1609377,2034983
case_073,3,PIPE_MTE2,1000009410,COPY_IN,1609377,1609395,2034983
case_073,3,PIPE_MTE2,1000009594,COPY_IN,1609395,1609413,2034983
case_073,3,PIPE_MTE2,1000009854,COPY_IN,1609413,1609431,2034983
case_073,3,PIPE_V,3143,RELU,1609863,1609975,2034983
case_073,3,PIPE_M,3765,CONV,1609863,1614519,2034983
case_073,3,PIPE_V,3766,RELU,1614519,1614631,2034983
case_073,3,PIPE_M,3767,CONV,1614631,1619287,2034983
case_073,3,PIPE_MTE2,1000009860,COPY_IN,1616075,1616093,2034983
case_073,3,PIPE_MTE2,1000010047,COPY_IN,1616093,1616111,2034983
case_073,3,PIPE_MTE2,1000010050,COPY_IN,1618765,1618783,2034983
case_073,3,PIPE_MTE2,1000010243,COPY_IN,1618783,1618801,2034983
case_073,3,PIPE_MTE2,1000010246,COPY_IN,1618801,1618819,2034983
case_073,3,PIPE_MTE2,1000010421,COPY_IN,1618819,1618837,2034983
case_073,3,PIPE_MTE2,1000010693,COPY_IN,1618837,1618855,2034983
case_073,3,PIPE_V,3768,RELU,1619287,1619399,2034983
case_073,3,PIPE_M,4390,CONV,1619287,1623943,2034983
case_073,3,PIPE_V,4391,RELU,1623943,1624055,2034983
case_073,3,PIPE_M,4392,CONV,1624055,1628711,2034983
case_073,3,PIPE_MTE2,1000010699,COPY_IN,1625499,1625517,2034983
case_073,3,PIPE_MTE2,1000010889,COPY_IN,1625517,1625535,2034983
case_073,3,PIPE_MTE2,1000010892,COPY_IN,1628189,1628207,2034983
case_073,3,PIPE_MTE2,1000011085,COPY_IN,1628207,1628225,2034983
case_073,3,PIPE_MTE2,1000011088,COPY_IN,1628225,1628243,2034983
case_073,3,PIPE_MTE2,1000011260,COPY_IN,1628243,1628261,2034983
case_073,3,PIPE_MTE2,1000005440,COPY_IN,1628261,1628569,2034983
case_073,3,PIPE_MTE2,1000005450,COPY_IN,1628569,1628877,2034983
case_073,3,PIPE_V,4393,RELU,1628711,1628823,2034983
case_073,3,PIPE_V,144,ADD,1628823,1628935,2034983
case_073,3,PIPE_M,145,CONV,1628935,1633591,2034983
case_073,3,PIPE_V,269,ADD,1628935,1629047,2034983
case_073,3,PIPE_MTE3,1000005667,COPY_OUT,1628935,1628953,2034983
case_073,3,PIPE_V,394,ADD,1629047,1629159,2034983
case_073,3,PIPE_MTE3,1000005863,COPY_OUT,1629047,1629065,2034983
case_073,3,PIPE_MTE3,1000005866,COPY_OUT,1629065,1629083,2034983
case_073,3,PIPE_V,519,ADD,1629159,1629271,2034983
case_073,3,PIPE_MTE3,1000006056,COPY_OUT,1629159,1629177,2034983
case_073,3,PIPE_MTE3,1000006059,COPY_OUT,1629177,1629195,2034983
case_073,3,PIPE_V,644,ADD,1629271,1629383,2034983
case_073,3,PIPE_MTE3,1000006252,COPY_OUT,1629271,1629289,2034983
case_073,3,PIPE_MTE3,1000006255,COPY_OUT,1629289,1629307,2034983
case_073,3,PIPE_V,769,ADD,1629383,1629495,2034983
case_073,3,PIPE_MTE3,1000006367,COPY_OUT,1629383,1629401,2034983
case_073,3,PIPE_V,894,ADD,1629495,1629607,2034983
case_073,3,PIPE_MTE3,1000006512,COPY_OUT,1629495,1629513,2034983
case_073,3,PIPE_V,1019,ADD,1629607,1629719,2034983
case_073,3,PIPE_MTE3,1000006693,COPY_OUT,1629607,1629643,2034983
case_073,3,PIPE_V,1144,ADD,1629719,1629831,2034983
case_073,3,PIPE_MTE3,1000006892,COPY_OUT,1629719,1629773,2034983
case_073,3,PIPE_MTE3,1000006895,COPY_OUT,1629773,1629840,2034983
case_073,3,PIPE_V,1269,ADD,1629831,1629943,2034983
case_073,3,PIPE_MTE3,1000007076,COPY_OUT,1629840,1629915,2034983
case_073,3,PIPE_V,1394,ADD,1629943,1630055,2034983
case_073,3,PIPE_MTE3,1000007188,COPY_OUT,1629943,1630024,2034983
case_073,3,PIPE_V,1519,ADD,1630055,1630167,2034983
case_073,3,PIPE_V,1644,ADD,1630167,1630279,2034983
case_073,3,PIPE_MTE3,1000007523,COPY_OUT,1630167,1630239,2034983
case_073,3,PIPE_MTE3,1000007526,COPY_OUT,1630239,1630311,2034983
case_073,3,PIPE_V,1769,ADD,1630279,1630391,2034983
case_073,3,PIPE_MTE3,1000007722,COPY_OUT,1630311,1630383,2034983
case_073,3,PIPE_V,1894,ADD,1630391,1630503,2034983
case_073,3,PIPE_MTE3,1000007903,COPY_OUT,1630391,1630463,2034983
case_073,3,PIPE_MTE3,1000007906,COPY_OUT,1630463,1630538,2034983
case_073,3,PIPE_V,2019,ADD,1630503,1630615,2034983
case_073,3,PIPE_MTE3,1000008012,COPY_OUT,1630538,1630626,2034983
case_073,3,PIPE_V,2144,ADD,1630615,1630727,2034983
case_073,3,PIPE_MTE3,1000008015,COPY_OUT,1630626,1630689,2034983
case_073,3,PIPE_MTE3,1000008169,COPY_OUT,1630689,1630743,2034983
case_073,3,PIPE_V,2269,ADD,1630727,1630839,2034983
case_073,3,PIPE_MTE3,1000008368,COPY_OUT,1630743,1630797,2034983
case_073,3,PIPE_MTE3,1000008371,COPY_OUT,1630797,1630865,2034983
case_073,3,PIPE_V,2394,ADD,1630839,1630951,2034983
case_073,3,PIPE_MTE3,1000008567,COPY_OUT,1630865,1630924,2034983
case_073,3,PIPE_V,2519,ADD,1630951,1631063,2034983
case_073,3,PIPE_MTE3,1000008748,COPY_OUT,1630951,1630987,2034983
case_073,3,PIPE_MTE3,1000008751,COPY_OUT,1630987,1631023,2034983
case_073,3,PIPE_V,2644,ADD,1631063,1631175,2034983
case_073,3,PIPE_MTE3,1000008860,COPY_OUT,1631063,1631081,2034983
case_073,3,PIPE_MTE3,1000008863,COPY_OUT,1631081,1631099,2034983
case_073,3,PIPE_V,2769,ADD,1631175,1631287,2034983
case_073,3,PIPE_MTE3,1000009017,COPY_OUT,1631175,1631197,2034983
case_073,3,PIPE_V,2894,ADD,1631287,1631399,2034983
case_073,3,PIPE_MTE3,1000009213,COPY_OUT,1631287,1631305,2034983
case_073,3,PIPE_MTE3,1000009216,COPY_OUT,1631305,1631323,2034983
case_073,3,PIPE_V,3019,ADD,1631399,1631511,2034983
case_073,3,PIPE_MTE3,1000009412,COPY_OUT,1631399,1631417,2034983
case_073,3,PIPE_V,3144,ADD,1631511,1631623,2034983
case_073,3,PIPE_MTE3,1000009596,COPY_OUT,1631511,1631529,2034983
case_073,3,PIPE_MTE3,1000009599,COPY_OUT,1631529,1631547,2034983
case_073,3,PIPE_V,3269,ADD,1631623,1631735,2034983
case_073,3,PIPE_MTE3,1000009705,COPY_OUT,1631623,1631641,2034983
case_073,3,PIPE_MTE3,1000009708,COPY_OUT,1631641,1631659,2034983
case_073,3,PIPE_V,3394,ADD,1631735,1631847,2034983
case_073,3,PIPE_MTE3,1000009862,COPY_OUT,1631735,1631753,2034983
case_073,3,PIPE_V,3519,ADD,1631847,1631959,2034983
case_073,3,PIPE_MTE3,1000010052,COPY_OUT,1631847,1631865,2034983
case_073,3,PIPE_MTE3,1000010055,COPY_OUT,1631865,1631883,2034983
case_073,3,PIPE_V,3644,ADD,1631959,1632071,2034983
case_073,3,PIPE_MTE3,1000010248,COPY_OUT,1631959,1631977,2034983
case_073,3,PIPE_V,3769,ADD,1632071,1632183,2034983
case_073,3,PIPE_MTE3,1000010423,COPY_OUT,1632071,1632089,2034983
case_073,3,PIPE_MTE3,1000010426,COPY_OUT,1632089,1632107,2034983
case_073,3,PIPE_V,3894,ADD,1632183,1632295,2034983
case_073,3,PIPE_MTE3,1000010538,COPY_OUT,1632183,1632201,2034983
case_073,3,PIPE_MTE3,1000010541,COPY_OUT,1632201,1632219,2034983
case_073,3,PIPE_V,4019,ADD,1632295,1632407,2034983
case_073,3,PIPE_MTE3,1000010701,COPY_OUT,1632295,1632313,2034983
case_073,3,PIPE_V,4144,ADD,1632407,1632519,2034983
case_073,3,PIPE_MTE3,1000010894,COPY_OUT,1632407,1632425,2034983
case_073,3,PIPE_MTE3,1000010897,COPY_OUT,1632425,1632443,2034983
case_073,3,PIPE_V,4269,ADD,1632519,1632631,2034983
case_073,3,PIPE_MTE3,1000011090,COPY_OUT,1632519,1632537,2034983
case_073,3,PIPE_V,4394,ADD,1632631,1632743,2034983
case_073,3,PIPE_MTE3,1000011262,COPY_OUT,1632631,1632649,2034983
case_073,3,PIPE_MTE3,1000011265,COPY_OUT,1632649,1632667,2034983
case_073,3,PIPE_MTE3,1000011368,COPY_OUT,1632743,1632761,2034983
case_073,3,PIPE_MTE3,1000011371,COPY_OUT,1632761,1632779,2034983
case_073,3,PIPE_V,146,RELU,1633591,1633703,2034983
case_073,3,PIPE_M,147,CONV,1633703,1638359,2034983
case_073,3,PIPE_MTE2,1000011484,COPY_IN,1635053,1635071,2034983
case_073,3,PIPE_V,148,RELU,1638359,1638471,2034983
case_073,3,PIPE_M,770,CONV,1638359,1643015,2034983
case_073,3,PIPE_MTE3,1000005670,COPY_OUT,1638471,1638489,2034983
case_073,3,PIPE_V,771,RELU,1643015,1643127,2034983
case_073,3,PIPE_M,772,CONV,1643127,1647783,2034983
case_073,3,PIPE_MTE2,1000006371,COPY_IN,1644420,1644438,2034983
case_073,3,PIPE_MTE2,1000005460,COPY_IN,1644438,1644507,2034983
case_073,3,PIPE_V,773,RELU,1647783,1647895,2034983
case_073,3,PIPE_M,1395,CONV,1647783,1652439,2034983
case_073,3,PIPE_MTE3,1000006515,COPY_OUT,1647895,1647913,2034983
case_073,3,PIPE_V,1396,RELU,1652439,1652551,2034983
case_073,3,PIPE_M,1397,CONV,1652551,1657207,2034983
case_073,3,PIPE_MTE2,1000006697,COPY_IN,1653771,1653789,2034983
case_073,3,PIPE_MTE2,1000007080,COPY_IN,1653815,1653833,2034983
case_073,3,PIPE_V,1398,RELU,1657207,1657319,2034983
case_073,3,PIPE_M,2020,CONV,1657207,1661863,2034983
case_073,3,PIPE_V,2021,RELU,1661863,1661975,2034983
case_073,3,PIPE_M,2022,CONV,1661975,1666631,2034983
case_073,3,PIPE_MTE2,1000007726,COPY_IN,1665885,1665903,2034983
case_073,3,PIPE_V,2023,RELU,1666631,1666743,2034983
case_073,3,PIPE_M,2645,CONV,1666631,1671287,2034983
case_073,3,PIPE_MTE3,1000008172,COPY_OUT,1666743,1666761,2034983
case_073,3,PIPE_V,2646,RELU,1671287,1671399,2034983
case_073,3,PIPE_M,2647,CONV,1671399,1676055,2034983
case_073,3,PIPE_MTE2,1000008571,COPY_IN,1675309,1675327,2034983
case_073,3,PIPE_V,2648,RELU,1676055,1676167,2034983
case_073,3,PIPE_M,3270,CONV,1676055,1680711,2034983
case_073,3,PIPE_MTE3,1000009020,COPY_OUT,1676167,1676185,2034983
case_073,3,PIPE_V,3271,RELU,1680711,1680823,2034983
case_073,3,PIPE_M,3272,CONV,1680823,1685479,2034983
case_073,3,PIPE_MTE2,1000009416,COPY_IN,1684733,1684751,2034983
case_073,3,PIPE_V,3273,RELU,1685479,1685591,2034983
case_073,3,PIPE_M,3895,CONV,1685479,1690135,2034983
case_073,3,PIPE_MTE3,1000009865,COPY_OUT,1685591,1685609,2034983
case_073,3,PIPE_V,3896,RELU,1690135,1690247,2034983
case_073,3,PIPE_M,3897,CONV,1690247,1694903,2034983
case_073,3,PIPE_MTE2,1000010252,COPY_IN,1694157,1694175,2034983
case_073,3,PIPE_V,3898,RELU,1694903,1695015,2034983
case_073,3,PIPE_M,4520,CONV,1694903,1699559,2034983
case_073,3,PIPE_MTE3,1000010704,COPY_OUT,1695015,1695033,2034983
case_073,3,PIPE_V,4521,RELU,1699559,1699671,2034983
case_073,3,PIPE_M,4522,CONV,1699671,1704327,2034983
case_073,3,PIPE_MTE2,1000011094,COPY_IN,1703581,1703599,2034983
case_073,3,PIPE_MTE2,1000011687,COPY_IN,1703599,1703617,2034983
case_073,3,PIPE_V,4523,RELU,1704327,1704439,2034983
case_073,3,PIPE_V,649,ADD,1704439,1704551,2034983
case_073,3,PIPE_MTE3,1000011486,COPY_OUT,1704439,1704457,2034983
case_073,3,PIPE_M,650,CONV,1704551,1705623,2034983
case_073,3,PIPE_V,899,ADD,1704551,1704663,2034983
case_073,3,PIPE_V,1149,ADD,1704663,1704775,2034983
case_073,3,PIPE_V,1399,ADD,1704775,1704887,2034983
case_073,3,PIPE_V,1649,ADD,1704887,1704999,2034983
case_073,3,PIPE_V,2274,ADD,1704999,1705111,2034983
case_073,3,PIPE_V,2899,ADD,1705111,1705223,2034983
case_073,3,PIPE_V,3524,ADD,1705223,1705335,2034983
case_073,3,PIPE_V,4149,ADD,1705335,1705447,2034983
case_073,3,PIPE_M,900,CONV,1705623,1706695,2034983
case_073,3,PIPE_MTE3,1000006373,COPY_OUT,1705623,1705658,2034983
case_073,3,PIPE_M,1150,CONV,1706695,1707767,2034983
case_073,3,PIPE_MTE3,1000006699,COPY_OUT,1706695,1706730,2034983
case_073,3,PIPE_M,1400,CONV,1707767,1708839,2034983
case_073,3,PIPE_MTE3,1000007082,COPY_OUT,1707767,1707802,2034983
case_073,3,PIPE_M,1650,CONV,1708839,1709911,2034983
case_073,3,PIPE_MTE3,1000007333,COPY_OUT,1708839,1708874,2034983
case_073,3,PIPE_M,2275,CONV,1709911,1710983,2034983
case_073,3,PIPE_MTE3,1000007728,COPY_OUT,1709911,1709946,2034983
case_073,3,PIPE_M,2900,CONV,1710983,1712055,2034983
case_073,3,PIPE_MTE3,1000008573,COPY_OUT,1710983,1711065,2034983
case_073,3,PIPE_M,3525,CONV,1712055,1713127,2034983
case_073,3,PIPE_MTE3,1000009418,COPY_OUT,1712055,1712137,2034983
case_073,3,PIPE_MTE2,1000011690,COPY_IN,1713005,1713023,2034983
case_073,3,PIPE_V,4774,ADD,1713023,1713135,2034983
case_073,3,PIPE_MTE2,1000006148,COPY_IN,1713023,1713058,2034983
case_073,3,PIPE_MTE2,1000006262,COPY_IN,1713058,1713093,2034983
case_073,3,PIPE_MTE2,1000006785,COPY_IN,1713093,1713133,2034983
case_073,3,PIPE_M,4150,CONV,1713127,1714199,2034983
case_073,3,PIPE_MTE3,1000010254,COPY_OUT,1713127,1713252,2034983
case_073,3,PIPE_MTE2,1000006902,COPY_IN,1713133,1713256,2034983
case_073,3,PIPE_V,526,ADD,1713135,1713311,2034983
case_073,3,PIPE_MTE2,1000007416,COPY_IN,1713256,1713303,2034983
case_073,3,PIPE_MTE2,1000007533,COPY_IN,1713303,1713338,2034983
case_073,3,PIPE_V,527,RELU,1713311,1713487,2034983
case_073,3,PIPE_MTE2,1000008258,COPY_IN,1713338,1713373,2034983
case_073,3,PIPE_MTE2,1000008378,COPY_IN,1713373,1713408,2034983
case_073,3,PIPE_MTE2,1000009103,COPY_IN,1713408,1713464,2034983
case_073,3,PIPE_MTE2,1000009223,COPY_IN,1713464,1713513,2034983
case_073,3,PIPE_V,1026,ADD,1713487,1713663,2034983
case_073,3,PIPE_MTE2,1000009945,COPY_IN,1713513,1713548,2034983
case_073,3,PIPE_V,1027,RELU,1713663,1713839,2034983
case_073,3,PIPE_MTE2,1000010062,COPY_IN,1713780,1713885,2034983
case_073,3,PIPE_V,1526,ADD,1713839,1714015,2034983
case_073,3,PIPE_MTE2,1000010787,COPY_IN,1713885,1713959,2034983
case_073,3,PIPE_V,1527,RELU,1714015,1714191,2034983
case_073,3,PIPE_V,2151,ADD,1714191,1714367,2034983
case_073,3,PIPE_M,4775,CONV,1714199,1715271,2034983
case_073,3,PIPE_MTE3,1000011096,COPY_OUT,1714199,1714319,2034983
case_073,3,PIPE_V,2152,RELU,1714367,1714543,2034983
case_073,3,PIPE_V,2776,ADD,1714543,1714719,2034983
case_073,3,PIPE_V,2777,RELU,1714719,1714895,2034983
case_073,3,PIPE_MTE2,1000010904,COPY_IN,1714848,1714953,2034983
case_073,3,PIPE_V,3401,ADD,1714895,1715071,2034983
case_073,3,PIPE_MTE2,1000011536,COPY_IN,1714953,1715023,2034983
case_073,3,PIPE_V,3402,RELU,1715071,1715247,2034983
case_073,3,PIPE_V,4026,ADD,1715247,1715423,2034983
case_073,3,PIPE_MTE3,1000011692,COPY_OUT,1715271,1715415,2034983
case_073,3,PIPE_MTE3,1000006264,COPY_OUT,1715415,1715520,2034983
case_073,3,PIPE_V,4027,RELU,1715423,1715599,2034983
case_073,3,PIPE_MTE3,1000006267,COPY_OUT,1715520,1715592,2034983
case_073,3,PIPE_MTE3,1000006904,COPY_OUT,1715592,1715662,2034983
case_073,3,PIPE_MTE3,1000007535,COPY_OUT,1715662,1715732,2034983
case_073,3,PIPE_MTE3,1000007538,COPY_OUT,1715732,1715802,2034983
case_073,3,PIPE_MTE3,1000008380,COPY_OUT,1715802,1715901,2034983
case_073,3,PIPE_MTE3,1000008383,COPY_OUT,1715901,1716062,2034983
case_073,3,PIPE_MTE2,1000011593,COPY_IN,1715948,1716123,2034983
case_073,3,PIPE_MTE3,1000009225,COPY_OUT,1716062,1716238,2034983
case_073,3,PIPE_V,4651,ADD,1716123,1716299,2034983
case_073,3,PIPE_MTE2,1000005470,COPY_IN,1716123,1716586,2034983
case_073,3,PIPE_MTE3,1000009228,COPY_OUT,1716238,1716433,2034983
case_073,3,PIPE_V,4652,RELU,1716299,1716475,2034983
case_073,3,PIPE_MTE3,1000010064,COPY_OUT,1716433,1716712,2034983
case_073,3,PIPE_MTE2,1000005480,COPY_IN,1716586,1717120,2034983
case_073,3,PIPE_MTE3,1000010067,COPY_OUT,1716712,1716961,2034983
case_073,3,PIPE_MTE3,1000010906,COPY_OUT,1716961,1717165,2034983
case_073,3,PIPE_MTE2,1000006072,COPY_IN,1717120,1717313,2034983
case_073,3,PIPE_MTE3,1000010909,COPY_OUT,1717165,1717367,2034983
case_073,3,PIPE_M,403,CONV,1717313,1721969,2034983
case_073,3,PIPE_MTE3,1000011595,COPY_OUT,1717367,1717541,2034983
case_073,3,PIPE_MTE2,1000007735,COPY_IN,1718943,1719086,2034983
case_073,3,PIPE_MTE2,1000008580,COPY_IN,1719164,1719307,2034983
case_073,3,PIPE_MTE2,1000009425,COPY_IN,1719375,1719474,2034983
case_073,3,PIPE_MTE2,1000010261,COPY_IN,1719636,1719706,2034983
case_073,3,PIPE_MTE2,1000011103,COPY_IN,1719863,1719934,2034983
case_073,3,PIPE_MTE2,1000011696,COPY_IN,1719962,1720003,2034983
case_073,3,PIPE_MTE2,1000005490,COPY_IN,1720003,1720080,2034983
case_073,3,PIPE_MTE2,1000005500,COPY_IN,1720080,1720157,2034983
case_073,3,PIPE_V,404,RELU,1721969,1722145,2034983
case_073,3,PIPE_M,405,CONV,1722145,1726801,2034983
case_073,3,PIPE_V,406,RELU,1726801,1726977,2034983
case_073,3,PIPE_M,1028,CONV,1726801,1731457,2034983
case_073,3,PIPE_MTE3,1000006074,COPY_OUT,1726977,1727012,2034983
case_073,3,PIPE_V,1029,RELU,1731457,1731633,2034983
case_073,3,PIPE_M,1030,CONV,1731633,1736289,2034983
case_073,3,PIPE_V,1031,RELU,1736289,1736465,2034983
case_073,3,PIPE_M,1653,CONV,1736289,1740945,2034983
case_073,3,PIPE_MTE3,1000006907,COPY_OUT,1736465,1736500,2034983
case_073,3,PIPE_V,1654,RELU,1740945,1741121,2034983
case_073,3,PIPE_M,1655,CONV,1741121,1745777,2034983
case_073,3,PIPE_V,1656,RELU,1745777,1745953,2034983
case_073,3,PIPE_M,2278,CONV,1745777,1750433,2034983
case_073,3,PIPE_MTE3,1000007737,COPY_OUT,1745953,1745988,2034983
case_073,3,PIPE_V,2279,RELU,1750433,1750609,2034983
case_073,3,PIPE_M,2280,CONV,1750609,1755265,2034983
case_073,3,PIPE_V,2281,RELU,1755265,1755441,2034983
case_073,3,PIPE_M,2903,CONV,1755265,1759921,2034983
case_073,3,PIPE_MTE3,1000008582,COPY_OUT,1755441,1755476,2034983
case_073,3,PIPE_V,2904,RELU,1759921,1760097,2034983
case_073,3,PIPE_M,2905,CONV,1760097,1764753,2034983
case_073,3,PIPE_V,2906,RELU,1764753,1764929,2034983
case_073,3,PIPE_M,3528,CONV,1764753,1769409,2034983
case_073,3,PIPE_MTE3,1000009427,COPY_OUT,1764929,1764964,2034983
case_073,3,PIPE_V,3529,RELU,1769409,1769585,2034983
case_073,3,PIPE_M,3530,CONV,1769585,1774241,2034983
case_073,3,PIPE_V,3531,RELU,1774241,1774417,2034983
case_073,3,PIPE_M,4153,CONV,1774241,1778897,2034983
case_073,3,PIPE_MTE3,1000010263,COPY_OUT,1774417,1774452,2034983
case_073,3,PIPE_V,4154,RELU,1778897,1779073,2034983
case_073,3,PIPE_M,4155,CONV,1779073,1783729,2034983
case_073,3,PIPE_V,4156,RELU,1783729,1783905,2034983
case_073,3,PIPE_M,4778,CONV,1783729,1788385,2034983
case_073,3,PIPE_MTE3,1000011105,COPY_OUT,1783905,1783940,2034983
case_073,3,PIPE_MTE2,1000006277,COPY_IN,1786631,1786736,2034983
case_073,3,PIPE_MTE2,1000007095,COPY_IN,1787624,1787673,2034983
case_073,3,PIPE_MTE2,1000007922,COPY_IN,1788356,1788419,2034983
case_073,3,PIPE_V,4779,RELU,1788385,1788561,2034983
case_073,3,PIPE_M,4780,CONV,1788561,1793217,2034983
case_073,3,PIPE_MTE2,1000008767,COPY_IN,1789236,1789299,2034983
case_073,3,PIPE_MTE2,1000009615,COPY_IN,1790116,1790179,2034983
case_073,3,PIPE_MTE2,1000010442,COPY_IN,1790996,1791059,2034983
case_073,3,PIPE_MTE2,1000011281,COPY_IN,1791876,1791911,2034983
case_073,3,PIPE_M,533,CONV,1793217,1797873,2034983
case_073,3,PIPE_V,4781,RELU,1793217,1793393,2034983
case_073,3,PIPE_V,4782,ADD,1793393,1793569,2034983
case_073,3,PIPE_MTE3,1000011698,COPY_OUT,1793569,1793604,2034983
case_073,3,PIPE_MTE2,1000011802,COPY_IN,1794761,1794796,2034983
case_073,3,PIPE_MTE2,1000005510,COPY_IN,1794796,1794814,2034983
case_073,3,PIPE_V,534,RELU,1797873,1798049,2034983
case_073,3,PIPE_M,535,CONV,1798049,1802705,2034983
case_073,3,PIPE_V,536,RELU,1802705,1802881,2034983
case_073,3,PIPE_M,1158,CONV,1802705,1807361,2034983
case_073,3,PIPE_MTE3,1000006279,COPY_OUT,1802881,1802916,2034983
case_073,3,PIPE_V,1159,RELU,1807361,1807537,2034983
case_073,3,PIPE_M,1160,CONV,1807537,1812193,2034983
case_073,3,PIPE_V,1161,RELU,1812193,1812369,2034983
case_073,3,PIPE_M,1783,CONV,1812193,1816849,2034983
case_073,3,PIPE_MTE3,1000007097,COPY_OUT,1812369,1812404,2034983
case_073,3,PIPE_V,1784,RELU,1816849,1817025,2034983
case_073,3,PIPE_M,1785,CONV,1817025,1821681,2034983
case_073,3,PIPE_V,1786,RELU,1821681,1821857,2034983
case_073,3,PIPE_M,2408,CONV,1821681,1826337,2034983
case_073,3,PIPE_V,2409,RELU,1826337,1826513,2034983
case_073,3,PIPE_M,2410,CONV,1826513,1831169,2034983
case_073,3,PIPE_V,2411,RELU,1831169,1831345,2034983
case_073,3,PIPE_M,3033,CONV,1831169,1835825,2034983
case_073,3,PIPE_V,3034,RELU,1835825,1836001,2034983
case_073,3,PIPE_M,3035,CONV,1836001,1840657,2034983
case_073,3,PIPE_V,3036,RELU,1840657,1840833,2034983
case_073,3,PIPE_M,3658,CONV,1840657,1845313,2034983
case_073,3,PIPE_V,3659,RELU,1845313,1845489,2034983
case_073,3,PIPE_M,3660,CONV,1845489,1850145,2034983
case_073,3,PIPE_V,3661,RELU,1850145,1850321,2034983
case_073,3,PIPE_M,4283,CONV,1850145,1854801,2034983
case_073,3,PIPE_V,4284,RELU,1854801,1854977,2034983
case_073,3,PIPE_M,4285,CONV,1854977,1859633,2034983
case_073,3,PIPE_V,4286,RELU,1859633,1859809,2034983
case_073,3,PIPE_M,4908,CONV,1859633,1864289,2034983
case_073,3,PIPE_V,4909,RELU,1864289,1864465,2034983
case_073,3,PIPE_M,4910,CONV,1864465,1869121,2034983
case_073,3,PIPE_MTE2,1000006718,COPY_IN,1867632,1867756,2034983
case_073,3,PIPE_MTE2,1000011819,COPY_IN,1867756,1867825,2034983
case_073,3,PIPE_V,4911,RELU,1869121,1869297,2034983
case_073,3,PIPE_V,1787,ADD,1869297,1869473,2034983
case_073,3,PIPE_M,1788,CONV,1869473,1870545,2034983
case_073,3,PIPE_V,2412,ADD,1869473,1869649,2034983
case_073,3,PIPE_V,3037,ADD,1869649,1869825,2034983
case_073,3,PIPE_V,3662,ADD,1869825,1870001,2034983
case_073,3,PIPE_V,4287,ADD,1870001,1870177,2034983
case_073,3,PIPE_V,4912,ADD,1870177,1870353,2034983
case_073,3,PIPE_V,914,ADD,1870353,1870657,2034983
case_073,3,PIPE_M,2413,CONV,1870545,1871617,2034983
case_073,3,PIPE_MTE3,1000007924,COPY_OUT,1870545,1870614,2034983
case_073,3,PIPE_V,915,RELU,1870657,1870961,2034983
case_073,3,PIPE_M,3038,CONV,1871617,1872689,2034983
case_073,3,PIPE_MTE3,1000008769,COPY_OUT,1871617,1871741,2034983
case_073,3,PIPE_M,3663,CONV,1872689,1873761,2034983
case_073,3,PIPE_MTE3,1000009617,COPY_OUT,1872689,1873095,2034983
case_073,3,PIPE_MTE2,1000007548,COPY_IN,1873523,1873905,2034983
case_073,3,PIPE_M,4288,CONV,1873761,1874833,2034983
case_073,3,PIPE_MTE3,1000010444,COPY_OUT,1873761,1874218,2034983
case_073,3,PIPE_MTE2,1000011817,COPY_IN,1873905,1874328,2034983
case_073,3,PIPE_V,1539,ADD,1874328,1874632,2034983
case_073,3,PIPE_MTE2,1000008393,COPY_IN,1874620,1875124,2034983
case_073,3,PIPE_V,1540,RELU,1874632,1874936,2034983
case_073,3,PIPE_M,4913,CONV,1874833,1875905,2034983
case_073,3,PIPE_MTE3,1000011283,COPY_OUT,1874833,1875399,2034983
case_073,3,PIPE_MTE2,1000011815,COPY_IN,1875124,1875620,2034983
case_073,3,PIPE_V,2164,ADD,1875620,1875924,2034983
case_073,3,PIPE_MTE2,1000009238,COPY_IN,1875798,1876349,2034983
case_073,3,PIPE_MTE3,1000011804,COPY_OUT,1875905,1876456,2034983
case_073,3,PIPE_V,2165,RELU,1875924,1876228,2034983
case_073,3,PIPE_MTE2,1000011813,COPY_IN,1876349,1876863,2034983
case_073,3,PIPE_MTE3,1000006720,COPY_OUT,1876456,1876987,2034983
case_073,3,PIPE_V,2789,ADD,1876863,1877167,2034983
case_073,3,PIPE_MTE2,1000010077,COPY_IN,1876863,1877428,2034983
case_073,3,PIPE_MTE3,1000006723,COPY_OUT,1876987,1877542,2034983
case_073,3,PIPE_V,2790,RELU,1877167,1877471,2034983
case_073,3,PIPE_MTE2,1000011810,COPY_IN,1877428,1877965,2034983
case_073,3,PIPE_MTE3,1000007550,COPY_OUT,1877542,1878095,2034983
case_073,3,PIPE_V,3414,ADD,1877965,1878269,2034983
case_073,3,PIPE_MTE2,1000010919,COPY_IN,1877965,1878443,2034983
case_073,3,PIPE_MTE3,1000007553,COPY_OUT,1878095,1878535,2034983
case_073,3,PIPE_V,3415,RELU,1878269,1878573,2034983
case_073,3,PIPE_MTE2,1000011807,COPY_IN,1878443,1878908,2034983
case_073,3,PIPE_MTE3,1000008395,COPY_OUT,1878535,1879028,2034983
case_073,3,PIPE_V,4039,ADD,1878908,1879212,2034983
case_073,3,PIPE_MTE2,1000011602,COPY_IN,1878931,1879410,2034983
case_073,3,PIPE_MTE3,1000008398,COPY_OUT,1879028,1879495,2034983
case_073,3,PIPE_V,4040,RELU,1879212,1879516,2034983
case_073,3,PIPE_MTE2,1000011805,COPY_IN,1879410,1879936,2034983
case_073,3,PIPE_MTE3,1000009240,COPY_OUT,1879495,1880033,2034983
case_073,3,PIPE_V,4664,ADD,1879936,1880240,2034983
case_073,3,PIPE_MTE2,1000005520,COPY_IN,1879936,1880093,2034983
case_073,3,PIPE_MTE3,1000009243,COPY_OUT,1880033,1880471,2034983
case_073,3,PIPE_MTE2,1000005530,COPY_IN,1880093,1880224,2034983
case_073,3,PIPE_MTE2,1000006093,COPY_IN,1880224,1880642,2034983
case_073,3,PIPE_V,4665,RELU,1880240,1880544,2034983
case_073,3,PIPE_MTE3,1000010079,COPY_OUT,1880471,1880926,2034983
case_073,3,PIPE_M,416,CONV,1880642,1885298,2034983
case_073,3,PIPE_MTE2,1000006920,COPY_IN,1880642,1881075,2034983
case_073,3,PIPE_MTE3,1000010082,COPY_OUT,1880926,1881281,2034983
case_073,3,PIPE_MTE2,1000007750,COPY_IN,1881075,1881418,2034983
case_073,3,PIPE_MTE3,1000010921,COPY_OUT,1881281,1881622,2034983
case_073,3,PIPE_MTE2,1000008595,COPY_IN,1881418,1881750,2034983
case_073,3,PIPE_MTE3,1000010924,COPY_OUT,1881622,1881900,2034983
case_073,3,PIPE_MTE2,1000009440,COPY_IN,1881750,1881972,2034983
case_073,3,PIPE_MTE3,1000011604,COPY_OUT,1881900,1882063,2034983
case_073,3,PIPE_MTE2,1000010276,COPY_IN,1881972,1882119,2034983
case_073,3,PIPE_MTE2,1000011118,COPY_IN,1882119,1882325,2034983
case_073,3,PIPE_MTE2,1000011705,COPY_IN,1882325,1882454,2034983
case_073,3,PIPE_MTE2,1000011396,COPY_IN,1882454,1882567,2034983
case_073,3,PIPE_V,417,RELU,1885298,1885602,2034983
case_073,3,PIPE_M,418,CONV,1885602,1890258,2034983
case_073,3,PIPE_V,419,RELU,1890258,1890562,2034983
case_073,3,PIPE_M,1041,CONV,1890258,1894914,2034983
case_073,3,PIPE_MTE3,1000006095,COPY_OUT,1890562,1890631,2034983
case_073,3,PIPE_V,1042,RELU,1894914,1895218,2034983
case_073,3,PIPE_M,1043,CONV,1895218,1899874,2034983
case_073,3,PIPE_V,1044,RELU,1899874,1900178,2034983
case_073,3,PIPE_M,1666,CONV,1899874,1904530,2034983
case_073,3,PIPE_MTE3,1000006922,COPY_OUT,1900178,1900247,2034983
case_073,3,PIPE_V,1667,RELU,1904530,1904834,2034983
case_073,3,PIPE_M,1668,CONV,1904834,1909490,2034983
case_073,3,PIPE_V,1669,RELU,1909490,1909794,2034983
case_073,3,PIPE_M,2291,CONV,1909490,1914146,2034983
case_073,3,PIPE_MTE3,1000007752,COPY_OUT,1909794,1909863,2034983
case_073,3,PIPE_V,2292,RELU,1914146,1914450,2034983
case_073,3,PIPE_M,2293,CONV,1914450,1919106,2034983
case_073,3,PIPE_V,2294,RELU,1919106,1919410,2034983
case_073,3,PIPE_M,2916,CONV,1919106,1923762,2034983
case_073,3,PIPE_MTE3,1000008597,COPY_OUT,1919410,1919479,2034983
case_073,3,PIPE_V,2917,RELU,1923762,1924066,2034983
case_073,3,PIPE_M,2918,CONV,1924066,1928722,2034983
case_073,3,PIPE_V,2919,RELU,1928722,1929026,2034983
case_073,3,PIPE_M,3541,CONV,1928722,1933378,2034983
case_073,3,PIPE_MTE3,1000009442,COPY_OUT,1929026,1929095,2034983
case_073,3,PIPE_V,3542,RELU,1933378,1933682,2034983
case_073,3,PIPE_M,3543,CONV,1933682,1938338,2034983
case_073,3,PIPE_V,3544,RELU,1938338,1938642,2034983
case_073,3,PIPE_M,4166,CONV,1938338,1942994,2034983
case_073,3,PIPE_MTE3,1000010278,COPY_OUT,1938642,1938711,2034983
case_073,3,PIPE_V,4167,RELU,1942994,1943298,2034983
case_073,3,PIPE_M,4168,CONV,1943298,1947954,2034983
case_073,3,PIPE_V,4169,RELU,1947954,1948258,2034983
case_073,3,PIPE_M,4791,CONV,1947954,1952610,2034983
case_073,3,PIPE_MTE2,1000011399,COPY_IN,1948100,1948199,2034983
case_073,3,PIPE_MTE2,1000005540,COPY_IN,1948199,1948239,2034983
case_073,3,PIPE_MTE3,1000011120,COPY_OUT,1948258,1948396,2034983
case_073,3,PIPE_MTE2,1000006389,COPY_IN,1949689,1949827,2034983
case_073,3,PIPE_MTE2,1000005550,COPY_IN,1949827,1949867,2034983
case_073,3,PIPE_MTE2,1000007204,COPY_IN,1951170,1951299,2034983
case_073,3,PIPE_V,4792,RELU,1952610,1952914,2034983
case_073,3,PIPE_MTE2,1000008040,COPY_IN,1952690,1952819,2034983
case_073,3,PIPE_M,4793,CONV,1952914,1957570,2034983
case_073,3,PIPE_MTE2,1000008888,COPY_IN,1954210,1954339,2034983
case_073,3,PIPE_MTE2,1000009733,COPY_IN,1955730,1955895,2034983
case_073,3,PIPE_MTE2,1000010566,COPY_IN,1957396,1957466,2034983
case_073,3,PIPE_MTE2,1000005704,COPY_IN,1957466,1957535,2034983
case_073,3,PIPE_M,671,CONV,1957570,1962226,2034983
case_073,3,PIPE_V,4794,RELU,1957570,1957874,2034983
case_073,3,PIPE_V,4420,ADD,1957874,1958178,2034983
case_073,3,PIPE_V,4795,ADD,1958178,1958482,2034983
case_073,3,PIPE_MTE3,1000011401,COPY_OUT,1958178,1958247,2034983
case_073,3,PIPE_MTE3,1000011707,COPY_OUT,1958482,1958551,2034983
case_073,3,PIPE_V,672,RELU,1962226,1962530,2034983
case_073,3,PIPE_M,673,CONV,1962530,1967186,2034983
case_073,3,PIPE_MTE2,1000005707,COPY_IN,1963092,1963161,2034983
case_073,3,PIPE_MTE2,1000005894,COPY_IN,1963161,1963230,2034983
case_073,3,PIPE_MTE2,1000005900,COPY_IN,1965364,1965433,2034983
case_073,3,PIPE_MTE2,1000006102,COPY_IN,1965433,1965502,2034983
case_073,3,PIPE_MTE2,1000006105,COPY_IN,1965502,1965571,2034983
case_073,3,PIPE_MTE2,1000006292,COPY_IN,1965571,1965640,2034983
case_073,3,PIPE_MTE2,1000006295,COPY_IN,1965640,1965709,2034983
case_073,3,PIPE_MTE2,1000006537,COPY_IN,1965709,1965778,2034983
case_073,3,PIPE_V,674,RELU,1967186,1967490,2034983
case_073,3,PIPE_M,1296,CONV,1967186,1971842,2034983
case_073,3,PIPE_V,1297,RELU,1971842,1972146,2034983
case_073,3,PIPE_M,1298,CONV,1972146,1976802,2034983
case_073,3,PIPE_MTE2,1000006540,COPY_IN,1972708,1972777,2034983
case_073,3,PIPE_MTE2,1000006730,COPY_IN,1972777,1972846,2034983
case_073,3,PIPE_MTE2,1000006736,COPY_IN,1974980,1975049,2034983
case_073,3,PIPE_MTE2,1000006929,COPY_IN,1975049,1975118,2034983
case_073,3,PIPE_MTE2,1000006932,COPY_IN,1975118,1975187,2034983
case_073,3,PIPE_MTE2,1000007110,COPY_IN,1975187,1975256,2034983
case_073,3,PIPE_MTE2,1000007113,COPY_IN,1975256,1975325,2034983
case_073,3,PIPE_MTE2,1000007364,COPY_IN,1975325,1975394,2034983
case_073,3,PIPE_V,1299,RELU,1976802,1977106,2034983
case_073,3,PIPE_M,1921,CONV,1976802,1981458,2034983
case_073,3,PIPE_V,1922,RELU,1981458,1981762,2034983
case_073,3,PIPE_M,1923,CONV,1981762,1986418,2034983
case_073,3,PIPE_MTE2,1000007367,COPY_IN,1982324,1982393,2034983
case_073,3,PIPE_MTE2,1000007560,COPY_IN,1982393,1982462,2034983
case_073,3,PIPE_MTE2,1000007566,COPY_IN,1984596,1984665,2034983
case_073,3,PIPE_MTE2,1000007759,COPY_IN,1984665,1984734,2034983
case_073,3,PIPE_MTE2,1000007762,COPY_IN,1984734,1984803,2034983
case_073,3,PIPE_MTE2,1000007937,COPY_IN,1984803,1984872,2034983
case_073,3,PIPE_MTE2,1000007940,COPY_IN,1984872,1984941,2034983
case_073,3,PIPE_MTE2,1000008206,COPY_IN,1984941,1985010,2034983
case_073,3,PIPE_V,1924,RELU,1986418,1986722,2034983
case_073,3,PIPE_M,2546,CONV,1986418,1991074,2034983
case_073,3,PIPE_V,2547,RELU,1991074,1991378,2034983
case_073,3,PIPE_M,2548,CONV,1991378,1996034,2034983
case_073,3,PIPE_MTE2,1000008209,COPY_IN,1991940,1992009,2034983
case_073,3,PIPE_MTE2,1000008405,COPY_IN,1992009,1992078,2034983
case_073,3,PIPE_MTE2,1000008411,COPY_IN,1994212,1994281,2034983
case_073,3,PIPE_MTE2,1000008604,COPY_IN,1994281,1994350,2034983
case_073,3,PIPE_MTE2,1000008607,COPY_IN,1994350,1994419,2034983
case_073,3,PIPE_MTE2,1000008782,COPY_IN,1994419,1994488,2034983
case_073,3,PIPE_MTE2,1000008785,COPY_IN,1994488,1994557,2034983
case_073,3,PIPE_MTE2,1000009054,COPY_IN,1994557,1994626,2034983
case_073,3,PIPE_V,2549,RELU,1996034,1996338,2034983
case_073,3,PIPE_M,3171,CONV,1996034,2000690,2034983
case_073,3,PIPE_V,3172,RELU,2000690,2000994,2034983
case_073,3,PIPE_M,3173,CONV,2000994,2005650,2034983
case_073,3,PIPE_MTE2,1000009057,COPY_IN,2001556,2001625,2034983
case_073,3,PIPE_MTE2,1000009250,COPY_IN,2001625,2001694,2034983
case_073,3,PIPE_MTE2,1000009256,COPY_IN,2003828,2003897,2034983
case_073,3,PIPE_MTE2,1000009449,COPY_IN,2003897,2003966,2034983
case_073,3,PIPE_MTE2,1000009452,COPY_IN,2003966,2004035,2034983
case_073,3,PIPE_MTE2,1000009630,COPY_IN,2004035,2004104,2034983
case_073,3,PIPE_MTE2,1000009633,COPY_IN,2004104,2004173,2034983
case_073,3,PIPE_MTE2,1000009899,COPY_IN,2004173,2004242,2034983
case_073,3,PIPE_V,3174,RELU,2005650,2005954,2034983
case_073,3,PIPE_M,3796,CONV,2005650,2010306,2034983
case_073,3,PIPE_V,3797,RELU,2010306,2010610,2034983
case_073,3,PIPE_M,3798,CONV,2010610,2015266,2034983
case_073,3,PIPE_MTE2,1000009902,COPY_IN,2011172,2011241,2034983
case_073,3,PIPE_MTE2,1000010089,COPY_IN,2011241,2011310,2034983
case_073,3,PIPE_MTE2,1000010095,COPY_IN,2013444,2013513,2034983
case_073,3,PIPE_MTE2,1000010285,COPY_IN,2013513,2013582,2034983
case_073,3,PIPE_MTE2,1000010288,COPY_IN,2013582,2013651,2034983
case_073,3,PIPE_MTE2,1000010457,COPY_IN,2013651,2013720,2034983
case_073,3,PIPE_MTE2,1000010460,COPY_IN,2013720,2013789,2034983
case_073,3,PIPE_MTE2,1000010738,COPY_IN,2013789,2013858,2034983
case_073,3,PIPE_V,3799,RELU,2015266,2015570,2034983
case_073,3,PIPE_M,4421,CONV,2015266,2019922,2034983
case_073,3,PIPE_V,4422,RELU,2019922,2020226,2034983
case_073,3,PIPE_M,4423,CONV,2020226,2024882,2034983
case_073,3,PIPE_MTE2,1000010741,COPY_IN,2020788,2020857,2034983
case_073,3,PIPE_MTE2,1000010931,COPY_IN,2020857,2020926,2034983
case_073,3,PIPE_MTE2,1000010934,COPY_IN,2023060,2023129,2034983
case_073,3,PIPE_V,4424,RELU,2024882,2025186,2034983
case_073,3,PIPE_V,175,ADD,2025186,2025490,2034983
case_073,3,PIPE_MTE3,1000011404,COPY_OUT,2025186,2025255,2034983
case_073,3,PIPE_V,300,ADD,2025490,2025794,2034983
case_073,3,PIPE_MTE3,1000005709,COPY_OUT,2025490,2025559,2034983
case_073,3,PIPE_V,425,ADD,2025794,2026098,2034983
case_073,3,PIPE_MTE3,1000005902,COPY_OUT,2025794,2025893,2034983
case_073,3,PIPE_V,550,ADD,2026098,2026402,2034983
case_073,3,PIPE_MTE3,1000006107,COPY_OUT,2026098,2026167,2034983
case_073,3,PIPE_V,675,ADD,2026402,2026706,2034983
case_073,3,PIPE_MTE3,1000006297,COPY_OUT,2026402,2026471,2034983
case_073,3,PIPE_V,800,ADD,2026706,2027010,2034983
case_073,3,PIPE_MTE3,1000006391,COPY_OUT,2026706,2026775,2034983
case_073,3,PIPE_V,925,ADD,2027010,2027314,2034983
case_073,3,PIPE_MTE3,1000006542,COPY_OUT,2027010,2027079,2034983
case_073,3,PIPE_V,1050,ADD,2027314,2027618,2034983
case_073,3,PIPE_MTE3,1000006738,COPY_OUT,2027314,2027383,2034983
case_073,3,PIPE_V,1175,ADD,2027618,2027922,2034983
case_073,3,PIPE_MTE3,1000006934,COPY_OUT,2027618,2027687,2034983
case_073,3,PIPE_V,1300,ADD,2027922,2028226,2034983
case_073,3,PIPE_MTE3,1000007115,COPY_OUT,2027922,2027991,2034983
case_073,3,PIPE_V,1425,ADD,2028226,2028530,2034983
case_073,3,PIPE_MTE3,1000007206,COPY_OUT,2028226,2028295,2034983
case_073,3,PIPE_V,1550,ADD,2028530,2028834,2034983
case_073,3,PIPE_MTE3,1000007369,COPY_OUT,2028530,2028599,2034983
case_073,3,PIPE_V,1675,ADD,2028834,2029138,2034983
case_073,3,PIPE_MTE3,1000007568,COPY_OUT,2028834,2028903,2034983
case_073,3,PIPE_V,1800,ADD,2029138,2029442,2034983
case_073,3,PIPE_MTE3,1000007764,COPY_OUT,2029138,2029207,2034983
case_073,3,PIPE_V,1925,ADD,2029442,2029746,2034983
case_073,3,PIPE_MTE3,1000007942,COPY_OUT,2029442,2029511,2034983
case_073,3,PIPE_V,2050,ADD,2029746,2030050,2034983
case_073,3,PIPE_MTE3,1000008042,COPY_OUT,2029746,2029815,2034983
case_073,3,PIPE_V,2175,ADD,2030050,2030354,2034983
case_073,3,PIPE_MTE3,1000008211,COPY_OUT,2030050,2030119,2034983
case_073,3,PIPE_V,2300,ADD,2030354,2030658,2034983
case_073,3,PIPE_MTE3,1000008413,COPY_OUT,2030354,2030423,2034983
case_073,3,PIPE_V,2425,ADD,2030658,2030962,2034983
case_073,3,PIPE_MTE3,1000008609,COPY_OUT,2030658,2030727,2034983
case_073,3,PIPE_V,2550,ADD,2030962,2031266,2034983
case_073,3,PIPE_MTE3,1000008787,COPY_OUT,2030962,2031031,2034983
case_073,3,PIPE_V,2675,ADD,2031266,2031570,2034983
case_073,3,PIPE_MTE3,1000008890,COPY_OUT,2031266,2031379,2034983
case_073,3,PIPE_V,2800,ADD,2031570,2031874,2034983
case_073,3,PIPE_MTE3,1000009059,COPY_OUT,2031570,2031699,2034983
case_073,3,PIPE_V,2925,ADD,2031874,2032178,2034983
case_073,3,PIPE_MTE3,1000009258,COPY_OUT,2031874,2031943,2034983
case_073,3,PIPE_V,3050,ADD,2032178,2032482,2034983
case_073,3,PIPE_MTE3,1000009454,COPY_OUT,2032178,2032247,2034983
case_073,3,PIPE_V,3175,ADD,2032482,2032786,2034983
case_073,3,PIPE_MTE3,1000009635,COPY_OUT,2032482,2032551,2034983
case_073,3,PIPE_V,3300,ADD,2032786,2033090,2034983
case_073,3,PIPE_MTE3,1000009735,COPY_OUT,2032786,2032855,2034983
case_073,3,PIPE_V,3425,ADD,2033090,2033394,2034983
case_073,3,PIPE_MTE3,1000009904,COPY_OUT,2033090,2033159,2034983
case_073,3,PIPE_V,3550,ADD,2033394,2033698,2034983
case_073,3,PIPE_MTE3,1000010097,COPY_OUT,2033394,2033463,2034983
case_073,3,PIPE_V,3675,ADD,2033698,2034002,2034983
case_073,3,PIPE_MTE3,1000010290,COPY_OUT,2033698,2033767,2034983
case_073,3,PIPE_V,3800,ADD,2034002,2034306,2034983
case_073,3,PIPE_MTE3,1000010462,COPY_OUT,2034002,2034071,2034983
case_073,3,PIPE_V,3925,ADD,2034306,2034610,2034983
case_073,3,PIPE_MTE3,1000010568,COPY_OUT,2034306,2034375,2034983
case_073,3,PIPE_V,4050,ADD,2034610,2034914,2034983
case_073,3,PIPE_MTE3,1000010743,COPY_OUT,2034610,2034679,2034983
case_073,3,PIPE_MTE3,1000010936,COPY_OUT,2034914,2034983,2034983
case_073,4,PIPE_MTE2,1000005062,COPY_IN,0,100,2034983
case_073,4,PIPE_MTE2,1000006299,COPY_IN,100,445,2034983
case_073,4,PIPE_M,552,CONV,445,5101,2034983
case_073,4,PIPE_MTE2,1000007117,COPY_IN,445,790,2034983
case_073,4,PIPE_MTE2,1000007944,COPY_IN,790,1135,2034983
case_073,4,PIPE_MTE2,1000008789,COPY_IN,1135,1480,2034983
case_073,4,PIPE_MTE2,1000009637,COPY_IN,1480,1825,2034983
case_073,4,PIPE_MTE2,1000010464,COPY_IN,1825,2170,2034983
case_073,4,PIPE_MTE2,1000011303,COPY_IN,2170,2515,2034983
case_073,4,PIPE_MTE2,1000005072,COPY_IN,2515,2615,2034983
case_073,4,PIPE_MTE2,1000005082,COPY_IN,2615,2715,2034983
case_073,4,PIPE_V,553,RELU,5101,5405,2034983
case_073,4,PIPE_M,1177,CONV,5101,9757,2034983
case_073,4,PIPE_MTE3,1000006301,COPY_OUT,5405,5750,2034983
case_073,4,PIPE_MTE2,1000005560,COPY_IN,6457,6615,2034983
case_073,4,PIPE_V,1178,RELU,9757,10061,2034983
case_073,4,PIPE_M,1802,CONV,9757,14413,2034983
case_073,4,PIPE_MTE3,1000007119,COPY_OUT,10061,10406,2034983
case_073,4,PIPE_MTE2,1000006399,COPY_IN,11113,11251,2034983
case_073,4,PIPE_V,1803,RELU,14413,14717,2034983
case_073,4,PIPE_M,2427,CONV,14413,19069,2034983
case_073,4,PIPE_MTE3,1000007946,COPY_OUT,14717,15062,2034983
case_073,4,PIPE_MTE2,1000007214,COPY_IN,15769,15907,2034983
case_073,4,PIPE_V,2428,RELU,19069,19373,2034983
case_073,4,PIPE_M,3052,CONV,19069,23725,2034983
case_073,4,PIPE_MTE3,1000008791,COPY_OUT,19373,19718,2034983
case_073,4,PIPE_MTE2,1000008050,COPY_IN,20425,20563,2034983
case_073,4,PIPE_V,3053,RELU,23725,24029,2034983
case_073,4,PIPE_M,3677,CONV,23725,28381,2034983
case_073,4,PIPE_MTE3,1000009639,COPY_OUT,24029,24374,2034983
case_073,4,PIPE_MTE2,1000008898,COPY_IN,25150,25219,2034983
case_073,4,PIPE_V,3678,RELU,28381,28685,2034983
case_073,4,PIPE_M,4302,CONV,28381,33037,2034983
case_073,4,PIPE_MTE3,1000010466,COPY_OUT,28685,29030,2034983
case_073,4,PIPE_MTE2,1000009740,COPY_IN,29530,29875,2034983
case_073,4,PIPE_M,54,CONV,33037,37693,2034983
case_073,4,PIPE_V,4303,RELU,33037,33341,2034983
case_073,4,PIPE_MTE3,1000011305,COPY_OUT,33341,33686,2034983
case_073,4,PIPE_MTE2,1000010576,COPY_IN,34462,34600,2034983
case_073,4,PIPE_V,55,RELU,37693,37997,2034983
case_073,4,PIPE_M,56,CONV,37997,42653,2034983
case_073,4,PIPE_MTE2,1000011412,COPY_IN,38773,39049,2034983
case_073,4,PIPE_MTE2,1000008421,COPY_IN,39049,39218,2034983
case_073,4,PIPE_V,57,RELU,42653,42957,2034983
case_073,4,PIPE_M,679,CONV,42653,47309,2034983
case_073,4,PIPE_MTE3,1000005562,COPY_OUT,42957,43026,2034983
case_073,4,PIPE_V,680,RELU,47309,47613,2034983
case_073,4,PIPE_M,681,CONV,47613,52269,2034983
case_073,4,PIPE_V,682,RELU,52269,52573,2034983
case_073,4,PIPE_M,1304,CONV,52269,56925,2034983
case_073,4,PIPE_MTE3,1000006401,COPY_OUT,52573,52642,2034983
case_073,4,PIPE_V,1305,RELU,56925,57229,2034983
case_073,4,PIPE_M,1306,CONV,57229,61885,2034983
case_073,4,PIPE_V,1307,RELU,61885,62189,2034983
case_073,4,PIPE_M,1929,CONV,61885,66541,2034983
case_073,4,PIPE_MTE3,1000007216,COPY_OUT,62189,62258,2034983
case_073,4,PIPE_V,1930,RELU,66541,66845,2034983
case_073,4,PIPE_M,1931,CONV,66845,71501,2034983
case_073,4,PIPE_V,1932,RELU,71501,71805,2034983
case_073,4,PIPE_M,2554,CONV,71501,76157,2034983
case_073,4,PIPE_MTE3,1000008052,COPY_OUT,71805,71874,2034983
case_073,4,PIPE_V,2555,RELU,76157,76461,2034983
case_073,4,PIPE_M,2556,CONV,76461,81117,2034983
case_073,4,PIPE_MTE2,1000008424,COPY_IN,77237,77375,2034983
case_073,4,PIPE_MTE2,1000008795,COPY_IN,77375,77513,2034983
case_073,4,PIPE_MTE2,1000009067,COPY_IN,77513,77651,2034983
case_073,4,PIPE_V,2557,RELU,81117,81421,2034983
case_073,4,PIPE_M,3179,CONV,81117,85773,2034983
case_073,4,PIPE_MTE3,1000008900,COPY_OUT,81421,81490,2034983
case_073,4,PIPE_V,3180,RELU,85773,86077,2034983
case_073,4,PIPE_M,3181,CONV,86077,90733,2034983
case_073,4,PIPE_MTE2,1000009070,COPY_IN,86784,86922,2034983
case_073,4,PIPE_MTE2,1000009462,COPY_IN,86922,87060,2034983
case_073,4,PIPE_MTE2,1000009465,COPY_IN,87060,87129,2034983
case_073,4,PIPE_MTE2,1000010105,COPY_IN,87129,87198,2034983
case_073,4,PIPE_V,3182,RELU,90733,91037,2034983
case_073,4,PIPE_M,3804,CONV,90733,95389,2034983
case_073,4,PIPE_V,3805,RELU,95389,95693,2034983
case_073,4,PIPE_M,3806,CONV,95693,100349,2034983
case_073,4,PIPE_MTE2,1000010108,COPY_IN,96469,96607,2034983
case_073,4,PIPE_MTE2,1000010470,COPY_IN,96607,96745,2034983
case_073,4,PIPE_MTE2,1000010751,COPY_IN,96745,96883,2034983
case_073,4,PIPE_V,3807,RELU,100349,100653,2034983
case_073,4,PIPE_M,4429,CONV,100349,105005,2034983
case_073,4,PIPE_MTE3,1000010578,COPY_OUT,100653,100722,2034983
case_073,4,PIPE_V,4430,RELU,105005,105309,2034983
case_073,4,PIPE_M,4431,CONV,105309,109965,2034983
case_073,4,PIPE_MTE2,1000010754,COPY_IN,106016,106193,2034983
case_073,4,PIPE_MTE2,1000011137,COPY_IN,106193,106357,2034983
case_073,4,PIPE_MTE2,1000011140,COPY_IN,106357,106495,2034983
case_073,4,PIPE_MTE2,1000005092,COPY_IN,106495,106533,2034983
case_073,4,PIPE_MTE2,1000005102,COPY_IN,106533,106573,2034983
case_073,4,PIPE_MTE2,1000005726,COPY_IN,106633,106756,2034983
case_073,4,PIPE_MTE2,1000006559,COPY_IN,108138,108252,2034983
case_073,4,PIPE_MTE2,1000007386,COPY_IN,109655,109772,2034983
case_073,4,PIPE_M,184,CONV,109965,114621,2034983
case_073,4,PIPE_V,4432,RELU,109965,110269,2034983
case_073,4,PIPE_V,2183,ADD,110269,110573,2034983
case_073,4,PIPE_V,2433,ADD,110573,110877,2034983
case_073,4,PIPE_MTE3,1000008426,COPY_OUT,110573,110723,2034983
case_073,4,PIPE_MTE3,1000008429,COPY_OUT,110723,110845,2034983
case_073,4,PIPE_V,2683,ADD,110877,111181,2034983
case_073,4,PIPE_MTE3,1000008797,COPY_OUT,110877,111015,2034983
case_073,4,PIPE_V,2933,ADD,111181,111485,2034983
case_073,4,PIPE_MTE3,1000009072,COPY_OUT,111181,111283,2034983
case_073,4,PIPE_MTE2,1000008228,COPY_IN,111265,111389,2034983
case_073,4,PIPE_V,3183,ADD,111485,111789,2034983
case_073,4,PIPE_MTE3,1000009467,COPY_OUT,111485,111702,2034983
case_073,4,PIPE_MTE3,1000009470,COPY_OUT,111702,111850,2034983
case_073,4,PIPE_V,3433,ADD,111789,112093,2034983
case_073,4,PIPE_MTE3,1000009742,COPY_OUT,111850,111940,2034983
case_073,4,PIPE_MTE3,1000009745,COPY_OUT,111940,112021,2034983
case_073,4,PIPE_V,3683,ADD,112093,112397,2034983
case_073,4,PIPE_MTE3,1000010110,COPY_OUT,112093,112230,2034983
case_073,4,PIPE_V,3933,ADD,112397,112701,2034983
case_073,4,PIPE_MTE3,1000010472,COPY_OUT,112397,112607,2034983
case_073,4,PIPE_MTE2,1000009918,COPY_IN,112601,112891,2034983
case_073,4,PIPE_MTE3,1000010475,COPY_OUT,112607,112898,2034983
case_073,4,PIPE_V,4183,ADD,112701,113005,2034983
case_073,4,PIPE_MTE3,1000010756,COPY_OUT,112898,113134,2034983
case_073,4,PIPE_V,4433,ADD,113005,113309,2034983
case_073,4,PIPE_MTE3,1000011142,COPY_OUT,113134,113299,2034983
case_073,4,PIPE_MTE3,1000011414,COPY_OUT,113309,113405,2034983
case_073,4,PIPE_V,185,RELU,114621,114925,2034983
case_073,4,PIPE_M,186,CONV,114925,119581,2034983
case_073,4,PIPE_MTE2,1000011521,COPY_IN,115936,116143,2034983
case_073,4,PIPE_V,187,RELU,119581,119885,2034983
case_073,4,PIPE_M,809,CONV,119581,124237,2034983
case_073,4,PIPE_MTE3,1000005728,COPY_OUT,119885,119954,2034983
case_073,4,PIPE_V,810,RELU,124237,124541,2034983
case_073,4,PIPE_M,811,CONV,124541,129197,2034983
case_073,4,PIPE_V,812,RELU,129197,129501,2034983
case_073,4,PIPE_M,1434,CONV,129197,133853,2034983
case_073,4,PIPE_MTE3,1000006561,COPY_OUT,129501,129570,2034983
case_073,4,PIPE_V,1435,RELU,133853,134157,2034983
case_073,4,PIPE_M,1436,CONV,134157,138813,2034983
case_073,4,PIPE_V,1437,RELU,138813,139117,2034983
case_073,4,PIPE_M,2059,CONV,138813,143469,2034983
case_073,4,PIPE_MTE3,1000007388,COPY_OUT,139117,139186,2034983
case_073,4,PIPE_V,2060,RELU,143469,143773,2034983
case_073,4,PIPE_M,2061,CONV,143773,148429,2034983
case_073,4,PIPE_V,2062,RELU,148429,148733,2034983
case_073,4,PIPE_M,2684,CONV,148429,153085,2034983
case_073,4,PIPE_MTE3,1000008230,COPY_OUT,148733,148802,2034983
case_073,4,PIPE_V,2685,RELU,153085,153389,2034983
case_073,4,PIPE_M,2686,CONV,153389,158045,2034983
case_073,4,PIPE_V,2687,RELU,158045,158349,2034983
case_073,4,PIPE_M,3309,CONV,158045,162701,2034983
case_073,4,PIPE_MTE3,1000009075,COPY_OUT,158349,158418,2034983
case_073,4,PIPE_V,3310,RELU,162701,163005,2034983
case_073,4,PIPE_M,3311,CONV,163005,167661,2034983
case_073,4,PIPE_V,3312,RELU,167661,167965,2034983
case_073,4,PIPE_M,3934,CONV,167661,172317,2034983
case_073,4,PIPE_MTE3,1000009920,COPY_OUT,167965,168034,2034983
case_073,4,PIPE_V,3935,RELU,172317,172621,2034983
case_073,4,PIPE_M,3936,CONV,172621,177277,2034983
case_073,4,PIPE_MTE2,1000010114,COPY_IN,173328,173535,2034983
case_073,4,PIPE_MTE2,1000010582,COPY_IN,173535,173673,2034983
case_073,4,PIPE_MTE2,1000010585,COPY_IN,176742,176811,2034983
case_073,4,PIPE_V,3937,RELU,177277,177581,2034983
case_073,4,PIPE_M,4559,CONV,177277,181933,2034983
case_073,4,PIPE_MTE3,1000010759,COPY_OUT,177581,177650,2034983
case_073,4,PIPE_V,4560,RELU,181933,182237,2034983
case_073,4,PIPE_M,4561,CONV,182237,186893,2034983
case_073,4,PIPE_MTE2,1000011146,COPY_IN,182875,183082,2034983
case_073,4,PIPE_MTE2,1000005112,COPY_IN,183082,183199,2034983
case_073,4,PIPE_MTE2,1000005925,COPY_IN,183768,183911,2034983
case_073,4,PIPE_MTE2,1000006761,COPY_IN,185238,185337,2034983
case_073,4,PIPE_MTE2,1000007591,COPY_IN,186758,186965,2034983
case_073,4,PIPE_M,314,CONV,186893,189245,2034983
case_073,4,PIPE_V,4562,RELU,186893,187197,2034983
case_073,4,PIPE_V,3438,ADD,187197,187501,2034983
case_073,4,PIPE_V,3813,ADD,187501,187805,2034983
case_073,4,PIPE_MTE3,1000010116,COPY_OUT,187501,187629,2034983
case_073,4,PIPE_V,4188,ADD,187805,188109,2034983
case_073,4,PIPE_MTE3,1000010587,COPY_OUT,187805,187916,2034983
case_073,4,PIPE_MTE3,1000010590,COPY_OUT,187916,187996,2034983
case_073,4,PIPE_V,4563,ADD,188109,188413,2034983
case_073,4,PIPE_MTE3,1000011148,COPY_OUT,188109,188302,2034983
case_073,4,PIPE_MTE2,1000008436,COPY_IN,188278,188485,2034983
case_073,4,PIPE_MTE3,1000011151,COPY_OUT,188302,188504,2034983
case_073,4,PIPE_MTE3,1000011523,COPY_OUT,188504,188711,2034983
case_073,4,PIPE_V,315,RELU,189245,189421,2034983
case_073,4,PIPE_M,939,CONV,189245,191597,2034983
case_073,4,PIPE_MTE3,1000005927,COPY_OUT,189421,189456,2034983
case_073,4,PIPE_MTE3,1000005930,COPY_OUT,189456,189491,2034983
case_073,4,PIPE_MTE2,1000009281,COPY_IN,189848,189986,2034983
case_073,4,PIPE_MTE2,1000010959,COPY_IN,189986,190124,2034983
case_073,4,PIPE_V,940,RELU,191597,191773,2034983
case_073,4,PIPE_M,1564,CONV,191597,193949,2034983
case_073,4,PIPE_MTE3,1000006763,COPY_OUT,191773,191913,2034983
case_073,4,PIPE_MTE3,1000006766,COPY_OUT,191913,192053,2034983
case_073,4,PIPE_MTE2,1000011624,COPY_IN,193164,193233,2034983
case_073,4,PIPE_MTE2,1000005122,COPY_IN,193233,193333,2034983
case_073,4,PIPE_MTE2,1000005132,COPY_IN,193333,193422,2034983
case_073,4,PIPE_V,1565,RELU,193949,194125,2034983
case_073,4,PIPE_M,2189,CONV,193949,196301,2034983
case_073,4,PIPE_MTE3,1000007593,COPY_OUT,194125,194182,2034983
case_073,4,PIPE_MTE3,1000007596,COPY_OUT,194182,194217,2034983
case_073,4,PIPE_MTE2,1000006133,COPY_IN,194658,194734,2034983
case_073,4,PIPE_V,2190,RELU,196301,196477,2034983
case_073,4,PIPE_M,2814,CONV,196301,198653,2034983
case_073,4,PIPE_MTE3,1000008438,COPY_OUT,196477,196534,2034983
case_073,4,PIPE_MTE3,1000008441,COPY_OUT,196534,196569,2034983
case_073,4,PIPE_MTE2,1000006960,COPY_IN,197010,197086,2034983
case_073,4,PIPE_V,2815,RELU,198653,198829,2034983
case_073,4,PIPE_M,3439,CONV,198653,201005,2034983
case_073,4,PIPE_MTE3,1000009283,COPY_OUT,198829,198886,2034983
case_073,4,PIPE_MTE3,1000009286,COPY_OUT,198886,198921,2034983
case_073,4,PIPE_MTE2,1000007790,COPY_IN,199362,199438,2034983
case_073,4,PIPE_V,3440,RELU,201005,201181,2034983
case_073,4,PIPE_M,4064,CONV,201005,203357,2034983
case_073,4,PIPE_MTE3,1000010119,COPY_OUT,201181,201238,2034983
case_073,4,PIPE_MTE3,1000010122,COPY_OUT,201238,201273,2034983
case_073,4,PIPE_MTE2,1000008635,COPY_IN,201714,201790,2034983
case_073,4,PIPE_V,4065,RELU,203357,203533,2034983
case_073,4,PIPE_M,4689,CONV,203357,205709,2034983
case_073,4,PIPE_MTE3,1000010961,COPY_OUT,203533,203590,2034983
case_073,4,PIPE_MTE3,1000010964,COPY_OUT,203590,203625,2034983
case_073,4,PIPE_MTE2,1000009483,COPY_IN,204066,204142,2034983
case_073,4,PIPE_M,441,CONV,205709,210365,2034983
case_073,4,PIPE_V,4690,RELU,205709,205885,2034983
case_073,4,PIPE_MTE3,1000011626,COPY_OUT,205885,205942,2034983
case_073,4,PIPE_MTE2,1000010316,COPY_IN,206418,206511,2034983
case_073,4,PIPE_MTE2,1000011155,COPY_IN,208759,208829,2034983
case_073,4,PIPE_V,442,RELU,210365,210541,2034983
case_073,4,PIPE_M,443,CONV,210541,215197,2034983
case_073,4,PIPE_MTE2,1000011724,COPY_IN,211076,211111,2034983
case_073,4,PIPE_MTE2,1000005142,COPY_IN,211111,211188,2034983
case_073,4,PIPE_MTE2,1000005152,COPY_IN,211188,211265,2034983
case_073,4,PIPE_V,444,RELU,215197,215373,2034983
case_073,4,PIPE_M,1066,CONV,215197,219853,2034983
case_073,4,PIPE_MTE3,1000006135,COPY_OUT,215373,215408,2034983
case_073,4,PIPE_V,1067,RELU,219853,220029,2034983
case_073,4,PIPE_M,1068,CONV,220029,224685,2034983
case_073,4,PIPE_V,1069,RELU,224685,224861,2034983
case_073,4,PIPE_M,1691,CONV,224685,229341,2034983
case_073,4,PIPE_MTE3,1000006962,COPY_OUT,224861,224896,2034983
case_073,4,PIPE_V,1692,RELU,229341,229517,2034983
case_073,4,PIPE_M,1693,CONV,229517,234173,2034983
case_073,4,PIPE_V,1694,RELU,234173,234349,2034983
case_073,4,PIPE_M,2316,CONV,234173,238829,2034983
case_073,4,PIPE_MTE3,1000007792,COPY_OUT,234349,234384,2034983
case_073,4,PIPE_V,2317,RELU,238829,239005,2034983
case_073,4,PIPE_M,2318,CONV,239005,243661,2034983
case_073,4,PIPE_V,2319,RELU,243661,243837,2034983
case_073,4,PIPE_M,2941,CONV,243661,248317,2034983
case_073,4,PIPE_MTE3,1000008637,COPY_OUT,243837,243872,2034983
case_073,4,PIPE_V,2942,RELU,248317,248493,2034983
case_073,4,PIPE_M,2943,CONV,248493,253149,2034983
case_073,4,PIPE_V,2944,RELU,253149,253325,2034983
case_073,4,PIPE_M,3566,CONV,253149,257805,2034983
case_073,4,PIPE_MTE3,1000009485,COPY_OUT,253325,253360,2034983
case_073,4,PIPE_V,3567,RELU,257805,257981,2034983
case_073,4,PIPE_M,3568,CONV,257981,262637,2034983
case_073,4,PIPE_V,3569,RELU,262637,262813,2034983
case_073,4,PIPE_M,4191,CONV,262637,267293,2034983
case_073,4,PIPE_MTE3,1000010318,COPY_OUT,262813,262848,2034983
case_073,4,PIPE_V,4192,RELU,267293,267469,2034983
case_073,4,PIPE_M,4193,CONV,267469,272125,2034983
case_073,4,PIPE_V,4194,RELU,272125,272301,2034983
case_073,4,PIPE_M,4816,CONV,272125,276781,2034983
case_073,4,PIPE_MTE3,1000011157,COPY_OUT,272301,272336,2034983
case_073,4,PIPE_V,4817,RELU,276781,276957,2034983
case_073,4,PIPE_M,4818,CONV,276957,281613,2034983
case_073,4,PIPE_MTE2,1000006317,COPY_IN,278400,278470,2034983
case_073,4,PIPE_MTE2,1000007135,COPY_IN,279252,279322,2034983
case_073,4,PIPE_MTE2,1000007962,COPY_IN,280132,280202,2034983
case_073,4,PIPE_MTE2,1000008810,COPY_IN,281012,281082,2034983
case_073,4,PIPE_M,571,CONV,281613,286269,2034983
case_073,4,PIPE_V,4819,RELU,281613,281789,2034983
case_073,4,PIPE_V,4820,ADD,281789,281965,2034983
case_073,4,PIPE_MTE2,1000009655,COPY_IN,281892,281962,2034983
case_073,4,PIPE_MTE3,1000011726,COPY_OUT,281965,282025,2034983
case_073,4,PIPE_MTE2,1000010491,COPY_IN,282772,282842,2034983
case_073,4,PIPE_MTE2,1000011321,COPY_IN,283652,283757,2034983
case_073,4,PIPE_MTE2,1000005581,COPY_IN,283757,283828,2034983
case_073,4,PIPE_V,572,RELU,286269,286445,2034983
case_073,4,PIPE_M,573,CONV,286445,291101,2034983
case_073,4,PIPE_MTE2,1000005584,COPY_IN,288660,288695,2034983
case_073,4,PIPE_MTE2,1000005750,COPY_IN,288695,288730,2034983
case_073,4,PIPE_V,574,RELU,291101,291277,2034983
case_073,4,PIPE_M,1196,CONV,291101,295757,2034983
case_073,4,PIPE_MTE2,1000005753,COPY_IN,294116,294151,2034983
case_073,4,PIPE_MTE2,1000005940,COPY_IN,294151,294186,2034983
case_073,4,PIPE_MTE2,1000005943,COPY_IN,294186,294221,2034983
case_073,4,PIPE_MTE2,1000006142,COPY_IN,294221,294256,2034983
case_073,4,PIPE_MTE2,1000006145,COPY_IN,294256,294291,2034983
case_073,4,PIPE_MTE2,1000006423,COPY_IN,294291,294326,2034983
case_073,4,PIPE_V,1197,RELU,295757,295933,2034983
case_073,4,PIPE_M,1198,CONV,295933,300589,2034983
case_073,4,PIPE_MTE2,1000006426,COPY_IN,298148,298183,2034983
case_073,4,PIPE_MTE2,1000006580,COPY_IN,298183,298218,2034983
case_073,4,PIPE_V,1199,RELU,300589,300765,2034983
case_073,4,PIPE_M,1821,CONV,300589,305245,2034983
case_073,4,PIPE_MTE2,1000006583,COPY_IN,303604,303639,2034983
case_073,4,PIPE_MTE2,1000006776,COPY_IN,303639,303674,2034983
case_073,4,PIPE_MTE2,1000006779,COPY_IN,303674,303709,2034983
case_073,4,PIPE_MTE2,1000006969,COPY_IN,303709,303744,2034983
case_073,4,PIPE_MTE2,1000006972,COPY_IN,303744,303779,2034983
case_073,4,PIPE_MTE2,1000007238,COPY_IN,303779,303814,2034983
case_073,4,PIPE_V,1822,RELU,305245,305421,2034983
case_073,4,PIPE_M,1823,CONV,305421,310077,2034983
case_073,4,PIPE_MTE2,1000007241,COPY_IN,307636,307671,2034983
case_073,4,PIPE_MTE2,1000007407,COPY_IN,307671,307706,2034983
case_073,4,PIPE_V,1824,RELU,310077,310253,2034983
case_073,4,PIPE_M,2446,CONV,310077,314733,2034983
case_073,4,PIPE_MTE2,1000007410,COPY_IN,313092,313127,2034983
case_073,4,PIPE_MTE2,1000007606,COPY_IN,313127,313162,2034983
case_073,4,PIPE_MTE2,1000007609,COPY_IN,313162,313197,2034983
case_073,4,PIPE_MTE2,1000007799,COPY_IN,313197,313232,2034983
case_073,4,PIPE_MTE2,1000007802,COPY_IN,313232,313267,2034983
case_073,4,PIPE_MTE2,1000008074,COPY_IN,313267,313302,2034983
case_073,4,PIPE_V,2447,RELU,314733,314909,2034983
case_073,4,PIPE_M,2448,CONV,314909,319565,2034983
case_073,4,PIPE_MTE2,1000008077,COPY_IN,317124,317159,2034983
case_073,4,PIPE_MTE2,1000008249,COPY_IN,317159,317194,2034983
case_073,4,PIPE_V,2449,RELU,319565,319741,2034983
case_073,4,PIPE_M,3071,CONV,319565,324221,2034983
case_073,4,PIPE_MTE2,1000008252,COPY_IN,322580,322615,2034983
case_073,4,PIPE_MTE2,1000008451,COPY_IN,322615,322650,2034983
case_073,4,PIPE_MTE2,1000008454,COPY_IN,322650,322685,2034983
case_073,4,PIPE_MTE2,1000008644,COPY_IN,322685,322720,2034983
case_073,4,PIPE_MTE2,1000008647,COPY_IN,322720,322755,2034983
case_073,4,PIPE_MTE2,1000008922,COPY_IN,322755,322790,2034983
case_073,4,PIPE_V,3072,RELU,324221,324397,2034983
case_073,4,PIPE_M,3073,CONV,324397,329053,2034983
case_073,4,PIPE_MTE2,1000008925,COPY_IN,326612,326647,2034983
case_073,4,PIPE_MTE2,1000009094,COPY_IN,326647,326682,2034983
case_073,4,PIPE_V,3074,RELU,329053,329229,2034983
case_073,4,PIPE_M,3696,CONV,329053,333709,2034983
case_073,4,PIPE_MTE2,1000009097,COPY_IN,332068,332103,2034983
case_073,4,PIPE_MTE2,1000009296,COPY_IN,332103,332138,2034983
case_073,4,PIPE_MTE2,1000009299,COPY_IN,332138,332173,2034983
case_073,4,PIPE_MTE2,1000009492,COPY_IN,332173,332208,2034983
case_073,4,PIPE_MTE2,1000009495,COPY_IN,332208,332243,2034983
case_073,4,PIPE_MTE2,1000009764,COPY_IN,332243,332278,2034983
case_073,4,PIPE_V,3697,RELU,333709,333885,2034983
case_073,4,PIPE_M,3698,CONV,333885,338541,2034983
case_073,4,PIPE_MTE2,1000009767,COPY_IN,336100,336135,2034983
case_073,4,PIPE_MTE2,1000009936,COPY_IN,336135,336170,2034983
case_073,4,PIPE_V,3699,RELU,338541,338717,2034983
case_073,4,PIPE_M,4321,CONV,338541,343197,2034983
case_073,4,PIPE_MTE2,1000009939,COPY_IN,341556,341591,2034983
case_073,4,PIPE_MTE2,1000010132,COPY_IN,341591,341626,2034983
case_073,4,PIPE_MTE2,1000010135,COPY_IN,341626,341661,2034983
case_073,4,PIPE_MTE2,1000010325,COPY_IN,341661,341696,2034983
case_073,4,PIPE_MTE2,1000010328,COPY_IN,341696,341731,2034983
case_073,4,PIPE_MTE2,1000010603,COPY_IN,341731,341766,2034983
case_073,4,PIPE_V,4322,RELU,343197,343373,2034983
case_073,4,PIPE_M,4323,CONV,343373,348029,2034983
case_073,4,PIPE_MTE2,1000010606,COPY_IN,345588,345623,2034983
case_073,4,PIPE_MTE2,1000010778,COPY_IN,345623,345658,2034983
case_073,4,PIPE_V,4324,RELU,348029,348205,2034983
case_073,4,PIPE_V,75,ADD,348205,348381,2034983
case_073,4,PIPE_V,200,ADD,348381,348557,2034983
case_073,4,PIPE_MTE3,1000005586,COPY_OUT,348381,348416,2034983
case_073,4,PIPE_V,325,ADD,348557,348733,2034983
case_073,4,PIPE_MTE3,1000005755,COPY_OUT,348557,348592,2034983
case_073,4,PIPE_MTE3,1000005758,COPY_OUT,348592,348627,2034983
case_073,4,PIPE_V,450,ADD,348733,348909,2034983
case_073,4,PIPE_MTE3,1000005945,COPY_OUT,348733,348768,2034983
case_073,4,PIPE_MTE3,1000005948,COPY_OUT,348768,348803,2034983
case_073,4,PIPE_V,575,ADD,348909,349085,2034983
case_073,4,PIPE_MTE3,1000006147,COPY_OUT,348909,348944,2034983
case_073,4,PIPE_V,700,ADD,349085,349261,2034983
case_073,4,PIPE_MTE3,1000006319,COPY_OUT,349085,349148,2034983
case_073,4,PIPE_MTE3,1000006322,COPY_OUT,349148,349190,2034983
case_073,4,PIPE_V,825,ADD,349261,349437,2034983
case_073,4,PIPE_MTE3,1000006428,COPY_OUT,349261,349296,2034983
case_073,4,PIPE_MTE3,1000006431,COPY_OUT,349296,349359,2034983
case_073,4,PIPE_V,950,ADD,349437,349613,2034983
case_073,4,PIPE_MTE3,1000006585,COPY_OUT,349437,349472,2034983
case_073,4,PIPE_V,1075,ADD,349613,349789,2034983
case_073,4,PIPE_MTE3,1000006781,COPY_OUT,349613,349648,2034983
case_073,4,PIPE_MTE3,1000006784,COPY_OUT,349648,349683,2034983
case_073,4,PIPE_V,1200,ADD,349789,349965,2034983
case_073,4,PIPE_MTE3,1000006974,COPY_OUT,349789,349824,2034983
case_073,4,PIPE_V,1325,ADD,349965,350141,2034983
case_073,4,PIPE_MTE3,1000007137,COPY_OUT,349965,350028,2034983
case_073,4,PIPE_V,1450,ADD,350141,350317,2034983
case_073,4,PIPE_MTE3,1000007243,COPY_OUT,350141,350204,2034983
case_073,4,PIPE_MTE3,1000007246,COPY_OUT,350204,350246,2034983
case_073,4,PIPE_V,1575,ADD,350317,350493,2034983
case_073,4,PIPE_MTE3,1000007412,COPY_OUT,350317,350352,2034983
case_073,4,PIPE_MTE3,1000007415,COPY_OUT,350352,350387,2034983
case_073,4,PIPE_V,1700,ADD,350493,350669,2034983
case_073,4,PIPE_MTE3,1000007611,COPY_OUT,350493,350557,2034983
case_073,4,PIPE_V,1825,ADD,350669,350845,2034983
case_073,4,PIPE_MTE3,1000007804,COPY_OUT,350669,350704,2034983
case_073,4,PIPE_V,1950,ADD,350845,351021,2034983
case_073,4,PIPE_MTE3,1000007964,COPY_OUT,350845,350908,2034983
case_073,4,PIPE_MTE3,1000011812,COPY_OUT,350908,350950,2034983
case_073,4,PIPE_V,2075,ADD,351021,351197,2034983
case_073,4,PIPE_MTE3,1000008079,COPY_OUT,351021,351056,2034983
case_073,4,PIPE_MTE3,1000008082,COPY_OUT,351056,351143,2034983
case_073,4,PIPE_MTE2,1000010781,COPY_IN,351089,351161,2034983
case_073,4,PIPE_MTE2,1000010974,COPY_IN,351161,351196,2034983
case_073,4,PIPE_MTE2,1000010977,COPY_IN,351196,351265,2034983
case_073,4,PIPE_V,2200,ADD,351197,351373,2034983
case_073,4,PIPE_MTE3,1000008254,COPY_OUT,351197,351267,2034983
case_073,4,PIPE_MTE2,1000011164,COPY_IN,351265,351335,2034983
case_073,4,PIPE_MTE3,1000008257,COPY_OUT,351267,351337,2034983
case_073,4,PIPE_MTE2,1000011167,COPY_IN,351335,351371,2034983
case_073,4,PIPE_MTE2,1000005162,COPY_IN,351371,351630,2034983
case_073,4,PIPE_V,2325,ADD,351373,351549,2034983
case_073,4,PIPE_MTE3,1000008456,COPY_OUT,351373,351461,2034983
case_073,4,PIPE_V,2450,ADD,351549,351725,2034983
case_073,4,PIPE_MTE3,1000008649,COPY_OUT,351549,351619,2034983
case_073,4,PIPE_M,76,CONV,351630,353982,2034983
case_073,4,PIPE_V,2575,ADD,351725,351901,2034983
case_073,4,PIPE_MTE3,1000008812,COPY_OUT,351725,351760,2034983
case_073,4,PIPE_MTE3,1000011808,COPY_OUT,351760,351823,2034983
case_073,4,PIPE_V,2700,ADD,351901,352077,2034983
case_073,4,PIPE_MTE3,1000008927,COPY_OUT,351901,351936,2034983
case_073,4,PIPE_MTE3,1000008930,COPY_OUT,351936,351981,2034983
case_073,4,PIPE_V,2825,ADD,352077,352253,2034983
case_073,4,PIPE_MTE3,1000009099,COPY_OUT,352077,352112,2034983
case_073,4,PIPE_MTE3,1000009102,COPY_OUT,352112,352147,2034983
case_073,4,PIPE_V,2950,ADD,352253,352429,2034983
case_073,4,PIPE_MTE3,1000009301,COPY_OUT,352253,352316,2034983
case_073,4,PIPE_V,3075,ADD,352429,352605,2034983
case_073,4,PIPE_MTE3,1000009497,COPY_OUT,352429,352464,2034983
case_073,4,PIPE_V,3200,ADD,352605,352781,2034983
case_073,4,PIPE_MTE3,1000009657,COPY_OUT,352605,352668,2034983
case_073,4,PIPE_MTE3,1000011804,COPY_OUT,352668,352710,2034983
case_073,4,PIPE_V,3325,ADD,352781,352957,2034983
case_073,4,PIPE_MTE3,1000009769,COPY_OUT,352781,352816,2034983
case_073,4,PIPE_MTE3,1000009772,COPY_OUT,352816,352886,2034983
case_073,4,PIPE_V,3450,ADD,352957,353133,2034983
case_073,4,PIPE_MTE3,1000009941,COPY_OUT,352957,352992,2034983
case_073,4,PIPE_MTE3,1000009944,COPY_OUT,352992,353027,2034983
case_073,4,PIPE_V,3575,ADD,353133,353309,2034983
case_073,4,PIPE_MTE3,1000010137,COPY_OUT,353133,353168,2034983
case_073,4,PIPE_V,3700,ADD,353309,353485,2034983
case_073,4,PIPE_MTE3,1000010330,COPY_OUT,353309,353344,2034983
case_073,4,PIPE_V,3825,ADD,353485,353661,2034983
case_073,4,PIPE_MTE3,1000010493,COPY_OUT,353485,353548,2034983
case_073,4,PIPE_MTE3,1000011800,COPY_OUT,353548,353590,2034983
case_073,4,PIPE_V,3950,ADD,353661,353837,2034983
case_073,4,PIPE_MTE3,1000010608,COPY_OUT,353661,353724,2034983
case_073,4,PIPE_MTE3,1000010611,COPY_OUT,353724,353766,2034983
case_073,4,PIPE_V,4075,ADD,353837,354013,2034983
case_073,4,PIPE_MTE3,1000010783,COPY_OUT,353837,353872,2034983
case_073,4,PIPE_MTE3,1000010786,COPY_OUT,353872,353907,2034983
case_073,4,PIPE_M,451,CONV,353982,356334,2034983
case_073,4,PIPE_V,4200,ADD,354013,354189,2034983
case_073,4,PIPE_MTE3,1000010979,COPY_OUT,354013,354048,2034983
case_073,4,PIPE_V,4325,ADD,354189,354365,2034983
case_073,4,PIPE_MTE3,1000011169,COPY_OUT,354189,354224,2034983
case_073,4,PIPE_V,77,RELU,354365,354477,2034983
case_073,4,PIPE_MTE3,1000011323,COPY_OUT,354365,354441,2034983
case_073,4,PIPE_MTE3,1000011796,COPY_OUT,354441,354479,2034983
case_073,4,PIPE_MTE3,1000005589,COPY_OUT,354479,354497,2034983
case_073,4,PIPE_V,452,RELU,356334,356446,2034983
case_073,4,PIPE_M,1076,CONV,356334,358686,2034983
case_073,4,PIPE_MTE3,1000006150,COPY_OUT,356446,356550,2034983
case_073,4,PIPE_MTE2,1000011733,COPY_IN,357245,357280,2034983
case_073,4,PIPE_MTE2,1000005172,COPY_IN,357280,357606,2034983
case_073,4,PIPE_MTE2,1000006326,COPY_IN,357606,357624,2034983
case_073,4,PIPE_MTE2,1000005182,COPY_IN,357624,357932,2034983
case_073,4,PIPE_V,1077,RELU,358686,358798,2034983
case_073,4,PIPE_M,1701,CONV,358686,361038,2034983
case_073,4,PIPE_MTE3,1000006977,COPY_OUT,358798,358829,2034983
case_073,4,PIPE_MTE2,1000007141,COPY_IN,359334,359365,2034983
case_073,4,PIPE_V,1702,RELU,361038,361150,2034983
case_073,4,PIPE_M,2326,CONV,361038,363390,2034983
case_073,4,PIPE_MTE3,1000007807,COPY_OUT,361150,361202,2034983
case_073,4,PIPE_MTE2,1000007968,COPY_IN,361707,361738,2034983
case_073,4,PIPE_V,2327,RELU,363390,363502,2034983
case_073,4,PIPE_M,2951,CONV,363390,365742,2034983
case_073,4,PIPE_MTE3,1000008652,COPY_OUT,363502,363533,2034983
case_073,4,PIPE_MTE2,1000008816,COPY_IN,364038,364069,2034983
case_073,4,PIPE_V,2952,RELU,365742,365854,2034983
case_073,4,PIPE_M,3576,CONV,365742,368094,2034983
case_073,4,PIPE_MTE3,1000009500,COPY_OUT,365854,365885,2034983
case_073,4,PIPE_MTE2,1000009661,COPY_IN,366390,366421,2034983
case_073,4,PIPE_V,3577,RELU,368094,368206,2034983
case_073,4,PIPE_M,4201,CONV,368094,370446,2034983
case_073,4,PIPE_MTE3,1000010333,COPY_OUT,368206,368237,2034983
case_073,4,PIPE_MTE2,1000010497,COPY_IN,368742,368773,2034983
case_073,4,PIPE_V,4202,RELU,370446,370558,2034983
case_073,4,PIPE_M,4826,CONV,370446,372798,2034983
case_073,4,PIPE_MTE3,1000011172,COPY_OUT,370558,370589,2034983
case_073,4,PIPE_MTE2,1000011327,COPY_IN,371094,371125,2034983
case_073,4,PIPE_M,578,CONV,372798,377454,2034983
case_073,4,PIPE_V,4827,RELU,372798,372910,2034983
case_073,4,PIPE_MTE3,1000011735,COPY_OUT,372910,372928,2034983
case_073,4,PIPE_V,579,RELU,377454,377566,2034983
case_073,4,PIPE_M,580,CONV,377566,382222,2034983
case_073,4,PIPE_MTE2,1000005593,COPY_IN,380505,380523,2034983
case_073,4,PIPE_MTE2,1000005765,COPY_IN,380523,380541,2034983
case_073,4,PIPE_V,581,RELU,382222,382334,2034983
case_073,4,PIPE_M,1203,CONV,382222,386878,2034983
case_073,4,PIPE_MTE2,1000005768,COPY_IN,382627,382645,2034983
case_073,4,PIPE_MTE2,1000005955,COPY_IN,382645,382663,2034983
case_073,4,PIPE_MTE2,1000005958,COPY_IN,383235,383253,2034983
case_073,4,PIPE_V,1204,RELU,386878,386990,2034983
case_073,4,PIPE_M,1205,CONV,386990,391646,2034983
case_073,4,PIPE_MTE2,1000006154,COPY_IN,388691,388709,2034983
case_073,4,PIPE_MTE2,1000006438,COPY_IN,388709,388727,2034983
case_073,4,PIPE_MTE2,1000006441,COPY_IN,389929,389947,2034983
case_073,4,PIPE_MTE2,1000006592,COPY_IN,389947,389965,2034983
case_073,4,PIPE_V,1206,RELU,391646,391758,2034983
case_073,4,PIPE_M,1828,CONV,391646,396302,2034983
case_073,4,PIPE_MTE2,1000006595,COPY_IN,392051,392069,2034983
case_073,4,PIPE_MTE2,1000006791,COPY_IN,392069,392087,2034983
case_073,4,PIPE_MTE2,1000006794,COPY_IN,392659,392677,2034983
case_073,4,PIPE_V,1829,RELU,396302,396414,2034983
case_073,4,PIPE_M,1830,CONV,396414,401070,2034983
case_073,4,PIPE_MTE2,1000006981,COPY_IN,398115,398133,2034983
case_073,4,PIPE_MTE2,1000007253,COPY_IN,398133,398151,2034983
case_073,4,PIPE_MTE2,1000007256,COPY_IN,399353,399371,2034983
case_073,4,PIPE_MTE2,1000007422,COPY_IN,399371,399389,2034983
case_073,4,PIPE_V,1831,RELU,401070,401182,2034983
case_073,4,PIPE_M,2453,CONV,401070,405726,2034983
case_073,4,PIPE_MTE2,1000007425,COPY_IN,401475,401493,2034983
case_073,4,PIPE_MTE2,1000007618,COPY_IN,401493,401511,2034983
case_073,4,PIPE_MTE2,1000007621,COPY_IN,402083,402101,2034983
case_073,4,PIPE_V,2454,RELU,405726,405838,2034983
case_073,4,PIPE_M,2455,CONV,405838,410494,2034983
case_073,4,PIPE_MTE2,1000007811,COPY_IN,407539,407557,2034983
case_073,4,PIPE_MTE2,1000008089,COPY_IN,407557,407575,2034983
case_073,4,PIPE_MTE2,1000008092,COPY_IN,408777,408795,2034983
case_073,4,PIPE_MTE2,1000008264,COPY_IN,408795,408813,2034983
case_073,4,PIPE_V,2456,RELU,410494,410606,2034983
case_073,4,PIPE_M,3078,CONV,410494,415150,2034983
case_073,4,PIPE_MTE2,1000008267,COPY_IN,410899,410917,2034983
case_073,4,PIPE_MTE2,1000008463,COPY_IN,410917,410935,2034983
case_073,4,PIPE_MTE2,1000008466,COPY_IN,411507,411525,2034983
case_073,4,PIPE_V,3079,RELU,415150,415262,2034983
case_073,4,PIPE_M,3080,CONV,415262,419918,2034983
case_073,4,PIPE_MTE2,1000008656,COPY_IN,416963,416981,2034983
case_073,4,PIPE_MTE2,1000008937,COPY_IN,416981,416999,2034983
case_073,4,PIPE_MTE2,1000008940,COPY_IN,418201,418219,2034983
case_073,4,PIPE_MTE2,1000009109,COPY_IN,418219,418237,2034983
case_073,4,PIPE_V,3081,RELU,419918,420030,2034983
case_073,4,PIPE_M,3703,CONV,419918,424574,2034983
case_073,4,PIPE_MTE2,1000009112,COPY_IN,420323,420341,2034983
case_073,4,PIPE_MTE2,1000009308,COPY_IN,420341,420359,2034983
case_073,4,PIPE_MTE2,1000009311,COPY_IN,420931,420949,2034983
case_073,4,PIPE_V,3704,RELU,424574,424686,2034983
case_073,4,PIPE_M,3705,CONV,424686,429342,2034983
case_073,4,PIPE_MTE2,1000009504,COPY_IN,426387,426405,2034983
case_073,4,PIPE_MTE2,1000009779,COPY_IN,426405,426423,2034983
case_073,4,PIPE_MTE2,1000009782,COPY_IN,427625,427643,2034983
case_073,4,PIPE_MTE2,1000009951,COPY_IN,427643,427661,2034983
case_073,4,PIPE_V,3706,RELU,429342,429454,2034983
case_073,4,PIPE_M,4328,CONV,429342,433998,2034983
case_073,4,PIPE_MTE2,1000009954,COPY_IN,429747,429765,2034983
case_073,4,PIPE_MTE2,1000010144,COPY_IN,429765,429783,2034983
case_073,4,PIPE_MTE2,1000010147,COPY_IN,430355,430373,2034983
case_073,4,PIPE_V,4329,RELU,433998,434110,2034983
case_073,4,PIPE_M,4330,CONV,434110,438766,2034983
case_073,4,PIPE_MTE2,1000010337,COPY_IN,435811,435829,2034983
case_073,4,PIPE_MTE2,1000010618,COPY_IN,435829,435847,2034983
case_073,4,PIPE_MTE2,1000010621,COPY_IN,437049,437067,2034983
case_073,4,PIPE_MTE2,1000010793,COPY_IN,437067,437085,2034983
case_073,4,PIPE_V,4331,RELU,438766,438878,2034983
case_073,4,PIPE_V,82,ADD,438878,438990,2034983
case_073,4,PIPE_V,207,ADD,438990,439102,2034983
case_073,4,PIPE_MTE3,1000005595,COPY_OUT,438990,439008,2034983
case_073,4,PIPE_V,332,ADD,439102,439214,2034983
case_073,4,PIPE_MTE3,1000005770,COPY_OUT,439102,439120,2034983
case_073,4,PIPE_MTE3,1000005773,COPY_OUT,439120,439138,2034983
case_073,4,PIPE_MTE2,1000010796,COPY_IN,439171,439189,2034983
case_073,4,PIPE_MTE2,1000010986,COPY_IN,439189,439207,2034983
case_073,4,PIPE_V,457,ADD,439214,439326,2034983
case_073,4,PIPE_MTE3,1000005960,COPY_OUT,439214,439232,2034983
case_073,4,PIPE_MTE3,1000005963,COPY_OUT,439232,439250,2034983
case_073,4,PIPE_V,582,ADD,439326,439438,2034983
case_073,4,PIPE_MTE3,1000006156,COPY_OUT,439326,439344,2034983
case_073,4,PIPE_MTE3,1000006159,COPY_OUT,439344,439362,2034983
case_073,4,PIPE_V,707,ADD,439438,439550,2034983
case_073,4,PIPE_MTE3,1000006328,COPY_OUT,439438,439456,2034983
case_073,4,PIPE_V,832,ADD,439550,439662,2034983
case_073,4,PIPE_MTE3,1000006443,COPY_OUT,439550,439568,2034983
case_073,4,PIPE_V,957,ADD,439662,439774,2034983
case_073,4,PIPE_MTE3,1000006597,COPY_OUT,439662,439680,2034983
case_073,4,PIPE_MTE3,1000006600,COPY_OUT,439680,439698,2034983
case_073,4,PIPE_V,1082,ADD,439774,439886,2034983
case_073,4,PIPE_MTE3,1000006796,COPY_OUT,439774,439805,2034983
case_073,4,PIPE_MTE2,1000010989,COPY_IN,439779,439815,2034983
case_073,4,PIPE_MTE3,1000006799,COPY_OUT,439805,439828,2034983
case_073,4,PIPE_V,1207,ADD,439886,439998,2034983
case_073,4,PIPE_MTE3,1000006983,COPY_OUT,439886,439904,2034983
case_073,4,PIPE_MTE3,1000006986,COPY_OUT,439904,439922,2034983
case_073,4,PIPE_V,1332,ADD,439998,440110,2034983
case_073,4,PIPE_MTE3,1000007143,COPY_OUT,439998,440034,2034983
case_073,4,PIPE_V,1457,ADD,440110,440222,2034983
case_073,4,PIPE_MTE3,1000007258,COPY_OUT,440110,440146,2034983
case_073,4,PIPE_V,1582,ADD,440222,440334,2034983
case_073,4,PIPE_MTE3,1000007427,COPY_OUT,440222,440264,2034983
case_073,4,PIPE_MTE3,1000007430,COPY_OUT,440264,440300,2034983
case_073,4,PIPE_V,1707,ADD,440334,440446,2034983
case_073,4,PIPE_MTE3,1000007623,COPY_OUT,440334,440385,2034983
case_073,4,PIPE_MTE3,1000007626,COPY_OUT,440385,440430,2034983
case_073,4,PIPE_V,1832,ADD,440446,440558,2034983
case_073,4,PIPE_MTE3,1000007813,COPY_OUT,440446,440464,2034983
case_073,4,PIPE_MTE3,1000007816,COPY_OUT,440464,440482,2034983
case_073,4,PIPE_V,1957,ADD,440558,440670,2034983
case_073,4,PIPE_MTE3,1000007970,COPY_OUT,440558,440576,2034983
case_073,4,PIPE_V,2082,ADD,440670,440782,2034983
case_073,4,PIPE_MTE3,1000008094,COPY_OUT,440670,440688,2034983
case_073,4,PIPE_V,2207,ADD,440782,440894,2034983
case_073,4,PIPE_MTE3,1000008269,COPY_OUT,440782,440800,2034983
case_073,4,PIPE_MTE3,1000008272,COPY_OUT,440800,440836,2034983
case_073,4,PIPE_V,2332,ADD,440894,441006,2034983
case_073,4,PIPE_MTE3,1000008468,COPY_OUT,440894,440912,2034983
case_073,4,PIPE_MTE3,1000008471,COPY_OUT,440912,440930,2034983
case_073,4,PIPE_V,2457,ADD,441006,441118,2034983
case_073,4,PIPE_MTE3,1000008658,COPY_OUT,441006,441024,2034983
case_073,4,PIPE_MTE3,1000008661,COPY_OUT,441024,441042,2034983
case_073,4,PIPE_V,2582,ADD,441118,441230,2034983
case_073,4,PIPE_MTE3,1000008818,COPY_OUT,441118,441136,2034983
case_073,4,PIPE_V,2707,ADD,441230,441342,2034983
case_073,4,PIPE_MTE3,1000008942,COPY_OUT,441230,441248,2034983
case_073,4,PIPE_V,2832,ADD,441342,441454,2034983
case_073,4,PIPE_MTE3,1000009114,COPY_OUT,441342,441372,2034983
case_073,4,PIPE_MTE3,1000009117,COPY_OUT,441372,441390,2034983
case_073,4,PIPE_V,2957,ADD,441454,441566,2034983
case_073,4,PIPE_MTE3,1000009313,COPY_OUT,441454,441472,2034983
case_073,4,PIPE_MTE3,1000009316,COPY_OUT,441472,441490,2034983
case_073,4,PIPE_V,3082,ADD,441566,441678,2034983
case_073,4,PIPE_MTE3,1000009506,COPY_OUT,441566,441584,2034983
case_073,4,PIPE_MTE3,1000009509,COPY_OUT,441584,441602,2034983
case_073,4,PIPE_V,3207,ADD,441678,441790,2034983
case_073,4,PIPE_MTE3,1000009663,COPY_OUT,441678,441696,2034983
case_073,4,PIPE_V,3332,ADD,441790,441902,2034983
case_073,4,PIPE_MTE3,1000009784,COPY_OUT,441790,441808,2034983
case_073,4,PIPE_V,3457,ADD,441902,442014,2034983
case_073,4,PIPE_MTE3,1000009956,COPY_OUT,441902,441926,2034983
case_073,4,PIPE_MTE3,1000009959,COPY_OUT,441926,441944,2034983
case_073,4,PIPE_V,3582,ADD,442014,442126,2034983
case_073,4,PIPE_MTE3,1000010149,COPY_OUT,442014,442032,2034983
case_073,4,PIPE_MTE3,1000010152,COPY_OUT,442032,442050,2034983
case_073,4,PIPE_V,3707,ADD,442126,442238,2034983
case_073,4,PIPE_MTE3,1000010339,COPY_OUT,442126,442144,2034983
case_073,4,PIPE_MTE3,1000010342,COPY_OUT,442144,442162,2034983
case_073,4,PIPE_V,3832,ADD,442238,442350,2034983
case_073,4,PIPE_MTE3,1000010499,COPY_OUT,442238,442256,2034983
case_073,4,PIPE_V,3957,ADD,442350,442462,2034983
case_073,4,PIPE_MTE3,1000010623,COPY_OUT,442350,442368,2034983
case_073,4,PIPE_V,4082,ADD,442462,442574,2034983
case_073,4,PIPE_MTE3,1000010798,COPY_OUT,442462,442480,2034983
case_073,4,PIPE_MTE3,1000010801,COPY_OUT,442480,442498,2034983
case_073,4,PIPE_MTE3,1000010991,COPY_OUT,442574,442592,2034983
case_073,4,PIPE_MTE3,1000010994,COPY_OUT,442592,442610,2034983
case_073,4,PIPE_MTE2,1000011176,COPY_IN,445235,445253,2034983
case_073,4,PIPE_V,4207,ADD,445253,445365,2034983
case_073,4,PIPE_MTE2,1000005192,COPY_IN,445253,445615,2034983
case_073,4,PIPE_V,4332,ADD,445365,445477,2034983
case_073,4,PIPE_MTE3,1000011178,COPY_OUT,445365,445401,2034983
case_073,4,PIPE_MTE3,1000011181,COPY_OUT,445401,445437,2034983
case_073,4,PIPE_MTE3,1000011329,COPY_OUT,445477,445513,2034983
case_073,4,PIPE_M,83,CONV,445615,450271,2034983
case_073,4,PIPE_MTE2,1000005202,COPY_IN,445615,445941,2034983
case_073,4,PIPE_MTE2,1000011436,COPY_IN,446585,446603,2034983
case_073,4,PIPE_MTE2,1000005212,COPY_IN,446603,447218,2034983
case_073,4,PIPE_V,84,RELU,450271,450383,2034983
case_073,4,PIPE_M,85,CONV,450383,455039,2034983
case_073,4,PIPE_V,86,RELU,455039,455151,2034983
case_073,4,PIPE_M,708,CONV,455039,459695,2034983
case_073,4,PIPE_MTE3,1000005598,COPY_OUT,455151,455169,2034983
case_073,4,PIPE_V,709,RELU,459695,459807,2034983
case_073,4,PIPE_M,710,CONV,459807,464463,2034983
case_073,4,PIPE_V,711,RELU,464463,464575,2034983
case_073,4,PIPE_M,1333,CONV,464463,469119,2034983
case_073,4,PIPE_MTE3,1000006446,COPY_OUT,464575,464593,2034983
case_073,4,PIPE_V,1334,RELU,469119,469231,2034983
case_073,4,PIPE_M,1335,CONV,469231,473887,2034983
case_073,4,PIPE_V,1336,RELU,473887,473999,2034983
case_073,4,PIPE_M,1958,CONV,473887,478543,2034983
case_073,4,PIPE_MTE3,1000007261,COPY_OUT,473999,474017,2034983
case_073,4,PIPE_V,1959,RELU,478543,478655,2034983
case_073,4,PIPE_M,1960,CONV,478655,483311,2034983
case_073,4,PIPE_V,1961,RELU,483311,483423,2034983
case_073,4,PIPE_M,2583,CONV,483311,487967,2034983
case_073,4,PIPE_MTE3,1000008097,COPY_OUT,483423,483441,2034983
case_073,4,PIPE_V,2584,RELU,487967,488079,2034983
case_073,4,PIPE_M,2585,CONV,488079,492735,2034983
case_073,4,PIPE_V,2586,RELU,492735,492847,2034983
case_073,4,PIPE_M,3208,CONV,492735,497391,2034983
case_073,4,PIPE_MTE3,1000008945,COPY_OUT,492847,492865,2034983
case_073,4,PIPE_V,3209,RELU,497391,497503,2034983
case_073,4,PIPE_M,3210,CONV,497503,502159,2034983
case_073,4,PIPE_V,3211,RELU,502159,502271,2034983
case_073,4,PIPE_M,3833,CONV,502159,506815,2034983
case_073,4,PIPE_MTE3,1000009787,COPY_OUT,502271,502289,2034983
case_073,4,PIPE_V,3834,RELU,506815,506927,2034983
case_073,4,PIPE_M,3835,CONV,506927,511583,2034983
case_073,4,PIPE_V,3836,RELU,511583,511695,2034983
case_073,4,PIPE_M,4458,CONV,511583,516239,2034983
case_073,4,PIPE_MTE3,1000010626,COPY_OUT,511695,511713,2034983
case_073,4,PIPE_V,4459,RELU,516239,516351,2034983
case_073,4,PIPE_M,4460,CONV,516351,521007,2034983
case_073,4,PIPE_MTE2,1000005780,COPY_IN,520851,520869,2034983
case_073,4,PIPE_M,213,CONV,521007,523359,2034983
case_073,4,PIPE_V,4461,RELU,521007,521119,2034983
case_073,4,PIPE_MTE2,1000006169,COPY_IN,521093,521111,2034983
case_073,4,PIPE_V,4462,ADD,521119,521231,2034983
case_073,4,PIPE_MTE3,1000011438,COPY_OUT,521231,521267,2034983
case_073,4,PIPE_MTE3,1000011441,COPY_OUT,521267,521303,2034983
case_073,4,PIPE_MTE2,1000006996,COPY_IN,521653,521695,2034983
case_073,4,PIPE_MTE2,1000007826,COPY_IN,522255,522309,2034983
case_073,4,PIPE_MTE2,1000008671,COPY_IN,522827,522851,2034983
case_073,4,PIPE_MTE2,1000009519,COPY_IN,523339,523357,2034983
case_073,4,PIPE_V,214,RELU,523359,523439,2034983
case_073,4,PIPE_M,463,CONV,523359,525711,2034983
case_073,4,PIPE_MTE3,1000005782,COPY_OUT,523439,523456,2034983
case_073,4,PIPE_MTE2,1000010352,COPY_IN,523893,523911,2034983
case_073,4,PIPE_MTE2,1000011191,COPY_IN,524453,524525,2034983
case_073,4,PIPE_MTE2,1000011745,COPY_IN,524826,524916,2034983
case_073,4,PIPE_MTE2,1000005222,COPY_IN,524916,531277,2034983
case_073,4,PIPE_V,464,RELU,525711,525791,2034983
case_073,4,PIPE_M,1088,CONV,525711,528063,2034983
case_073,4,PIPE_MTE3,1000006171,COPY_OUT,525791,525854,2034983
case_073,4,PIPE_V,1089,RELU,528063,528143,2034983
case_073,4,PIPE_M,1713,CONV,528063,530415,2034983
case_073,4,PIPE_MTE3,1000006998,COPY_OUT,528143,528206,2034983
case_073,4,PIPE_V,1714,RELU,530415,530495,2034983
case_073,4,PIPE_M,2338,CONV,530415,532767,2034983
case_073,4,PIPE_MTE3,1000007828,COPY_OUT,530495,530558,2034983
case_073,4,PIPE_MTE2,1000006338,COPY_IN,531277,531322,2034983
case_073,4,PIPE_MTE2,1000005232,COPY_IN,531322,537182,2034983
case_073,4,PIPE_V,2339,RELU,532767,532847,2034983
case_073,4,PIPE_M,2963,CONV,532767,535119,2034983
case_073,4,PIPE_MTE3,1000008673,COPY_OUT,532847,532910,2034983
case_073,4,PIPE_V,2964,RELU,535119,535199,2034983
case_073,4,PIPE_M,3588,CONV,535119,537471,2034983
case_073,4,PIPE_MTE3,1000009521,COPY_OUT,535199,535262,2034983
case_073,4,PIPE_MTE2,1000007153,COPY_IN,537182,537191,2034983
case_073,4,PIPE_MTE2,1000007980,COPY_IN,537191,537200,2034983
case_073,4,PIPE_MTE2,1000008828,COPY_IN,537200,537209,2034983
case_073,4,PIPE_MTE2,1000009673,COPY_IN,537209,537218,2034983
case_073,4,PIPE_MTE2,1000010509,COPY_IN,537218,537227,2034983
case_073,4,PIPE_V,3589,RELU,537471,537551,2034983
case_073,4,PIPE_M,4213,CONV,537471,539823,2034983
case_073,4,PIPE_MTE3,1000010354,COPY_OUT,537551,537569,2034983
case_073,4,PIPE_MTE2,1000011339,COPY_IN,538288,538297,2034983
case_073,4,PIPE_MTE2,1000005608,COPY_IN,538297,538306,2034983
case_073,4,PIPE_V,4214,RELU,539823,539903,2034983
case_073,4,PIPE_M,4838,CONV,539823,542175,2034983
case_073,4,PIPE_MTE3,1000011193,COPY_OUT,539903,539919,2034983
case_073,4,PIPE_M,590,CONV,542175,546831,2034983
case_073,4,PIPE_V,4839,RELU,542175,542255,2034983
case_073,4,PIPE_MTE3,1000011747,COPY_OUT,542255,542291,2034983
case_073,4,PIPE_V,591,RELU,546831,546911,2034983
case_073,4,PIPE_M,592,CONV,546911,551567,2034983
case_073,4,PIPE_MTE2,1000005611,COPY_IN,547716,547752,2034983
case_073,4,PIPE_MTE2,1000005786,COPY_IN,549820,549847,2034983
case_073,4,PIPE_MTE2,1000005976,COPY_IN,549847,549874,2034983
case_073,4,PIPE_MTE2,1000005979,COPY_IN,550428,550437,2034983
case_073,4,PIPE_MTE2,1000006175,COPY_IN,551370,551379,2034983
case_073,4,PIPE_MTE2,1000006459,COPY_IN,551379,551388,2034983
case_073,4,PIPE_V,593,RELU,551567,551647,2034983
case_073,4,PIPE_M,1215,CONV,551567,556223,2034983
case_073,4,PIPE_V,1216,RELU,556223,556303,2034983
case_073,4,PIPE_M,1217,CONV,556303,560959,2034983
case_073,4,PIPE_MTE2,1000006462,COPY_IN,557072,557081,2034983
case_073,4,PIPE_MTE2,1000006613,COPY_IN,557081,557090,2034983
case_073,4,PIPE_MTE2,1000006616,COPY_IN,559194,559203,2034983
case_073,4,PIPE_MTE2,1000006812,COPY_IN,559203,559212,2034983
case_073,4,PIPE_MTE2,1000006815,COPY_IN,559802,559811,2034983
case_073,4,PIPE_MTE2,1000007002,COPY_IN,560762,560771,2034983
case_073,4,PIPE_MTE2,1000007271,COPY_IN,560771,560780,2034983
case_073,4,PIPE_V,1218,RELU,560959,561039,2034983
case_073,4,PIPE_M,1840,CONV,560959,565615,2034983
case_073,4,PIPE_V,1841,RELU,565615,565695,2034983
case_073,4,PIPE_M,1842,CONV,565695,570351,2034983
case_073,4,PIPE_MTE2,1000007274,COPY_IN,566464,566473,2034983
case_073,4,PIPE_MTE2,1000007443,COPY_IN,566473,566482,2034983
case_073,4,PIPE_MTE2,1000007446,COPY_IN,568586,568595,2034983
case_073,4,PIPE_MTE2,1000007639,COPY_IN,568595,568604,2034983
case_073,4,PIPE_MTE2,1000007642,COPY_IN,569194,569203,2034983
case_073,4,PIPE_MTE2,1000007832,COPY_IN,570154,570163,2034983
case_073,4,PIPE_MTE2,1000008107,COPY_IN,570163,570172,2034983
case_073,4,PIPE_V,1843,RELU,570351,570431,2034983
case_073,4,PIPE_M,2465,CONV,570351,575007,2034983
case_073,4,PIPE_V,2466,RELU,575007,575087,2034983
case_073,4,PIPE_M,2467,CONV,575087,579743,2034983
case_073,4,PIPE_MTE2,1000008110,COPY_IN,575856,575865,2034983
case_073,4,PIPE_MTE2,1000008285,COPY_IN,575865,575874,2034983
case_073,4,PIPE_MTE2,1000008288,COPY_IN,577978,577987,2034983
case_073,4,PIPE_MTE2,1000008484,COPY_IN,577987,577996,2034983
case_073,4,PIPE_MTE2,1000008487,COPY_IN,578586,578595,2034983
case_073,4,PIPE_MTE2,1000008677,COPY_IN,579546,579555,2034983
case_073,4,PIPE_MTE2,1000008955,COPY_IN,579555,579564,2034983
case_073,4,PIPE_V,2468,RELU,579743,579823,2034983
case_073,4,PIPE_M,3090,CONV,579743,584399,2034983
case_073,4,PIPE_V,3091,RELU,584399,584479,2034983
case_073,4,PIPE_M,3092,CONV,584479,589135,2034983
case_073,4,PIPE_MTE2,1000008958,COPY_IN,585248,585257,2034983
case_073,4,PIPE_MTE2,1000009130,COPY_IN,585257,585266,2034983
case_073,4,PIPE_MTE2,1000009133,COPY_IN,587370,587379,2034983
case_073,4,PIPE_MTE2,1000009329,COPY_IN,587379,587388,2034983
case_073,4,PIPE_MTE2,1000009332,COPY_IN,587978,587987,2034983
case_073,4,PIPE_MTE2,1000009525,COPY_IN,588938,588947,2034983
case_073,4,PIPE_MTE2,1000009797,COPY_IN,588947,588956,2034983
case_073,4,PIPE_V,3093,RELU,589135,589215,2034983
case_073,4,PIPE_M,3715,CONV,589135,593791,2034983
case_073,4,PIPE_V,3716,RELU,593791,593871,2034983
case_073,4,PIPE_M,3717,CONV,593871,598527,2034983
case_073,4,PIPE_MTE2,1000009800,COPY_IN,594640,594649,2034983
case_073,4,PIPE_MTE2,1000009972,COPY_IN,594649,594658,2034983
case_073,4,PIPE_MTE2,1000009975,COPY_IN,596762,596771,2034983
case_073,4,PIPE_MTE2,1000010165,COPY_IN,596771,596780,2034983
case_073,4,PIPE_MTE2,1000010168,COPY_IN,597370,597379,2034983
case_073,4,PIPE_MTE2,1000010358,COPY_IN,598330,598339,2034983
case_073,4,PIPE_MTE2,1000010636,COPY_IN,598339,598348,2034983
case_073,4,PIPE_V,3718,RELU,598527,598607,2034983
case_073,4,PIPE_M,4340,CONV,598527,603183,2034983
case_073,4,PIPE_V,4341,RELU,603183,603263,2034983
case_073,4,PIPE_M,4342,CONV,603263,607919,2034983
case_073,4,PIPE_MTE2,1000010639,COPY_IN,604032,604041,2034983
case_073,4,PIPE_MTE2,1000010814,COPY_IN,604041,604050,2034983
case_073,4,PIPE_MTE2,1000010817,COPY_IN,606154,606163,2034983
case_073,4,PIPE_MTE2,1000011007,COPY_IN,606163,606172,2034983
case_073,4,PIPE_MTE2,1000011010,COPY_IN,606762,606771,2034983
case_073,4,PIPE_MTE2,1000011197,COPY_IN,607722,607731,2034983
case_073,4,PIPE_MTE2,1000005242,COPY_IN,607731,609230,2034983
case_073,4,PIPE_V,4343,RELU,607919,607999,2034983
case_073,4,PIPE_V,94,ADD,607999,608079,2034983
case_073,4,PIPE_V,219,ADD,608079,608159,2034983
case_073,4,PIPE_MTE3,1000005613,COPY_OUT,608079,608097,2034983
case_073,4,PIPE_V,344,ADD,608159,608239,2034983
case_073,4,PIPE_MTE3,1000005788,COPY_OUT,608159,608177,2034983
case_073,4,PIPE_MTE3,1000005791,COPY_OUT,608177,608195,2034983
case_073,4,PIPE_V,469,ADD,608239,608319,2034983
case_073,4,PIPE_MTE3,1000005981,COPY_OUT,608239,608257,2034983
case_073,4,PIPE_MTE3,1000005984,COPY_OUT,608257,608275,2034983
case_073,4,PIPE_V,594,ADD,608319,608399,2034983
case_073,4,PIPE_MTE3,1000006177,COPY_OUT,608319,608337,2034983
case_073,4,PIPE_MTE3,1000006180,COPY_OUT,608337,608355,2034983
case_073,4,PIPE_V,719,ADD,608399,608479,2034983
case_073,4,PIPE_MTE3,1000006340,COPY_OUT,608399,608417,2034983
case_073,4,PIPE_V,844,ADD,608479,608559,2034983
case_073,4,PIPE_MTE3,1000006464,COPY_OUT,608479,608497,2034983
case_073,4,PIPE_V,969,ADD,608559,608639,2034983
case_073,4,PIPE_MTE3,1000006618,COPY_OUT,608559,608577,2034983
case_073,4,PIPE_MTE3,1000006621,COPY_OUT,608577,608595,2034983
case_073,4,PIPE_V,1094,ADD,608639,608719,2034983
case_073,4,PIPE_MTE3,1000006817,COPY_OUT,608639,608657,2034983
case_073,4,PIPE_MTE3,1000006820,COPY_OUT,608657,608675,2034983
case_073,4,PIPE_V,1219,ADD,608719,608799,2034983
case_073,4,PIPE_MTE3,1000007004,COPY_OUT,608719,608737,2034983
case_073,4,PIPE_MTE3,1000007007,COPY_OUT,608737,608755,2034983
case_073,4,PIPE_V,1344,ADD,608799,608879,2034983
case_073,4,PIPE_MTE3,1000007155,COPY_OUT,608799,608817,2034983
case_073,4,PIPE_V,1469,ADD,608879,608959,2034983
case_073,4,PIPE_MTE3,1000007276,COPY_OUT,608879,608897,2034983
case_073,4,PIPE_V,1594,ADD,608959,609039,2034983
case_073,4,PIPE_MTE3,1000007448,COPY_OUT,608959,608977,2034983
case_073,4,PIPE_MTE3,1000007451,COPY_OUT,608977,608995,2034983
case_073,4,PIPE_V,1719,ADD,609039,609119,2034983
case_073,4,PIPE_MTE3,1000007644,COPY_OUT,609039,609057,2034983
case_073,4,PIPE_MTE3,1000007647,COPY_OUT,609057,609075,2034983
case_073,4,PIPE_V,1844,ADD,609119,609199,2034983
case_073,4,PIPE_MTE3,1000007834,COPY_OUT,609119,609137,2034983
case_073,4,PIPE_MTE3,1000007837,COPY_OUT,609137,609155,2034983
case_073,4,PIPE_V,1969,ADD,609199,609279,2034983
case_073,4,PIPE_MTE3,1000007982,COPY_OUT,609199,609217,2034983
case_073,4,PIPE_M,95,CONV,609230,613886,2034983
case_073,4,PIPE_MTE2,1000005252,COPY_IN,609230,610900,2034983
case_073,4,PIPE_V,2094,ADD,609279,609359,2034983
case_073,4,PIPE_MTE3,1000008112,COPY_OUT,609279,609297,2034983
case_073,4,PIPE_V,2219,ADD,609359,609439,2034983
case_073,4,PIPE_MTE3,1000008290,COPY_OUT,609359,609377,2034983
case_073,4,PIPE_MTE3,1000008293,COPY_OUT,609377,609395,2034983
case_073,4,PIPE_V,2344,ADD,609439,609519,2034983
case_073,4,PIPE_MTE3,1000008489,COPY_OUT,609439,609457,2034983
case_073,4,PIPE_MTE3,1000008492,COPY_OUT,609457,609475,2034983
case_073,4,PIPE_V,2469,ADD,609519,609599,2034983
case_073,4,PIPE_MTE3,1000008679,COPY_OUT,609519,609537,2034983
case_073,4,PIPE_MTE3,1000008682,COPY_OUT,609537,609555,2034983
case_073,4,PIPE_V,2594,ADD,609599,609679,2034983
case_073,4,PIPE_MTE3,1000008830,COPY_OUT,609599,609617,2034983
case_073,4,PIPE_V,2719,ADD,609679,609759,2034983
case_073,4,PIPE_MTE3,1000008960,COPY_OUT,609679,609697,2034983
case_073,4,PIPE_V,2844,ADD,609759,609839,2034983
case_073,4,PIPE_MTE3,1000009135,COPY_OUT,609759,609777,2034983
case_073,4,PIPE_MTE3,1000009138,COPY_OUT,609777,609795,2034983
case_073,4,PIPE_V,2969,ADD,609839,609919,2034983
case_073,4,PIPE_MTE3,1000009334,COPY_OUT,609839,609857,2034983
case_073,4,PIPE_MTE3,1000009337,COPY_OUT,609857,609875,2034983
case_073,4,PIPE_V,3094,ADD,609919,609999,2034983
case_073,4,PIPE_MTE3,1000009527,COPY_OUT,609919,609937,2034983
case_073,4,PIPE_MTE3,1000009530,COPY_OUT,609937,609955,2034983
case_073,4,PIPE_V,3219,ADD,609999,610079,2034983
case_073,4,PIPE_MTE3,1000009675,COPY_OUT,609999,610017,2034983
case_073,4,PIPE_V,3344,ADD,610079,610159,2034983
case_073,4,PIPE_MTE3,1000009802,COPY_OUT,610079,610097,2034983
case_073,4,PIPE_V,3469,ADD,610159,610239,2034983
case_073,4,PIPE_MTE3,1000009977,COPY_OUT,610159,610177,2034983
case_073,4,PIPE_MTE3,1000009980,COPY_OUT,610177,610195,2034983
case_073,4,PIPE_V,3594,ADD,610239,610319,2034983
case_073,4,PIPE_MTE3,1000010170,COPY_OUT,610239,610257,2034983
case_073,4,PIPE_MTE3,1000010173,COPY_OUT,610257,610275,2034983
case_073,4,PIPE_V,3719,ADD,610319,610399,2034983
case_073,4,PIPE_MTE3,1000010360,COPY_OUT,610319,610337,2034983
case_073,4,PIPE_MTE3,1000010363,COPY_OUT,610337,610355,2034983
case_073,4,PIPE_V,3844,ADD,610399,610479,2034983
case_073,4,PIPE_MTE3,1000010511,COPY_OUT,610399,610417,2034983
case_073,4,PIPE_V,3969,ADD,610479,610559,2034983
case_073,4,PIPE_MTE3,1000010641,COPY_OUT,610479,610497,2034983
case_073,4,PIPE_V,4094,ADD,610559,610639,2034983
case_073,4,PIPE_MTE3,1000010819,COPY_OUT,610559,610577,2034983
case_073,4,PIPE_MTE3,1000010822,COPY_OUT,610577,610595,2034983
case_073,4,PIPE_V,4219,ADD,610639,610719,2034983
case_073,4,PIPE_MTE3,1000011012,COPY_OUT,610639,610657,2034983
case_073,4,PIPE_MTE3,1000011015,COPY_OUT,610657,610675,2034983
case_073,4,PIPE_V,4344,ADD,610719,610799,2034983
case_073,4,PIPE_MTE3,1000011199,COPY_OUT,610719,610737,2034983
case_073,4,PIPE_MTE3,1000011202,COPY_OUT,610737,610755,2034983
case_073,4,PIPE_MTE3,1000011341,COPY_OUT,610799,610817,2034983
case_073,4,PIPE_MTE2,1000011448,COPY_IN,613504,613513,2034983
case_073,4,PIPE_MTE2,1000005262,COPY_IN,613513,616375,2034983
case_073,4,PIPE_V,96,RELU,613886,613966,2034983
case_073,4,PIPE_M,97,CONV,613966,618622,2034983
case_073,4,PIPE_V,98,RELU,618622,618702,2034983
case_073,4,PIPE_M,720,CONV,618622,623278,2034983
case_073,4,PIPE_MTE3,1000005616,COPY_OUT,618702,618738,2034983
case_073,4,PIPE_V,721,RELU,623278,623358,2034983
case_073,4,PIPE_M,722,CONV,623358,628014,2034983
case_073,4,PIPE_V,723,RELU,628014,628094,2034983
case_073,4,PIPE_M,1345,CONV,628014,632670,2034983
case_073,4,PIPE_MTE3,1000006467,COPY_OUT,628094,628103,2034983
case_073,4,PIPE_V,1346,RELU,632670,632750,2034983
case_073,4,PIPE_M,1347,CONV,632750,637406,2034983
case_073,4,PIPE_V,1348,RELU,637406,637486,2034983
case_073,4,PIPE_M,1970,CONV,637406,642062,2034983
case_073,4,PIPE_MTE3,1000007279,COPY_OUT,637486,637495,2034983
case_073,4,PIPE_V,1971,RELU,642062,642142,2034983
case_073,4,PIPE_M,1972,CONV,642142,646798,2034983
case_073,4,PIPE_V,1973,RELU,646798,646878,2034983
case_073,4,PIPE_M,2595,CONV,646798,651454,2034983
case_073,4,PIPE_MTE3,1000008115,COPY_OUT,646878,646887,2034983
case_073,4,PIPE_V,2596,RELU,651454,651534,2034983
case_073,4,PIPE_M,2597,CONV,651534,656190,2034983
case_073,4,PIPE_V,2598,RELU,656190,656270,2034983
case_073,4,PIPE_M,3220,CONV,656190,660846,2034983
case_073,4,PIPE_MTE3,1000008963,COPY_OUT,656270,656279,2034983
case_073,4,PIPE_V,3221,RELU,660846,660926,2034983
case_073,4,PIPE_M,3222,CONV,660926,665582,2034983
case_073,4,PIPE_V,3223,RELU,665582,665662,2034983
case_073,4,PIPE_M,3845,CONV,665582,670238,2034983
case_073,4,PIPE_MTE3,1000009805,COPY_OUT,665662,665671,2034983
case_073,4,PIPE_V,3846,RELU,670238,670318,2034983
case_073,4,PIPE_M,3847,CONV,670318,674974,2034983
case_073,4,PIPE_V,3848,RELU,674974,675054,2034983
case_073,4,PIPE_M,4470,CONV,674974,679630,2034983
case_073,4,PIPE_MTE3,1000010644,COPY_OUT,675054,675063,2034983
case_073,4,PIPE_V,4471,RELU,679630,679710,2034983
case_073,4,PIPE_M,4472,CONV,679710,684366,2034983
case_073,4,PIPE_MTE2,1000005798,COPY_IN,683027,683045,2034983
case_073,4,PIPE_MTE2,1000006187,COPY_IN,683187,683205,2034983
case_073,4,PIPE_MTE2,1000006471,COPY_IN,683347,683365,2034983
case_073,4,PIPE_MTE2,1000007283,COPY_IN,683747,683765,2034983
case_073,4,PIPE_MTE2,1000008119,COPY_IN,684147,684165,2034983
case_073,4,PIPE_M,225,CONV,684366,686718,2034983
case_073,4,PIPE_V,4473,RELU,684366,684446,2034983
case_073,4,PIPE_V,4474,ADD,684446,684526,2034983
case_073,4,PIPE_MTE3,1000011450,COPY_OUT,684526,684555,2034983
case_073,4,PIPE_MTE2,1000008967,COPY_IN,684547,684570,2034983
case_073,4,PIPE_MTE2,1000009812,COPY_IN,684965,684983,2034983
case_073,4,PIPE_MTE2,1000010651,COPY_IN,685365,685383,2034983
case_073,4,PIPE_MTE2,1000005272,COPY_IN,685383,701744,2034983
case_073,4,PIPE_V,226,RELU,686718,686782,2034983
case_073,4,PIPE_M,475,CONV,686718,689070,2034983
case_073,4,PIPE_MTE3,1000005800,COPY_OUT,686782,686797,2034983
case_073,4,PIPE_V,476,RELU,689070,689134,2034983
case_073,4,PIPE_M,725,CONV,689070,691422,2034983
case_073,4,PIPE_MTE3,1000006189,COPY_OUT,689134,689154,2034983
case_073,4,PIPE_MTE3,1000006192,COPY_OUT,689154,689174,2034983
case_073,4,PIPE_V,726,RELU,691422,691486,2034983
case_073,4,PIPE_M,1350,CONV,691422,693774,2034983
case_073,4,PIPE_MTE3,1000006473,COPY_OUT,691486,691511,2034983
case_073,4,PIPE_MTE3,1000006476,COPY_OUT,691511,691536,2034983
case_073,4,PIPE_V,1351,RELU,693774,693838,2034983
case_073,4,PIPE_M,1975,CONV,693774,696126,2034983
case_073,4,PIPE_MTE3,1000007285,COPY_OUT,693838,693863,2034983
case_073,4,PIPE_MTE3,1000007288,COPY_OUT,693863,693888,2034983
case_073,4,PIPE_V,1976,RELU,696126,696190,2034983
case_073,4,PIPE_M,2600,CONV,696126,698478,2034983
case_073,4,PIPE_MTE3,1000008121,COPY_OUT,696190,696215,2034983
case_073,4,PIPE_MTE3,1000008124,COPY_OUT,696215,696240,2034983
case_073,4,PIPE_V,2601,RELU,698478,698542,2034983
case_073,4,PIPE_M,3225,CONV,698478,700830,2034983
case_073,4,PIPE_MTE3,1000008969,COPY_OUT,698542,698567,2034983
case_073,4,PIPE_MTE3,1000008972,COPY_OUT,698567,698592,2034983
case_073,4,PIPE_V,3226,RELU,700830,700894,2034983
case_073,4,PIPE_M,3850,CONV,700830,703182,2034983
case_073,4,PIPE_MTE3,1000009814,COPY_OUT,700894,700914,2034983
case_073,4,PIPE_MTE3,1000009817,COPY_OUT,700914,700934,2034983
case_073,4,PIPE_MTE2,1000006637,COPY_IN,701744,701759,2034983
case_073,4,PIPE_MTE2,1000007467,COPY_IN,701759,701774,2034983
case_073,4,PIPE_MTE2,1000008309,COPY_IN,701774,701789,2034983
case_073,4,PIPE_MTE2,1000009154,COPY_IN,701789,701804,2034983
case_073,4,PIPE_MTE2,1000009996,COPY_IN,701804,701819,2034983
case_073,4,PIPE_MTE2,1000010838,COPY_IN,702677,702692,2034983
case_073,4,PIPE_V,3851,RELU,703182,703246,2034983
case_073,4,PIPE_M,4475,CONV,703182,705534,2034983
case_073,4,PIPE_MTE3,1000010653,COPY_OUT,703246,703261,2034983
case_073,4,PIPE_MTE3,1000010656,COPY_OUT,703261,703276,2034983
case_073,4,PIPE_MTE2,1000011557,COPY_IN,705009,705019,2034983
case_073,4,PIPE_M,227,CONV,705534,710190,2034983
case_073,4,PIPE_V,4476,RELU,705534,705598,2034983
case_073,4,PIPE_MTE3,1000011453,COPY_OUT,705598,705603,2034983
case_073,4,PIPE_V,228,RELU,710190,710254,2034983
case_073,4,PIPE_M,852,CONV,710190,714846,2034983
case_073,4,PIPE_V,853,RELU,714846,714910,2034983
case_073,4,PIPE_M,1477,CONV,714846,719502,2034983
case_073,4,PIPE_V,1478,RELU,719502,719566,2034983
case_073,4,PIPE_M,2102,CONV,719502,724158,2034983
case_073,4,PIPE_V,2103,RELU,724158,724222,2034983
case_073,4,PIPE_M,2727,CONV,724158,728814,2034983
case_073,4,PIPE_V,2728,RELU,728814,728878,2034983
case_073,4,PIPE_M,3352,CONV,728814,733470,2034983
case_073,4,PIPE_V,3353,RELU,733470,733534,2034983
case_073,4,PIPE_M,3977,CONV,733470,738126,2034983
case_073,4,PIPE_V,3978,RELU,738126,738190,2034983
case_073,4,PIPE_M,4602,CONV,738126,742782,2034983
case_073,4,PIPE_V,4603,RELU,742782,742846,2034983
case_073,4,PIPE_MTE2,1000005282,COPY_IN,742782,760308,2034983
case_073,4,PIPE_M,229,CONV,760308,764964,2034983
case_073,4,PIPE_V,230,RELU,764964,765028,2034983
case_073,4,PIPE_M,854,CONV,764964,769620,2034983
case_073,4,PIPE_MTE3,1000005803,COPY_OUT,765028,765038,2034983
case_073,4,PIPE_V,855,RELU,769620,769684,2034983
case_073,4,PIPE_M,1479,CONV,769620,774276,2034983
case_073,4,PIPE_MTE3,1000006639,COPY_OUT,769684,769694,2034983
case_073,4,PIPE_V,1480,RELU,774276,774340,2034983
case_073,4,PIPE_M,2104,CONV,774276,778932,2034983
case_073,4,PIPE_MTE3,1000007469,COPY_OUT,774340,774345,2034983
case_073,4,PIPE_V,2105,RELU,778932,778996,2034983
case_073,4,PIPE_M,2729,CONV,778932,783588,2034983
case_073,4,PIPE_MTE3,1000008311,COPY_OUT,778996,779006,2034983
case_073,4,PIPE_V,2730,RELU,783588,783652,2034983
case_073,4,PIPE_M,3354,CONV,783588,788244,2034983
case_073,4,PIPE_MTE3,1000009156,COPY_OUT,783652,783657,2034983
case_073,4,PIPE_V,3355,RELU,788244,788308,2034983
case_073,4,PIPE_M,3979,CONV,788244,792900,2034983
case_073,4,PIPE_MTE3,1000009998,COPY_OUT,788308,788318,2034983
case_073,4,PIPE_V,3980,RELU,792900,792964,2034983
case_073,4,PIPE_M,4604,CONV,792900,797556,2034983
case_073,4,PIPE_MTE3,1000010840,COPY_OUT,792964,792969,2034983
case_073,4,PIPE_V,4605,RELU,797556,797620,2034983
case_073,4,PIPE_MTE2,1000005292,COPY_IN,797556,809237,2034983
case_073,4,PIPE_V,4606,ADD,797620,797684,2034983
case_073,4,PIPE_MTE3,1000011559,COPY_OUT,797684,797704,2034983
case_073,4,PIPE_MTE2,1000006006,COPY_IN,809237,809242,2034983
case_073,4,PIPE_M,357,CONV,809242,813898,2034983
case_073,4,PIPE_MTE2,1000006845,COPY_IN,809242,809247,2034983
case_073,4,PIPE_MTE2,1000007672,COPY_IN,809247,809252,2034983
case_073,4,PIPE_MTE2,1000008517,COPY_IN,809252,809257,2034983
case_073,4,PIPE_V,358,RELU,813898,813962,2034983
case_073,4,PIPE_M,982,CONV,813898,818554,2034983
case_073,4,PIPE_V,983,RELU,818554,818618,2034983
case_073,4,PIPE_M,1607,CONV,818554,823210,2034983
case_073,4,PIPE_V,1608,RELU,823210,823274,2034983
case_073,4,PIPE_M,2232,CONV,823210,827866,2034983
case_073,4,PIPE_MTE2,1000009362,COPY_IN,824310,824320,2034983
case_073,4,PIPE_V,2233,RELU,827866,827930,2034983
case_073,4,PIPE_M,2857,CONV,827866,832522,2034983
case_073,4,PIPE_V,2858,RELU,832522,832586,2034983
case_073,4,PIPE_MTE2,1000010198,COPY_IN,843544,843554,2034983
case_073,4,PIPE_M,3482,CONV,843554,848210,2034983
case_073,4,PIPE_V,3483,RELU,848210,848274,2034983
case_073,4,PIPE_MTE2,1000011040,COPY_IN,862788,862803,2034983
case_073,4,PIPE_M,4107,CONV,862803,867459,2034983
case_073,4,PIPE_MTE2,1000011660,COPY_IN,862803,862818,2034983
case_073,4,PIPE_V,4108,RELU,867459,867523,2034983
case_073,4,PIPE_M,4732,CONV,867459,872115,2034983
case_073,4,PIPE_V,4733,RELU,872115,872179,2034983
case_073,4,PIPE_MTE2,1000005302,COPY_IN,872115,885114,2034983
case_073,4,PIPE_M,359,CONV,885114,889770,2034983
case_073,4,PIPE_V,360,RELU,889770,889834,2034983
case_073,4,PIPE_M,984,CONV,889770,894426,2034983
case_073,4,PIPE_MTE3,1000006008,COPY_OUT,889834,889839,2034983
case_073,4,PIPE_V,985,RELU,894426,894490,2034983
case_073,4,PIPE_M,1609,CONV,894426,899082,2034983
case_073,4,PIPE_MTE3,1000006847,COPY_OUT,894490,894500,2034983
case_073,4,PIPE_V,1610,RELU,899082,899146,2034983
case_073,4,PIPE_M,2234,CONV,899082,903738,2034983
case_073,4,PIPE_MTE3,1000007674,COPY_OUT,899146,899151,2034983
case_073,4,PIPE_V,2235,RELU,903738,903802,2034983
case_073,4,PIPE_M,2859,CONV,903738,908394,2034983
case_073,4,PIPE_MTE3,1000008519,COPY_OUT,903802,903807,2034983
case_073,4,PIPE_V,2860,RELU,908394,908458,2034983
case_073,4,PIPE_M,3484,CONV,908394,913050,2034983
case_073,4,PIPE_MTE3,1000009364,COPY_OUT,908458,908463,2034983
case_073,4,PIPE_V,3485,RELU,913050,913114,2034983
case_073,4,PIPE_M,4109,CONV,913050,917706,2034983
case_073,4,PIPE_MTE3,1000010200,COPY_OUT,913114,913124,2034983
case_073,4,PIPE_V,4110,RELU,917706,917770,2034983
case_073,4,PIPE_M,4734,CONV,917706,922362,2034983
case_073,4,PIPE_MTE3,1000011042,COPY_OUT,917770,917775,2034983
case_073,4,PIPE_V,4735,RELU,922362,922426,2034983
case_073,4,PIPE_MTE2,1000005312,COPY_IN,922362,933577,2034983
case_073,4,PIPE_V,4736,ADD,922426,922490,2034983
case_073,4,PIPE_MTE3,1000011662,COPY_OUT,922490,922510,2034983
case_073,4,PIPE_MTE2,1000006211,COPY_IN,997340,997355,2034983
case_073,4,PIPE_M,487,CONV,997355,1002011,2034983
case_073,4,PIPE_MTE2,1000007038,COPY_IN,997660,997675,2034983
case_073,4,PIPE_MTE2,1000007868,COPY_IN,997980,997995,2034983
case_073,4,PIPE_MTE2,1000008713,COPY_IN,998300,998315,2034983
case_073,4,PIPE_MTE2,1000009561,COPY_IN,998620,998635,2034983
case_073,4,PIPE_MTE2,1000010391,COPY_IN,998940,998950,2034983
case_073,4,PIPE_MTE2,1000011230,COPY_IN,999260,999270,2034983
case_073,4,PIPE_MTE2,1000011763,COPY_IN,999270,999280,2034983
case_073,4,PIPE_V,488,RELU,1002011,1002075,2034983
case_073,4,PIPE_M,1112,CONV,1002011,1006667,2034983
case_073,4,PIPE_V,1113,RELU,1006667,1006731,2034983
case_073,4,PIPE_M,1737,CONV,1006667,1011323,2034983
case_073,4,PIPE_V,1738,RELU,1011323,1011387,2034983
case_073,4,PIPE_M,2362,CONV,1011323,1015979,2034983
case_073,4,PIPE_V,2363,RELU,1015979,1016043,2034983
case_073,4,PIPE_M,2987,CONV,1015979,1020635,2034983
case_073,4,PIPE_V,2988,RELU,1020635,1020699,2034983
case_073,4,PIPE_M,3612,CONV,1020635,1025291,2034983
case_073,4,PIPE_V,3613,RELU,1025291,1025355,2034983
case_073,4,PIPE_M,4237,CONV,1025291,1029947,2034983
case_073,4,PIPE_V,4238,RELU,1029947,1030011,2034983
case_073,4,PIPE_M,4862,CONV,1029947,1034603,2034983
case_073,4,PIPE_V,4863,RELU,1034603,1034667,2034983
case_073,4,PIPE_MTE2,1000005322,COPY_IN,1034603,1057458,2034983
case_073,4,PIPE_M,489,CONV,1057458,1062114,2034983
case_073,4,PIPE_V,490,RELU,1062114,1062178,2034983
case_073,4,PIPE_M,1114,CONV,1062114,1066770,2034983
case_073,4,PIPE_MTE3,1000006213,COPY_OUT,1062178,1062183,2034983
case_073,4,PIPE_V,1115,RELU,1066770,1066834,2034983
case_073,4,PIPE_M,1739,CONV,1066770,1071426,2034983
case_073,4,PIPE_MTE3,1000007040,COPY_OUT,1066834,1066849,2034983
case_073,4,PIPE_V,1740,RELU,1071426,1071490,2034983
case_073,4,PIPE_M,2364,CONV,1071426,1076082,2034983
case_073,4,PIPE_MTE3,1000007870,COPY_OUT,1071490,1071500,2034983
case_073,4,PIPE_V,2365,RELU,1076082,1076146,2034983
case_073,4,PIPE_M,2989,CONV,1076082,1080738,2034983
case_073,4,PIPE_MTE3,1000008715,COPY_OUT,1076146,1076156,2034983
case_073,4,PIPE_V,2990,RELU,1080738,1080802,2034983
case_073,4,PIPE_M,3614,CONV,1080738,1085394,2034983
case_073,4,PIPE_MTE3,1000009563,COPY_OUT,1080802,1080817,2034983
case_073,4,PIPE_V,3615,RELU,1085394,1085458,2034983
case_073,4,PIPE_M,4239,CONV,1085394,1090050,2034983
case_073,4,PIPE_MTE3,1000010393,COPY_OUT,1085458,1085463,2034983
case_073,4,PIPE_V,4240,RELU,1090050,1090114,2034983
case_073,4,PIPE_M,4864,CONV,1090050,1094706,2034983
case_073,4,PIPE_MTE3,1000011232,COPY_OUT,1090114,1090129,2034983
case_073,4,PIPE_V,4865,RELU,1094706,1094770,2034983
case_073,4,PIPE_MTE2,1000005332,COPY_IN,1094706,1117384,2034983
case_073,4,PIPE_V,4866,ADD,1094770,1094834,2034983
case_073,4,PIPE_MTE3,1000011765,COPY_OUT,1094834,1094859,2034983
case_073,4,PIPE_MTE2,1000006356,COPY_IN,1177160,1177174,2034983
case_073,4,PIPE_M,617,CONV,1177174,1181830,2034983
case_073,4,PIPE_V,618,RELU,1181830,1181894,2034983
case_073,4,PIPE_MTE2,1000005342,COPY_IN,1181830,1191274,2034983
case_073,4,PIPE_M,619,CONV,1191274,1195930,2034983
case_073,4,PIPE_MTE2,1000007171,COPY_IN,1191274,1191289,2034983
case_073,4,PIPE_V,620,RELU,1195930,1195994,2034983
case_073,4,PIPE_MTE2,1000011832,COPY_IN,1195930,1201960,2034983
case_073,4,PIPE_MTE3,1000011834,COPY_OUT,1195994,1196014,2034983
case_073,4,PIPE_M,1242,CONV,1201960,1206616,2034983
case_073,4,PIPE_V,1243,RELU,1206616,1206680,2034983
case_073,4,PIPE_MTE2,1000011838,COPY_IN,1206616,1211918,2034983
case_073,4,PIPE_M,1244,CONV,1211918,1216574,2034983
case_073,4,PIPE_MTE2,1000007998,COPY_IN,1211918,1211928,2034983
case_073,4,PIPE_V,1245,RELU,1216574,1216638,2034983
case_073,4,PIPE_MTE2,1000011842,COPY_IN,1216574,1231256,2034983
case_073,4,PIPE_MTE3,1000011844,COPY_OUT,1216638,1216663,2034983
case_073,4,PIPE_M,1867,CONV,1231256,1235912,2034983
case_073,4,PIPE_V,1868,RELU,1235912,1235976,2034983
case_073,4,PIPE_MTE2,1000011848,COPY_IN,1235912,1244286,2034983
case_073,4,PIPE_M,1869,CONV,1244286,1248942,2034983
case_073,4,PIPE_MTE2,1000008846,COPY_IN,1244286,1244291,2034983
case_073,4,PIPE_V,1870,RELU,1248942,1249006,2034983
case_073,4,PIPE_MTE2,1000011852,COPY_IN,1248942,1253863,2034983
case_073,4,PIPE_MTE3,1000011854,COPY_OUT,1249006,1249016,2034983
case_073,4,PIPE_M,2492,CONV,1253863,1258519,2034983
case_073,4,PIPE_V,2493,RELU,1258519,1258583,2034983
case_073,4,PIPE_MTE2,1000011858,COPY_IN,1258519,1267426,2034983
case_073,4,PIPE_M,2494,CONV,1267426,1272082,2034983
case_073,4,PIPE_MTE2,1000009691,COPY_IN,1267426,1267436,2034983
case_073,4,PIPE_V,2495,RELU,1272082,1272146,2034983
case_073,4,PIPE_MTE2,1000011862,COPY_IN,1272082,1287574,2034983
case_073,4,PIPE_MTE3,1000011864,COPY_OUT,1272146,1272166,2034983
case_073,4,PIPE_M,3117,CONV,1287574,1292230,2034983
case_073,4,PIPE_V,3118,RELU,1292230,1292294,2034983
case_073,4,PIPE_MTE2,1000011868,COPY_IN,1292230,1297155,2034983
case_073,4,PIPE_M,3119,CONV,1297155,1301811,2034983
case_073,4,PIPE_MTE2,1000010524,COPY_IN,1297155,1297160,2034983
case_073,4,PIPE_V,3120,RELU,1301811,1301875,2034983
case_073,4,PIPE_MTE2,1000011872,COPY_IN,1301811,1306759,2034983
case_073,4,PIPE_MTE3,1000011874,COPY_OUT,1301875,1301885,2034983
case_073,4,PIPE_M,3742,CONV,1306759,1311415,2034983
case_073,4,PIPE_V,3743,RELU,1311415,1311479,2034983
case_073,4,PIPE_MTE2,1000011878,COPY_IN,1311415,1322933,2034983
case_073,4,PIPE_M,3744,CONV,1322933,1327589,2034983
case_073,4,PIPE_MTE2,1000011354,COPY_IN,1322933,1322938,2034983
case_073,4,PIPE_V,3745,RELU,1327589,1327653,2034983
case_073,4,PIPE_MTE2,1000011882,COPY_IN,1327589,1335004,2034983
case_073,4,PIPE_MTE3,1000011884,COPY_OUT,1327653,1327663,2034983
case_073,4,PIPE_M,4367,CONV,1335004,1339660,2034983
case_073,4,PIPE_V,4368,RELU,1339660,1339724,2034983
case_073,4,PIPE_MTE2,1000011888,COPY_IN,1339660,1344585,2034983
case_073,4,PIPE_M,4369,CONV,1344585,1349241,2034983
case_073,4,PIPE_MTE2,1000005641,COPY_IN,1344585,1344590,2034983
case_073,4,PIPE_MTE2,1000005644,COPY_IN,1344590,1344595,2034983
case_073,4,PIPE_V,4370,RELU,1349241,1349305,2034983
case_073,4,PIPE_MTE2,1000005352,COPY_IN,1349241,1354157,2034983
case_073,4,PIPE_V,121,ADD,1349305,1349369,2034983
case_073,4,PIPE_M,122,CONV,1354157,1358813,2034983
case_073,4,PIPE_MTE2,1000005362,COPY_IN,1354157,1355250,2034983
case_073,4,PIPE_MTE2,1000011830,COPY_IN,1355250,1355255,2034983
case_073,4,PIPE_MTE2,1000011835,COPY_IN,1355255,1355260,2034983
case_073,4,PIPE_MTE2,1000011840,COPY_IN,1355260,1355265,2034983
case_073,4,PIPE_MTE2,1000011845,COPY_IN,1355265,1355270,2034983
case_073,4,PIPE_MTE2,1000011850,COPY_IN,1355270,1355275,2034983
case_073,4,PIPE_MTE2,1000011855,COPY_IN,1355275,1355280,2034983
case_073,4,PIPE_MTE2,1000011860,COPY_IN,1355280,1355285,2034983
case_073,4,PIPE_MTE2,1000011865,COPY_IN,1355285,1355290,2034983
case_073,4,PIPE_MTE2,1000011870,COPY_IN,1355290,1355295,2034983
case_073,4,PIPE_MTE2,1000011875,COPY_IN,1355295,1355300,2034983
case_073,4,PIPE_MTE2,1000011880,COPY_IN,1355300,1355305,2034983
case_073,4,PIPE_MTE2,1000011885,COPY_IN,1355305,1355310,2034983
case_073,4,PIPE_MTE2,1000005620,COPY_IN,1355310,1355319,2034983
case_073,4,PIPE_MTE2,1000005831,COPY_IN,1355319,1355328,2034983
case_073,4,PIPE_MTE2,1000011828,COPY_IN,1355328,1355337,2034983
case_073,4,PIPE_MTE2,1000005991,COPY_IN,1355337,1355346,2034983
case_073,4,PIPE_MTE2,1000006030,COPY_IN,1355346,1355355,2034983
case_073,4,PIPE_MTE2,1000006226,COPY_IN,1355355,1355364,2034983
case_073,4,PIPE_MTE2,1000011826,COPY_IN,1355364,1355373,2034983
case_073,4,PIPE_MTE2,1000006344,COPY_IN,1355373,1355382,2034983
case_073,4,PIPE_MTE2,1000006495,COPY_IN,1355382,1355391,2034983
case_073,4,PIPE_MTE2,1000011824,COPY_IN,1355391,1355400,2034983
case_073,4,PIPE_MTE2,1000006631,COPY_IN,1355400,1355409,2034983
case_073,4,PIPE_MTE2,1000006664,COPY_IN,1355409,1355418,2034983
case_073,4,PIPE_MTE2,1000006830,COPY_IN,1355418,1355427,2034983
case_073,4,PIPE_MTE2,1000006863,COPY_IN,1355427,1355436,2034983
case_073,4,PIPE_MTE2,1000007017,COPY_IN,1355436,1355445,2034983
case_073,4,PIPE_MTE2,1000007047,COPY_IN,1355445,1355454,2034983
case_073,4,PIPE_MTE2,1000007159,COPY_IN,1355454,1355463,2034983
case_073,4,PIPE_MTE2,1000007307,COPY_IN,1355463,1355472,2034983
case_073,4,PIPE_MTE2,1000011822,COPY_IN,1355472,1355481,2034983
case_073,4,PIPE_MTE2,1000007461,COPY_IN,1355481,1355490,2034983
case_073,4,PIPE_MTE2,1000007494,COPY_IN,1355490,1355499,2034983
case_073,4,PIPE_MTE2,1000007657,COPY_IN,1355499,1355508,2034983
case_073,4,PIPE_MTE2,1000007690,COPY_IN,1355508,1355517,2034983
case_073,4,PIPE_MTE2,1000007847,COPY_IN,1355517,1355526,2034983
case_073,4,PIPE_MTE2,1000007877,COPY_IN,1355526,1355535,2034983
case_073,4,PIPE_MTE2,1000007986,COPY_IN,1355535,1355544,2034983
case_073,4,PIPE_MTE2,1000008143,COPY_IN,1355544,1355553,2034983
case_073,4,PIPE_MTE2,1000011820,COPY_IN,1355553,1355562,2034983
case_073,4,PIPE_MTE2,1000008303,COPY_IN,1355562,1355571,2034983
case_073,4,PIPE_MTE2,1000008336,COPY_IN,1355571,1355580,2034983
case_073,4,PIPE_MTE2,1000008502,COPY_IN,1355580,1355589,2034983
case_073,4,PIPE_MTE2,1000008535,COPY_IN,1355589,1355598,2034983
case_073,4,PIPE_MTE2,1000008692,COPY_IN,1355598,1355607,2034983
case_073,4,PIPE_MTE2,1000008722,COPY_IN,1355607,1355616,2034983
case_073,4,PIPE_MTE2,1000008834,COPY_IN,1355616,1355625,2034983
case_073,4,PIPE_MTE2,1000008991,COPY_IN,1355625,1355634,2034983
case_073,4,PIPE_MTE2,1000011818,COPY_IN,1355634,1355643,2034983
case_073,4,PIPE_MTE2,1000009148,COPY_IN,1355643,1355652,2034983
case_073,4,PIPE_MTE2,1000009181,COPY_IN,1355652,1355661,2034983
case_073,4,PIPE_MTE2,1000009679,COPY_IN,1355661,1355670,2034983
case_073,4,PIPE_MTE2,1000010183,COPY_IN,1355670,1355679,2034983
case_073,4,PIPE_MTE2,1000010216,COPY_IN,1355679,1355688,2034983
case_073,4,PIPE_MTE2,1000011025,COPY_IN,1355688,1355697,2034983
case_073,4,PIPE_MTE2,1000011058,COPY_IN,1355697,1355706,2034983
case_073,4,PIPE_MTE2,1000005372,COPY_IN,1355706,1356935,2034983
case_073,4,PIPE_V,123,RELU,1358813,1358877,2034983
case_073,4,PIPE_M,124,CONV,1358877,1359949,2034983
case_073,4,PIPE_V,621,ADD,1358877,1358941,2034983
case_073,4,PIPE_M,622,CONV,1359949,1364605,2034983
case_073,4,PIPE_V,623,RELU,1364605,1364669,2034983
case_073,4,PIPE_M,624,CONV,1364669,1365741,2034983
case_073,4,PIPE_V,1246,ADD,1364669,1364733,2034983
case_073,4,PIPE_M,1247,CONV,1365741,1370397,2034983
case_073,4,PIPE_V,1248,RELU,1370397,1370461,2034983
case_073,4,PIPE_M,1249,CONV,1370461,1371533,2034983
case_073,4,PIPE_V,1871,ADD,1370461,1370525,2034983
case_073,4,PIPE_M,1872,CONV,1371533,1376189,2034983
case_073,4,PIPE_V,1873,RELU,1376189,1376253,2034983
case_073,4,PIPE_M,1874,CONV,1376253,1377325,2034983
case_073,4,PIPE_V,2496,ADD,1376253,1376317,2034983
case_073,4,PIPE_M,2497,CONV,1377325,1381981,2034983
case_073,4,PIPE_V,2498,RELU,1381981,1382045,2034983
case_073,4,PIPE_M,2499,CONV,1382045,1383117,2034983
case_073,4,PIPE_V,3121,ADD,1382045,1382109,2034983
case_073,4,PIPE_M,3122,CONV,1383117,1387773,2034983
case_073,4,PIPE_V,3123,RELU,1387773,1387837,2034983
case_073,4,PIPE_M,3124,CONV,1387837,1388909,2034983
case_073,4,PIPE_V,3746,ADD,1387837,1387901,2034983
case_073,4,PIPE_M,3747,CONV,1388909,1393565,2034983
case_073,4,PIPE_V,3748,RELU,1393565,1393629,2034983
case_073,4,PIPE_M,3749,CONV,1393629,1394701,2034983
case_073,4,PIPE_V,4371,ADD,1393629,1393693,2034983
case_073,4,PIPE_M,4372,CONV,1394701,1399357,2034983
case_073,4,PIPE_MTE3,1000010526,COPY_OUT,1394701,1394710,2034983
case_073,4,PIPE_V,4373,RELU,1399357,1399421,2034983
case_073,4,PIPE_MTE2,1000005382,COPY_IN,1399357,1400679,2034983
case_073,4,PIPE_V,125,ADD,1399421,1399501,2034983
case_073,4,PIPE_M,4374,CONV,1399421,1400493,2034983
case_073,4,PIPE_V,126,RELU,1399501,1399581,2034983
case_073,4,PIPE_V,250,ADD,1399581,1399661,2034983
case_073,4,PIPE_V,251,RELU,1399661,1399741,2034983
case_073,4,PIPE_V,375,ADD,1399741,1399821,2034983
case_073,4,PIPE_V,376,RELU,1399821,1399901,2034983
case_073,4,PIPE_V,500,ADD,1399901,1399981,2034983
case_073,4,PIPE_V,501,RELU,1399981,1400061,2034983
case_073,4,PIPE_V,625,ADD,1400061,1400141,2034983
case_073,4,PIPE_V,626,RELU,1400141,1400221,2034983
case_073,4,PIPE_V,750,ADD,1400221,1400301,2034983
case_073,4,PIPE_V,751,RELU,1400301,1400381,2034983
case_073,4,PIPE_V,875,ADD,1400381,1400461,2034983
case_073,4,PIPE_V,876,RELU,1400461,1400541,2034983
case_073,4,PIPE_M,127,CONV,1400493,1405149,2034983
case_073,4,PIPE_MTE3,1000011356,COPY_OUT,1400493,1400511,2034983
case_073,4,PIPE_MTE3,1000005646,COPY_OUT,1400511,1400529,2034983
case_073,4,PIPE_MTE3,1000005833,COPY_OUT,1400529,1400547,2034983
case_073,4,PIPE_V,1000,ADD,1400541,1400621,2034983
case_073,4,PIPE_MTE3,1000005836,COPY_OUT,1400547,1400565,2034983
case_073,4,PIPE_MTE3,1000006032,COPY_OUT,1400565,1400583,2034983
case_073,4,PIPE_MTE3,1000006035,COPY_OUT,1400583,1400601,2034983
case_073,4,PIPE_MTE3,1000006228,COPY_OUT,1400601,1400619,2034983
case_073,4,PIPE_MTE3,1000006231,COPY_OUT,1400619,1400637,2034983
case_073,4,PIPE_V,1001,RELU,1400621,1400701,2034983
case_073,4,PIPE_MTE3,1000006358,COPY_OUT,1400637,1400655,2034983
case_073,4,PIPE_MTE3,1000006497,COPY_OUT,1400655,1400673,2034983
case_073,4,PIPE_MTE3,1000006666,COPY_OUT,1400673,1400691,2034983
case_073,4,PIPE_MTE2,1000009839,COPY_IN,1400679,1400697,2034983
case_073,4,PIPE_MTE3,1000006669,COPY_OUT,1400691,1400709,2034983
case_073,4,PIPE_MTE2,1000010678,COPY_IN,1400697,1400715,2034983
case_073,4,PIPE_V,1125,ADD,1400701,1400781,2034983
case_073,4,PIPE_MTE3,1000006865,COPY_OUT,1400709,1400727,2034983
case_073,4,PIPE_MTE2,1000011466,COPY_IN,1400715,1400733,2034983
case_073,4,PIPE_MTE3,1000006868,COPY_OUT,1400727,1400745,2034983
case_073,4,PIPE_MTE2,1000005392,COPY_IN,1400733,1403419,2034983
case_073,4,PIPE_V,1126,RELU,1400781,1400861,2034983
case_073,4,PIPE_V,1250,ADD,1400861,1400941,2034983
case_073,4,PIPE_MTE3,1000007049,COPY_OUT,1400861,1400879,2034983
case_073,4,PIPE_MTE3,1000007052,COPY_OUT,1400879,1400897,2034983
case_073,4,PIPE_V,1251,RELU,1400941,1401021,2034983
case_073,4,PIPE_V,1375,ADD,1401021,1401101,2034983
case_073,4,PIPE_MTE3,1000007173,COPY_OUT,1401021,1401048,2034983
case_073,4,PIPE_V,1376,RELU,1401101,1401181,2034983
case_073,4,PIPE_V,1500,ADD,1401181,1401261,2034983
case_073,4,PIPE_MTE3,1000007309,COPY_OUT,1401181,1401208,2034983
case_073,4,PIPE_V,1501,RELU,1401261,1401341,2034983
case_073,4,PIPE_V,1625,ADD,1401341,1401421,2034983
case_073,4,PIPE_MTE3,1000007496,COPY_OUT,1401341,1401368,2034983
case_073,4,PIPE_MTE3,1000007499,COPY_OUT,1401368,1401407,2034983
case_073,4,PIPE_V,1626,RELU,1401421,1401501,2034983
case_073,4,PIPE_V,1750,ADD,1401501,1401581,2034983
case_073,4,PIPE_MTE3,1000007692,COPY_OUT,1401501,1401528,2034983
case_073,4,PIPE_MTE3,1000007695,COPY_OUT,1401528,1401555,2034983
case_073,4,PIPE_V,1751,RELU,1401581,1401661,2034983
case_073,4,PIPE_V,1875,ADD,1401661,1401741,2034983
case_073,4,PIPE_MTE3,1000007879,COPY_OUT,1401661,1401688,2034983
case_073,4,PIPE_MTE3,1000007882,COPY_OUT,1401688,1401715,2034983
case_073,4,PIPE_V,1876,RELU,1401741,1401821,2034983
case_073,4,PIPE_V,2000,ADD,1401821,1401901,2034983
case_073,4,PIPE_MTE3,1000008000,COPY_OUT,1401821,1401848,2034983
case_073,4,PIPE_V,2001,RELU,1401901,1401981,2034983
case_073,4,PIPE_V,2125,ADD,1401981,1402061,2034983
case_073,4,PIPE_MTE3,1000008145,COPY_OUT,1401981,1402008,2034983
case_073,4,PIPE_V,2126,RELU,1402061,1402141,2034983
case_073,4,PIPE_V,2250,ADD,1402141,1402221,2034983
case_073,4,PIPE_MTE3,1000008338,COPY_OUT,1402141,1402168,2034983
case_073,4,PIPE_MTE3,1000008341,COPY_OUT,1402168,1402198,2034983
case_073,4,PIPE_V,2251,RELU,1402221,1402301,2034983
case_073,4,PIPE_V,2375,ADD,1402301,1402381,2034983
case_073,4,PIPE_MTE3,1000008537,COPY_OUT,1402301,1402328,2034983
case_073,4,PIPE_MTE3,1000008540,COPY_OUT,1402328,1402355,2034983
case_073,4,PIPE_V,2376,RELU,1402381,1402461,2034983
case_073,4,PIPE_V,2500,ADD,1402461,1402541,2034983
case_073,4,PIPE_MTE3,1000008724,COPY_OUT,1402461,1402488,2034983
case_073,4,PIPE_MTE3,1000008727,COPY_OUT,1402488,1402515,2034983
case_073,4,PIPE_V,2501,RELU,1402541,1402621,2034983
case_073,4,PIPE_V,2625,ADD,1402621,1402701,2034983
case_073,4,PIPE_MTE3,1000008848,COPY_OUT,1402621,1402648,2034983
case_073,4,PIPE_V,2626,RELU,1402701,1402781,2034983
case_073,4,PIPE_V,2750,ADD,1402781,1402861,2034983
case_073,4,PIPE_MTE3,1000008993,COPY_OUT,1402781,1402808,2034983
case_073,4,PIPE_V,2751,RELU,1402861,1402941,2034983
case_073,4,PIPE_V,3125,ADD,1402941,1403021,2034983
case_073,4,PIPE_MTE3,1000009183,COPY_OUT,1402941,1402968,2034983
case_073,4,PIPE_MTE3,1000009186,COPY_OUT,1402968,1402998,2034983
case_073,4,PIPE_V,3126,RELU,1403021,1403101,2034983
case_073,4,PIPE_V,3500,ADD,1403101,1403181,2034983
case_073,4,PIPE_MTE3,1000009693,COPY_OUT,1403101,1403137,2034983
case_073,4,PIPE_V,3501,RELU,1403181,1403261,2034983
case_073,4,PIPE_V,4125,ADD,1403261,1403341,2034983
case_073,4,PIPE_MTE3,1000010218,COPY_OUT,1403261,1403297,2034983
case_073,4,PIPE_MTE3,1000010221,COPY_OUT,1403297,1403333,2034983
case_073,4,PIPE_V,4126,RELU,1403341,1403421,2034983
case_073,4,PIPE_MTE3,1000011060,COPY_OUT,1403421,1403448,2034983
case_073,4,PIPE_MTE3,1000011063,COPY_OUT,1403448,1403475,2034983
case_073,4,PIPE_V,128,RELU,1405149,1405229,2034983
case_073,4,PIPE_M,129,CONV,1405229,1409885,2034983
case_073,4,PIPE_V,130,RELU,1409885,1409965,2034983
case_073,4,PIPE_M,752,CONV,1409885,1414541,2034983
case_073,4,PIPE_MTE3,1000005649,COPY_OUT,1409965,1409974,2034983
case_073,4,PIPE_V,753,RELU,1414541,1414621,2034983
case_073,4,PIPE_M,754,CONV,1414621,1419277,2034983
case_073,4,PIPE_V,755,RELU,1419277,1419357,2034983
case_073,4,PIPE_M,1377,CONV,1419277,1423933,2034983
case_073,4,PIPE_MTE3,1000006500,COPY_OUT,1419357,1419366,2034983
case_073,4,PIPE_V,1378,RELU,1423933,1424013,2034983
case_073,4,PIPE_M,1379,CONV,1424013,1428669,2034983
case_073,4,PIPE_V,1380,RELU,1428669,1428749,2034983
case_073,4,PIPE_M,2002,CONV,1428669,1433325,2034983
case_073,4,PIPE_MTE3,1000007312,COPY_OUT,1428749,1428758,2034983
case_073,4,PIPE_V,2003,RELU,1433325,1433405,2034983
case_073,4,PIPE_M,2004,CONV,1433405,1438061,2034983
case_073,4,PIPE_V,2005,RELU,1438061,1438141,2034983
case_073,4,PIPE_M,2627,CONV,1438061,1442717,2034983
case_073,4,PIPE_MTE3,1000008148,COPY_OUT,1438141,1438150,2034983
case_073,4,PIPE_V,2628,RELU,1442717,1442797,2034983
case_073,4,PIPE_M,2629,CONV,1442797,1447453,2034983
case_073,4,PIPE_V,2630,RELU,1447453,1447533,2034983
case_073,4,PIPE_M,3252,CONV,1447453,1452109,2034983
case_073,4,PIPE_MTE3,1000008996,COPY_OUT,1447533,1447542,2034983
case_073,4,PIPE_V,3253,RELU,1452109,1452189,2034983
case_073,4,PIPE_M,3254,CONV,1452189,1456845,2034983
case_073,4,PIPE_V,3255,RELU,1456845,1456925,2034983
case_073,4,PIPE_M,3877,CONV,1456845,1461501,2034983
case_073,4,PIPE_MTE3,1000009841,COPY_OUT,1456925,1456934,2034983
case_073,4,PIPE_V,3878,RELU,1461501,1461581,2034983
case_073,4,PIPE_M,3879,CONV,1461581,1466237,2034983
case_073,4,PIPE_V,3880,RELU,1466237,1466317,2034983
case_073,4,PIPE_M,4502,CONV,1466237,1470893,2034983
case_073,4,PIPE_MTE3,1000010680,COPY_OUT,1466317,1466326,2034983
case_073,4,PIPE_V,4503,RELU,1470893,1470973,2034983
case_073,4,PIPE_M,4504,CONV,1470973,1475629,2034983
case_073,4,PIPE_MTE2,1000005846,COPY_IN,1475101,1475110,2034983
case_073,4,PIPE_MTE2,1000005402,COPY_IN,1475110,1480442,2034983
case_073,4,PIPE_M,257,CONV,1475629,1480285,2034983
case_073,4,PIPE_V,4505,RELU,1475629,1475709,2034983
case_073,4,PIPE_V,4506,ADD,1475709,1475789,2034983
case_073,4,PIPE_MTE3,1000011468,COPY_OUT,1475789,1475843,2034983
case_073,4,PIPE_V,258,RELU,1480285,1480365,2034983
case_073,4,PIPE_M,259,CONV,1480442,1485098,2034983
case_073,4,PIPE_MTE2,1000006679,COPY_IN,1480442,1480478,2034983
case_073,4,PIPE_MTE2,1000007506,COPY_IN,1480478,1480514,2034983
case_073,4,PIPE_MTE2,1000008351,COPY_IN,1480514,1480550,2034983
case_073,4,PIPE_MTE2,1000009196,COPY_IN,1480550,1480586,2034983
case_073,4,PIPE_MTE2,1000010035,COPY_IN,1480586,1480622,2034983
case_073,4,PIPE_MTE2,1000010877,COPY_IN,1480622,1480658,2034983
case_073,4,PIPE_MTE2,1000011572,COPY_IN,1480658,1480694,2034983
case_073,4,PIPE_MTE2,1000005412,COPY_IN,1480694,1481790,2034983
case_073,4,PIPE_MTE2,1000008152,COPY_IN,1481790,1481826,2034983
case_073,4,PIPE_V,260,RELU,1485098,1485178,2034983
case_073,4,PIPE_M,882,CONV,1485098,1489754,2034983
case_073,4,PIPE_MTE3,1000005848,COPY_OUT,1485178,1485187,2034983
case_073,4,PIPE_V,883,RELU,1489754,1489834,2034983
case_073,4,PIPE_M,884,CONV,1489834,1494490,2034983
case_073,4,PIPE_V,885,RELU,1494490,1494570,2034983
case_073,4,PIPE_M,1507,CONV,1494490,1499146,2034983
case_073,4,PIPE_MTE3,1000006681,COPY_OUT,1494570,1494579,2034983
case_073,4,PIPE_V,1508,RELU,1499146,1499226,2034983
case_073,4,PIPE_M,1509,CONV,1499226,1503882,2034983
case_073,4,PIPE_V,1510,RELU,1503882,1503962,2034983
case_073,4,PIPE_M,2132,CONV,1503882,1508538,2034983
case_073,4,PIPE_MTE3,1000007508,COPY_OUT,1503962,1503971,2034983
case_073,4,PIPE_V,2133,RELU,1508538,1508618,2034983
case_073,4,PIPE_M,2134,CONV,1508618,1513274,2034983
case_073,4,PIPE_MTE2,1000008155,COPY_IN,1512660,1512669,2034983
case_073,4,PIPE_MTE2,1000009000,COPY_IN,1512669,1512678,2034983
case_073,4,PIPE_V,2135,RELU,1513274,1513354,2034983
case_073,4,PIPE_M,2757,CONV,1513274,1517930,2034983
case_073,4,PIPE_MTE3,1000008353,COPY_OUT,1513354,1513363,2034983
case_073,4,PIPE_V,2758,RELU,1517930,1518010,2034983
case_073,4,PIPE_M,2759,CONV,1518010,1522666,2034983
case_073,4,PIPE_MTE2,1000009003,COPY_IN,1522052,1522061,2034983
case_073,4,PIPE_MTE2,1000009845,COPY_IN,1522061,1522070,2034983
case_073,4,PIPE_V,2760,RELU,1522666,1522746,2034983
case_073,4,PIPE_M,3382,CONV,1522666,1527322,2034983
case_073,4,PIPE_MTE3,1000009198,COPY_OUT,1522746,1522755,2034983
case_073,4,PIPE_V,3383,RELU,1527322,1527402,2034983
case_073,4,PIPE_M,3384,CONV,1527402,1532058,2034983
case_073,4,PIPE_MTE2,1000009848,COPY_IN,1531444,1531453,2034983
case_073,4,PIPE_MTE2,1000010684,COPY_IN,1531453,1531462,2034983
case_073,4,PIPE_V,3385,RELU,1532058,1532138,2034983
case_073,4,PIPE_M,4007,CONV,1532058,1536714,2034983
case_073,4,PIPE_MTE3,1000010037,COPY_OUT,1532138,1532147,2034983
case_073,4,PIPE_V,4008,RELU,1536714,1536794,2034983
case_073,4,PIPE_M,4009,CONV,1536794,1541450,2034983
case_073,4,PIPE_MTE2,1000010687,COPY_IN,1540836,1540845,2034983
case_073,4,PIPE_V,4010,RELU,1541450,1541530,2034983
case_073,4,PIPE_M,4632,CONV,1541450,1546106,2034983
case_073,4,PIPE_MTE3,1000010879,COPY_OUT,1541530,1541539,2034983
case_073,4,PIPE_V,4633,RELU,1546106,1546186,2034983
case_073,4,PIPE_M,4634,CONV,1546186,1550842,2034983
case_073,4,PIPE_MTE2,1000011472,COPY_IN,1550228,1550237,2034983
case_073,4,PIPE_MTE2,1000005852,COPY_IN,1550237,1550255,2034983
case_073,4,PIPE_MTE2,1000011816,COPY_IN,1550255,1550273,2034983
case_073,4,PIPE_MTE2,1000006453,COPY_IN,1550273,1550291,2034983
case_073,4,PIPE_V,4635,RELU,1550842,1550922,2034983
case_073,4,PIPE_V,2011,ADD,1550922,1551002,2034983
case_073,4,PIPE_MTE3,1000011574,COPY_OUT,1550922,1550931,2034983
case_073,4,PIPE_M,2012,CONV,1551002,1552074,2034983
case_073,4,PIPE_V,2636,ADD,1551002,1551082,2034983
case_073,4,PIPE_V,3261,ADD,1551082,1551162,2034983
case_073,4,PIPE_V,3886,ADD,1551162,1551242,2034983
case_073,4,PIPE_V,4511,ADD,1551242,1551322,2034983
case_073,4,PIPE_V,263,ADD,1551322,1551434,2034983
case_073,4,PIPE_V,264,RELU,1551434,1551546,2034983
case_073,4,PIPE_M,2637,CONV,1552074,1553146,2034983
case_073,4,PIPE_MTE3,1000008157,COPY_OUT,1552074,1552119,2034983
case_073,4,PIPE_MTE2,1000006504,COPY_IN,1552461,1552479,2034983
case_073,4,PIPE_V,763,ADD,1552479,1552591,2034983
case_073,4,PIPE_MTE2,1000007150,COPY_IN,1552479,1552497,2034983
case_073,4,PIPE_V,764,RELU,1552591,1552703,2034983
case_073,4,PIPE_M,3262,CONV,1553146,1554218,2034983
case_073,4,PIPE_MTE3,1000009005,COPY_OUT,1553146,1553164,2034983
case_073,4,PIPE_M,3887,CONV,1554218,1555290,2034983
case_073,4,PIPE_MTE3,1000009850,COPY_OUT,1554218,1554236,2034983
case_073,4,PIPE_MTE2,1000007183,COPY_IN,1554605,1554623,2034983
case_073,4,PIPE_V,1263,ADD,1554623,1554735,2034983
case_073,4,PIPE_MTE2,1000007977,COPY_IN,1554623,1554641,2034983
case_073,4,PIPE_MTE2,1000008007,COPY_IN,1554641,1554659,2034983
case_073,4,PIPE_MTE2,1000008825,COPY_IN,1554659,1554677,2034983
case_073,4,PIPE_MTE2,1000008855,COPY_IN,1554677,1554695,2034983
case_073,4,PIPE_MTE2,1000009670,COPY_IN,1554695,1554713,2034983
case_073,4,PIPE_MTE2,1000009700,COPY_IN,1554713,1554731,2034983
case_073,4,PIPE_MTE2,1000010506,COPY_IN,1554731,1554773,2034983
case_073,4,PIPE_V,1264,RELU,1554735,1554847,2034983
case_073,4,PIPE_V,1888,ADD,1554847,1554959,2034983
case_073,4,PIPE_V,1889,RELU,1554959,1555071,2034983
case_073,4,PIPE_V,2513,ADD,1555071,1555183,2034983
case_073,4,PIPE_V,2514,RELU,1555183,1555295,2034983
case_073,4,PIPE_M,4512,CONV,1555290,1556362,2034983
case_073,4,PIPE_MTE3,1000010689,COPY_OUT,1555290,1555308,2034983
case_073,4,PIPE_V,3138,ADD,1555295,1555407,2034983
case_073,4,PIPE_V,3139,RELU,1555407,1555519,2034983
case_073,4,PIPE_MTE2,1000010533,COPY_IN,1555571,1555589,2034983
case_073,4,PIPE_V,3763,ADD,1555589,1555701,2034983
case_073,4,PIPE_MTE2,1000011336,COPY_IN,1555589,1555607,2034983
case_073,4,PIPE_V,3764,RELU,1555701,1555813,2034983
case_073,4,PIPE_MTE3,1000011474,COPY_OUT,1556362,1556406,2034983
case_073,4,PIPE_MTE3,1000005854,COPY_OUT,1556406,1556460,2034983
case_073,4,PIPE_MTE3,1000005857,COPY_OUT,1556460,1556492,2034983
case_073,4,PIPE_MTE3,1000006506,COPY_OUT,1556492,1556510,2034983
case_073,4,PIPE_MTE3,1000007185,COPY_OUT,1556510,1556528,2034983
case_073,4,PIPE_MTE3,1000008009,COPY_OUT,1556528,1556546,2034983
case_073,4,PIPE_MTE3,1000008857,COPY_OUT,1556546,1556564,2034983
case_073,4,PIPE_MTE3,1000009702,COPY_OUT,1556564,1556582,2034983
case_073,4,PIPE_MTE3,1000010535,COPY_OUT,1556582,1556609,2034983
case_073,4,PIPE_MTE2,1000011363,COPY_IN,1556643,1556661,2034983
case_073,4,PIPE_V,4388,ADD,1556661,1556773,2034983
case_073,4,PIPE_MTE2,1000005422,COPY_IN,1556661,1557424,2034983
case_073,4,PIPE_V,4389,RELU,1556773,1556885,2034983
case_073,4,PIPE_MTE3,1000011365,COPY_OUT,1556885,1556968,2034983
case_073,4,PIPE_MTE2,1000005432,COPY_IN,1557424,1558829,2034983
case_073,4,PIPE_MTE2,1000005662,COPY_IN,1558829,1558901,2034983
case_073,4,PIPE_M,140,CONV,1558901,1563557,2034983
case_073,4,PIPE_MTE2,1000007328,COPY_IN,1562145,1562181,2034983
case_073,4,PIPE_MTE2,1000008164,COPY_IN,1562181,1562217,2034983
case_073,4,PIPE_MTE2,1000009012,COPY_IN,1562217,1562253,2034983
case_073,4,PIPE_MTE2,1000009857,COPY_IN,1562253,1562289,2034983
case_073,4,PIPE_MTE2,1000010696,COPY_IN,1562289,1562325,2034983
case_073,4,PIPE_MTE2,1000011478,COPY_IN,1562325,1562366,2034983
case_073,4,PIPE_MTE2,1000005442,COPY_IN,1562366,1563040,2034983
case_073,4,PIPE_V,141,RELU,1563557,1563669,2034983
case_073,4,PIPE_M,142,CONV,1563669,1568325,2034983
case_073,4,PIPE_V,143,RELU,1568325,1568437,2034983
case_073,4,PIPE_M,765,CONV,1568325,1572981,2034983
case_073,4,PIPE_MTE3,1000005664,COPY_OUT,1568437,1568455,2034983
case_073,4,PIPE_V,766,RELU,1572981,1573093,2034983
case_073,4,PIPE_M,767,CONV,1573093,1577749,2034983
case_073,4,PIPE_V,768,RELU,1577749,1577861,2034983
case_073,4,PIPE_M,1390,CONV,1577749,1582405,2034983
case_073,4,PIPE_MTE3,1000006509,COPY_OUT,1577861,1577879,2034983
case_073,4,PIPE_V,1391,RELU,1582405,1582517,2034983
case_073,4,PIPE_M,1392,CONV,1582517,1587173,2034983
case_073,4,PIPE_V,1393,RELU,1587173,1587285,2034983
case_073,4,PIPE_M,2015,CONV,1587173,1591829,2034983
case_073,4,PIPE_MTE3,1000007330,COPY_OUT,1587285,1587303,2034983
case_073,4,PIPE_V,2016,RELU,1591829,1591941,2034983
case_073,4,PIPE_M,2017,CONV,1591941,1596597,2034983
case_073,4,PIPE_V,2018,RELU,1596597,1596709,2034983
case_073,4,PIPE_M,2640,CONV,1596597,1601253,2034983
case_073,4,PIPE_MTE3,1000008166,COPY_OUT,1596709,1596727,2034983
case_073,4,PIPE_V,2641,RELU,1601253,1601365,2034983
case_073,4,PIPE_M,2642,CONV,1601365,1606021,2034983
case_073,4,PIPE_V,2643,RELU,1606021,1606133,2034983
case_073,4,PIPE_M,3265,CONV,1606021,1610677,2034983
case_073,4,PIPE_MTE3,1000009014,COPY_OUT,1606133,1606151,2034983
case_073,4,PIPE_V,3266,RELU,1610677,1610789,2034983
case_073,4,PIPE_M,3267,CONV,1610789,1615445,2034983
case_073,4,PIPE_V,3268,RELU,1615445,1615557,2034983
case_073,4,PIPE_M,3890,CONV,1615445,1620101,2034983
case_073,4,PIPE_MTE3,1000009859,COPY_OUT,1615557,1615575,2034983
case_073,4,PIPE_V,3891,RELU,1620101,1620213,2034983
case_073,4,PIPE_M,3892,CONV,1620213,1624869,2034983
case_073,4,PIPE_V,3893,RELU,1624869,1624981,2034983
case_073,4,PIPE_M,4515,CONV,1624869,1629525,2034983
case_073,4,PIPE_MTE3,1000010698,COPY_OUT,1624981,1624999,2034983
case_073,4,PIPE_V,4516,RELU,1629525,1629637,2034983
case_073,4,PIPE_MTE2,1000005867,COPY_IN,1629583,1629601,2034983
case_073,4,PIPE_MTE2,1000005452,COPY_IN,1629601,1630584,2034983
case_073,4,PIPE_M,4517,CONV,1629637,1634293,2034983
case_073,4,PIPE_MTE2,1000006694,COPY_IN,1630584,1630662,2034983
case_073,4,PIPE_MTE2,1000007527,COPY_IN,1630811,1630883,2034983
case_073,4,PIPE_MTE2,1000008372,COPY_IN,1631365,1631383,2034983
case_073,4,PIPE_MTE2,1000009217,COPY_IN,1631823,1631841,2034983
case_073,4,PIPE_MTE2,1000010056,COPY_IN,1632383,1632401,2034983
case_073,4,PIPE_MTE2,1000010898,COPY_IN,1632943,1632961,2034983
case_073,4,PIPE_M,270,CONV,1634293,1638949,2034983
case_073,4,PIPE_V,4518,RELU,1634293,1634405,2034983
case_073,4,PIPE_V,4519,ADD,1634405,1634517,2034983
case_073,4,PIPE_MTE3,1000011480,COPY_OUT,1634517,1634535,2034983
case_073,4,PIPE_MTE3,1000011483,COPY_OUT,1634535,1634553,2034983
case_073,4,PIPE_MTE2,1000011587,COPY_IN,1637743,1637761,2034983
case_073,4,PIPE_MTE2,1000007907,COPY_IN,1637761,1637779,2034983
case_073,4,PIPE_V,271,RELU,1638949,1639061,2034983
case_073,4,PIPE_M,272,CONV,1639061,1643717,2034983
case_073,4,PIPE_V,273,RELU,1643717,1643829,2034983
case_073,4,PIPE_M,895,CONV,1643717,1648373,2034983
case_073,4,PIPE_MTE3,1000005869,COPY_OUT,1643829,1643847,2034983
case_073,4,PIPE_V,896,RELU,1648373,1648485,2034983
case_073,4,PIPE_M,897,CONV,1648485,1653141,2034983
case_073,4,PIPE_V,898,RELU,1653141,1653253,2034983
case_073,4,PIPE_M,1520,CONV,1653141,1657797,2034983
case_073,4,PIPE_MTE3,1000006696,COPY_OUT,1653253,1653271,2034983
case_073,4,PIPE_V,1521,RELU,1657797,1657909,2034983
case_073,4,PIPE_M,1522,CONV,1657909,1662565,2034983
case_073,4,PIPE_V,1523,RELU,1662565,1662677,2034983
case_073,4,PIPE_M,2145,CONV,1662565,1667221,2034983
case_073,4,PIPE_MTE3,1000007529,COPY_OUT,1662677,1662695,2034983
case_073,4,PIPE_MTE2,1000007910,COPY_IN,1663239,1663257,2034983
case_073,4,PIPE_MTE2,1000005462,COPY_IN,1663257,1663384,2034983
case_073,4,PIPE_MTE2,1000008752,COPY_IN,1663384,1663420,2034983
case_073,4,PIPE_V,2146,RELU,1667221,1667333,2034983
case_073,4,PIPE_M,2147,CONV,1667333,1671989,2034983
case_073,4,PIPE_V,2148,RELU,1671989,1672101,2034983
case_073,4,PIPE_M,2770,CONV,1671989,1676645,2034983
case_073,4,PIPE_MTE3,1000008374,COPY_OUT,1672101,1672119,2034983
case_073,4,PIPE_MTE2,1000008755,COPY_IN,1672663,1672703,2034983
case_073,4,PIPE_MTE2,1000009600,COPY_IN,1672703,1672757,2034983
case_073,4,PIPE_V,2771,RELU,1676645,1676757,2034983
case_073,4,PIPE_M,2772,CONV,1676757,1681413,2034983
case_073,4,PIPE_V,2773,RELU,1681413,1681525,2034983
case_073,4,PIPE_M,3395,CONV,1681413,1686069,2034983
case_073,4,PIPE_MTE3,1000009219,COPY_OUT,1681525,1681543,2034983
case_073,4,PIPE_MTE2,1000009603,COPY_IN,1682087,1682105,2034983
case_073,4,PIPE_MTE2,1000010427,COPY_IN,1682105,1682130,2034983
case_073,4,PIPE_V,3396,RELU,1686069,1686181,2034983
case_073,4,PIPE_M,3397,CONV,1686181,1690837,2034983
case_073,4,PIPE_V,3398,RELU,1690837,1690949,2034983
case_073,4,PIPE_M,4020,CONV,1690837,1695493,2034983
case_073,4,PIPE_MTE3,1000010058,COPY_OUT,1690949,1690967,2034983
case_073,4,PIPE_MTE2,1000010430,COPY_IN,1691511,1691529,2034983
case_073,4,PIPE_MTE2,1000011266,COPY_IN,1691529,1691554,2034983
case_073,4,PIPE_V,4021,RELU,1695493,1695605,2034983
case_073,4,PIPE_M,4022,CONV,1695605,1700261,2034983
case_073,4,PIPE_V,4023,RELU,1700261,1700373,2034983
case_073,4,PIPE_M,4645,CONV,1700261,1704917,2034983
case_073,4,PIPE_MTE3,1000010900,COPY_OUT,1700373,1700391,2034983
case_073,4,PIPE_MTE2,1000011269,COPY_IN,1700935,1700953,2034983
case_073,4,PIPE_MTE2,1000011790,COPY_IN,1700953,1700978,2034983
case_073,4,PIPE_V,4646,RELU,1704917,1705029,2034983
case_073,4,PIPE_M,4647,CONV,1705029,1709685,2034983
case_073,4,PIPE_V,4648,RELU,1709685,1709797,2034983
case_073,4,PIPE_V,1774,ADD,1709797,1709909,2034983
case_073,4,PIPE_MTE3,1000011589,COPY_OUT,1709797,1709815,2034983
case_073,4,PIPE_M,1775,CONV,1709909,1710981,2034983
case_073,4,PIPE_V,2399,ADD,1709909,1710021,2034983
case_073,4,PIPE_V,3024,ADD,1710021,1710133,2034983
case_073,4,PIPE_V,3649,ADD,1710133,1710245,2034983
case_073,4,PIPE_V,4274,ADD,1710245,1710357,2034983
case_073,4,PIPE_MTE2,1000011793,COPY_IN,1710359,1710395,2034983
case_073,4,PIPE_V,4899,ADD,1710395,1710507,2034983
case_073,4,PIPE_M,2400,CONV,1710981,1712053,2034983
case_073,4,PIPE_MTE3,1000007912,COPY_OUT,1710981,1711061,2034983
case_073,4,PIPE_M,3025,CONV,1712053,1713125,2034983
case_073,4,PIPE_MTE3,1000008757,COPY_OUT,1712053,1712133,2034983
case_073,4,PIPE_M,3650,CONV,1713125,1714197,2034983
case_073,4,PIPE_MTE3,1000009605,COPY_OUT,1713125,1713249,2034983
case_073,4,PIPE_M,4275,CONV,1714197,1715269,2034983
case_073,4,PIPE_MTE3,1000010432,COPY_OUT,1714197,1714313,2034983
case_073,4,PIPE_MTE2,1000008022,COPY_IN,1714206,1714326,2034983
case_073,4,PIPE_MTE2,1000011813,COPY_IN,1714326,1714372,2034983
case_073,4,PIPE_V,1901,ADD,1714372,1714548,2034983
case_073,4,PIPE_V,1902,RELU,1714548,1714724,2034983
case_073,4,PIPE_M,4900,CONV,1715269,1716341,2034983
case_073,4,PIPE_MTE3,1000011271,COPY_OUT,1715269,1715412,2034983
case_073,4,PIPE_MTE2,1000008870,COPY_IN,1715278,1715422,2034983
case_073,4,PIPE_MTE2,1000011809,COPY_IN,1715422,1715527,2034983
case_073,4,PIPE_V,2526,ADD,1715527,1715703,2034983
case_073,4,PIPE_V,2527,RELU,1715703,1715879,2034983
case_073,4,PIPE_MTE3,1000011795,COPY_OUT,1716341,1716592,2034983
case_073,4,PIPE_MTE2,1000009715,COPY_IN,1716424,1716703,2034983
case_073,4,PIPE_MTE3,1000008024,COPY_OUT,1716592,1716847,2034983
case_073,4,PIPE_MTE2,1000011805,COPY_IN,1716703,1716952,2034983
case_073,4,PIPE_MTE3,1000008872,COPY_OUT,1716847,1717085,2034983
case_073,4,PIPE_V,3151,ADD,1716952,1717128,2034983
case_073,4,PIPE_V,3152,RELU,1717128,1717304,2034983
case_073,4,PIPE_MTE3,1000009717,COPY_OUT,1717304,1717500,2034983
case_073,4,PIPE_MTE2,1000010548,COPY_IN,1717618,1717775,2034983
case_073,4,PIPE_MTE2,1000011801,COPY_IN,1717775,1717899,2034983
case_073,4,PIPE_V,3776,ADD,1717899,1718075,2034983
case_073,4,PIPE_V,3777,RELU,1718075,1718251,2034983
case_073,4,PIPE_MTE3,1000010550,COPY_OUT,1718251,1718374,2034983
case_073,4,PIPE_MTE2,1000011378,COPY_IN,1718494,1718608,2034983
case_073,4,PIPE_MTE2,1000011797,COPY_IN,1718608,1718716,2034983
case_073,4,PIPE_V,4401,ADD,1718716,1718892,2034983
case_073,4,PIPE_MTE2,1000005472,COPY_IN,1718716,1718948,2034983
case_073,4,PIPE_V,4402,RELU,1718892,1719068,2034983
case_073,4,PIPE_MTE2,1000005482,COPY_IN,1718948,1719271,2034983
case_073,4,PIPE_MTE3,1000011380,COPY_OUT,1719068,1719224,2034983
case_073,4,PIPE_MTE2,1000005680,COPY_IN,1719271,1719355,2034983
case_073,4,PIPE_M,153,CONV,1719355,1724011,2034983
case_073,4,PIPE_MTE2,1000006519,COPY_IN,1719355,1719450,2034983
case_073,4,PIPE_MTE2,1000007340,COPY_IN,1719450,1719499,2034983
case_073,4,PIPE_MTE2,1000008182,COPY_IN,1719499,1719534,2034983
case_073,4,PIPE_MTE2,1000009030,COPY_IN,1719534,1719569,2034983
case_073,4,PIPE_MTE2,1000009875,COPY_IN,1719569,1719604,2034983
case_073,4,PIPE_MTE2,1000010714,COPY_IN,1719604,1719642,2034983
case_073,4,PIPE_MTE2,1000011493,COPY_IN,1719642,1719709,2034983
case_073,4,PIPE_MTE2,1000005492,COPY_IN,1719709,1719848,2034983
case_073,4,PIPE_MTE2,1000005502,COPY_IN,1719848,1719974,2034983
case_073,4,PIPE_V,154,RELU,1724011,1724187,2034983
case_073,4,PIPE_M,155,CONV,1724187,1728843,2034983
case_073,4,PIPE_V,156,RELU,1728843,1729019,2034983
case_073,4,PIPE_M,778,CONV,1728843,1733499,2034983
case_073,4,PIPE_MTE3,1000005682,COPY_OUT,1729019,1729054,2034983
case_073,4,PIPE_V,779,RELU,1733499,1733675,2034983
case_073,4,PIPE_M,780,CONV,1733675,1738331,2034983
case_073,4,PIPE_V,781,RELU,1738331,1738507,2034983
case_073,4,PIPE_M,1403,CONV,1738331,1742987,2034983
case_073,4,PIPE_MTE3,1000006521,COPY_OUT,1738507,1738542,2034983
case_073,4,PIPE_V,1404,RELU,1742987,1743163,2034983
case_073,4,PIPE_M,1405,CONV,1743163,1747819,2034983
case_073,4,PIPE_V,1406,RELU,1747819,1747995,2034983
case_073,4,PIPE_M,2028,CONV,1747819,1752475,2034983
case_073,4,PIPE_MTE3,1000007342,COPY_OUT,1747995,1748030,2034983
case_073,4,PIPE_V,2029,RELU,1752475,1752651,2034983
case_073,4,PIPE_M,2030,CONV,1752651,1757307,2034983
case_073,4,PIPE_V,2031,RELU,1757307,1757483,2034983
case_073,4,PIPE_M,2653,CONV,1757307,1761963,2034983
case_073,4,PIPE_MTE3,1000008184,COPY_OUT,1757483,1757518,2034983
case_073,4,PIPE_V,2654,RELU,1761963,1762139,2034983
case_073,4,PIPE_M,2655,CONV,1762139,1766795,2034983
case_073,4,PIPE_V,2656,RELU,1766795,1766971,2034983
case_073,4,PIPE_M,3278,CONV,1766795,1771451,2034983
case_073,4,PIPE_MTE3,1000009032,COPY_OUT,1766971,1767006,2034983
case_073,4,PIPE_V,3279,RELU,1771451,1771627,2034983
case_073,4,PIPE_M,3280,CONV,1771627,1776283,2034983
case_073,4,PIPE_V,3281,RELU,1776283,1776459,2034983
case_073,4,PIPE_M,3903,CONV,1776283,1780939,2034983
case_073,4,PIPE_MTE3,1000009877,COPY_OUT,1776459,1776494,2034983
case_073,4,PIPE_V,3904,RELU,1780939,1781115,2034983
case_073,4,PIPE_M,3905,CONV,1781115,1785771,2034983
case_073,4,PIPE_V,3906,RELU,1785771,1785947,2034983
case_073,4,PIPE_M,4528,CONV,1785771,1790427,2034983
case_073,4,PIPE_MTE3,1000010716,COPY_OUT,1785947,1785990,2034983
case_073,4,PIPE_MTE2,1000005882,COPY_IN,1786279,1786314,2034983
case_073,4,PIPE_MTE2,1000006712,COPY_IN,1787264,1787305,2034983
case_073,4,PIPE_MTE2,1000007545,COPY_IN,1788004,1788067,2034983
case_073,4,PIPE_MTE2,1000008390,COPY_IN,1788912,1788947,2034983
case_073,4,PIPE_MTE2,1000009235,COPY_IN,1789792,1789827,2034983
case_073,4,PIPE_V,4529,RELU,1790427,1790603,2034983
case_073,4,PIPE_M,4530,CONV,1790603,1795259,2034983
case_073,4,PIPE_MTE2,1000010074,COPY_IN,1790672,1790707,2034983
case_073,4,PIPE_MTE2,1000010916,COPY_IN,1791552,1791605,2034983
case_073,4,PIPE_MTE2,1000011599,COPY_IN,1792122,1792175,2034983
case_073,4,PIPE_MTE2,1000005512,COPY_IN,1792175,1792193,2034983
case_073,4,PIPE_MTE2,1000006311,COPY_IN,1792193,1792262,2034983
case_073,4,PIPE_M,283,CONV,1795259,1799915,2034983
case_073,4,PIPE_V,4531,RELU,1795259,1795435,2034983
case_073,4,PIPE_V,4532,ADD,1795435,1795611,2034983
case_073,4,PIPE_MTE3,1000011495,COPY_OUT,1795611,1795646,2034983
case_073,4,PIPE_MTE3,1000011498,COPY_OUT,1795646,1795681,2034983
case_073,4,PIPE_V,284,RELU,1799915,1800091,2034983
case_073,4,PIPE_M,285,CONV,1800091,1804747,2034983
case_073,4,PIPE_V,286,RELU,1804747,1804923,2034983
case_073,4,PIPE_M,908,CONV,1804747,1809403,2034983
case_073,4,PIPE_MTE3,1000005884,COPY_OUT,1804923,1804958,2034983
case_073,4,PIPE_V,909,RELU,1809403,1809579,2034983
case_073,4,PIPE_M,910,CONV,1809579,1814235,2034983
case_073,4,PIPE_V,911,RELU,1814235,1814411,2034983
case_073,4,PIPE_M,1533,CONV,1814235,1818891,2034983
case_073,4,PIPE_MTE3,1000006714,COPY_OUT,1814411,1814446,2034983
case_073,4,PIPE_V,1534,RELU,1818891,1819067,2034983
case_073,4,PIPE_M,1535,CONV,1819067,1823723,2034983
case_073,4,PIPE_V,1536,RELU,1823723,1823899,2034983
case_073,4,PIPE_M,2158,CONV,1823723,1828379,2034983
case_073,4,PIPE_V,2159,RELU,1828379,1828555,2034983
case_073,4,PIPE_M,2160,CONV,1828555,1833211,2034983
case_073,4,PIPE_V,2161,RELU,1833211,1833387,2034983
case_073,4,PIPE_M,2783,CONV,1833211,1837867,2034983
case_073,4,PIPE_V,2784,RELU,1837867,1838043,2034983
case_073,4,PIPE_M,2785,CONV,1838043,1842699,2034983
case_073,4,PIPE_V,2786,RELU,1842699,1842875,2034983
case_073,4,PIPE_M,3408,CONV,1842699,1847355,2034983
case_073,4,PIPE_V,3409,RELU,1847355,1847531,2034983
case_073,4,PIPE_M,3410,CONV,1847531,1852187,2034983
case_073,4,PIPE_V,3411,RELU,1852187,1852363,2034983
case_073,4,PIPE_M,4033,CONV,1852187,1856843,2034983
case_073,4,PIPE_V,4034,RELU,1856843,1857019,2034983
case_073,4,PIPE_M,4035,CONV,1857019,1861675,2034983
case_073,4,PIPE_V,4036,RELU,1861675,1861851,2034983
case_073,4,PIPE_M,4658,CONV,1861675,1866331,2034983
case_073,4,PIPE_V,4659,RELU,1866331,1866507,2034983
case_073,4,PIPE_M,4660,CONV,1866507,1871163,2034983
case_073,4,PIPE_MTE2,1000006383,COPY_IN,1866560,1866684,2034983
case_073,4,PIPE_MTE2,1000007129,COPY_IN,1866684,1866753,2034983
case_073,4,PIPE_MTE2,1000007198,COPY_IN,1867170,1867239,2034983
case_073,4,PIPE_MTE2,1000007956,COPY_IN,1867239,1867308,2034983
case_073,4,PIPE_MTE2,1000008034,COPY_IN,1868242,1868311,2034983
case_073,4,PIPE_MTE2,1000008804,COPY_IN,1868311,1868380,2034983
case_073,4,PIPE_MTE2,1000008882,COPY_IN,1869259,1869390,2034983
case_073,4,PIPE_MTE2,1000009649,COPY_IN,1869390,1869459,2034983
case_073,4,PIPE_MTE2,1000009727,COPY_IN,1870331,1870462,2034983
case_073,4,PIPE_MTE2,1000010485,COPY_IN,1870462,1870531,2034983
case_073,4,PIPE_V,4661,RELU,1871163,1871339,2034983
case_073,4,PIPE_V,1537,ADD,1871339,1871515,2034983
case_073,4,PIPE_MTE2,1000010560,COPY_IN,1871403,1871584,2034983
case_073,4,PIPE_M,1538,CONV,1871515,1872587,2034983
case_073,4,PIPE_V,2162,ADD,1871515,1871691,2034983
case_073,4,PIPE_MTE2,1000011315,COPY_IN,1871584,1871725,2034983
case_073,4,PIPE_V,2787,ADD,1871691,1871867,2034983
case_073,4,PIPE_V,3412,ADD,1871867,1872043,2034983
case_073,4,PIPE_V,4037,ADD,1872043,1872219,2034983
case_073,4,PIPE_V,4662,ADD,1872219,1872395,2034983
case_073,4,PIPE_V,664,ADD,1872395,1872699,2034983
case_073,4,PIPE_MTE2,1000011390,COPY_IN,1872475,1872888,2034983
case_073,4,PIPE_M,2163,CONV,1872587,1873659,2034983
case_073,4,PIPE_MTE3,1000007547,COPY_OUT,1872587,1873023,2034983
case_073,4,PIPE_V,665,RELU,1872699,1873003,2034983
case_073,4,PIPE_MTE2,1000005522,COPY_IN,1872888,1873008,2034983
case_073,4,PIPE_V,1289,ADD,1873003,1873307,2034983
case_073,4,PIPE_MTE2,1000005532,COPY_IN,1873008,1873096,2034983
case_073,4,PIPE_MTE2,1000005698,COPY_IN,1873096,1873255,2034983
case_073,4,PIPE_V,1290,RELU,1873307,1873611,2034983
case_073,4,PIPE_V,1914,ADD,1873611,1873915,2034983
case_073,4,PIPE_M,2788,CONV,1873659,1874731,2034983
case_073,4,PIPE_MTE3,1000008392,COPY_OUT,1873659,1874120,2034983
case_073,4,PIPE_V,1915,RELU,1873915,1874219,2034983
case_073,4,PIPE_V,2539,ADD,1874219,1874523,2034983
case_073,4,PIPE_V,2540,RELU,1874523,1874827,2034983
case_073,4,PIPE_M,3413,CONV,1874731,1875803,2034983
case_073,4,PIPE_MTE3,1000009237,COPY_OUT,1874731,1875298,2034983
case_073,4,PIPE_V,3164,ADD,1874827,1875131,2034983
case_073,4,PIPE_V,3165,RELU,1875131,1875435,2034983
case_073,4,PIPE_V,3789,ADD,1875435,1875739,2034983
case_073,4,PIPE_MTE2,1000006531,COPY_IN,1875543,1876028,2034983
case_073,4,PIPE_V,3790,RELU,1875739,1876043,2034983
case_073,4,PIPE_M,4038,CONV,1875803,1876875,2034983
case_073,4,PIPE_MTE3,1000010076,COPY_OUT,1875803,1876355,2034983
case_073,4,PIPE_V,4414,ADD,1876043,1876347,2034983
case_073,4,PIPE_V,4415,RELU,1876347,1876651,2034983
case_073,4,PIPE_MTE2,1000007358,COPY_IN,1876529,1877089,2034983
case_073,4,PIPE_M,4663,CONV,1876875,1877947,2034983
case_073,4,PIPE_MTE3,1000010918,COPY_OUT,1876875,1877442,2034983
case_073,4,PIPE_MTE2,1000008200,COPY_IN,1877607,1878169,2034983
case_073,4,PIPE_M,166,CONV,1877947,1882603,2034983
case_073,4,PIPE_MTE3,1000011601,COPY_OUT,1877947,1878431,2034983
case_073,4,PIPE_MTE3,1000006385,COPY_OUT,1878431,1878892,2034983
case_073,4,PIPE_MTE2,1000009048,COPY_IN,1878700,1879232,2034983
case_073,4,PIPE_MTE3,1000007200,COPY_OUT,1878892,1879376,2034983
case_073,4,PIPE_MTE3,1000008036,COPY_OUT,1879376,1879894,2034983
case_073,4,PIPE_MTE2,1000009893,COPY_IN,1879634,1880172,2034983
case_073,4,PIPE_MTE3,1000008884,COPY_OUT,1879894,1880367,2034983
case_073,4,PIPE_MTE3,1000009729,COPY_OUT,1880367,1880809,2034983
case_073,4,PIPE_MTE2,1000010732,COPY_IN,1880634,1881069,2034983
case_073,4,PIPE_MTE3,1000010562,COPY_OUT,1880809,1881194,2034983
case_073,4,PIPE_MTE2,1000011508,COPY_IN,1881069,1881413,2034983
case_073,4,PIPE_MTE3,1000011392,COPY_OUT,1881194,1881536,2034983
case_073,4,PIPE_MTE3,1000011395,COPY_OUT,1881536,1881849,2034983
case_073,4,PIPE_MTE2,1000010925,COPY_IN,1882400,1882538,2034983
case_073,4,PIPE_V,167,RELU,1882603,1882907,2034983
case_073,4,PIPE_M,168,CONV,1882907,1887563,2034983
case_073,4,PIPE_V,169,RELU,1887563,1887867,2034983
case_073,4,PIPE_M,791,CONV,1887563,1892219,2034983
case_073,4,PIPE_MTE3,1000005700,COPY_OUT,1887867,1887936,2034983
case_073,4,PIPE_V,792,RELU,1892219,1892523,2034983
case_073,4,PIPE_M,793,CONV,1892523,1897179,2034983
case_073,4,PIPE_V,794,RELU,1897179,1897483,2034983
case_073,4,PIPE_M,1416,CONV,1897179,1901835,2034983
case_073,4,PIPE_MTE3,1000006533,COPY_OUT,1897483,1897552,2034983
case_073,4,PIPE_V,1417,RELU,1901835,1902139,2034983
case_073,4,PIPE_M,1418,CONV,1902139,1906795,2034983
case_073,4,PIPE_V,1419,RELU,1906795,1907099,2034983
case_073,4,PIPE_M,2041,CONV,1906795,1911451,2034983
case_073,4,PIPE_MTE3,1000007360,COPY_OUT,1907099,1907168,2034983
case_073,4,PIPE_V,2042,RELU,1911451,1911755,2034983
case_073,4,PIPE_M,2043,CONV,1911755,1916411,2034983
case_073,4,PIPE_V,2044,RELU,1916411,1916715,2034983
case_073,4,PIPE_M,2666,CONV,1916411,1921067,2034983
case_073,4,PIPE_MTE3,1000008202,COPY_OUT,1916715,1916784,2034983
case_073,4,PIPE_V,2667,RELU,1921067,1921371,2034983
case_073,4,PIPE_M,2668,CONV,1921371,1926027,2034983
case_073,4,PIPE_V,2669,RELU,1926027,1926331,2034983
case_073,4,PIPE_M,3291,CONV,1926027,1930683,2034983
case_073,4,PIPE_MTE3,1000009050,COPY_OUT,1926331,1926400,2034983
case_073,4,PIPE_V,3292,RELU,1930683,1930987,2034983
case_073,4,PIPE_M,3293,CONV,1930987,1935643,2034983
case_073,4,PIPE_V,3294,RELU,1935643,1935947,2034983
case_073,4,PIPE_M,3916,CONV,1935643,1940299,2034983
case_073,4,PIPE_MTE3,1000009895,COPY_OUT,1935947,1936016,2034983
case_073,4,PIPE_V,3917,RELU,1940299,1940603,2034983
case_073,4,PIPE_M,3918,CONV,1940603,1945259,2034983
case_073,4,PIPE_MTE2,1000010928,COPY_IN,1945012,1945081,2034983
case_073,4,PIPE_MTE2,1000005542,COPY_IN,1945081,1945101,2034983
case_073,4,PIPE_MTE2,1000005552,COPY_IN,1945101,1945121,2034983
case_073,4,PIPE_V,3919,RELU,1945259,1945563,2034983
case_073,4,PIPE_M,4541,CONV,1945259,1949915,2034983
case_073,4,PIPE_MTE3,1000010734,COPY_OUT,1945563,1945632,2034983
case_073,4,PIPE_MTE2,1000005897,COPY_IN,1948896,1949034,2034983
case_073,4,PIPE_V,4542,RELU,1949915,1950219,2034983
case_073,4,PIPE_M,4543,CONV,1950219,1954875,2034983
case_073,4,PIPE_MTE2,1000006733,COPY_IN,1950386,1950474,2034983
case_073,4,PIPE_MTE2,1000007563,COPY_IN,1951877,1951994,2034983
case_073,4,PIPE_MTE2,1000008408,COPY_IN,1953397,1953514,2034983
case_073,4,PIPE_M,296,CONV,1954875,1959531,2034983
case_073,4,PIPE_V,4544,RELU,1954875,1955179,2034983
case_073,4,PIPE_MTE2,1000009253,COPY_IN,1954971,1955040,2034983
case_073,4,PIPE_V,4045,ADD,1955179,1955483,2034983
case_073,4,PIPE_V,4545,ADD,1955483,1955787,2034983
case_073,4,PIPE_MTE3,1000010930,COPY_OUT,1955483,1955603,2034983
case_073,4,PIPE_MTE3,1000011510,COPY_OUT,1955787,1955961,2034983
case_073,4,PIPE_MTE2,1000010092,COPY_IN,1956506,1956665,2034983
case_073,4,PIPE_MTE2,1000011608,COPY_IN,1956665,1956899,2034983
case_073,4,PIPE_MTE2,1000011296,COPY_IN,1957898,1957967,2034983
case_073,4,PIPE_V,297,RELU,1959531,1959835,2034983
case_073,4,PIPE_M,298,CONV,1959835,1964491,2034983
case_073,4,PIPE_V,299,RELU,1964491,1964795,2034983
case_073,4,PIPE_M,921,CONV,1964491,1969147,2034983
case_073,4,PIPE_MTE3,1000005899,COPY_OUT,1964795,1964864,2034983
case_073,4,PIPE_V,922,RELU,1969147,1969451,2034983
case_073,4,PIPE_M,923,CONV,1969451,1974107,2034983
case_073,4,PIPE_V,924,RELU,1974107,1974411,2034983
case_073,4,PIPE_M,1546,CONV,1974107,1978763,2034983
case_073,4,PIPE_MTE3,1000006735,COPY_OUT,1974411,1974480,2034983
case_073,4,PIPE_V,1547,RELU,1978763,1979067,2034983
case_073,4,PIPE_M,1548,CONV,1979067,1983723,2034983
case_073,4,PIPE_V,1549,RELU,1983723,1984027,2034983
case_073,4,PIPE_M,2171,CONV,1983723,1988379,2034983
case_073,4,PIPE_MTE3,1000007565,COPY_OUT,1984027,1984096,2034983
case_073,4,PIPE_V,2172,RELU,1988379,1988683,2034983
case_073,4,PIPE_M,2173,CONV,1988683,1993339,2034983
case_073,4,PIPE_V,2174,RELU,1993339,1993643,2034983
case_073,4,PIPE_M,2796,CONV,1993339,1997995,2034983
case_073,4,PIPE_MTE3,1000008410,COPY_OUT,1993643,1993712,2034983
case_073,4,PIPE_V,2797,RELU,1997995,1998299,2034983
case_073,4,PIPE_M,2798,CONV,1998299,2002955,2034983
case_073,4,PIPE_V,2799,RELU,2002955,2003259,2034983
case_073,4,PIPE_M,3421,CONV,2002955,2007611,2034983
case_073,4,PIPE_MTE3,1000009255,COPY_OUT,2003259,2003328,2034983
case_073,4,PIPE_V,3422,RELU,2007611,2007915,2034983
case_073,4,PIPE_M,3423,CONV,2007915,2012571,2034983
case_073,4,PIPE_V,3424,RELU,2012571,2012875,2034983
case_073,4,PIPE_M,4046,CONV,2012571,2017227,2034983
case_073,4,PIPE_MTE3,1000010094,COPY_OUT,2012875,2012944,2034983
case_073,4,PIPE_V,4047,RELU,2017227,2017531,2034983
case_073,4,PIPE_M,4048,CONV,2017531,2022187,2034983
case_073,4,PIPE_MTE2,1000011299,COPY_IN,2022158,2022227,2034983
case_073,4,PIPE_V,4049,RELU,2022187,2022491,2034983
case_073,4,PIPE_M,4671,CONV,2022187,2026843,2034983
case_073,4,PIPE_MTE3,1000010933,COPY_OUT,2022491,2022560,2034983
case_073,4,PIPE_V,4672,RELU,2026843,2027147,2034983
case_073,4,PIPE_M,4673,CONV,2027147,2031803,2034983
case_073,4,PIPE_V,4674,RELU,2031803,2032107,2034983
case_073,4,PIPE_V,4300,ADD,2032107,2032411,2034983
case_073,4,PIPE_V,4675,ADD,2032411,2032715,2034983
case_073,4,PIPE_MTE3,1000011301,COPY_OUT,2032411,2032480,2034983
case_073,4,PIPE_MTE3,1000011610,COPY_OUT,2032715,2032784,2034983
