case,k,scene,T,REF,copy,partition,spill,wall,budget,C3_T,C3_copy,speedup,C3_speedup,versus_C3,reduction_pct
case_001,2,A,116868,233110,1152,1152,0,3.2564453840000027,600.0,116868,1152,1.9946435294520313,1.9946435294520313,1.0,0.0
case_002,2,A,140236,261945,82944,82944,0,15.100464774000002,600.0,153854,1216512,1.8678869905017257,1.7025556696608473,1.097107732679198,8.851248586322102
case_003,2,A,393827,602212,6729464,6729464,0,363.748121293,600.0,493374,13824314,1.5291282720585435,1.2205993830238318,1.252768347523151,20.176782724667287
case_004,2,A,199074,392357,110592,110592,0,4.824221446999999,600.0,258308,6856704,1.9709103147573264,1.518950245443424,1.297547645599124,22.931539092865883
case_005,2,A,80999,95618,2049178,2049178,0,33.61457749799999,600.0,130362,5165186,1.1804837096754282,0.7334806155167917,1.6094272768799616,37.86609594820577
case_006,2,A,43033,82837,56200,43904,12296,5.472999516999991,600.0,56272,1121026,1.924964562080264,1.4720820301393234,1.3076476192689332,23.526798407733864
case_007,2,A,507494,1012562,27648,27648,0,28.79309308399999,600.0,687612,17058816,1.9952196479170197,1.472577558274143,1.3549165113282127,26.19471446106234
case_008,2,A,244266,487605,0,0,0,3.417711787999906,600.0,263510,12026880,1.9962049568912579,1.8504231338469128,1.0787829661107153,7.302948654700014
case_009,2,A,92198,153261,0,0,0,104.93016516200001,600.0,194514,3316430,1.66230286991041,0.7879175791973843,2.1097420768346384,52.60084107056562
case_010,2,A,45626,86969,48384,48384,0,3.8415480229998593,600.0,57313,1439462,1.9061280848638933,1.5174393244115645,1.2561478104589487,20.391534206898953
case_011,2,A,92646,184697,180224,180224,0,1.4236508070000014,600.0,166718,5505024,1.9935777043801135,1.1078407850382082,1.799516438918032,44.429515709161585
case_012,2,A,30094,59088,28800,28800,0,5.703982617000008,600.0,37889,823478,1.9634478633614674,1.559502758056428,1.2590217319066923,20.573253450869643
case_013,2,A,132198,263949,8192,8192,0,4.730541576000007,600.0,211688,6045696,1.9966187083011846,1.2468774800650013,1.6012950271562354,37.55054608669363
case_014,2,A,8759857,17698626,71556024,65209176,6346848,196.99443695600007,600.0,13959370,367881872,2.0204240776989852,1.2678671028850157,1.5935614017443436,37.24747606804605
case_015,2,A,92321,177362,224536,109824,114712,6.447916400999986,600.0,131363,2826922,1.921144701638847,1.3501670942350585,1.4228940327769413,29.720697608915746
case_016,2,A,4646180,7715523,119566328,119566328,0,376.954948251,600.0,4708804,119566328,1.6606164634172589,1.638531355308057,1.013478599623777,1.3299343102834649
case_017,2,A,84055,162810,161280,161280,0,14.233873302999996,600.0,96614,1749980,1.9369460472309796,1.6851595006934812,1.149414074118137,12.99915126172191
case_018,2,A,503411,1004367,2835456,2683904,151552,32.23275996999999,600.0,691375,16759568,1.995123269058483,1.452709455794612,1.3733807962082671,27.186982462484178
case_019,2,A,43224,81144,27168,27168,0,4.10461476399999,600.0,52989,1467216,1.8772903942254304,1.5313366925210894,1.225916157690172,18.42835305440752
case_020,2,A,266580,532746,0,0,0,20.197605669999973,600.0,660961,35573760,1.9984469952734638,0.8060172990539533,2.4794095581063846,59.66781701189632
case_021,2,A,3156352,6567937,5427200,4608000,819200,46.32539701599998,600.0,4467070,96759808,2.0808632877448394,1.4703008907404629,1.415263570096111,29.341783316581115
case_022,2,A,28881,56780,6912,6912,0,6.433612752999977,600.0,48300,1639742,1.9659984072573664,1.1755693581780537,1.6723797652435857,40.204968944099384
case_023,2,A,61424,122614,84096,84096,0,4.401436959999955,600.0,76287,2513436,1.9961904141703568,1.6072725366051883,1.2419738213076321,19.48300496808106
case_024,2,A,1539668,2555343,39331088,39331088,0,66.94586500100002,600.0,1560268,39331088,1.6596714356601554,1.6377590260134798,1.0133795077899912,1.320286002148352
case_025,2,A,2434032,4863026,248832,248832,0,372.06520877799994,600.0,3297246,81908736,1.997930183333662,1.4748750927289016,1.3546436530004535,26.17984827337724
case_026,2,A,58112,99203,288,288,0,4.478325739999946,600.0,80338,2758624,1.707100082599119,1.2348203838781149,1.3824683370044053,27.66561278597923
case_027,2,A,1120962,2363952,1744896,1105920,638976,5.643864381000185,600.0,1576858,36249600,2.10886006840553,1.4991533796955718,1.4067006731717935,28.91167118408886
case_028,2,A,20541851,43836040,99676800,99676800,0,476.07232232900003,600.0,20554354,97047168,2.133986854446564,2.1326887724128913,1.0006086598525128,0.060828961104786305
case_029,2,A,19740,37555,0,0,0,3.525019211000199,600.0,26178,603582,1.9024822695035462,1.4346015738406295,1.3261398176291794,24.593169837267936
case_030,2,A,1394193,2808034,7370752,7370752,0,14.486272320999888,600.0,2331420,77873168,2.014092740388167,1.2044307760935395,1.6722361968536636,40.19983529351211
case_031,2,A,706033,1414369,4379136,4164096,215040,88.05076323599997,600.0,1067510,29556394,2.0032618871922416,1.3249234199211248,1.5119831509292059,33.86169684593119
case_032,2,A,21706,41443,6216,6216,0,4.47060957399998,600.0,32842,610066,1.9092877545379159,1.26189026246879,1.5130378697134432,33.90780098654162
case_033,2,A,904907,1774196,6645792,2059296,4586496,70.65300417399999,600.0,1345567,39750888,1.960639049095653,1.3185489834396948,1.4869671690018975,32.74901955829773
case_034,2,A,415383,842996,1998336,1801728,196608,29.797801178999862,600.0,661556,20894126,2.029442707092009,1.2742624962966098,1.5926410084187363,37.211211144634774
case_035,2,A,95406,169571,0,0,0,42.30143475799969,600.0,199699,3652906,1.7773620107750037,0.8491329450823489,2.0931492778231977,52.22509877365435
case_036,2,A,466068,931510,1152,1152,0,10.038676852000208,600.0,466068,1152,1.998656848356892,1.998656848356892,1.0,0.0
case_037,2,A,105374,210001,204800,204800,0,1.0717701379999198,600.0,188286,6225920,1.992910964754114,1.1153298705161296,1.786835462258242,44.0351380346919
case_038,2,A,681518,1364555,6790656,2517504,4273152,36.10862031200031,600.0,1009293,27704072,2.002228847954126,1.351990948119129,1.4809484122209537,32.47570328933224
case_039,2,A,708561,1435262,11067392,4202496,6864896,34.88970028699998,600.0,1378032,45531136,2.025601183243221,1.041530240226642,1.944831849339718,48.58167299453133
case_040,2,A,143799,253454,53760,53760,0,27.728713615999823,600.0,225361,5809422,1.762557458674956,1.124657771309144,1.5671944867488647,36.19171018942941
case_041,2,A,2965113,6003957,22579200,22164480,414720,23.41039169199985,600.0,4666998,130997744,2.0248661686755276,1.2864708748535998,1.5739696935664846,36.46637517307699
case_042,2,A,835375,1686740,6967584,6967584,0,58.09938190399998,600.0,1265898,36553928,2.0191411042944787,1.3324454260927816,1.5153649558581475,34.00929616762171
case_043,2,A,355614,677656,556040,506880,49160,196.59491304300002,600.0,538743,17647394,1.905594267942207,1.2578465056622545,1.5149656650188126,33.99190337507866
case_044,2,A,78699,154407,2014560,2014560,0,7.529937761999918,600.0,78699,2014560,1.9619944344909084,1.9619944344909084,1.0,0.0
case_045,2,A,63059,125614,0,0,0,2.995356486999981,600.0,149356,8003584,1.99200748505368,0.8410375210905487,2.3685120284178307,57.77939955542462
case_046,2,A,158876,276455,6512800,6512800,0,4.770883273999971,600.0,175612,4084320,1.7400677257735593,1.5742375236316424,1.1053400135955085,9.530100448716484
case_047,2,A,245880,326508,3820950,3820950,0,306.65452767500005,600.0,334222,7920090,1.327916056612982,0.9769195325262849,1.359289084106068,26.432131936257942
case_048,2,A,169359,222220,853830,853830,0,16.18496187000028,600.0,219523,3029948,1.312123949716283,1.0122857286024698,1.2961991981530359,22.851364093967376
case_049,2,A,148351,196276,1784066,1784066,0,68.83626943599984,600.0,176440,5526740,1.3230514118543184,1.1124234867377012,1.1893414941591227,15.91985944230333
case_050,2,A,108121,149690,3456,3456,0,64.23055314199996,600.0,156805,4450502,1.3844674022622803,0.9546251713912184,1.4502733049083896,31.04747935333695
case_051,2,A,367112,607628,9046218,9046218,0,6.0358465750000505,600.0,371850,9046218,1.6551570093050623,1.634067500336157,1.0129061430843993,1.2741696920801404
case_052,2,A,91267,180301,102912,102912,0,4.975405013,600.0,125854,3081058,1.9755333252983005,1.4326203378517965,1.3789650147369805,27.481844041508417
case_053,2,A,770010,1472686,7237216,3899392,3337824,440.17014773599976,600.0,904252,19898850,1.9125543824106181,1.6286234368295565,1.1743379956104467,14.845640374585845
case_054,2,A,515425,815051,6850874,6515514,335360,430.0601000900001,600.0,644569,18611306,1.5813183295338797,1.264489914966435,1.2505582771499248,20.035713787042198
case_055,2,A,57941,118835,57856,57856,0,5.933192093999878,600.0,86060,1358308,2.0509656374587943,1.3808389495700675,1.485304016154364,32.6737160120846
case_056,2,A,213386,277285,2922520,2922520,0,124.06294443199977,600.0,252856,8135154,1.299452635130702,1.0966123010725473,1.1849699605409914,15.609675071977724
case_057,2,A,32042,59726,70272,70272,0,5.6169758610003555,600.0,41669,973674,1.8639910117970164,1.433343732750966,1.3004494101491793,23.10350620365259
case_058,2,A,2200935,4539717,43794432,43794432,0,23.622434283000075,600.0,4282432,166797312,2.0626311090513805,1.0600791793074589,1.9457330634480345,48.60548865691271
case_059,2,A,369318,829473,360448,360448,0,3.3453303820001565,600.0,652046,22020096,2.2459587672412393,1.272108102802563,1.7655408076508592,43.36013103370008
case_060,2,A,458745,888789,8150032,8141840,8192,47.76407424400031,600.0,789476,27597488,1.9374358303632737,1.1257960976647803,1.7209473672737579,41.89247044875335
case_061,2,A,39298,77191,34560,34560,0,5.9984996570001385,600.0,60375,1240470,1.9642475444042953,1.2785258799171844,1.5363377271107945,34.91014492753624
case_062,2,A,1976451,2854809,13393920,13393920,0,349.5646039389999,600.0,1607247,13393920,1.4444117258662117,1.7762105015594989,0.81319850580662,-22.971204799262335
case_063,2,A,558373,1070397,337920,337920,0,101.55013092200033,600.0,608339,5013504,1.9169927629022177,1.7595403220901504,1.0894849858427968,8.21351253166409
case_064,2,A,18283,19116,65662,65662,0,6.1687528100001146,600.0,42195,457062,1.0455614505278128,0.4530394596516175,2.3078816386807417,56.670221590235805
case_065,2,A,26972,53068,13968,13968,0,3.129231925000113,600.0,37462,880532,1.9675218745365564,1.4165821365650526,1.388921844876168,28.00170839784315
case_066,2,A,226476,359070,1953158,1953158,0,90.2992677430002,600.0,279692,7757038,1.585466009643406,1.283805042689816,1.2349741252936293,19.026643593667323
case_067,2,A,32438342,63834834,272726272,272726272,0,198.43394731200033,600.0,32464470,222495104,1.9678821439147538,1.966298356326162,1.0008054665679276,0.08048183136826204
case_068,2,A,260340,362095,2598030,2598030,0,89.13904684599993,600.0,316754,7684626,1.3908542674963509,1.143142628033111,1.216693554582469,17.81003554809095
case_069,2,A,21197,25144,532364,532364,0,5.095669373999954,600.0,33272,1294346,1.1862055951313866,0.7557105073334937,1.5696560834080295,36.29177686943977
case_070,2,A,58234,117300,129536,129536,0,5.210670283000127,600.0,88866,1824774,2.014287186179895,1.3199648909594222,1.526015729642477,34.469875993068214
case_071,2,A,16232,18919,375274,375274,0,4.234017756999947,600.0,29291,961642,1.165537210448497,0.645898057423782,1.8045219319862,44.58366051005428
case_072,2,A,11713796,23897828,99330848,91967832,7363016,185.24195414799988,600.0,16969862,437034194,2.040143775766626,1.4082511690430954,1.4487073191303657,30.97294485953981
case_073,2,A,5304875,10081626,98703232,11409280,87293952,54.099128907999784,600.0,5304875,98703232,1.900445533589387,1.900445533589387,1.0,0.0
case_074,2,A,832726,1682239,5910536,5160960,749576,45.80221197899982,600.0,1194425,27911060,2.0201590919462102,1.4084090671243485,1.4343553581850452,30.282269711367395
case_075,2,A,844156,1441809,8130090,8130090,0,111.63521839500027,600.0,964578,16829338,1.7079888077559124,1.4947562561037055,1.142653727510081,12.484423240007548
case_076,2,A,3046650,6185113,33976320,33976320,0,58.25146666699993,600.0,5597619,199205928,2.0301357228431227,1.1049542671625203,1.8373029392939786,45.572394262632024
case_077,2,A,250735,495320,57344,57344,0,83.1754224639999,600.0,382341,9659136,1.9754721119907472,1.2954927669279517,1.5248808503001177,34.42110576684164
case_078,2,A,1080972,2296143,15039360,15039360,0,5.736491806999766,600.0,1142818,7063680,2.1241466013920807,2.0091939398924414,1.057213322824273,5.411710351079524
case_079,2,A,14738594,31052251,47714304,47714304,0,144.15743241600012,600.0,22161694,482693120,2.106866570854723,1.401167753692475,1.5036504838928326,33.49518317507678
case_080,2,A,145926,292138,2191360,1904640,286720,1.6758231249996243,600.0,265995,10752000,2.0019598974822856,1.0982838023271113,1.8228074503515481,45.13957029267467
case_081,2,A,76860,151795,0,0,0,6.145306007999807,600.0,103704,2885438,1.9749544626593807,1.463733317904806,1.3492583918813428,25.885211756537842
case_082,2,A,450921,721041,4435418,4325850,109568,37.40799420499934,600.0,476334,8748582,1.5990406301769047,1.5137298618196475,1.0563579873192865,5.33512199423094
case_083,2,A,537673,1057993,13151840,13151840,0,18.304295828999784,600.0,537673,13151840,1.9677257366466234,1.9677257366466234,1.0,0.0
case_084,2,A,1013056,2507412,30190464,30190464,0,260.4283085410002,600.0,1013056,30190464,2.475097131846611,2.475097131846611,1.0,0.0
case_085,2,A,2105594,3187899,40692846,40692846,0,435.95267305200014,600.0,2116534,40771438,1.5140140976845489,1.506188419368647,1.0051956834983382,0.5168827904489137
case_086,2,A,99674,118403,2656640,2578304,78336,36.95544874400002,600.0,144787,6433922,1.1879025623532717,0.8177736951521891,1.4526054939101471,31.15818409111315
case_087,2,A,2093249,3974071,35193224,34995080,198144,819.1332882120005,1800.0,2998511,87958030,1.898518045392593,1.3253481477973568,1.432467422652537,30.19038449417061
case_088,2,A,173654,243623,1860972,1860972,0,36.70351042600032,600.0,216080,5642658,1.402921902173287,1.127466679007775,1.2443134048164741,19.634394668641242
case_089,2,A,346832,693092,238720,238720,0,37.927372827,600.0,397396,8430720,1.998350786547954,1.744083986753767,1.145788162568621,12.72383214727878
case_090,2,A,513438,1178363,4145280,4145280,0,11.26306826400014,600.0,518023,4151040,2.2950443870535486,2.2747310447605606,1.0089299973901424,0.8850958355130945
case_091,2,A,4529311,9186769,56506336,55075840,1430496,52.47691126999962,600.0,7334462,215443140,2.028292824228674,1.2525484486796714,1.6193328300927006,38.24617265724466
case_092,2,A,2498492,4815554,56912480,56912480,0,244.12335663500016,600.0,2498492,56912480,1.927384198148323,1.927384198148323,1.0,0.0
case_093,2,A,37827,74205,8192,8192,0,1.1339542169998822,600.0,60991,1695744,1.9616940280751844,1.216654916299126,1.612366827927142,37.97937400600089
case_094,2,A,49398,94892,106272,106272,0,1.5516274290002912,600.0,80151,2634544,1.920968460261549,1.183915359758456,1.6225555690513787,38.368828835572856
case_095,2,A,1042890,2084853,0,0,0,14.570517451000342,600.0,1113814,51448320,1.9991111238960964,1.8718143244742838,1.0680071723767608,6.367670005943538
case_096,2,A,47089,84194,66240,66240,0,6.581825995999679,600.0,60179,1421842,1.7879759604153835,1.399059472573489,1.2779842426044299,21.751773874607416
case_097,2,A,5161740,11491509,14483456,14483456,0,117.62811885100018,600.0,7725510,167223296,2.2262859035906497,1.4874757782981318,1.4966871636308687,33.18577025982751
case_098,2,A,89551,177430,0,0,0,5.442864597000153,600.0,110577,2633790,1.9813290750522048,1.6045832315942736,1.234793581311208,19.014804163614496
case_099,2,A,811243,1622999,7319552,1904640,5414912,83.41899215400008,600.0,1099943,26417176,2.0006323629294798,1.475530095650411,1.3558736408203214,26.246814607666035
case_100,2,A,82771,151223,763960,763960,0,7.179217076999521,600.0,108570,2921168,1.827004627224511,1.3928617481808971,1.311691292844112,23.762549507230357
case_001,3,A,78545,233110,2304,2304,0,2.903315323000001,600.0,78545,2304,2.9678528232223567,2.9678528232223567,1.0,0.0
case_002,3,A,98023,261945,82944,82944,0,10.959633122000014,600.0,110380,1216512,2.6722809952766187,2.373120130458416,1.1260622506962652,11.194962855589786
case_003,3,A,321535,602212,6729464,6729464,0,209.63828401699993,600.0,409025,14174820,1.8729282970749686,1.4723109834362202,1.2721010154415537,21.389890593484505
case_004,3,A,134043,392357,221184,221184,0,4.2393392449999965,600.0,195192,7041024,2.927098020784375,2.0101079962293538,1.4561894317495132,31.327615885896964
case_005,3,A,72553,95618,2483610,2483610,0,39.87690030499999,600.0,135516,5394454,1.3179055311289678,0.7055845804185483,1.8678207655093517,46.46167242244458
case_006,3,A,30917,82837,91264,91264,0,4.74568897799999,600.0,45061,1238930,2.67933499369279,1.8383302634206964,1.4574829381893457,31.388562171278934
case_007,3,A,338094,1012562,55296,55296,0,17.789446469000012,600.0,490248,17104896,2.994912657426633,2.0654077120151433,1.4500346057605282,31.036128653253048
case_008,3,A,163359,487605,0,0,0,4.088786643000049,600.0,248110,12026880,2.984867684057811,1.965277497884003,1.5188021474176507,34.15863931320785
case_009,3,A,92198,153261,0,0,0,138.34354832999998,600.0,171227,3538704,1.66230286991041,0.8950749589725919,1.8571660990477017,46.1545200231272
case_010,3,A,30856,86969,48384,48384,0,4.549502043999837,600.0,45800,1491240,2.8185442053409386,1.898886462882096,1.4843142338605133,32.62882096069869
case_011,3,A,69625,184697,1081344,1081344,0,3.378878570999973,600.0,132943,6586368,2.6527396768402154,1.389294660117494,1.909414721723519,47.62793076732134
case_012,3,A,21894,59088,20160,20160,0,4.482481913000015,600.0,32351,861710,2.6988215949575225,1.8264659515934591,1.4776194391157396,32.323575778183056
case_013,3,A,88351,263949,16384,16384,0,3.5937007930000107,600.0,167913,6062080,2.98750438591527,1.5719390398599276,1.9005217824359657,47.38287089147356
case_014,3,A,5865918,17698626,71375016,65861808,5513208,102.71339657399994,600.0,10625893,336985064,3.0171962853896015,1.6656130454165123,1.8114629287351103,44.79599973385766
case_015,3,A,61168,177362,290056,208128,81928,5.782596964999982,600.0,104303,3209868,2.8995880198796757,1.7004496514961218,1.70518898770599,41.3554739556868
case_016,3,A,3793761,7715523,119566936,119566936,0,426.54469604400015,600.0,3856385,119566936,2.0337398692221256,2.0007138810051384,1.0165071020551901,1.6239042522984581
case_017,3,A,58959,162810,175104,175104,0,15.217711383999998,600.0,74400,1923082,2.7614104716837122,2.1883064516129034,1.2618938584440034,20.754032258064512
case_018,3,A,339838,1004367,4075904,2474368,1601536,25.766057323000013,600.0,544330,18928656,2.9554287631165437,1.8451435709955357,1.6017337672655796,37.56765197582349
case_019,3,A,30852,81144,24576,24576,0,4.513828602999979,600.0,44650,1531472,2.6301050175029173,1.8173348264277716,1.4472319460650849,30.902575587905933
case_020,3,A,177950,532746,0,0,0,10.937230623999994,600.0,647843,35094528,2.993796010115201,0.822338128219337,3.6405900533857825,72.5319251732287
case_021,3,A,2106282,6567937,6707200,6707200,0,48.06151675699999,600.0,3338245,101859328,3.118260992592635,1.9674820152505283,1.5848993629532988,36.90451120274276
case_022,3,A,19370,56780,13824,13824,0,4.238367136000022,600.0,51457,1778278,2.9313371192565825,1.1034455953514586,2.656530717604543,62.356919369570704
case_023,3,A,41720,122614,196896,196896,0,4.295918313000129,600.0,68955,2743592,2.938974113135187,1.778174171561163,1.652804410354746,39.49677325792184
case_024,3,A,1256817,2555343,39331288,39331288,0,70.48567271500002,600.0,1277417,39331288,2.0331862156543075,2.000398460330495,1.0163906121575377,1.6126292354023741
case_025,3,A,1624426,4863026,304128,304128,0,374.073407502,600.0,2348707,81954816,2.9936888476298704,2.0705119880853595,1.4458688792225685,30.837435235642417
case_026,3,A,41276,99203,217872,217872,0,3.8731533779996425,600.0,73776,2786200,2.4034063378234327,1.344651377141618,1.7873824983040993,44.05226631967035
case_027,3,A,837049,2363952,3686400,3686400,0,13.69230874599998,600.0,1180970,34603008,2.8241500796249683,2.0017036842595495,1.4108731985821619,29.121908261852546
case_028,3,A,14076015,43836040,98668800,98300160,368640,493.14349591300015,600.0,14076015,98668800,3.114236522197511,3.114236522197511,1.0,0.0
case_029,3,A,12743,37555,0,0,0,1.677438445000007,600.0,26050,689682,2.9471082162756024,1.4416506717850288,2.044259593502315,51.08253358925143
case_030,3,A,931629,2808034,8237056,8229888,7168,16.71052132399973,600.0,1928539,81448976,3.0141118406576006,1.4560421127081173,2.0700718848382778,51.69249882942476
case_031,3,A,485202,1414369,7348224,3462144,3886080,76.91788612900018,600.0,863173,31887934,2.9150106553559136,1.6385695567400742,1.7789972011657,43.78855687098646
case_032,3,A,15674,41443,12360,12360,0,4.281975391000003,600.0,33612,671616,2.6440602271277274,1.2329822682375342,2.144443026668368,53.367844817327146
case_033,3,A,607519,1774196,6972480,3952704,3019776,41.889291023,600.0,1012926,34312464,2.9203959053132493,1.7515553949646865,1.6673157547335968,40.0233580735414
case_034,3,A,287578,842996,2645504,2341888,303616,23.393232391000083,600.0,548313,22949838,2.931364708009653,1.5374357346989767,1.9066583674689996,47.552219261626114
case_035,3,A,95406,169571,0,0,0,60.92683924399989,600.0,180571,3768208,1.7773620107750037,0.9390821338974696,1.8926587426367314,47.16427333292721
case_036,3,A,311345,931510,2304,2304,0,8.130816395999773,600.0,311345,2304,2.991890025534375,2.991890025534375,1.0,0.0
case_037,3,A,74038,210001,1064960,1064960,0,2.4978446860000076,600.0,152325,7290880,2.836394824279424,1.378637781060233,2.0573894486614983,51.39471524700476
case_038,3,A,461018,1364555,7045632,6974976,70656,104.04342081799996,600.0,794016,28625672,2.9598735841116834,1.7185484927255874,1.722310191792945,41.93844960303067
case_039,3,A,485565,1435262,14323712,8404992,5918720,46.88881779600001,600.0,1096044,56623104,2.9558596686334475,1.3094930495491057,2.2572549504185844,55.69840261887297
case_040,3,A,110105,253454,0,0,0,19.899798977000046,600.0,199661,6063270,2.301929975932065,1.2694216697301928,1.8133690568094092,44.85402757674258
case_041,3,A,1976739,6003957,25559040,24827904,731136,26.920995198000128,600.0,3898030,129440256,3.037303862573663,1.5402541796753746,1.9719497617034925,49.288768942260575
case_042,3,A,571947,1686740,8251680,3950880,4300800,25.581739682000034,600.0,997133,41739760,2.9491194114139945,1.6915897879219723,1.7434010493979337,42.64085132073655
case_043,3,A,268777,677656,233480,184320,49160,180.052771453,600.0,485908,17871098,2.521257399256633,1.3946179112095294,1.8078481417680827,44.68561949998765
case_044,3,A,78699,154407,2014560,2014560,0,8.600350017999972,600.0,83232,2944960,1.9619944344909084,1.8551398500576701,1.057599207105554,5.446222606689732
case_045,3,A,42601,125614,0,0,0,2.691859200999943,600.0,157125,8519680,2.94861622966597,0.7994526650755768,3.6882937020257742,72.88719172633253
case_046,3,A,142176,276455,4021280,1860800,2160480,5.652180031000171,600.0,152543,5014720,1.9444561670042764,1.81230866050884,1.0729166666666667,6.796116504854366
case_047,3,A,187273,326508,3820950,3820950,0,399.86214139599997,600.0,312101,8183512,1.7434867813299302,1.0461613387973765,1.666556310840324,39.99602692718063
case_048,3,A,145022,222220,1253562,1253562,0,19.323944039000253,600.0,211772,3182198,1.5323192343230683,1.0493360784239654,1.4602749927597192,31.51974765313639
case_049,3,A,124128,196276,1784066,1784066,0,54.380755775000125,600.0,173602,5742102,1.5812387213199277,1.1306090943652722,1.3985724413508636,28.498519602308725
case_050,3,A,85329,149690,1219726,1219726,0,27.671859460000178,600.0,150531,4547592,1.7542687714610508,0.9944131109206742,1.764124740709489,43.31466608206947
case_051,3,A,299245,607628,9046264,9046264,0,6.283268770999939,600.0,303983,9046264,2.030536851075206,1.9988880957158788,1.0158331801700948,1.5586397923568085
case_052,3,A,65207,180301,181248,181248,0,4.098712268999861,600.0,99041,3289966,2.7650558989065592,1.8204682909098253,1.5188706733939608,34.16160983834977
case_053,3,A,546106,1472686,5882944,1114624,4768320,325.8962150420002,600.0,725280,21411550,2.6967035703691224,2.0305068387381424,1.3280938132889952,24.704114273108313
case_054,3,A,391890,815051,6850874,6515514,335360,250.0653637570001,600.0,530556,19230774,2.079795350736176,1.536220493218435,1.3538390874990431,26.135978105986922
case_055,3,A,43655,118835,115712,115712,0,7.720954797000104,600.0,73897,1505292,2.7221395029206277,1.60811670297847,1.6927499713663956,40.92453008917818
case_056,3,A,180659,277285,2922520,2922520,0,137.61087656000018,600.0,255726,8363454,1.534852955014696,1.0843050765272206,1.4155176326670689,29.35446532616942
case_057,3,A,21762,59726,70272,70272,0,4.980374628999925,600.0,34433,976946,2.7445087767668412,1.7345569657015072,1.5822534693502435,36.79900095838294
case_058,3,A,1532101,4539717,32858112,14868480,17989632,172.59980591700014,600.0,3804932,145367040,2.9630664035856644,1.1931138322577117,2.4834733480364544,59.733813902587485
case_059,3,A,254768,829473,2748416,2748416,0,9.878047998999591,600.0,560868,24961024,3.2557974313885576,1.4789094760264447,2.2014852728757144,54.57612129770284
case_060,3,A,308169,888789,8150032,8141840,8192,58.08914064600003,600.0,676198,27868380,2.8840960641725806,1.3143916426845392,2.1942440673786137,54.42621835616195
case_061,3,A,28342,77191,43008,43008,0,4.318005170000106,600.0,48154,1263538,2.723555147837132,1.6030028658055406,1.6990332368922447,41.142999543132454
case_062,3,A,1593547,2854809,13393920,13393920,0,335.0998832290006,600.0,1130638,13393920,1.7914808913700067,2.5249540524907177,0.7095102937032921,-40.94228214512514
case_063,3,A,377834,1070397,337920,337920,0,103.80552862200011,600.0,430395,5013504,2.83298220911829,2.487010769177151,1.139111355780581,12.212270123955904
case_064,3,A,17170,19116,65662,65662,0,7.563333185999909,600.0,44142,468426,1.1133372160745487,0.4330569525621857,2.570879440885265,61.1028045852023
case_065,3,A,17918,53068,27936,27936,0,3.1878028520000043,600.0,32262,910898,2.961714477062172,1.6449073213068006,1.8005357740819288,44.46097576095717
case_066,3,A,185361,359070,2890070,2890070,0,79.7655155589996,600.0,247341,8018636,1.9371388803469987,1.4517204992298083,1.33437454480716,25.058522444722065
case_067,3,A,22543931,63834834,298754304,298754304,0,174.945709179,600.0,23195651,223857408,2.831575114384443,2.752017350148957,1.0289088890486757,2.809664622044883
case_068,3,A,221224,362095,2598030,2598030,0,94.17619994200004,600.0,281615,7995136,1.6367799153798865,1.2857802318768532,1.2729857519979748,21.444525327131014
case_069,3,A,19700,25144,532364,532364,0,6.469463106999683,600.0,36775,1372882,1.2763451776649746,0.683725356900068,1.866751269035533,46.430999320190345
case_070,3,A,45660,117300,259072,259072,0,5.27267838600028,600.0,76579,2033432,2.568988173455979,1.531751524569399,1.6771572492334648,40.37529871113491
case_071,3,A,14889,18919,375274,375274,0,4.585605786000087,600.0,29967,1002162,1.2706696218684934,0.6313277939066306,2.0126939351198874,50.31534688156973
case_072,3,A,7870089,23897828,177263132,177263132,0,599.3102825309998,600.0,13792141,424813274,3.0365384686246877,1.7327134344116697,1.7524758614546798,42.93787309744006
case_073,3,A,4427074,10081626,100065536,15130880,84934656,61.82881328199983,600.0,4427074,100065536,2.277266203365925,2.277266203365925,1.0,0.0
case_074,3,A,548347,1682239,7626752,4571136,3055616,29.4754127340002,600.0,898831,32859058,3.06783660711192,1.8715854259588287,1.6391646165657878,38.993314649806244
case_075,3,A,639599,1441809,8130090,8130090,0,133.6292731069998,600.0,830687,18138906,2.2542389841134836,1.7356826337718056,1.2987621931866684,23.00361026475676
case_076,3,A,2033956,6185113,33654784,33654784,0,60.587164739999935,600.0,4557282,200739880,3.0409276306862094,1.3571933885153475,2.240600091644067,55.36909938862682
case_077,3,A,178739,495320,114688,114688,0,33.77464822499951,600.0,342625,10172734,2.771191513883372,1.445662167092302,1.916901179932751,47.8324699014958
case_078,3,A,763089,2296143,15825792,15825792,0,6.513541450000048,600.0,851439,9396480,3.009010744487209,2.696779217301533,1.1157794176039755,10.376550757012538
case_079,3,A,9939977,31052251,43948032,43456512,491520,149.24910673900013,600.0,17302657,467066880,3.123976141997109,1.7946521739406844,1.7407139875675768,42.552308584745106
case_080,3,A,100325,292138,3047424,3047424,0,2.3533414040002754,600.0,238877,11894784,2.9119162721156244,1.2229641196096737,2.381031647146773,58.00139820912018
case_081,3,A,51943,151795,0,0,0,4.611482053000145,600.0,100112,3487890,2.9223379473653814,1.5162517979862553,1.927343434148971,48.11511107559533
case_082,3,A,355841,721041,8998170,8998170,0,43.20011162499941,600.0,362003,9041306,2.026301072670097,1.9918094601425955,1.0173167229183822,1.7021958381560398
case_083,3,A,414361,1057993,14082240,14082240,0,14.352872664000188,600.0,414361,14082240,2.553312208436605,2.553312208436605,1.0,0.0
case_084,3,A,762658,2507412,30190464,30190464,0,265.49175078200005,600.0,762658,30190464,3.287727919985105,3.287727919985105,1.0,0.0
case_085,3,A,1593477,3187899,43297606,43297606,0,399.0523772010001,600.0,1577744,43140424,2.0005930427612073,2.020542622884321,0.9901266224739986,-0.9971833199809321
case_086,3,A,92319,118403,2656640,2578304,78336,43.98298119299989,600.0,151985,6624310,1.2825420552648967,0.7790439846037438,1.646302494611077,39.25782149554232
case_087,3,A,1483711,3974071,35193224,34995080,198144,752.9736457970002,1800.0,2310050,82567412,2.678467033000362,1.7203398194844268,1.5569406710606042,35.771476807861305
case_088,3,A,146818,243623,1860972,1860972,0,29.164674118999756,600.0,198075,5906234,1.659353757713632,1.2299533005174808,1.3491193177948209,25.877571626909003
case_089,3,A,243614,693092,477440,477440,0,21.03757045600014,600.0,284363,8976640,2.8450417463692563,2.4373494441963266,1.1672687119787861,14.32992337259067
case_090,3,A,397500,1178363,6293760,6293760,0,6.766421320999143,600.0,403096,6368640,2.964435220125786,2.923281302716971,1.0140779874213837,1.3882549070196704
case_091,3,A,3036878,9186769,55158080,54204416,953664,50.6867108360002,600.0,5581278,220769480,3.025070154283445,1.6459973862617128,1.8378341178012418,45.588125156998096
case_092,3,A,1841420,4815554,57842880,57842880,0,177.13180695400024,600.0,1841420,57842880,2.61513071434002,2.61513071434002,1.0,0.0
case_093,3,A,25103,74205,16384,16384,0,1.0504719139998997,600.0,48910,1712128,2.956021192686133,1.5171744019627889,1.9483727044576344,48.675117562870575
case_094,3,A,39889,94892,212544,212544,0,2.8963241390001713,600.0,72003,2891856,2.37890145152799,1.3178895323805953,1.8050841084008122,44.60091940613585
case_095,3,A,695775,2084853,0,0,0,20.753433898000367,600.0,1054168,51448320,2.9964471273040854,1.9777236645392384,1.5150989903345191,33.99771193965289
case_096,3,A,30832,84194,67392,67392,0,6.75600821199987,600.0,57220,1448024,2.7307343020238712,1.4714085983921705,1.8558640373637778,46.11674239776302
case_097,3,A,3577028,11491509,29818880,29818880,0,179.62273300299967,600.0,5615998,176340992,3.2125856996366817,2.0462095962284885,1.5700179031307555,36.30645879859644
case_098,3,A,82660,177430,1602190,1602190,0,9.429387477000091,600.0,98966,2859104,2.146503750302444,1.7928379443445224,1.1972659085410113,16.47636562051614
case_099,3,A,544403,1622999,8798208,3809280,4988928,31.214729003000684,600.0,821961,23170072,2.981245511137889,1.9745450209924802,1.5098392183731537,33.76778216971365
case_100,3,A,57566,151223,534528,534528,0,6.064069315000779,600.0,92200,3085042,2.6269499357259494,1.6401626898047723,1.6016398568599521,37.56399132321041
case_001,4,A,58984,233110,3456,3456,0,2.4029930779999944,600.0,58984,3456,3.952088702020887,3.952088702020887,1.0,0.0
case_002,4,A,76865,261945,82944,82944,0,10.359188688000003,600.0,87733,1216512,3.407857932739218,2.9857066326239843,1.1413907500162623,12.387585059213746
case_003,4,A,287598,602212,6729464,6729464,0,213.48325904700005,600.0,395533,15763728,2.0939366754984388,1.5225328860044547,1.375298159236156,27.28849425964458
case_004,4,A,104188,392357,331776,331776,0,2.773693086999998,600.0,163817,7004160,3.765855952700887,2.395093305334611,1.5723211886205706,36.39976315034459
case_005,4,A,70248,95618,2483610,2483610,0,44.42615013299999,600.0,136918,5844138,1.361149071859697,0.6983596020976058,1.9490661655847854,48.69337851852934
case_006,4,A,27895,82837,664560,664560,0,4.7518683419999945,600.0,41876,1165728,2.9696002867897473,1.9781497755277486,1.5012009320666786,33.38666539306524
case_007,4,A,254398,1012562,82944,82944,0,11.104184862000011,600.0,405394,17095680,3.980227831979811,2.4977232026127667,1.5935424020629092,37.246727874610876
case_008,4,A,123060,487605,0,0,0,5.457261219999964,600.0,248154,12026880,3.962335446123842,1.9649290360018377,2.016528522671867,50.4098261563384
case_009,4,A,81530,153261,928212,928212,0,187.540357787,600.0,166491,3583790,1.879811112473936,0.9205362452024434,2.0420826689562124,51.03038602687232
case_010,4,A,27800,86969,715508,715508,0,4.701024824000115,600.0,42868,1527082,3.128381294964029,2.028762713445927,1.5420143884892086,35.149762060278064
case_011,4,A,46880,184697,540672,540672,0,1.5463799899999913,600.0,122660,5685248,3.9397824232081913,1.505763900211968,2.616467576791809,61.78053155062775
case_012,4,A,17853,59088,21888,21888,0,5.036141570999973,600.0,31774,895774,3.309695849437069,1.8596336627431234,1.7797569036016356,43.81255114244351
case_013,4,A,66982,263949,24576,24576,0,3.6726652790000003,600.0,148606,6045696,3.9405959810098237,1.7761665074088528,2.2185960407273595,54.92644980687187
case_014,4,A,4447779,17698626,75533208,69313032,6220176,543.430107611,600.0,8633798,363522368,3.9792053517047496,2.0499235678203265,1.9411481550679563,48.48409703354191
case_015,4,A,51205,177362,1081932,1081932,0,7.394099122,600.0,91360,3030480,3.463763304364808,1.9413528896672505,1.7842007616443707,43.952495621716295
case_016,4,A,3592965,7715523,119567544,119567544,0,483.63809694500014,600.0,3584149,119567544,2.147397205372165,2.1526791994417644,0.9975463162040265,-0.24597191690411968
case_017,4,A,48848,162810,260352,260352,0,11.416748557000005,600.0,65307,1951032,3.3329921388797903,2.4929946253847213,1.3369431706518178,25.202505091337834
case_018,4,A,258063,1004367,4914944,3755776,1159168,23.53747549000002,600.0,455181,18866960,3.8919449901768175,2.2065222406031886,1.763836737540833,43.30541037521337
case_019,4,A,24099,81144,51744,51744,0,4.046147347999977,600.0,39032,1550448,3.3671106684924688,2.078909612625538,1.6196522677289513,38.25835212133634
case_020,4,A,133704,532746,0,0,0,9.977153071000032,600.0,643948,35110912,3.984518039849219,0.827312143216533,4.816220905881649,79.23683278774062
case_021,4,A,1550324,6567937,4608000,4608000,0,5.573141308000004,600.0,2736956,98979840,4.236493145948847,2.399723269208566,1.765409037078701,43.35590341971154
case_022,4,A,14641,56780,13824,13824,0,7.283181647999982,600.0,49423,1751436,3.8781503995628714,1.1488578192339598,3.375657400450789,70.37614066325395
case_023,4,A,30522,122614,207552,207552,0,3.659751559000142,600.0,64522,2727018,4.0172334709389945,1.9003440686897493,2.1139505930148745,52.69520473636899
case_024,4,A,1189845,2555343,39331488,39331488,0,92.53734833200002,600.0,1186945,39331488,2.1476267917249725,2.152873974784004,0.9975627077476478,-0.24432471597251038
case_025,4,A,1219420,4863026,304128,304128,0,259.9369615190001,600.0,1935036,81945600,3.9879828115005496,2.513144975080567,1.5868494858211282,36.982050979930094
case_026,4,A,41219,99203,217872,217872,0,5.004360875999737,600.0,71488,2857008,2.4067299061112593,1.3876874440465532,1.7343458113976564,42.34137197851388
case_027,4,A,559196,2363952,3317760,3317760,0,2.3401728160001767,600.0,1015000,37920768,4.227412213249022,2.3290167487684728,1.8151059735763488,44.90679802955665
case_028,4,A,10461460,43836040,103033728,103033728,0,546.2975589500002,600.0,10579410,103973760,4.190241132690848,4.143524071758255,1.011274716913318,1.1149014926163159
case_029,4,A,11028,37555,0,0,0,2.601760328000182,600.0,26851,775782,3.405422560754443,1.3986443707869354,2.4348023213638013,58.92890395143571
case_030,4,A,698657,2808034,9418752,9364480,54272,17.689250024000103,600.0,1637742,79578128,4.019188242585417,1.7145765328116394,2.344128807125671,57.340228192230526
case_031,4,A,392550,1414369,14062336,14062336,0,76.4348233400001,600.0,753050,31585074,3.603028913514202,1.8781873713564836,1.9183543497643611,47.871987251842505
case_032,4,A,12763,41443,129188,129188,0,5.964518792999968,600.0,33060,698264,3.2471205829350467,1.25356926799758,2.5903000861866334,61.39443436176648
case_033,4,A,461610,1774196,12826272,12826272,0,33.54501923299995,600.0,882621,42351920,3.8434955915166484,2.0101447846810805,1.9120491323844804,47.70008871304897
case_034,4,A,230925,842996,6690304,6690304,0,27.380825801000128,600.0,497274,22451688,3.6505185666341884,1.6952344180471932,2.1534004546930823,53.56181903739186
case_035,4,A,90516,169571,469248,469248,0,64.92006988100002,600.0,174021,4015864,1.8733815016129745,0.9744283735870958,1.922544080604534,47.98558794628235
case_036,4,A,233584,931510,3456,3456,0,9.061816799999633,600.0,233584,3456,3.987901568600589,3.987901568600589,1.0,0.0
case_037,4,A,53320,210001,614400,614400,0,1.0347832349998498,600.0,137044,6225920,3.938503375843961,1.532361869180701,2.5702175543885972,61.09278771781326
case_038,4,A,345206,1364555,9295872,6514176,2781696,78.49302502,600.0,684297,30072584,3.9528716186856543,1.994097592127395,1.9822859394100913,49.553191085157465
case_039,4,A,392896,1435262,16388096,16031744,356352,61.723235356999965,600.0,999592,49225728,3.6530328636585763,1.4358478259129726,2.5441643590161265,60.69436330022649
case_040,4,A,98759,253454,2075814,2075814,0,28.23748534599963,600.0,190184,6177116,2.5663888860762056,1.3326778277878266,1.925738413714193,48.07186724435284
case_041,4,A,1484401,6003957,26910720,26194944,715776,28.854070304999823,600.0,3163963,134297104,4.044700185462014,1.897606577573758,2.1314745813294387,53.08412266515127
case_042,4,A,435238,1686740,7876896,7769376,107520,35.72477001999994,600.0,827308,35369880,3.8754428611472345,2.038829553201468,1.9008174837675018,47.39105629342397
case_043,4,A,261670,677656,5285512,5251720,33792,299.4957640649999,600.0,473347,19835704,2.5897351626093936,1.431626269945727,1.808946382848626,44.71920176952637
case_044,4,A,78699,154407,2014560,2014560,0,10.593114549000347,600.0,94627,3875360,1.9619944344909084,1.6317435826983842,1.2023913899795422,16.832405127500603
case_045,4,A,31878,125614,0,0,0,2.538401946999784,600.0,143381,7741440,3.940460505677897,0.8760853948570592,4.4978041282389105,77.76692867255774
case_046,4,A,124612,276455,4513952,2791200,1722752,5.71855302799986,600.0,158888,5945120,2.218526305652746,1.739936307335985,1.2750617918017526,21.572428377221687
case_047,4,A,171560,326508,3820950,3820950,0,303.64650095499996,600.0,304325,8778456,1.9031709023082304,1.0728924669350202,1.7738692002797856,43.62605766861086
case_048,4,A,145292,222220,1253562,1253562,0,23.055419595999865,600.0,193892,3187550,1.529471684607549,1.1461019536649268,1.334498802411695,25.06550038165577
case_049,4,A,115314,196276,2743324,2743324,0,68.24441626399994,600.0,168030,5893878,1.702100352082141,1.1681009343569602,1.4571517768874551,31.372969112658456
case_050,4,A,74902,149690,1219726,1219726,0,34.18388089100017,600.0,148721,4850952,1.998478011268057,1.0065155559739378,1.9855411070465407,49.63589540145642
case_051,4,A,282785,607628,9046310,9046310,0,7.720960289999994,600.0,282118,9046310,2.148727832098591,2.1538079810575717,0.997641317608784,-0.2364258927115559
case_052,4,A,50125,180301,259584,259584,0,5.804776996999863,600.0,92046,3346560,3.5970274314214463,1.9588140712252569,1.8363291770573567,45.54353258153532
case_053,4,A,492232,1472686,6360992,2069504,4291488,442.5807690790002,600.0,666488,23837686,2.991853434965626,2.2096211784758317,1.354011929334135,26.145406969067707
case_054,4,A,331031,815051,6850874,6515514,335360,295.04601848899983,600.0,488561,19866114,2.4621591331325465,1.6682686501787904,1.4758768816213588,32.243670698234205
case_055,4,A,31823,118835,115712,115712,0,5.750681904999965,600.0,65332,1709116,3.7342488137510608,1.8189401824527032,2.0529805486597743,51.2903324557644
case_056,4,A,166455,277285,2922520,2922520,0,109.69328365000001,600.0,231227,8686286,1.6658255985101078,1.199189541013809,1.3891261902616323,28.012299601690117
case_057,4,A,16879,59726,70272,70272,0,3.616080425000291,600.0,33350,1126768,3.5384797677587536,1.7908845577211394,1.9758279518928847,49.38830584707647
case_058,4,A,1184895,4539717,45551616,40955904,4595712,330.13006287300004,600.0,3357647,175988736,3.8313242945577457,1.3520530895594445,2.8337084720587056,64.71055474265162
case_059,4,A,185216,829473,1081344,1081344,0,3.179764788999819,600.0,470268,22380544,4.478408992743607,1.7638304115950905,2.5390247062888736,60.61479837029098
case_060,4,A,232466,888789,8150032,8141840,8192,47.93370993100007,600.0,638285,29089148,3.823307494429293,1.3924641813609908,2.7457133516299157,63.57959218844247
case_061,4,A,27170,77191,62208,62208,0,7.0262070260000655,600.0,42233,1314132,2.841037909458962,1.8277413397106528,1.5543982333456017,35.66642199228092
case_062,4,A,764940,2854809,897024,897024,0,440.5207058340002,600.0,889045,13393920,3.732069181896619,3.211096176234049,1.1622414829921301,13.959360887244177
case_063,4,A,290167,1070397,337920,337920,0,121.3299733179997,600.0,335562,5013504,3.688899840436714,3.189863572156561,1.1564443923671541,13.528051448018552
case_064,4,A,16312,19116,131982,131982,0,8.587698170999829,600.0,43113,510928,1.1718979892103973,0.4433929441235822,2.6430235409514466,62.16454433697493
case_065,4,A,14288,53068,41760,41760,0,3.252758785000424,600.0,32957,1007686,3.7141657334826426,1.6102193767636617,2.306620940649496,56.64653943016658
case_066,4,A,167785,359070,2890070,2890070,0,65.596779728,600.0,247197,8701244,2.1400601960842747,1.4525661719195622,1.4732961826146556,32.12498533558256
case_067,4,A,16545997,63834834,282468608,282468608,0,141.59517182199988,600.0,18227984,225219712,3.8580228196584345,3.5020238113002513,1.1016552221059874,9.227498773314702
case_068,4,A,197091,362095,2598030,2598030,0,62.764961759000016,600.0,309689,9100084,1.8371970308131778,1.1692213801588045,1.5712995519836015,36.358411180248574
case_069,4,A,18866,25144,532364,532364,0,7.567998806000105,600.0,35556,1431350,1.3327679423301177,0.7071661604229947,1.8846602353440052,46.940038249521876
case_070,4,A,34658,117300,360960,360960,0,5.196678852999867,600.0,70924,2008100,3.384499971146633,1.653883029721956,2.046396214438225,51.133607805538325
case_071,4,A,14434,18919,375274,375274,0,5.120177943000272,600.0,32739,1079624,1.3107246778439794,0.5778734842237088,2.2681862269641124,55.91190934359632
case_072,4,A,5945430,23897828,177263132,177263132,0,520.7212464089994,600.0,10762785,451854810,4.019528949125631,2.220413025067397,1.8102618313561845,44.75937222568322
case_073,4,A,3646155,10081626,144435968,144435968,0,60.99218894700016,600.0,3710012,101427840,2.7650020363917607,2.7174106175397816,1.0175135176644987,1.7212073707578268
case_074,4,A,415984,1682239,7790592,7602176,188416,22.331253325000034,600.0,789483,29410250,4.04399928843417,2.130810923097774,1.8978686680256933,47.30931508341535
case_075,4,A,552334,1441809,8130090,8130090,0,159.64450960799968,600.0,635704,18917656,2.6103933489519022,2.268050853856512,1.1509412782845163,13.114594213659192
case_076,4,A,1526939,6185113,33742848,33742848,0,69.49850088799985,600.0,4093798,202406952,4.050661486804646,1.5108495827102364,2.6810488172742986,62.701164053526824
case_077,4,A,144734,495320,172032,172032,0,42.06796671700067,600.0,313449,10380560,3.4222781101883455,1.580225172197072,2.1656901626431937,53.82534319777699
case_078,4,A,619540,2296143,15039360,15039360,0,5.7193197749998035,600.0,696248,11360640,3.706206217516222,3.2978809274856085,1.1238144429738193,11.017338649446751
case_079,4,A,7495240,31052251,44257280,37982208,6275072,23.956501398,600.0,14120680,479285248,4.142929512597329,2.1990620140106567,1.8839530155138462,46.920119994221245
case_080,4,A,100325,292138,3047424,3047424,0,3.137691828000243,600.0,258210,13037568,2.9119162721156244,1.1313969249835405,2.573735360079741,61.145966461407376
case_081,4,A,39588,151795,0,0,0,7.603521195000212,600.0,97739,3328486,3.834369000707285,1.5530647950152958,2.4689047186015967,59.49620929209425
case_082,4,A,311867,721041,9580494,9580494,0,56.87896128899956,600.0,311221,9735694,2.3120144164018637,2.316813454104961,0.9979286041806282,-0.20756954061582622
case_083,4,A,390026,1057993,15012640,15012640,0,20.083646101999875,600.0,390026,15012640,2.712621722654387,2.712621722654387,1.0,0.0
case_084,4,A,629028,2507412,0,0,0,110.50571205300002,600.0,733288,30190464,3.986169137144928,3.419409563500289,1.1657477886516976,14.218151667557633
case_085,4,A,1291419,3187899,42980512,42980512,0,465.8099268189999,600.0,1294738,43563554,2.4685241583095805,2.4621962126700536,1.0025700411717653,0.25634529920338656
case_086,4,A,84701,118403,3103172,3083204,19968,57.328472719000274,600.0,154131,7058250,1.3978937674879872,0.7681971829158314,1.8197069692211425,45.0460971511247
case_087,4,A,1204070,3974071,35193224,34995080,198144,910.730925964,1800.0,2099530,95154956,3.3005315305588545,1.8928383971650797,1.7436943034873387,42.65049796859297
case_088,4,A,131635,243623,1860972,1860972,0,30.93747208199966,600.0,217173,6627988,1.8507463820412504,1.1217923038315076,1.649811980096479,39.38703245799432
case_089,4,A,178160,693092,716160,716160,0,14.479813925000599,600.0,258856,8908160,3.8902784014369107,2.6775195475476714,1.4529411764705882,31.174089068825918
case_090,4,A,346678,1178363,8442240,8442240,0,8.913770150000346,600.0,364404,8517120,3.3990129168854093,3.23367196847455,1.0511310207166304,4.8643812910944995
case_091,4,A,2288314,9186769,59109376,59054080,55296,60.254726971999844,600.0,4950992,225641356,4.014645280324292,1.8555410713650922,2.16359817752284,53.780696878524545
case_092,4,A,1465901,4815554,58773280,58773280,0,222.3800127830009,600.0,1465901,58773280,3.2850472166947156,3.2850472166947156,1.0,0.0
case_093,4,A,19779,74205,24576,24576,0,1.9706844249994901,600.0,43153,1695744,3.751706355225239,1.719579171784117,2.1817584306587796,54.16541144300513
case_094,4,A,27461,94892,318816,318816,0,3.059267082999213,600.0,69682,2904432,3.4555187356614834,1.3617864010791882,2.5374895306070426,60.59097040842685
case_095,4,A,524422,2084853,0,0,0,17.715250085000662,600.0,1053546,51448320,3.9755254356224565,1.9788912871388624,2.0089660616831484,50.22315114859721
case_096,4,A,26980,84194,719180,719180,0,6.911466575999839,600.0,49977,1556830,3.1206078576723497,1.6846549412729857,1.8523721275018532,46.01516697680933
case_097,4,A,2626908,11491509,14221312,7667712,6553600,13.121482349999496,600.0,5005148,160432128,4.37453805005733,2.295937902335755,1.9053381389831696,47.51587765236912
case_098,4,A,69258,177430,1602190,1602190,0,10.166020645000572,600.0,90381,2789500,2.5618701088682894,1.9631338445027162,1.3049900372520142,23.371062502074547
case_099,4,A,405655,1622999,9764864,5652480,4112384,25.430069903000003,600.0,710488,29875224,4.000934291454561,2.284344000180158,1.7514587518950833,42.904735899832225
case_100,4,A,57566,151223,534528,534528,0,9.20504739899934,600.0,85822,3149854,2.6269499357259494,1.7620540187830627,1.4908452906229372,32.923958891659474
case_001,5,A,47502,233110,4608,4608,0,2.227580525999997,600.0,47502,4608,4.9073723211654245,4.9073723211654245,1.0,0.0
case_002,5,A,58180,261945,82944,82944,0,12.080887516000018,600.0,75422,1216512,4.502320385012031,3.4730582588634618,1.296356136129254,22.86070377343481
case_003,5,A,276507,602212,6729464,6729464,0,341.318034483,600.0,407424,16859718,2.177926779430539,1.4780965284322967,1.47346721782812,32.132864043355326
case_004,5,A,88341,392357,442368,442368,0,3.510504123000004,600.0,155893,7262208,4.441391879195391,2.516835265213961,1.764673254774114,43.332285606152944
case_005,5,A,69060,95618,2483610,2483610,0,45.38264219299998,600.0,137915,5833406,1.3845641471184478,0.6933110974150745,1.9970315667535476,49.9256788601675
case_006,5,A,27679,82837,664560,664560,0,5.2176102789999845,600.0,40560,1268902,2.9927743054301095,2.0423323471400394,1.4653708587737997,31.75788954635108
case_007,5,A,203834,1012562,110592,110592,0,11.56179379400001,600.0,364772,17160192,4.967581463347626,2.7758764378844867,1.7895542451210298,44.120162731788625
case_008,5,A,100603,487605,0,0,0,4.347321332000092,600.0,247038,12026880,4.846823653370178,1.973805649333301,2.455572895440494,59.276305669573105
case_009,5,A,73571,153261,928212,928212,0,66.30924704300003,600.0,164774,3797684,2.083171358279757,0.9301285396967969,2.2396596485028066,55.35035867309163
case_010,5,A,24563,86969,715508,715508,0,6.478560596000079,600.0,41860,1588140,3.540650571998534,2.077615862398471,1.7041892277001995,41.32107023411371
case_011,5,A,46880,184697,540672,540672,0,4.5304742980000015,600.0,132203,7127040,3.9397824232081913,1.3970711708508885,2.8200298634812286,64.53938261612822
case_012,5,A,14212,59088,31104,31104,0,6.339592578999998,600.0,30894,887794,4.157613284548269,1.9126043892017868,2.1737967914438503,53.997539975399754
case_013,5,A,54363,263949,32768,32768,0,5.347515056999981,600.0,149085,6078464,4.855305998565201,1.770459804809337,2.742398322388389,63.53556695844652
case_014,5,A,3614837,17698626,81189384,70872240,10317144,567.2602141090001,600.0,7655127,349232792,4.896106242134846,2.311996391438052,2.117696316597401,52.7788761701798
case_015,5,A,42955,177362,342528,317952,24576,7.227364031999997,600.0,93905,3343370,4.129018740542428,1.8887386188168893,2.1861250145501105,54.25696182311911
case_016,5,A,3306411,7715523,119568152,119568152,0,495.0816172289999,600.0,3401118,119568152,2.333503911038283,2.2685255260182093,1.02864344450826,2.784584363141762
case_017,5,A,35470,162810,343296,343296,0,10.111950726000003,600.0,60571,2163296,4.590076120665351,2.687919961697842,1.7076684522131378,41.440623400637264
case_018,5,A,202636,1004367,5136384,4894720,241664,17.39162675700001,600.0,413838,19133968,4.956508221638801,2.4269569251736187,2.042272843917172,51.03494604168781
case_019,5,A,22228,81144,608920,608920,0,6.1960507879999795,600.0,36322,1538704,3.650530861975886,2.2340179505533837,1.6340651430628037,38.80292935411046
case_020,5,A,107650,532746,0,0,0,10.210805100000016,600.0,651221,36098048,4.948871342313051,0.8180725130178541,6.049428704133767,83.4695134217109
case_021,5,A,1250168,6567937,11431936,9420800,2011136,14.007405367000018,600.0,2427733,94371840,5.253643510312214,2.7053786392490444,1.9419254052255377,48.5047161281739
case_022,5,A,11813,56780,6912,6912,0,6.276148691000003,600.0,49578,1808300,4.8065690341149585,1.1452660454233732,4.19690171844578,76.17289926983743
case_023,5,A,24965,122614,197472,197472,0,5.153727487999731,600.0,63907,2877294,4.9114360104145804,1.9186317617788349,2.5598638093330663,60.935421784781006
case_024,5,A,1095663,2555343,39331688,39331688,0,79.25937773299995,600.0,1127334,39331688,2.332234455302406,2.2667133254208602,1.0289057858118782,2.809371490614143
case_025,5,A,975282,4863026,110592,110592,0,158.76929782499997,600.0,1740494,82010112,4.986276789687495,2.7940492756654147,1.7846058883481906,43.96521906998817
case_026,5,A,41219,99203,217872,217872,0,5.718936518999726,600.0,72399,2879560,2.4067299061112593,1.3702261080954157,1.7564472694631117,43.06689318913245
case_027,5,A,558753,2363952,5529600,5529600,0,16.68313080500002,600.0,884331,34603008,4.230763861670542,2.6731529257710065,1.582686804366151,36.816305206986975
case_028,5,A,8605530,43836040,105408000,105408000,0,424.7833509269997,600.0,8554086,106122240,5.093938432612518,5.124573215653899,0.9940219835384921,-0.6013968061578945
case_029,5,A,9383,37555,0,0,0,2.9759600990000763,600.0,29527,947824,4.002451241607162,1.2718867477224236,3.1468613449856124,68.22230500897484
case_030,5,A,560814,2808034,10398720,10207232,191488,19.539536146000046,600.0,1547389,83759120,5.00706829715378,1.814691716174795,2.759183971869461,63.7574003692672
case_031,5,A,306307,1414369,8059392,6248448,1810944,129.76435044499976,600.0,719008,36772202,4.617488336864649,1.9671116315812898,2.3473443310143094,57.39866593973919
case_032,5,A,10415,41443,12360,12360,0,4.629428491999988,600.0,31634,710504,3.9791646663466156,1.3100777644306758,3.0373499759961593,67.07656319150281
case_033,5,A,373638,1774196,7816320,6509184,1307136,50.46273931899998,600.0,843196,42598736,4.748435651620017,2.104132372544462,2.2567190703301057,55.68788276984235
case_034,5,A,184639,842996,3581952,3532800,49152,33.270188958999825,600.0,518392,23344136,4.565644311331842,1.6261747866479421,2.807597528149524,64.38235929566815
case_035,5,A,82052,169571,1007048,1007048,0,69.39601722900034,600.0,172052,3993456,2.0666284795008045,0.9855799409480854,2.0968654024277287,52.30976681468393
case_036,5,A,187182,931510,4608,4608,0,6.984640328000296,600.0,187182,4608,4.976493466252097,4.976493466252097,1.0,0.0
case_037,5,A,43800,210001,1925120,1925120,0,2.195602011000119,600.0,128591,6225920,4.794543378995434,1.6330925181389055,2.9358675799086758,65.93851824777784
case_038,5,A,283932,1364555,9667584,8558592,1108992,98.04365849500027,600.0,630058,28735752,4.805921840440669,2.165760929946132,2.219045405237874,54.93557735954469
case_039,5,A,395297,1435262,16388096,16031744,356352,59.89920970900005,600.0,1145329,62447616,3.6308446560434304,1.2531438564814128,2.8973885458275674,65.48616161819005
case_040,5,A,93219,253454,2075814,2075814,0,17.455527638999683,600.0,186949,6485840,2.7189092352417426,1.355738730883824,2.005481715100999,50.13666828921257
case_041,5,A,1192525,6003957,28502016,27494400,1007616,33.530244523999954,600.0,2927817,138465824,5.034659231462653,2.050659928540616,2.4551409823693424,59.26914147981244
case_042,5,A,363428,1686740,8598528,8438784,159744,36.4595327159999,600.0,761880,33194048,4.641194404393717,2.213918202341576,2.0963712207094667,52.298524702052816
case_043,5,A,232286,677656,5285512,5251720,33792,325.5659506499999,600.0,464416,19067098,2.9173346650250123,1.4591573072417832,1.9993284141101917,49.983204713015915
case_044,5,A,78699,154407,2014560,2014560,0,12.375604422000379,600.0,106889,4805760,1.9619944344909084,1.444554631440092,1.35820023126088,26.373153458260433
case_045,5,A,26164,125614,0,0,0,4.882176128999845,600.0,156076,8515584,4.801024308209754,0.8048258540710935,5.965295826326249,83.23637202388579
case_046,5,A,124612,276455,4513952,2791200,1722752,5.697791808000147,600.0,158369,6875520,2.218526305652746,1.7456383509398936,1.2708968638654383,21.315408949983894
case_047,5,A,158050,326508,3820950,3820950,0,251.26080087900004,600.0,315407,9470618,2.065852578298007,1.0351957946399415,1.99561531161025,49.890141943584
case_048,5,A,145490,222220,1253562,1253562,0,26.778038541000114,600.0,198228,3285108,1.5273901986390817,1.1210323465907945,1.3624853941851673,26.60471779970539
case_049,5,A,108297,196276,2743324,2743324,0,52.07457088599995,600.0,162054,6037492,1.8123863080233062,1.2111765214064447,1.4963849414111194,33.172275908030656
case_050,5,A,70368,149690,1219726,1219726,0,39.73982975200033,600.0,144578,4920098,2.127245338790359,1.035358076609166,2.0545986812187356,51.32869454550485
case_051,5,A,261214,607628,9046356,9046356,0,8.430029225999988,600.0,269092,9046356,2.32616934773787,2.258067872697813,1.030159179829565,2.9276232663921653
case_052,5,A,43641,180301,854016,854016,0,5.8896443379999255,600.0,87862,3525128,4.131458949153319,2.0520930550180965,2.0132902545771176,50.33006305342469
case_053,5,A,492699,1472686,6918912,3104256,3814656,450.6693477650001,600.0,617852,25209490,2.9890176355137723,2.383557874701385,1.2540151289123787,20.256145484679177
case_054,5,A,298043,815051,6850874,6515514,335360,357.1498395430003,600.0,487887,20559566,2.7346758689182433,1.6705733089834327,1.636968491123764,38.911469254151065
case_055,5,A,26800,118835,198656,198656,0,7.058891563000088,600.0,58208,1723466,4.434141791044776,2.041557861462342,2.1719402985074625,53.9582188015393
case_056,5,A,157566,277285,2922520,2922520,0,108.87536346800016,600.0,240972,9049848,1.7598022416003452,1.1506938565476488,1.5293400860591753,34.612320103580494
case_057,5,A,14055,59726,70272,70272,0,4.672806448999836,600.0,31915,1056864,4.249448594806119,1.8714084286385713,2.270722162931341,55.96114679617734
case_058,5,A,1004819,4539717,32104448,18382848,13721600,125.01487502999998,600.0,3214518,163872768,4.517945022934478,1.4122543410862842,3.1991015297282397,68.74122341203254
case_059,5,A,150782,829473,4325376,4325376,0,4.141185159999623,600.0,475172,26345472,5.501140719714555,1.7456268466997213,3.151384117467602,68.2679114089214
case_060,5,A,185331,888789,3641728,3441024,200704,70.55643761200008,600.0,606554,27880616,4.79568447804199,1.4653089419903256,3.2728145857951447,69.44525961414811
case_061,5,A,22059,77191,382558,382558,0,6.248576621000211,600.0,39755,1343852,3.4992973389546216,1.9416677147528614,1.802212248968675,44.51263991950698
case_062,5,A,619333,2854809,897024,897024,0,470.648114738,600.0,746374,13393920,4.609489563772639,3.824904136532087,1.2051255140610948,17.0210913027517
case_063,5,A,237375,1070397,337920,337920,0,92.28078647600023,600.0,282142,5013504,4.509308056872038,3.79382367743902,1.1885918904686676,15.866833013163584
case_064,5,A,15899,19116,131982,131982,0,10.333754826000131,600.0,44562,500216,1.2023397697968425,0.42897536017234417,2.802817787282219,64.32161931690679
case_065,5,A,11235,53068,55728,55728,0,4.0020128959999965,600.0,30213,984644,4.723453493546952,1.756462449938768,2.6891855807743656,62.814020454771125
case_066,5,A,159869,359070,2890070,2890070,0,73.6983140010002,600.0,236268,8987604,2.2460264341429546,1.5197572248463609,1.4778850183587813,32.33573738297187
case_067,5,A,13961132,63834834,298754304,298754304,0,142.71401230000038,600.0,15401087,226582016,4.572325080802903,4.144826530750719,1.1031402754447133,9.349697199944396
case_068,5,A,189541,362095,2598030,2598030,0,72.05015589599998,600.0,293664,9210300,1.9103782295123481,1.2330248174784788,1.5493428862356957,35.45650811812139
case_069,5,A,19032,25144,532364,532364,0,8.881498154999917,600.0,39721,1525456,1.3211433375367803,0.6330152815890838,2.087063892391761,52.08579844414793
case_070,5,A,28840,117300,462848,462848,0,6.642828145000294,600.0,69784,2235954,4.067267683772538,1.6809010661469679,2.4196948682385577,58.67247506591768
case_071,5,A,14220,18919,375274,375274,0,6.133444192999832,600.0,33699,1109998,1.330450070323488,0.5614113178432595,2.369831223628692,57.80290216326893
case_072,5,A,4779968,23897828,177263132,177263132,0,531.9478267140003,600.0,9782367,416710602,4.9995790766800114,2.4429494415819812,2.046533993533011,51.13689764450668
case_073,5,A,3315864,10081626,102790144,22574080,80216064,67.02830263099986,600.0,3315864,102790144,3.0404220438473955,3.0404220438473955,1.0,0.0
case_074,5,A,345470,1682239,8392712,7118848,1273864,28.1947316159999,600.0,734080,34726882,4.869421367991432,2.2916289777680907,2.12487336092859,52.93837183958152
case_075,5,A,506598,1441809,8130090,8130090,0,173.92211429599956,600.0,647698,20296378,2.8460613741072804,2.2260513387412035,1.2785245895167372,21.784844171203243
case_076,5,A,1230399,6185113,35696640,35696640,0,73.59865189599986,600.0,3801575,209366056,5.026916471811177,1.6269869725048172,3.089709110621839,67.63449359804818
case_077,5,A,121081,495320,172032,172032,0,60.984970321999754,600.0,317333,10579468,4.090815239385205,1.5608839925252023,2.620832335378796,61.844182609435514
case_078,5,A,536429,2296143,15825792,15825792,0,8.238690018999932,600.0,650834,13693440,4.28042294506822,3.528000995645587,1.2132714674262577,17.578215028717004
case_079,5,A,5998948,31052251,45352960,41293824,4059136,34.84411866800019,600.0,12266896,499802112,5.176282741574022,2.5313861795192523,2.0448411954896093,51.09644689251462
case_080,5,A,100325,292138,3047424,3047424,0,3.5923619660006807,600.0,263790,13418496,2.9119162721156244,1.1074642708214868,2.6293545975579367,61.967853216573786
case_081,5,A,30943,151795,0,0,0,3.8813467259997196,600.0,94969,3201544,4.905632937982743,1.5983636765681433,3.0691594221633327,67.41778896271416
case_082,5,A,290998,721041,10097280,10097280,0,71.03060816400011,600.0,303352,10549892,2.477821153409989,2.37691197025238,1.0424539000268043,4.0724966375695555
case_083,5,A,370632,1057993,15943040,15943040,0,26.135146977000204,600.0,370632,15943040,2.8545646355414536,2.8545646355414536,1.0,0.0
case_084,5,A,503472,2507412,0,0,0,141.7786024400002,600.0,732760,30190464,4.98024120507198,3.4218734647087725,1.455413607906696,31.291009334570663
case_085,5,A,1216812,3187899,46542906,46542906,0,510.63309438600027,600.0,1246384,47239804,2.6198780090926124,2.5577181671138267,1.02430285039924,2.3726235253340833
case_086,5,A,83340,118403,3103172,3083204,19968,53.1700759549999,600.0,168497,7586654,1.420722342212623,0.7027009382956373,2.0218022558195345,50.53917873908734
case_087,5,A,1038529,3974071,35193224,34995080,198144,1036.11330615,1800.0,1976640,88196756,3.8266345956636743,2.0105183543791485,1.90330746661865,47.45988141492634
case_088,5,A,127073,243623,1860972,1860972,0,37.14560010100013,600.0,204669,6653344,1.9171893321161853,1.1903268203782693,1.6106411275408623,37.912922816840855
case_089,5,A,147432,693092,954880,954880,0,14.213125131999732,600.0,236496,9146880,4.701096098540344,2.930671131858467,1.6041022301806935,37.659833570123816
case_090,5,A,346678,1178363,8442240,8442240,0,11.963713326000288,600.0,346121,10665600,3.3990129168854093,3.4044828253703185,0.9983933217567887,-0.16092638123661462
case_091,5,A,1857417,9186769,61130752,60434944,695808,432.2798303089994,600.0,4506807,231222476,4.9459916647688695,2.038420771069185,2.426384059153114,58.78640909184707
case_092,5,A,1384732,4815554,59703680,59703680,0,377.42559989799975,600.0,1384732,59703680,3.4776072193030854,3.4776072193030854,1.0,0.0
case_093,5,A,15876,74205,32768,32768,0,2.0994211339993853,600.0,43639,1728512,4.674036281179139,1.7004285157771717,2.748740236835475,63.61969797658058
case_094,5,A,23564,94892,259200,259200,0,2.7420727500002613,600.0,69043,3108208,4.026990324223392,1.3743898729777095,2.9300203700560177,65.87054444331793
case_095,5,A,420852,2084853,0,0,0,23.42819761100054,600.0,1053474,51448320,4.953886401870491,1.9790265350639882,2.5031935217130963,60.05103115976284
case_096,5,A,26930,84194,661824,661824,0,8.000909881000553,600.0,49353,1528036,3.126401782398812,1.7059550584564263,1.8326401782398811,45.433914858265965
case_097,5,A,2102348,11491509,21311488,17039360,4272128,31.756096125000113,600.0,4202408,181043200,5.466035594487687,2.734505788110055,1.9989116930213267,49.97277751232151
case_098,5,A,64165,177430,2065850,2065850,0,10.777692288999788,600.0,87075,2900106,2.7652146809008027,2.0376686764283662,1.3570482350190913,26.310651737008328
case_099,5,A,336496,1622999,9703424,9461760,241664,49.208812615999705,600.0,616037,23505944,4.823234154343588,2.63458039046356,1.830740930055632,45.37730688254115
case_100,5,A,51287,151223,1877578,1877578,0,6.992603702999986,600.0,81140,3188030,2.9485639635775147,1.8637293566674884,1.5820773295376995,36.791964505792464
case_001,1,B,233110,233110,0,0,0,1.5972006399999827,600.0,233110,0,1.0,1.0,1.0,0.0
case_002,1,B,261945,261945,0,0,0,4.644907420999971,600.0,270245,402432,1.0,0.9692871283465004,1.0316860409627975,3.0712871653499563
case_003,1,B,548159,602212,24576,0,24576,50.10920155500003,600.0,591726,0,1.098608250525851,1.0177210398055856,1.0794787643731107,7.36269827589121
case_004,1,B,392357,392357,0,0,0,1.9146284039999841,600.0,469341,4580352,1.0,0.835974270306664,1.1962090647038284,16.402572969333594
case_005,1,B,83323,95618,0,0,0,11.12683214399999,600.0,92369,0,1.1475582972288563,1.035174138509673,1.1085654621173024,9.793328930701861
case_006,1,B,76373,82837,166044,0,166044,3.91171534099999,600.0,82034,55340,1.0846372409097456,1.0097886242289782,1.0741230539588598,6.900797230416655
case_007,1,B,1012562,1012562,0,0,0,24.33083044099999,600.0,1371060,14163456,1.0,0.7385249369101279,1.3540504186410314,26.14750630898721
case_008,1,B,487605,487605,0,0,0,5.294839676000038,600.0,489877,11410176,1.0,0.9953621010988473,1.0046595092339086,0.4637898901152737
case_009,1,B,147061,153261,327048,0,327048,27.38968808100003,600.0,147522,218758,1.0421593760412347,1.038902672143816,1.0031347536056467,0.3124957633437675
case_010,1,B,86057,86969,63892,0,63892,3.4541043039999977,600.0,86057,63892,1.0105976271540955,1.0105976271540955,1.0,0.0
case_011,1,B,184697,184697,0,0,0,1.6549738479999974,600.0,209814,1933312,1.0,0.8802892085370853,1.1359902976225926,11.971079146291475
case_012,1,B,51532,59088,0,0,0,3.9508205149999753,600.0,62965,6144,1.1466273383528682,0.9384261097435083,1.22186214391058,18.157706662431504
case_013,1,B,263949,263949,0,0,0,5.605724365000015,600.0,384032,3973120,1.0,0.6873099116740272,1.454947736115689,31.26900883259728
case_014,1,B,17698626,17698626,71010720,0,71010720,207.46027073799996,600.0,22720207,382815744,1.0,0.7789817231858847,1.2837271661653282,22.101827681411535
case_015,1,B,158311,177362,873464,0,873464,5.065575276000004,600.0,197059,890300,1.12033907940699,0.900045164138659,1.2447587343899034,19.663146570316503
case_016,1,B,7715523,7715523,0,0,0,47.426877728999955,600.0,7715523,0,1.0,1.0,1.0,0.0
case_017,1,B,155189,162810,0,0,0,5.281574057,600.0,168284,319492,1.0491078620263035,0.9674716550593045,1.0843809806107392,7.781488436214968
case_018,1,B,1004367,1004367,1970176,0,1970176,13.81777186200003,600.0,1087133,9632384,1.0,0.9238676408498316,1.0824061324197232,7.613235915016836
case_019,1,B,74026,81144,315392,0,315392,3.3019465179999656,600.0,84010,285708,1.0961554048577526,0.9658850136888466,1.134871531624024,11.88429948815617
case_020,1,B,532746,532746,0,0,0,17.54725582399999,600.0,847733,30552064,1.0,0.6284360759814706,1.591251740979754,37.15639240185295
case_021,1,B,6567937,6567937,4501504,0,4501504,24.836013135999963,600.0,8373891,93229056,1.0,0.7843351436028962,1.2749651831313242,21.566485639710375
case_022,1,B,56750,56780,0,0,0,5.353231657000038,600.0,58388,609008,1.0005286343612334,0.972460094539974,1.028863436123348,2.8053709666369775
case_023,1,B,109495,122614,1100056,0,1100056,5.651870357000007,600.0,130624,1059892,1.1198136901228366,0.9386789563939245,1.1929677154207954,16.175434835864777
case_024,1,B,2555343,2555343,0,0,0,9.63533410499997,600.0,2555343,0,1.0,1.0,1.0,0.0
case_025,1,B,4863026,4863026,0,0,0,212.48697659799996,600.0,6770998,75770880,1.0,0.7182140653416232,1.3923425455673073,28.178593465837675
case_026,1,B,90235,99203,0,0,0,3.1437056099999836,600.0,108551,590104,1.0993849393250956,0.9138837965564574,1.2029811048927799,16.87317482105185
case_027,1,B,2363952,2363952,1400832,0,1400832,7.559208421999983,600.0,2601637,18362368,1.0,0.9086402138345973,1.1005456117552301,9.135978616540275
case_028,1,B,41576363,43836040,62779392,0,62779392,167.74160285800002,600.0,41576363,62779392,1.054350040189903,1.054350040189903,1.0,0.0
case_029,1,B,37555,37555,0,0,0,1.9964885089999598,600.0,39030,143360,1.0,0.9622085575198566,1.0392757289309014,3.7791442480143433
case_030,1,B,2808034,2808034,5519360,0,5519360,41.356003137000016,600.0,3983238,78480384,1.0,0.7049626459679286,1.418514875532134,29.503735403207145
case_031,1,B,1412792,1414369,2251776,0,2251776,37.15557380200005,600.0,1772640,25572354,1.0011162294237226,0.7978884601498331,1.2547069915458184,20.300117339110024
case_032,1,B,34524,41443,0,0,0,2.9362263980000307,600.0,40430,0,1.2004113080755416,1.0250556517437546,1.1710694009964082,14.607964382883997
case_033,1,B,1774196,1774196,4592640,0,4592640,12.043095538999978,600.0,2214967,33458712,1.0,0.8010033558062039,1.248434220345441,19.899664419379615
case_034,1,B,825894,842996,0,0,0,21.719675983000002,600.0,1068772,15565320,1.0207072578321188,0.7887519508370354,1.2940789011664935,22.72495911195278
case_035,1,B,162870,169571,0,0,0,13.826591474999987,600.0,164853,0,1.0411432430773009,1.0286194367102812,1.0121753545772703,1.2028898473185223
case_036,1,B,931510,931510,0,0,0,7.184118821999959,600.0,931510,0,1.0,1.0,1.0,0.0
case_037,1,B,210001,210001,0,0,0,2.311844659999906,600.0,272803,3178496,1.0,0.7697899216650843,1.2990557187822915,23.02100783349157
case_038,1,B,1364555,1364555,5627904,0,5627904,20.58850050400008,600.0,1706635,26422272,1.0,0.799558780875817,1.2506897853146264,20.0441219124183
case_039,1,B,1435262,1435262,7929856,0,7929856,44.62979381600002,600.0,2145158,44441600,1.0,0.6690705300029182,1.494610740060003,33.09294699970818
case_040,1,B,236131,253454,0,0,0,12.129411890000029,600.0,251197,80788,1.0733618203454862,1.0089849799161614,1.063803566664267,5.997683093349049
case_041,1,B,6003957,6003957,30898176,0,30898176,88.02677417799987,600.0,7993139,142234624,1.0,0.751138820430872,1.3313118331793516,24.886117956912802
case_042,1,B,1686740,1686740,6629376,0,6629376,33.665033182,600.0,1860101,22924288,1.0,0.9068002221384753,1.102778732940465,9.319977786152467
case_043,1,B,644058,677656,2867036,0,2867036,54.80741629600004,600.0,644058,2867036,1.0521661092634513,1.0521661092634513,1.0,0.0
case_044,1,B,78274,154407,0,0,0,5.133789256,600.0,78274,0,1.9726473669417686,1.9726473669417686,1.0,0.0
case_045,1,B,125614,125614,0,0,0,3.1164580930000056,600.0,185646,6213632,1.0,0.6766318692565421,1.4779085133822663,32.33681307434579
case_046,1,B,216726,276455,0,0,0,4.417663435999998,600.0,216726,0,1.275596836558604,1.275596836558604,1.0,0.0
case_047,1,B,291280,326508,0,0,0,32.33271629400008,600.0,307671,0,1.1209420488876682,1.0612244897959184,1.0562723152979951,5.327443925491837
case_048,1,B,198369,222220,0,0,0,4.567823561999944,600.0,200385,0,1.1202355206710726,1.1089652419093246,1.0101628782723107,1.0060633280934206
case_049,1,B,181681,196276,27658,0,27658,16.882764082999984,600.0,183488,0,1.0803331113325003,1.069693930938263,1.0099460042602144,0.9848055458667626
case_050,1,B,142450,149690,702996,0,702996,20.614191121999966,600.0,142787,372270,1.0508248508248508,1.0483447372659975,1.0023657423657424,0.23601588379894567
case_051,1,B,607628,607628,0,0,0,1.9282040719999713,600.0,607628,0,1.0,1.0,1.0,0.0
case_052,1,B,175278,180301,0,0,0,4.275253012000007,600.0,199152,567104,1.0286573329225572,0.90534365710613,1.136206483414918,11.987828392383705
case_053,1,B,1341846,1472686,855054,0,855054,50.292389676999846,600.0,1374908,867342,1.0975074635986544,1.0711160310362584,1.024639191084521,2.404669985191732
case_054,1,B,815051,815051,0,0,0,60.089826097000014,600.0,851141,3040542,1.0,0.9575980947927547,1.0442794377284366,4.240190520724529
case_055,1,B,106616,118835,282696,0,282696,5.011498878999987,600.0,117757,229464,1.1146075635927066,1.0091544451709877,1.1044965108426503,9.461008687381645
case_056,1,B,258692,277285,25618,0,25618,36.51500365000004,600.0,262320,101576,1.071873115519614,1.0570486428789265,1.0140243996721972,1.383043610856971
case_057,1,B,59056,59726,0,0,0,3.532620902000076,600.0,62337,286720,1.0113451639122188,0.9581147633026934,1.0555574370089407,5.2633267561801205
case_058,1,B,4539717,4539717,28696576,0,28696576,129.24581270499993,600.0,7219621,156753920,1.0,0.6288026753758957,1.5903240224005153,37.119732462410425
case_059,1,B,738041,829473,0,0,0,6.582726082000022,600.0,931859,12607488,1.123884716431743,0.8901271544300157,1.262611426736455,20.79906938710685
case_060,1,B,882690,888789,1439748,0,1439748,39.51427229800015,600.0,1211069,22700156,1.0069095605478706,0.7338879948211043,1.3720207547383567,27.114805184510548
case_061,1,B,77191,77191,0,0,0,4.268696832000046,600.0,90199,0,1.0,0.8557855408596547,1.168517055097097,14.421445914034525
case_062,1,B,2854809,2854809,0,0,0,72.58994846200017,600.0,3066597,11707392,1.0,0.9309371267238571,1.074186399160154,6.906287327614291
case_063,1,B,1070397,1070397,0,0,0,31.67191269700004,600.0,1136021,3683328,1.0,0.9422334622335327,1.0613080940996658,5.776653776646734
case_064,1,B,17184,19116,0,0,0,4.348432887999934,600.0,17625,0,1.1124301675977655,1.084595744680851,1.025663407821229,2.5021276595744713
case_065,1,B,44156,53068,0,0,0,3.1510453610000013,600.0,52874,0,1.2018298758945556,1.003669100124825,1.1974363619893107,16.488255097023107
case_066,1,B,318124,359070,75272,0,75272,21.93797176199996,600.0,343097,164210,1.1287108171656335,1.046555347321603,1.0785008361519408,7.278699609731354
case_067,1,B,63834834,63834834,264449408,0,264449408,79.9984191919998,600.0,63982899,197050368,1.0,0.9976858660311718,1.002319501606286,0.23141339688281803
case_068,1,B,328200,362095,531976,0,531976,25.590326539999978,600.0,356402,363012,1.1032754418037782,1.0159735355020454,1.0859293113954906,7.912974674665129
case_069,1,B,21597,25144,0,0,0,2.858525329000031,600.0,24055,0,1.1642357734870583,1.0452712533776762,1.113812103532898,10.218249844107252
case_070,1,B,110849,117300,0,0,0,6.681044961999987,600.0,122543,8204,1.0581962850364008,0.9572150184017039,1.1054948623803553,9.54277274099704
case_071,1,B,15824,18919,0,0,0,2.5286827590000485,600.0,18077,0,1.1955889787664307,1.046578525197765,1.1423786653185035,12.463351219782048
case_072,1,B,23897828,23897828,108613680,0,108613680,237.84207574800007,600.0,29606160,442636736,1.0,0.8071910710473766,1.2388640507413478,19.280892895262337
case_073,1,B,9839163,10081626,90447872,0,90447872,31.7852549549998,600.0,9839163,90447872,1.0246426449079054,1.0246426449079054,1.0,0.0
case_074,1,B,1651943,1682239,5255176,0,5255176,23.600456999000016,600.0,1853314,18702412,1.0183396158342024,0.9076923824025502,1.12189948442531,10.865455071293905
case_075,1,B,1334897,1441809,0,0,0,26.826334589,600.0,1334897,0,1.0800900743652881,1.0800900743652881,1.0,0.0
case_076,1,B,6185113,6185113,28280832,0,28280832,183.098457112,600.0,9193705,200206336,1.0,0.6727552167488515,1.4864247427654111,32.724478325114845
case_077,1,B,495320,495320,0,0,0,19.659688698000082,600.0,545846,2454184,1.0,0.9074354305060401,1.1020067834934992,9.256456949395986
case_078,1,B,2095621,2296143,24576,0,24576,2.985882907000132,600.0,2095621,24576,1.0956861951660153,1.0956861951660153,1.0,0.0
case_079,1,B,31052251,31052251,32448512,0,32448512,156.429056585,600.0,40812071,478351360,1.0,0.7608594770895111,1.314303140213571,23.914052291048893
case_080,1,B,292138,292138,548864,0,548864,3.499660249000044,600.0,345123,5201920,1.0,0.8464750248462143,1.1813697636048717,15.352497515378571
case_081,1,B,151795,151795,0,0,0,8.78672233999987,600.0,170358,1716224,1.0,0.8910353490883903,1.1222899304983696,10.896465091160968
case_082,1,B,718790,721041,597130,0,597130,12.856266811000069,600.0,718790,597130,1.0031316518037257,1.0031316518037257,1.0,0.0
case_083,1,B,851601,1057993,262144,0,262144,16.82402227500006,600.0,851601,262144,1.2423576299229333,1.2423576299229333,1.0,0.0
case_084,1,B,2191327,2507412,29453952,0,29453952,118.56790008799999,600.0,2191327,29453952,1.1442436477987996,1.1442436477987996,1.0,0.0
case_085,1,B,3187899,3187899,0,0,0,74.04915433199994,600.0,3297780,7653730,1.0,0.9666803122100323,1.0344681559861213,3.3319687789967745
case_086,1,B,105557,118403,155146,0,155146,21.43356447500014,600.0,114851,72392,1.121697282037193,1.0309270271917528,1.0880472161959889,8.092223837842072
case_087,1,B,3974071,3974071,7902720,0,7902720,194.95447076300002,600.0,4539784,47873670,1.0,0.8753876836430985,1.1423510048008705,12.461231635690151
case_088,1,B,219593,243623,544128,0,544128,13.95763872700013,600.0,235803,407046,1.109429717705027,1.0331632761245617,1.0738183821888676,6.874382429400816
case_089,1,B,659152,693092,0,0,0,27.277366365999796,600.0,659152,0,1.0514903997863922,1.0514903997863922,1.0,0.0
case_090,1,B,882630,1178363,0,0,0,6.466587343000128,600.0,882725,0,1.3350588581851965,1.3349151774335155,1.0001076328699454,0.010762128635755097
case_091,1,B,9186769,9186769,53947008,0,53947008,195.04505395800015,600.0,12265303,223405056,1.0,0.7490046515768913,1.335105193131557,25.099534842310867
case_092,1,B,4373417,4815554,29294592,0,29294592,168.85358135499996,600.0,4373417,29294592,1.101096465303903,1.101096465303903,1.0,0.0
case_093,1,B,74205,74205,0,0,0,1.1400587670000277,600.0,87862,90112,1.0,0.8445630648061733,1.1840442018731892,15.543693519382673
case_094,1,B,84874,94892,458752,0,458752,3.0597453390000737,600.0,105885,246788,1.1180337912670546,0.896179817726779,1.2475551994721588,19.84322614156868
case_095,1,B,2084853,2084853,0,0,0,30.69566501899999,600.0,2115445,50831616,1.0,0.9855387400759651,1.0146734565938222,1.4461259924034908
case_096,1,B,75393,84194,107552,0,107552,3.694733939999878,600.0,90001,8204,1.1167349753955937,0.9354784946833924,1.1937580411974587,16.230930767435915
case_097,1,B,11491509,11491509,10584064,0,10584064,60.99403264700004,600.0,13467202,121970688,1.0,0.8532959556112695,1.1719263327383722,14.670404438873053
case_098,1,B,176171,177430,852332,0,852332,4.24054873099999,600.0,178248,648648,1.0071464656498517,0.9954108882007091,1.0117896816161571,1.165230465418965
case_099,1,B,1622999,1622999,5484544,0,5484544,14.442171564999853,600.0,1882608,21230592,1.0,0.8621014040097567,1.1599563524068714,13.789859599024334
case_100,1,B,141463,151223,0,0,0,4.081217521000099,600.0,160922,345112,1.0689933056700338,0.9397285641490909,1.13755540317963,12.092193733610069
case_001,2,B,116868,233110,1152,1152,0,1.1413441559998319,600.0,116868,1152,1.9946435294520313,1.9946435294520313,1.0,0.0
case_002,2,B,137089,261945,562176,562176,0,8.357418784999936,600.0,140458,602112,1.9107659987307515,1.8649347135798602,1.0245752759156461,2.3985817824545452
case_003,2,B,315516,602212,6408454,6408454,0,41.15195760700044,600.0,362427,4913410,1.9086575641171921,1.661609096452527,1.1486802571026509,12.943572084861232
case_004,2,B,199074,392357,110592,110592,0,1.9058887589999358,600.0,237714,4064256,1.9709103147573264,1.6505422482478946,1.1940986768739263,16.25482722935965
case_005,2,B,60883,95618,2190534,2190534,0,27.083439748001183,600.0,70165,2229894,1.5705205065453411,1.3627592104325519,1.1524563507054515,13.228817786645763
case_006,2,B,39367,82837,614532,614532,0,2.0248657669999375,600.0,43960,695712,2.104224350344197,1.8843721565059144,1.1166713236975132,10.448134667879893
case_007,2,B,507494,1012562,27648,27648,0,9.262583489000463,600.0,706597,13986816,1.9952196479170197,1.4330120280725789,1.3923258206008347,28.177730729114337
case_008,2,B,244266,487605,0,0,0,2.8913379260011425,600.0,303776,10793472,1.9962049568912579,1.6051465553565785,1.2436278483292804,19.59009269988412
case_009,2,B,84436,153261,1236498,1236498,0,16.791127648999463,600.0,123228,1081466,1.8151144061774598,1.2437189599766287,1.4594248898574067,31.47985847372351
case_010,2,B,42846,86969,471500,471500,0,3.132057116001306,600.0,47779,884852,2.0298044158147786,1.8202348312019925,1.1151332679830088,10.324619602754348
case_011,2,B,92646,184697,180224,180224,0,1.1326361390001694,600.0,106120,1441792,1.9935777043801135,1.740454202789295,1.1454353129115127,12.696946852619673
case_012,2,B,29730,59088,461572,461572,0,2.706103255999551,600.0,32207,438142,1.9874873864783047,1.8346322228087062,1.0833165153044064,7.690874654578195
case_013,2,B,132198,263949,8192,8192,0,2.257484495999961,600.0,174752,3022848,1.9966187083011846,1.5104204815967772,1.3218959439628437,24.35108038820729
case_014,2,B,8864262,17698626,62154168,9893208,52260960,265.0208374949998,600.0,13084627,330830336,1.996627130380397,1.3526274765035335,1.4761101375388046,32.25437759899461
case_015,2,B,89331,177362,1786394,1786394,0,2.450036681999336,600.0,109987,1598956,1.985447381088312,1.6125723949193995,1.2312299201844825,18.780401320156017
case_016,2,B,4026549,7715523,404192,404192,0,34.64077134099898,600.0,4038048,401768,1.916162699125231,1.9107061134488743,1.0028557953721662,0.2847663029265646
case_017,2,B,86334,162810,394974,372446,22528,5.681437654000547,600.0,86613,1148440,1.8858155535478491,1.879740916490596,1.0032316352769477,0.32212254511447824
case_018,2,B,498719,1004367,1377280,1299456,77824,7.299361884000064,600.0,620458,12281224,2.0138935953913926,1.618750987173991,1.2441033928925909,19.620828484764484
case_019,2,B,40392,81144,814128,814128,0,2.6106570099991586,600.0,44196,688188,2.0089126559714794,1.836003258213413,1.0941770647653,8.607113765951668
case_020,2,B,266580,532746,0,0,0,11.216187782999441,600.0,641333,34037760,1.9984469952734638,0.8306854629342323,2.405780628704329,58.43345032923614
case_021,2,B,3194570,6567937,3174400,1536000,1638400,17.332392897998943,600.0,4455768,85438464,2.0559690349561914,1.4740302906255442,1.3947942915634968,28.304839928829328
case_022,2,B,28851,56780,6912,6912,0,4.929497991000062,600.0,33611,940850,1.9680427021593705,1.6893278986046234,1.1649856157498875,14.16203028770343
case_023,2,B,58216,122614,1523296,1351264,172032,3.2627496719997,600.0,64349,1234262,2.1061907379414593,1.9054530761938802,1.1053490449361,9.530839640087652
case_024,2,B,1334769,2555343,396848,396848,0,31.535097746000247,600.0,1340964,396056,1.914445870409037,1.905601492657521,1.0046412525313368,0.46198108226619405
case_025,2,B,2431840,4863026,27648,27648,0,88.66097199999967,600.0,3603622,78836736,1.9997310678334101,1.3494828258901739,1.4818499572340285,32.516784501815124
case_026,2,B,53208,99203,1301728,1129696,172032,3.6610707140007435,600.0,63064,1328084,1.8644376785445798,1.5730527717873906,1.1852353029619607,15.628567804135486
case_027,2,B,1118352,2363952,1449984,1449984,0,2.026265050000802,600.0,1257174,18014208,2.113781707369415,1.8803697817485885,1.1241308639855787,11.042385540903643
case_028,2,B,20615674,43836040,82416768,55850112,26566656,105.63203792199965,600.0,20674807,52622976,2.1263452264524556,2.1202635652173196,1.0028683515270953,0.2860147618306663
case_029,2,B,19740,37555,0,0,0,3.1610154869995313,600.0,21749,430838,1.9024822695035462,1.7267460572899904,1.1017730496453901,9.23720630833601
case_030,2,B,1403594,2808034,7644160,1950720,5693440,21.413627004001683,600.0,2300995,69258248,2.000602738398711,1.2203564110308802,1.6393593874012,39.00056280000609
case_031,2,B,732205,1414369,2139648,1731072,408576,25.372053520000918,600.0,973065,23628108,1.9316571178836528,1.4535195490537631,1.3289515914258985,24.752714361322216
case_032,2,B,17554,41443,6216,6216,0,3.101807001999987,600.0,22291,304162,2.3608864076563747,1.859180835314701,1.269853024951578,21.2507289937643
case_033,2,B,896676,1774196,3391008,2059296,1331712,9.555849827000202,600.0,1203746,30619788,1.9786366535961708,1.4738956557280356,1.3424536844969643,25.50953440343727
case_034,2,B,440418,842996,1459712,1238528,221184,11.775353767001434,600.0,589392,15773386,1.9140816224586643,1.4302806960393084,1.3382559295941583,25.27587751445557
case_035,2,B,95406,169571,0,0,0,10.723231855999984,600.0,124744,1442106,1.7773620107750037,1.359351952799333,1.3075068653963062,23.51856602321555
case_036,2,B,466068,931510,1152,1152,0,4.143315989000257,600.0,466068,1152,1.998656848356892,1.998656848356892,1.0,0.0
case_037,2,B,105374,210001,204800,204800,0,1.4515706749989477,600.0,140458,2949120,1.992910964754114,1.4951159777299976,1.3329474063810807,24.978285323726666
case_038,2,B,681518,1364555,6790656,2517504,4273152,11.046539709001081,600.0,914932,20953352,2.002228847954126,1.491427778239257,1.3424913208455242,25.51162272168861
case_039,2,B,708561,1435262,11067392,4202496,6864896,11.871783810000125,600.0,1088308,35975168,2.025601183243221,1.3188012952215733,1.535941153972629,34.893339017998585
case_040,2,B,140145,253454,2475470,2475470,0,21.59333698499904,600.0,148152,2206582,1.808512611937636,1.7107700199794806,1.0571336829712084,5.404584480803498
case_041,2,B,2992480,6003957,33490944,4893696,28597248,44.07007830300063,600.0,4481060,112796852,2.006348246270652,1.3398519546714394,1.4974402502272364,33.21937220211289
case_042,2,B,840916,1686740,7262496,2052384,5210112,22.20980130299995,600.0,1076059,25554784,2.0058364925866554,1.567516279311822,1.2796272160358466,21.852240444064876
case_043,2,B,350868,677656,9505206,9505206,0,26.559932207999736,600.0,409738,9686336,1.9313702018992898,1.6538763795400964,1.1677838959380735,14.36771790754091
case_044,2,B,45248,154407,930400,930400,0,3.085029112000484,600.0,45248,930400,3.4124602192362095,3.4124602192362095,1.0,0.0
case_045,2,B,63059,125614,0,0,0,1.3553644869989512,600.0,119837,5849088,1.99200748505368,1.0482071480427582,1.9003948682979432,47.37935695987049
case_046,2,B,109740,276455,930400,930400,0,2.042375049999464,600.0,109740,930400,2.5191817022052123,2.5191817022052123,1.0,0.0
case_047,2,B,166394,326508,3012550,3012550,0,40.07195203599986,600.0,218554,3065062,1.9622582545043692,1.4939465761322144,1.3134728415688066,23.86595532454222
case_048,2,B,125568,222220,391302,391302,0,8.45643478600141,600.0,140836,939142,1.7697183995922527,1.5778636144167684,1.1215914882772682,10.840978158993442
case_049,2,B,106107,196276,2803330,2803330,0,23.747452206998787,600.0,125002,2019594,1.8497931333465276,1.5701828770739668,1.1780749620665931,15.115758147869629
case_050,2,B,78327,149690,1958198,1896438,61760,37.87183358600032,600.0,106440,2217554,1.9110906839276367,1.4063322059376175,1.35891838063503,26.412063134160093
case_051,2,B,318674,607628,393884,393884,0,5.6707924689999345,600.0,322947,393900,1.9067385478576853,1.8815099691280612,1.013408687247783,1.3231273242977903
case_052,2,B,86843,180301,102912,102912,0,3.6534462680001525,600.0,107214,1808422,2.0761719424708955,1.6816926893875799,1.2345727347051576,19.00031712276382
case_053,2,B,728229,1472686,5317152,5317152,0,32.37639761600076,600.0,762216,9588100,2.022284199063756,1.9321111076125403,1.046670758786041,4.458972259831862
case_054,2,B,438618,815051,8276074,8276074,0,30.503870700000334,600.0,489567,7457606,1.8582251526385145,1.664840563191555,1.1161580236105222,10.406951448933444
case_055,2,B,56582,118835,852212,852212,0,3.3938494979993266,600.0,72961,742876,2.1002262203527624,1.6287468647633667,1.2894736842105263,22.44897959183674
case_056,2,B,147688,277285,3622398,3622398,0,63.472444629000165,600.0,178139,3229362,1.877505281404041,1.5565653787211111,1.2061846595525703,17.093954720751768
case_057,2,B,30025,59726,416890,416890,0,3.284045475000312,600.0,32724,519374,1.9892089925062448,1.8251436254736584,1.0898917568692756,8.247769221366585
case_058,2,B,2261085,4539717,30621696,6623232,23998464,106.54605152300064,600.0,4002121,139161600,2.0077604335971446,1.1343277726985266,1.7700002432460522,43.50283262300165
case_059,2,B,369318,829473,360448,360448,0,2.651263107998602,600.0,464377,10813440,2.2459587672412393,1.786206035182621,1.25739064979232,20.47022139339373
case_060,2,B,474073,888789,1255552,1198080,57472,19.675810131999242,600.0,688410,22088740,1.8747935444541242,1.2910750860678957,1.4521181337051468,31.135079385831123
case_061,2,B,39298,77191,34560,34560,0,2.374711632999606,600.0,50567,607590,1.9642475444042953,1.5265093835900885,1.2867575958064024,22.28528486957897
case_062,2,B,1572635,2854809,10856448,6678528,4177920,56.99854731300002,600.0,1587014,11037696,1.8153029787585804,1.7988555866551903,1.0091432532024278,0.906041156536741
case_063,2,B,575202,1070397,3323904,2497536,826368,40.748177371000565,600.0,583193,3369984,1.8609062555415314,1.835407832398537,1.0138925108049,1.370215348949666
case_064,2,B,13417,19116,95590,95590,0,4.514777041999878,600.0,19988,80614,1.424759633301036,0.9563738242945767,1.4897518074085117,32.87472483490094
case_065,2,B,22021,53068,13968,13968,0,1.9521505310003704,600.0,28306,446424,2.409881476772172,1.8747968628559315,1.2854093819535897,22.203773051649822
case_066,2,B,190462,359070,3937564,3937564,0,44.95297183100047,600.0,218219,4054296,1.8852579517174028,1.6454570866881435,1.1457351072654913,12.719790669006825
case_067,2,B,31418001,63834834,182202752,37964160,144238592,58.263189584999964,600.0,32171803,185485696,2.031791710745696,1.9841857790811412,1.023992678592123,2.343051771142579
case_068,2,B,200719,362095,3519186,3471050,48136,41.117762280000534,600.0,223709,3405346,1.8039896571824292,1.6185982682860323,1.1145382350450133,10.276743447961412
case_069,2,B,16133,25144,233732,233732,0,4.00168769999982,600.0,18065,566852,1.5585445980288848,1.3918627179629117,1.1197545403830658,10.694713534458899
case_070,2,B,58234,117300,129536,129536,0,3.9682853520007484,600.0,70948,934580,2.014287186179895,1.6533235609178554,1.218326063811519,17.92016688278739
case_071,2,B,12826,18919,208452,208452,0,3.508680603999892,600.0,15588,446178,1.4750506783096835,1.2136900179625352,1.2153438328395447,17.718758018988968
case_072,2,B,11836023,23897828,113724192,10948952,102775240,127.44667819200004,600.0,16924096,398341510,2.01907583315781,1.412059350171495,1.4298802900264727,30.064075505125942
case_073,2,B,5587533,10081626,91806080,3721600,88084480,18.10641204700005,600.0,5587533,91806080,1.8043071960380368,1.8043071960380368,1.0,0.0
case_074,2,B,803673,1682239,3747840,2285568,1462272,9.949480174999735,600.0,974405,18182702,2.093188398764174,1.7264268964137088,1.212439636518833,17.521667068621362
case_075,2,B,728185,1441809,7124774,7124774,0,39.30406261799908,600.0,806352,6335558,1.980003707848967,1.7880640216679564,1.107344974148053,9.693905391193924
case_076,2,B,3065214,6185113,31095808,4074496,27021312,107.38049244799913,600.0,5753379,178806804,2.017840516192344,1.0750400764489876,1.876990970287882,46.7232386394152
case_077,2,B,250735,495320,57344,57344,0,9.263786729001367,600.0,299078,4920500,1.9754721119907472,1.656156587913521,1.1928051528506192,16.164010726298827
case_078,2,B,1051374,2296143,2148480,2148480,0,2.9168802839994896,600.0,1051374,2148480,2.1839450091023744,2.1839450091023744,1.0,0.0
case_079,2,B,15446486,31052251,31780864,3649536,28131328,90.91032854900004,600.0,22640380,448720896,2.010311665708304,1.3715428362951505,1.4657301343490035,31.77461685713756
case_080,2,B,145926,292138,2191360,1904640,286720,1.6987352539999847,600.0,204280,6950912,2.0019598974822856,1.4300861562561191,1.3998876142702465,28.565694145290777
case_081,2,B,76860,151795,0,0,0,4.447923028999867,600.0,92893,2550686,1.9749544626593807,1.634084376648402,1.208600052042675,17.259642814851496
case_082,2,B,387499,721041,3234278,3234278,0,26.793325541999366,600.0,409309,2942566,1.860755769692309,1.761605535182466,1.0562840162168161,5.3284926546936395
case_083,2,B,433315,1057993,930400,930400,0,10.235603340001035,600.0,433315,930400,2.441625607237229,2.441625607237229,1.0,0.0
case_084,2,B,1168951,2507412,28717440,0,28717440,57.53013211799953,600.0,1168951,28717440,2.1450103554383375,2.1450103554383375,1.0,0.0
case_085,2,B,1810774,3187899,9335690,7981254,1354436,42.481449134000286,600.0,1892148,18970236,1.7605173257402635,1.6848042542126727,1.0449387941289194,4.300614962465943
case_086,2,B,67521,118403,1185860,1185860,0,24.96850249899944,600.0,80880,2291238,1.7535729624857452,1.4639342235410484,1.1978495579153152,16.517062314540055
case_087,2,B,1987606,3974071,10142208,2004480,8137728,116.17566215999977,600.0,2510504,54818496,1.999425942566082,1.5829773623144994,1.2630793024372033,20.828407363621015
case_088,2,B,134265,243623,2582030,2582030,0,16.423572208001133,600.0,152109,2562218,1.8144937250958924,1.6016343543117106,1.1329013518042677,11.731061278425337
case_089,2,B,329430,693092,238720,238720,0,13.425454136000553,600.0,329430,238720,2.103912819111799,2.103912819111799,1.0,0.0
case_090,2,B,454440,1178363,2341200,2341200,0,5.691755542000465,600.0,471917,2403840,2.5930001760408414,2.4969708656395087,1.0384583223307808,3.7034054717248965
case_091,2,B,4571759,9186769,57904096,6478336,51425760,104.55269392899936,600.0,7008343,183492696,2.0094604724352267,1.3108332454618732,1.5329642266794903,34.76690567228231
case_092,2,B,2162750,4815554,16642656,930400,15712256,54.79783685400071,600.0,2162750,16642656,2.2265883712865566,2.2265883712865566,1.0,0.0
case_093,2,B,37827,74205,8192,8192,0,1.1044478559997515,600.0,47279,847872,1.9616940280751844,1.56951289155862,1.249874428318397,19.991962604962033
case_094,2,B,48430,94892,106272,106272,0,1.5907357390005927,600.0,58322,1405220,1.9593640305595705,1.6270361098727752,1.2042535618418335,16.961009567573125
case_095,2,B,1042890,2084853,0,0,0,9.843260092000492,600.0,1343828,50214912,1.9991111238960964,1.5514284566179601,1.2885615932648697,22.39408614792965
case_096,2,B,41837,84194,719692,719692,0,2.995657339999525,600.0,49148,767672,2.0124291894734325,1.7130707251566697,1.1747496235389727,14.875478147635713
case_097,2,B,5617602,11491509,11796480,2555904,9240576,30.0341174339992,600.0,6121676,86114304,2.045625339780212,1.8771834706704504,1.089731169990327,8.23424826795799
case_098,2,B,89551,177430,0,0,0,3.7796227729995735,600.0,95143,1250410,1.9813290750522048,1.8648770797641445,1.062444863820616,5.877468652449469
case_099,2,B,811243,1622999,7319552,1904640,5414912,8.781581574001393,600.0,989497,18343952,2.0006323629294798,1.6402262967952403,1.2197294768645153,18.01460742175065
case_100,2,B,74200,151223,1161942,1126614,35328,2.9744733260013163,600.0,87762,1112764,2.038045822102426,1.723103393268157,1.18277628032345,15.453157402976236
case_001,3,B,78545,233110,2304,2304,0,1.0741800330015394,600.0,78545,2304,2.9678528232223567,2.9678528232223567,1.0,0.0
case_002,3,B,94149,261945,746496,746496,0,8.233609535000141,600.0,97067,801792,2.782238791702514,2.698599936126593,1.0309934253151918,3.0061709952919125
case_003,3,B,257302,602212,9518568,9518568,0,61.29094192699995,600.0,266269,6300084,2.3404870541231704,2.2616677119754836,1.0348500983280347,3.3676470035941097
case_004,3,B,134043,392357,221184,221184,0,1.5016912350001803,600.0,158619,3179520,2.927098020784375,2.4735813490187177,1.1833441507575928,15.493730259300587
case_005,3,B,52655,95618,1728714,1728714,0,31.9222371449996,600.0,68265,2755308,1.8159339094103124,1.40068849337142,1.2964580761561106,22.86676920823262
case_006,3,B,29782,82837,841742,841742,0,2.582287688001088,600.0,35166,966700,2.781445168222416,2.355599158277882,1.180780337116379,15.310242848205657
case_007,3,B,338094,1012562,55296,55296,0,7.9537138039995625,600.0,518832,10967040,2.994912657426633,1.951618250223579,1.5345791407123464,34.83555370524562
case_008,3,B,163359,487605,0,0,0,4.09287155399943,600.0,255966,10176768,2.984867684057811,1.904960033754483,1.5668925495381338,36.1794144534821
case_009,3,B,63747,153261,1616024,1616024,0,54.657215057999565,600.0,97358,1987566,2.4042072568120854,1.574200373877853,1.5272561846047656,34.52310031019537
case_010,3,B,30856,86969,48384,48384,0,3.150239505001082,600.0,32901,871032,2.8185442053409386,2.6433543053402633,1.0662756028001037,6.215616546609526
case_011,3,B,69625,184697,1081344,1081344,0,2.2577655219993176,600.0,74367,2916352,2.6527396768402154,2.483588150658222,1.0681077199281868,6.376484193257759
case_012,3,B,18114,59088,20160,20160,0,3.869444971000121,600.0,24011,590184,3.262007287181186,2.4608721002873684,1.3255492988848405,24.55957686060556
case_013,3,B,88351,263949,16384,16384,0,1.5972697230008635,600.0,133800,4046848,2.98750438591527,1.9727130044843049,1.514414098312413,33.96786248131539
case_014,3,B,5924867,17698626,46130856,19786416,26344440,247.59586818500065,600.0,9838581,326760660,2.987176927347061,1.7989002682399016,1.6605572749565518,39.77925271947246
case_015,3,B,58906,177362,208128,208128,0,3.5786217149998265,600.0,95135,2625296,3.0109326723933045,1.8643191254533031,1.615030726920857,38.08167341146791
case_016,3,B,2876720,7715523,12200,12200,0,46.05662626399862,600.0,2890756,17080,2.682055604994577,2.6690329450150756,1.0048791679412665,0.4855477252317386
case_017,3,B,52489,162810,175104,175104,0,4.17040499200084,600.0,64247,1375956,3.1017927565775687,2.5341261070555823,1.2240088399474176,18.301243637835228
case_018,3,B,334784,1004367,12853772,12853772,0,12.104989659000239,600.0,463977,14646408,3.0000448050086024,2.164691353235182,1.3858995650927164,27.84469919845165
case_019,3,B,28195,81144,24576,24576,0,3.139675069000077,600.0,33302,934704,2.8779570845894664,2.4366104137889617,1.1811314062777087,15.335415290372955
case_020,3,B,177950,532746,0,0,0,6.17905952000001,600.0,603437,31797248,2.993796010115201,0.88285272530521,3.3910480472042708,70.51059182648727
case_021,3,B,2106848,6567937,4710400,4710400,0,10.078770303000056,600.0,3169234,88948736,3.1174232787557528,2.072405193179172,1.5042537477786722,33.5218541767506
case_022,3,B,19370,56780,13824,13824,0,4.350275065999995,600.0,31878,1140502,2.9313371192565825,1.7811656942091725,1.6457408363448631,39.23709141100446
case_023,3,B,41720,122614,196896,196896,0,4.7411730169988004,600.0,51188,2076094,2.938974113135187,2.3953661014300227,1.226941514860978,18.496522622489643
case_024,3,B,953408,2555343,4040,4040,0,36.12667388299997,600.0,959488,5656,2.6802198009666376,2.6632360175426895,1.006377122910653,0.6336712913553866
case_025,3,B,1622164,4863026,55296,55296,0,97.03778407199934,600.0,2899402,75816960,2.9978633479722148,1.6772513780427827,1.787366752066992,44.05177343465998
case_026,3,B,41132,99203,1491816,1491816,0,3.6786297130001913,600.0,53531,1624484,2.4118204804045513,1.8531878724477406,1.3014441310901488,23.162279800489436
case_027,3,B,765280,2363952,33890304,33890304,0,5.157937207000941,600.0,892349,18006016,3.0890027179594397,2.649133915093758,1.1660424942504704,14.239832173286459
case_028,3,B,13848390,43836040,34820352,4296960,30523392,76.00280490899968,600.0,13848390,34820352,3.1654250060837397,3.1654250060837397,1.0,0.0
case_029,3,B,12743,37555,0,0,0,0.9921993190000649,600.0,15381,173194,2.9471082162756024,2.4416487874650543,1.2070156164168564,17.151030492165663
case_030,3,B,933857,2808034,9242624,3901440,5341184,12.784469625001293,600.0,1756441,73541636,3.0069207598165457,1.5987067029293895,1.8808457825984064,46.83242989659203
case_031,3,B,483567,1414369,3462144,3462144,0,25.460342381999,600.0,735155,24998544,2.924866667907446,1.923905842985493,1.520275370320969,34.222442886194074
case_032,3,B,11808,41443,12360,12360,0,2.2699092899993047,600.0,20424,453024,3.509739159891599,2.0291323932628282,1.7296747967479675,42.18566392479436
case_033,3,B,602408,1774196,4180032,3952704,227328,9.363810917000592,600.0,915091,29208288,2.9451733708715686,1.9388191994020267,1.5190551918301218,34.16960717567979
case_034,3,B,280681,842996,2341888,2341888,0,11.43206309299967,600.0,443888,17925682,3.0033953135409948,1.8991186966081535,1.5814679297850585,36.76760804527268
case_035,3,B,71961,169571,1735510,1735510,0,36.52278991200001,600.0,102972,1416910,2.3564291769152734,1.6467680534514237,1.4309417601200651,30.115953851532453
case_036,3,B,311345,931510,2304,2304,0,3.626705763001155,600.0,311345,2304,2.991890025534375,2.991890025534375,1.0,0.0
case_037,3,B,74038,210001,1064960,1064960,0,1.8562664349992701,600.0,110438,4726784,2.836394824279424,1.901528459407088,1.4916394284016317,32.95966967891487
case_038,3,B,459530,1364555,5534208,4932096,602112,27.925475694999477,600.0,696295,23067392,2.9694579244010186,1.9597368931271946,1.5152329554109634,34.00354734702964
case_039,3,B,483806,1435262,12414976,8404992,4009984,15.850969379999697,600.0,875417,45015040,2.9666064496926454,1.6395180810973513,1.8094380805529489,44.73422380419846
case_040,3,B,105923,253454,3308532,3308532,0,14.366274512000018,600.0,133160,3177048,2.392813647649708,1.9033793932111744,1.2571396202902108,20.45434064283569
case_041,3,B,1991992,6003957,34879488,9787392,25092096,43.81334360099936,600.0,3296855,117559596,3.014046743159611,1.8211164882895972,1.6550543375676208,39.57902303862318
case_042,3,B,571947,1686740,8251680,3950880,4300800,22.842996902999403,600.0,791066,29103636,2.9491194114139945,2.1322367539497336,1.3831106728420641,27.699205881683696
case_043,3,B,267919,677656,7959640,7959640,0,82.09427593500004,600.0,328781,11729220,2.529331626349755,2.061116670367205,1.2271656732072007,18.511410330888957
case_044,3,B,45248,154407,930400,930400,0,3.855666751998797,600.0,55088,1860800,3.4124602192362095,2.802915335463259,1.2174681753889676,17.86232936392681
case_045,3,B,42601,125614,0,0,0,0.9267364770003041,600.0,127332,6946816,2.94861622966597,0.98650771212264,2.98894392150419,66.54336694625074
case_046,3,B,82826,276455,1860800,1860800,0,1.854505433999293,600.0,82826,1860800,3.3377804071185375,3.3377804071185375,1.0,0.0
case_047,3,B,136827,326508,4387628,4387628,0,67.38862788799997,600.0,172291,4056620,2.3862834089762988,1.8950960874334701,1.259188610435075,20.583779767950737
case_048,3,B,99835,222220,1016076,1016076,0,11.234658608000245,600.0,124234,1187436,2.2258726899383983,1.7887212840285267,1.24439324886062,19.639551169567106
case_049,3,B,84225,196276,3516344,3516344,0,28.214468991000103,600.0,106920,3555408,2.33037696645889,1.835727646838758,1.2694568121104186,21.226150392817054
case_050,3,B,67318,149690,1393486,1393486,0,42.72497287599981,600.0,86509,2347544,2.223625181972132,1.7303401958177762,1.285079770640839,22.183819024610152
case_051,3,B,227452,607628,960,960,0,6.126611796998986,600.0,230529,1344,2.6714559555422683,2.6357985329394564,1.0135281290118354,1.3347561478165404
case_052,3,B,62309,180301,181248,181248,0,3.724802511999769,600.0,74776,2173254,2.893659021971144,2.411214828287151,1.200083455038598,16.672461752433932
case_053,3,B,497437,1472686,7442990,7442990,0,38.675753962999806,600.0,543113,10943004,2.9605477678580403,2.711564628355425,1.0918226830734343,8.410036217140815
case_054,3,B,316491,815051,6482640,6482640,0,44.31787728400013,600.0,370381,12088980,2.5752738624479052,2.2005745435106014,1.1702734042990164,14.549882418374594
case_055,3,B,40063,118835,115712,115712,0,4.90886687999955,600.0,54439,947756,2.966203229912887,2.1829019636657545,1.3588348351346629,26.40753871305498
case_056,3,B,117225,277285,1870000,1870000,0,65.9044272150004,600.0,150136,3976046,2.365408402644487,1.8468921511163212,1.2807506931115376,21.92079181542068
case_057,3,B,23294,59726,549116,549116,0,5.534389295000437,600.0,26021,732428,2.564007899029793,2.295299950040352,1.1170687730746114,10.479996925560119
case_058,3,B,1554831,4539717,30400512,9191424,21209088,55.37706170099955,600.0,3103080,129232896,2.9197494775959574,1.4629713059283036,1.9957667424948435,49.89394408136432
case_059,3,B,254073,829473,2162688,2162688,0,6.861488086000463,600.0,339186,13500416,3.2647034513702753,2.4454812403813837,1.334994273299406,25.093311634324532
case_060,3,B,323843,888789,3290252,2345088,945164,12.111047565000263,600.0,543619,21497708,2.7445058253536434,1.6349483737691288,1.6786498395827607,40.42831468362953
case_061,3,B,28342,77191,43008,43008,0,2.448117480000292,600.0,38270,858686,2.723555147837132,2.0170107133524953,1.3502928515983346,25.94199111575647
case_062,3,B,1083992,2854809,10865664,8871936,1993728,55.04815087799943,600.0,1086140,10561536,2.6336070745909566,2.628398733128326,1.00198156443959,0.19776456073802295
case_063,3,B,396695,1070397,3133440,2641920,491520,40.71859351400053,600.0,401307,3563520,2.69828709714012,2.6672771718410093,1.0116260603234222,1.149244842477204
case_064,3,B,14105,19116,126220,126220,0,5.54986568700042,600.0,20998,160076,1.3552640907479616,0.9103724164206115,1.4886919532080822,32.82693589865702
case_065,3,B,16963,53068,27936,27936,0,2.892269113999646,600.0,22390,633600,3.128456051406001,2.3701652523447967,1.3199316158698344,24.238499330058062
case_066,3,B,139098,359070,3077354,3077354,0,54.533341243000905,600.0,171754,4422188,2.581417417935556,2.0906063323124933,1.234769730693468,19.01323986632043
case_067,3,B,21034535,63834834,187518720,50977536,136541184,55.15772139099954,600.0,23066543,180458240,3.03476325956338,2.767420935161372,1.0966034190915084,8.80933046620813
case_068,3,B,167916,362095,3536102,3536102,0,50.87631394300115,600.0,184542,4231260,2.1564055837442533,1.9621278624920073,1.099013792610591,9.009331209155636
case_069,3,B,14920,25144,489770,489770,0,5.452087973999369,600.0,19803,770828,1.685254691689008,1.2697066101095793,1.3272788203753352,24.657880119173857
case_070,3,B,43439,117300,1523108,1523108,0,4.105548785999417,600.0,59471,1430332,2.700338405580239,1.9723899043231155,1.369069269550404,26.957676850902125
case_071,3,B,10782,18919,235082,235082,0,4.299082114001067,600.0,14256,502924,1.7546837321461695,1.3270903479236813,1.32220367278798,24.368686868686872
case_072,3,B,7961454,23897828,82414368,19804504,62609864,121.06027590899976,600.0,12490842,370561692,3.0016913995860555,1.913227947323327,1.5689146731237786,36.26167075045862
case_073,3,B,4300595,10081626,93164288,7443200,85721088,24.454574297000363,600.0,4300595,93164288,2.3442398086776364,2.3442398086776364,1.0,0.0
case_074,3,B,537857,1682239,4923392,4571136,352256,10.25002831599977,600.0,729374,24343292,3.1276696222230074,2.3064148159928926,1.3560741981604776,26.257722375626223
case_075,3,B,526421,1441809,12146060,12146060,0,45.69514007899852,600.0,647669,8901868,2.7388895959697654,2.2261510123226524,1.2303251580009156,18.72067367744944
case_076,3,B,2050028,6185113,34332672,8148992,26183680,62.52258843799973,600.0,4239480,181737508,3.017087083688613,1.4589319916593544,2.068010778389368,51.644352609282265
case_077,3,B,178739,495320,114688,114688,0,9.666051256999708,600.0,244661,7064928,2.771191513883372,2.0245155541749607,1.3688171020314537,26.944220778955376
case_078,3,B,720770,2296143,8054016,8054016,0,3.166165386001012,600.0,778605,5278464,3.18568059158955,2.9490473346562123,1.0802405760506126,7.428028332723269
case_079,3,B,10140755,31052251,33890304,11624448,22265856,94.2154733569987,600.0,16407417,450080768,3.062124171227882,1.8925740108878808,1.617967991535147,38.1940801528967
case_080,3,B,100325,292138,3047424,3047424,0,1.8457645760008745,600.0,158999,7372800,2.9119162721156244,1.8373574676570292,1.5848392723648144,36.90211888125082
case_081,3,B,51943,151795,0,0,0,2.879223825999361,600.0,90776,3232682,2.9223379473653814,1.6721930906847624,1.7476079548736114,42.77892835110602
case_082,3,B,263881,721041,2788460,2788460,0,30.921482428000672,600.0,288816,4320396,2.732447580538197,2.496541050357321,1.094493351169656,8.633524458478758
case_083,3,B,298003,1057993,1860800,1860800,0,10.066036706000887,600.0,298003,1860800,3.5502763394999377,3.5502763394999377,1.0,0.0
case_084,3,B,836220,2507412,0,0,0,74.931089488,600.0,933609,27980928,2.998507569778288,2.6857196106721335,1.1164633708832603,10.43145470962683
case_085,3,B,1228758,3187899,29372396,29372396,0,38.812239931001386,600.0,1294943,22528236,2.5944075236946573,2.461806427001034,1.0538633319172692,5.111035775319839
case_086,3,B,60328,118403,1851498,1851498,0,35.53752121400066,600.0,77896,2992556,1.9626541572735712,1.520013864640033,1.2912080625911684,22.55314778679265
case_087,3,B,1371815,3974071,5465088,4008960,1456128,119.00865952099957,600.0,1896442,58023088,2.8969438298895986,2.095540491088048,1.382432762435168,27.66375138285273
case_088,3,B,117498,243623,2337262,2337262,0,22.95729730200037,600.0,130514,3277588,2.073422526340874,1.8666426590250855,1.1107763536400619,9.972876473022051
case_089,3,B,229298,693092,477440,477440,0,12.59349360699889,600.0,229212,1684736,3.022669190311298,3.0238032912761983,0.9996249422149343,-0.03751985061863916
case_090,3,B,337795,1178363,4490496,4490496,0,3.867200934999346,600.0,349305,4601088,3.488396808715345,3.3734501367000185,1.0340739205731286,3.295114584675285
case_091,3,B,3053553,9186769,33286976,12956672,20330304,141.7044793799996,600.0,5385454,198408796,3.0085506948790472,1.705848569127134,1.7636680941840537,43.299989193111664
case_092,3,B,1418789,4815554,10675392,1860800,8814592,55.563827981999566,600.0,1418789,10675392,3.3941297825117056,3.3941297825117056,1.0,0.0
case_093,3,B,25103,74205,16384,16384,0,0.8447756999994454,600.0,35623,1146880,2.956021192686133,2.0830643123824495,1.4190734175198183,29.53148246919125
case_094,3,B,35024,94892,737860,737860,0,2.5660642009988806,600.0,46676,1900364,2.709342165372316,2.032993401319736,1.3326861580630425,24.96357871282886
case_095,3,B,695775,2084853,0,0,0,14.533554228000867,600.0,1183800,49598208,2.9964471273040854,1.7611530663963508,1.7014120944270776,41.22529143436391
case_096,3,B,30611,84194,67392,67392,0,3.6498156300003757,600.0,39941,929312,2.7504491849335206,2.1079592398788214,1.3047923948907256,23.359455196414714
case_097,3,B,3660459,11491509,16031744,8519680,7512064,37.789633594000406,600.0,4203338,94699520,3.1393628503966307,2.7339007712441874,1.148308996221512,12.915425787790557
case_098,3,B,65715,177430,852966,852966,0,5.795283287001439,600.0,74257,1576256,2.6999923913870503,2.389404365918365,1.1299855436353952,11.50329261887768
case_099,3,B,544403,1622999,8798208,3809280,4988928,9.20913406299951,600.0,670357,15384588,2.981245511137889,2.4210965202123647,1.2313616934513587,18.78909297583228
case_100,3,B,54371,151223,1640268,1640268,0,3.5690833930002555,600.0,69433,1779024,2.7813172463261666,2.177970129477338,1.277022677530301,21.69285498250112
case_001,4,B,58984,233110,3456,3456,0,1.0626039419985318,600.0,58984,3456,3.952088702020887,3.952088702020887,1.0,0.0
case_002,4,B,73120,261945,841728,841728,0,7.474435724000614,600.0,75104,755712,3.582398796498906,3.487763634426928,1.0271334792122537,2.641670217298675
case_003,4,B,234056,602212,7733990,7733990,0,91.44844374199965,600.0,249034,8939754,2.5729398092764124,2.4181918934763926,1.06399323238883,6.0144397953693085
case_004,4,B,104188,392357,331776,331776,0,1.836510654000449,600.0,116231,2651136,3.765855952700887,3.375665700200463,1.1155891273467193,10.361263346267346
case_005,4,B,52655,95618,1728714,1728714,0,35.39470796900059,600.0,67722,2949042,1.8159339094103124,1.411919317208588,1.2861456651789953,22.248309264345412
case_006,4,B,26251,82837,913168,913168,0,3.2368859090001934,600.0,31644,986836,3.155575025713306,2.617779041840475,1.2054397927697993,17.042725319175833
case_007,4,B,254398,1012562,82944,82944,0,6.838092978001441,600.0,368809,11172864,3.980227831979811,2.745491568806618,1.4497323092162675,31.021748384665237
case_008,4,B,123060,487605,0,0,0,4.160332502000529,600.0,233922,9560064,3.962335446123842,2.0844768769076873,1.9008776206728426,47.39272065047323
case_009,4,B,55563,153261,1890898,1890898,0,57.64911148799911,600.0,93153,2052928,2.7583283839965445,1.6452610221893014,1.676529345067761,40.35296769830279
case_010,4,B,26147,86969,778932,778932,0,3.920361178999883,600.0,33005,1242016,3.3261559643553755,2.635024996212695,1.2622863043561403,20.778669898500223
case_011,4,B,46880,184697,540672,540672,0,1.0764381509998202,600.0,61342,2342912,3.9397824232081913,3.0109386717094324,1.3084897610921502,23.576016432460634
case_012,4,B,14886,59088,21888,21888,0,3.226796634000493,600.0,23436,700326,3.969367190648932,2.5212493599590373,1.5743651753325272,36.48233486943164
case_013,4,B,66982,263949,24576,24576,0,1.5455565779993776,600.0,120708,4534272,3.9405959810098237,2.1866736256089077,1.8020960855155117,44.50906319382311
case_014,4,B,4428315,17698626,48577944,29628936,18949008,78.42383864599833,600.0,8274662,344118824,3.996695357037609,2.1388941324733266,1.868580261340939,46.483433401871885
case_015,4,B,51503,177362,231168,231168,0,3.6320943729988358,600.0,73817,2285728,3.443721724948061,2.402725659400951,1.4332563151661069,30.228809081918794
case_016,4,B,2238959,7715523,15864,15864,0,45.8978533849986,600.0,2256753,18304,3.4460313922675674,3.4188601942702634,1.0079474434324165,0.7884779592627122
case_017,4,B,42924,162810,260352,260352,0,7.4749620179991325,600.0,50549,1325188,3.7929829466032987,3.2208352291835642,1.1776395489702731,15.08437357811233
case_018,4,B,255853,1004367,3755776,3755776,0,12.219192890000159,600.0,368181,13437580,3.925562725471267,2.7279164324068867,1.439033351182124,30.508907303744625
case_019,4,B,21744,81144,359504,359504,0,3.5036924249998265,600.0,29879,1257828,3.7317880794701987,2.715753539275076,1.374126195732156,27.226480136550755
case_020,4,B,133704,532746,0,0,0,5.8540012280000155,600.0,581840,31559680,3.984518039849219,0.9156228516430633,4.3517022676958055,77.02048673174757
case_021,4,B,1550324,6567937,4608000,4608000,0,6.418741950999902,600.0,2589551,84946944,4.236493145948847,2.536322706137087,1.6703289118919658,40.13155176322073
case_022,4,B,14574,56780,13824,13824,0,4.2963907090006614,600.0,33843,1421102,3.8959791409359132,1.677747244629613,2.322149032523672,56.93644180480454
case_023,4,B,30522,122614,207552,207552,0,4.110532988999694,600.0,48262,2041864,4.0172334709389945,2.540590941113091,1.5812201035318787,36.75769756744437
case_024,4,B,743027,2555343,5256,5256,0,41.37951550099933,600.0,750621,6064,3.439098444605647,3.4043052352652006,1.0102203553841247,1.0116956493356866
case_025,4,B,1217444,4863026,82944,82944,0,61.69989950099989,600.0,2224464,75801600,3.9944555971362954,2.1861563055189923,1.8271591958233808,45.27023139057319
case_026,4,B,35520,99203,724704,724704,0,5.034562969000035,600.0,52684,2025956,2.7928772522522523,1.8829815503758256,1.4832207207207206,32.57915116543922
case_027,4,B,559196,2363952,3317760,3317760,0,2.077347524000288,600.0,766160,18063360,4.227412213249022,3.085454735303331,1.370109943561828,27.01315652083116
case_028,4,B,10250099,43836040,31777152,15212928,16564224,93.69881277099921,600.0,10314234,39729024,4.2766455231310445,4.250052888076807,1.0062570127371453,0.6218105968896936
case_029,4,B,11028,37555,0,0,0,1.8164049909992173,600.0,15589,259414,3.405422560754443,2.409070498428379,1.4135836053681539,29.2578099942267
case_030,4,B,700342,2808034,10404864,5819392,4585472,12.707519300000058,600.0,1482041,68476940,4.009518206818954,1.8947073663953966,2.116167529578406,52.74476212196559
case_031,4,B,394466,1414369,4922880,4922880,0,26.609279088999756,600.0,651878,27723446,3.5855282838064624,2.1696835911014025,1.6525581418930908,39.487756911569335
case_032,4,B,11164,41443,12360,12360,0,2.9115306490002695,600.0,20857,486920,3.7121999283410965,1.9870067603202761,1.868237190970978,46.47360598360263
case_033,4,B,457602,1774196,5251680,5224032,27648,5.797643865000282,600.0,790322,36925708,3.8771596277988296,2.244902710540767,1.727094724236345,42.09929623621764
case_034,4,B,252538,842996,2979328,2979328,0,10.567482381000445,600.0,390787,17473670,3.33809565293144,2.1571751363274623,1.5474384053093,35.37707242052576
case_035,4,B,56936,169571,1675904,1675904,0,43.505945376000454,600.0,90500,2128038,2.9782738513418576,1.8737127071823205,1.5895040044962765,37.08729281767956
case_036,4,B,233584,931510,3456,3456,0,3.476689343000544,600.0,233584,3456,3.987901568600589,3.987901568600589,1.0,0.0
case_037,4,B,53320,210001,614400,614400,0,0.9966903570002614,600.0,95913,4423680,3.938503375843961,2.189494646189776,1.7988184546136534,44.40795304077654
case_038,4,B,344898,1364555,6950400,6514176,436224,22.350752382999417,600.0,605470,25171592,3.9564016027927096,2.253711992336532,1.7555045259757958,43.036318892760995
case_039,4,B,381106,1435262,13320192,12607488,712704,15.543215941999733,600.0,756130,38998016,3.7660440927196106,1.8981683043921018,1.9840411853919906,49.59782048060518
case_040,4,B,95952,253454,2473682,2473682,0,29.108022128999437,600.0,121520,3263990,2.6414665666166415,2.085697827518104,1.2664665666166417,21.04015799868334
case_041,4,B,1490603,6003957,39164928,14349312,24815616,27.66531326200129,600.0,2846547,120348008,4.027871270888358,2.1092070498045525,1.9096613920675056,47.63469565055487
case_042,4,B,435949,1686740,7059744,6002976,1056768,19.649561553999774,600.0,627710,23949332,3.8691223055907917,2.6871325930764205,1.4398702600533548,30.549298242819134
case_043,4,B,240597,677656,9832918,9832918,0,78.14197187100035,600.0,321817,14333288,2.8165604724913447,2.105718467327705,1.3375769440184209,25.23794578906645
case_044,4,B,45248,154407,930400,930400,0,4.144352941000761,600.0,67839,2791200,3.4124602192362095,2.2760801308981558,1.4992706859971712,33.30090361001784
case_045,4,B,31878,125614,0,0,0,0.9143926409997221,600.0,99494,5033984,3.940460505677897,1.2625283936719802,3.121086642825773,67.95987697750618
case_046,4,B,79918,276455,2791200,2791200,0,3.045638683001016,600.0,79918,2791200,3.4592332140443953,3.4592332140443953,1.0,0.0
case_047,4,B,125959,326508,5012946,5012946,0,86.07546112600085,600.0,158075,4774994,2.5921768194412467,2.0655258579788076,1.2549718559213712,20.31693816226475
case_048,4,B,97813,222220,1114512,1114512,0,12.588647286000196,600.0,118604,1298448,2.271886150102747,1.873629894438636,1.2125586578471164,17.529762908502246
case_049,4,B,70510,196276,1739398,1739398,0,32.779782550000164,600.0,94031,3352050,2.7836618919302225,2.087354170433155,1.333583888810098,25.014091097616742
case_050,4,B,59891,149690,1620642,1620642,0,44.118891715000245,600.0,83140,2812102,2.4993738625169057,1.8004570603800818,1.3881885425189093,27.96367572768824
case_051,4,B,178386,607628,1252,1252,0,7.5282935589984845,600.0,182130,1444,3.4062538540019958,3.3362323615000276,1.020988194140796,2.055674518201289
case_052,4,B,45500,180301,259584,259584,0,3.6057305330004965,600.0,65663,2637052,3.9626593406593407,2.745853829401642,1.443142857142857,30.706790734508015
case_053,4,B,425404,1472686,11152366,11152366,0,63.51665278700057,600.0,485759,15707000,3.4618527329315194,3.0317214915215156,1.1418768981955976,12.42488559141467
case_054,4,B,262542,815051,7592222,7592222,0,46.361679489999005,600.0,315963,11897118,3.104459476959877,2.5795773555764443,1.2034760152661288,16.907359406006396
case_055,4,B,31823,118835,115712,115712,0,3.741667687001609,600.0,45738,1315538,3.7342488137510608,2.598167825440553,1.4372623574144487,30.423280423280417
case_056,4,B,104605,277285,3214102,3214102,0,81.80637213400041,600.0,124010,4739718,2.650781511400029,2.2359890331424883,1.1855073849242388,15.647931618417864
case_057,4,B,20957,59726,288,288,0,4.457389871000487,600.0,24485,951132,2.8499308107076393,2.439289360833163,1.1683447058262155,14.408821727588316
case_058,4,B,1141608,4539717,32284672,19869696,12414976,56.27308753299985,600.0,2996915,158986240,3.976598797485652,1.5147967159562417,2.6251699357397635,61.907227932724155
case_059,4,B,185216,829473,1081344,1081344,0,2.8085098960000323,600.0,263047,9551872,4.478408992743607,3.153326211665596,1.420217475812025,29.588248487912804
case_060,4,B,240113,888789,3131648,3123456,8192,11.83323913499953,600.0,511847,26177360,3.701544689375419,1.7364349112137025,2.1316921616072433,53.08891133483248
case_061,4,B,26678,77191,62208,62208,0,4.096218186001352,600.0,34147,1151026,2.893432791063798,2.260549975107623,1.2799685133818128,21.87307816206402
case_062,4,B,838854,2854809,10054656,8165376,1889280,51.00634814499972,600.0,843402,10644480,3.40322511426303,3.384873405564606,1.0054216824381834,0.5392446306743404
case_063,4,B,313176,1070397,3538944,3443712,95232,41.944637578000766,600.0,313678,3757056,3.4178768488006743,3.4124069906082033,1.0016029325363374,0.16003672555933157
case_064,4,B,10614,19116,152784,152784,0,5.687829589000103,600.0,19744,254322,1.801017524024873,0.968192868719611,1.8601846617674769,46.24189627228525
case_065,4,B,11769,53068,41760,41760,0,2.7580015559997264,600.0,21947,761776,4.5091341660293995,2.4180070169043604,1.8648143427648909,46.37535881897298
case_066,4,B,123721,359070,3938934,3938934,0,54.395401413999934,600.0,165830,6673392,2.9022558821865325,2.165289754567931,1.340354507318887,25.392872218537054
case_067,4,B,16152614,63834834,154190976,58049664,96141312,55.02964189600061,600.0,17926926,177872000,3.9519816421044918,3.5608354717367607,1.1098467405956707,9.897469315151962
case_068,4,B,147382,362095,4076226,4076226,0,59.22371947300053,600.0,188645,5912270,2.4568468333989224,1.9194518805163137,1.2799731310472107,21.873360014842692
case_069,4,B,14483,25144,503470,503470,0,6.612040723999598,600.0,17676,675470,1.736104398260029,1.4224937768725956,1.220465373196161,18.064041638379724
case_070,4,B,34658,117300,360960,360960,0,6.388745270000072,600.0,55042,1510244,3.384499971146633,2.131099887358744,1.58814703675919,37.033538025507795
case_071,4,B,10331,18919,329486,329486,0,5.204799515000559,600.0,16032,562832,1.8312844835930695,1.1800773453093811,1.5518342851611655,35.56012974051897
case_072,4,B,5911772,23897828,85994272,28660056,57334216,121.54685129300015,600.0,10402844,424781414,4.042413679011978,2.297239870173964,1.7596828835753475,43.17157884901475
case_073,4,B,2507770,10081626,44120192,17933440,26186752,31.59899599899836,600.0,3619516,94522496,4.02015575591063,2.7853519641852666,1.443320559700451,30.715322159095304
case_074,4,B,406099,1682239,6230016,6217728,12288,8.270775455999683,600.0,587662,22295366,4.14243571148907,2.8625961862431124,1.4470904877874606,30.895821067212104
case_075,4,B,425508,1441809,12171570,12171570,0,51.98926254399885,600.0,462195,8222866,3.3884415804168193,3.119482036802648,1.0862192955244085,7.937558822574886
case_076,4,B,1540201,6185113,37442560,12223488,25219072,62.29176044899941,600.0,3727474,185330712,4.015783004945458,1.659330957103926,2.4201217892989293,58.67976543900776
case_077,4,B,144734,495320,172032,172032,0,14.330066833001183,600.0,207817,7621128,3.4222781101883455,2.3834431254420956,1.4358547404203574,30.355072010470753
case_078,4,B,568228,2296143,6445440,6445440,0,2.7451454549991468,600.0,568228,6445440,4.040883237010496,4.040883237010496,1.0,0.0
case_079,4,B,7635624,31052251,30445568,10948608,19496960,87.06153818500024,600.0,13935010,448319488,4.066760097144647,2.2283623047274457,1.8249995023327497,45.205464509892714
case_080,4,B,100325,292138,3047424,3047424,0,2.8096608279993234,600.0,199856,9916416,2.9119162721156244,1.4617424545672884,1.9920857214054324,49.80135697702346
case_081,4,B,39588,151795,0,0,0,5.972354067000197,600.0,76943,1910606,3.834369000707285,1.9728240385740092,1.943594018389411,48.5489258282105
case_082,4,B,217255,721041,6970608,6970608,0,39.89029755999945,600.0,238733,5387186,3.31886953119606,3.02028207244076,1.0988607857126418,8.996661542392548
case_083,4,B,219344,1057993,2791200,2791200,0,8.03856148199884,600.0,219344,2791200,4.82344171712014,4.82344171712014,1.0,0.0
case_084,4,B,629028,2507412,0,0,0,65.60966349699993,600.0,833133,27244416,3.986169137144928,3.00961791214608,1.3244768118430341,24.498489436860627
case_085,4,B,938020,3187899,29385842,29385842,0,68.54220130600152,600.0,992239,25015282,3.398540542845568,3.212833803146218,1.0578015394128057,5.464308498254955
case_086,4,B,55557,118403,2269390,2269390,0,41.881520678000015,600.0,75480,3338706,2.1311985888366904,1.5686671966083732,1.3586046762784167,26.395071542130367
case_087,4,B,1069325,3974071,7133184,5806080,1327104,102.92578668299939,600.0,1647696,71681848,3.7164295232974074,2.411895762325089,1.5408748509573797,35.10180275973238
case_088,4,B,98539,243623,2683862,2683862,0,24.076268641998468,600.0,134766,4597598,2.4723510488233087,1.8077482451063325,1.3676412384944032,26.881409257527867
case_089,4,B,165616,693092,716160,716160,0,11.145162625000012,600.0,165616,716160,4.184933822819051,4.184933822819051,1.0,0.0
case_090,4,B,295164,1178363,6514560,6514560,0,6.2737993269984145,600.0,313018,6764928,3.99223143743817,3.764521529113342,1.0604884064452305,5.7038253391178735
case_091,4,B,2290698,9186769,35909280,19435008,16474272,64.79457056399951,600.0,4557014,205513020,4.010467115263557,2.015962426272994,1.9893560827311152,49.73247832901105
case_092,4,B,1033609,4815554,6788896,2791200,3997696,47.609426352999435,600.0,1033609,6788896,4.658970655247778,4.658970655247778,1.0,0.0
case_093,4,B,19779,74205,24576,24576,0,1.4317526389986597,600.0,33942,1269760,3.751706355225239,2.1862294502386423,1.7160624905202488,41.72706381474279
case_094,4,B,27182,94892,318816,318816,0,2.2742991520008218,600.0,46751,2178924,3.490986682363329,2.0297319843425807,1.7199249503347804,41.857928172659406
case_095,4,B,524422,2084853,0,0,0,12.764887694000208,600.0,1101112,48981504,3.9755254356224565,1.8934068468965919,2.099667824767077,52.373418871104846
case_096,4,B,26984,84194,78336,78336,0,4.55485582700021,600.0,34203,1236464,3.120145271271865,2.4615969359412917,1.2675289060183812,21.10633570154665
case_097,4,B,2626908,11491509,14221312,7667712,6553600,11.804492270000992,600.0,3255160,83386368,4.37453805005733,3.5302439818626428,1.239160259894903,19.300188009191565
case_098,4,B,52186,177430,1249322,1249322,0,6.903164141998786,600.0,61580,1545466,3.3999540106541986,2.881292627476453,1.1800099643582571,15.254952906787922
case_099,4,B,405655,1622999,9764864,5652480,4112384,9.315356568000425,600.0,603644,24188944,4.000934291454561,2.6886691493661825,1.4880723767733666,32.79896760342188
case_100,4,B,50324,151223,1961860,1961860,0,6.061782721999407,600.0,67306,1993240,3.0049876798346715,2.246798205212017,1.3374533025991575,25.231034380292993
case_001,5,B,47502,233110,4608,4608,0,1.0006659240000033,600.0,47502,4608,4.9073723211654245,4.9073723211654245,1.0,0.0
case_002,5,B,59575,261945,872448,872448,0,8.244855432999984,600.0,62539,967680,4.396894670583299,4.188506372023857,1.0497524129248845,4.739442587825193
case_003,5,B,232588,602212,9723996,9723996,0,79.790540806,600.0,259650,10784224,2.5891791493972174,2.319322164452147,1.1163516604467987,10.422491815906032
case_004,5,B,88341,392357,442368,442368,0,2.6089799779999794,600.0,92812,2417664,4.441391879195391,4.227438262293669,1.0506107017126816,4.81726500883507
case_005,5,B,52655,95618,1728714,1728714,0,29.181423971000015,600.0,72407,3300184,1.8159339094103124,1.3205629289985774,1.3751210711233501,27.27913047081083
case_006,5,B,24618,82837,411656,411656,0,3.8510900519999893,600.0,32115,1104428,3.3648956048419856,2.5793865794799937,1.3045332683402389,23.344231667445115
case_007,5,B,203834,1012562,110592,110592,0,8.092754630000002,600.0,334420,8681472,4.967581463347626,3.0278153220501167,1.640648763209278,39.04850188385862
case_008,5,B,100603,487605,0,0,0,3.7009727829999974,600.0,209492,8943360,4.846823653370178,2.327559047600863,2.082363349005497,51.97764115097474
case_009,5,B,52311,153261,2008978,2008978,0,48.49686940699996,600.0,87164,2538948,2.929804438836956,1.7583061814510579,1.6662652214639369,39.98554449084485
case_010,5,B,26147,86969,778932,778932,0,4.080606474999968,600.0,31583,1349652,3.3261559643553755,2.753664946331887,1.2079014800933185,17.211791153468635
case_011,5,B,46880,184697,540672,540672,0,2.69480850299999,600.0,76747,3923968,3.9397824232081913,2.4065696379011556,1.637094709897611,38.91617913403781
case_012,5,B,12712,59088,31104,31104,0,2.554602301999978,600.0,23350,726270,4.6482064191315295,2.5305353319057815,1.8368470736312146,45.558886509635975
case_013,5,B,54363,263949,32768,32768,0,3.328906694000011,600.0,126368,4866048,4.855305998565201,2.0887329070650797,2.3245221934036016,56.9804064320081
case_014,5,B,3605387,17698626,53128200,35233968,17894232,114.31914621800001,600.0,7271324,329758612,4.908939317748691,2.434030721227661,2.0167943136201467,50.41636158696821
case_015,5,B,39837,177362,317952,317952,0,4.0044962430000055,600.0,74123,2506224,4.452192685192158,2.3928065512728844,1.8606571780003514,46.25554821040703
case_016,5,B,2087323,7715523,214900,214900,0,52.26305343600001,600.0,2108040,212468,3.6963723391156997,3.660045824557409,1.0099251529351232,0.9827612379271766
case_017,5,B,30495,162810,343296,343296,0,6.442688220999969,600.0,50102,1913004,5.338908017707821,3.2495708754141552,1.642957861944581,39.13416630074648
case_018,5,B,202778,1004367,5054464,4681728,372736,7.543270091000011,600.0,328140,14200072,4.953037311739933,3.0607880782592796,1.6182228841393052,38.203815444627296
case_019,5,B,18640,81144,327032,327032,0,2.3339685239999994,600.0,28884,1304200,4.353218884120172,2.8093061902783547,1.5495708154506438,35.46600193878964
case_020,5,B,107650,532746,0,0,0,5.155656496000006,600.0,676626,37797888,4.948871342313051,0.7873566785787126,6.2854249883882956,84.09017684806673
case_021,5,B,1250168,6567937,11431936,9420800,2011136,7.738558388000001,600.0,2229905,80388096,5.253643510312214,2.9453887048999845,1.7836842728337312,43.936266343185025
case_022,5,B,11813,56780,6912,6912,0,2.4308385969999335,600.0,35217,1531446,4.8065690341149585,1.6122895192662634,2.9812071446711252,66.45654087514552
case_023,5,B,24793,122614,197472,197472,0,3.983631040000091,600.0,43304,1988394,4.945508812971403,2.8314705338998705,1.7466220304118099,42.7466284869758
case_024,5,B,694207,2555343,202660,202660,0,32.508208696999986,600.0,701664,201860,3.6809525112826575,3.6418328430701874,1.0107417528201244,1.0627593834085847
case_025,5,B,975282,4863026,110592,110592,0,60.156089594000036,600.0,2117441,71780352,4.986276789687495,2.296652421484235,2.171106408197834,53.940534824819196
case_026,5,B,33518,99203,491168,491168,0,3.953548868999974,600.0,54479,2207536,2.9596932991228595,1.8209401787844857,1.6253654752670208,38.47537583288974
case_027,5,B,558753,2363952,5529600,5529600,0,4.371145511000009,600.0,582125,15900672,4.230763861670542,4.060901009233412,1.0418288581895758,4.014945243719136
case_028,5,B,8211965,43836040,30147072,18264576,11882496,66.60925583799997,600.0,8233217,40272384,5.338069511986474,5.324290614470626,1.0025879311468084,0.2581251046826494
case_029,5,B,9383,37555,0,0,0,1.7162331209999593,600.0,23318,841018,4.002451241607162,1.6105583669268377,2.485132686773953,59.760699888498145
case_030,5,B,561102,2808034,11479040,7463936,4015104,10.333003041999973,600.0,1404723,76843016,5.004498290863337,1.9989948196192417,2.50350738368425,60.056039518111405
case_031,5,B,306307,1414369,8059392,6248448,1810944,12.477989807999961,600.0,613238,32027002,4.617488336864649,2.306394907034463,2.002037171856993,50.050877473346404
case_032,5,B,10415,41443,12360,12360,0,2.3515611710000712,600.0,20018,574704,3.9791646663466156,2.070286741932261,1.9220355256841095,47.971825357178545
case_033,5,B,369453,1774196,6509184,6509184,0,5.596961822000026,600.0,730436,38422850,4.802223828200069,2.428954761265874,1.9770742151234393,49.42020929965116
case_034,5,B,173032,842996,3532800,3532800,0,5.90066308400003,600.0,366733,18917118,4.8719080863655275,2.298664150758181,2.1194518932914144,52.817990199954735
case_035,5,B,58349,169571,1602218,1602218,0,32.76062619600009,600.0,89461,2291788,2.906150919467343,1.8954740054325347,1.533205367701246,34.77716546875175
case_036,5,B,187182,931510,4608,4608,0,2.770349237000005,600.0,187182,4608,4.976493466252097,4.976493466252097,1.0,0.0
case_037,5,B,43800,210001,1925120,1925120,0,1.5186220119999234,600.0,92131,4849664,4.794543378995434,2.279373934940465,2.1034474885844747,52.458998599819815
case_038,5,B,283188,1364555,8558592,8558592,0,11.363576807999948,600.0,545383,24937096,4.81854810232072,2.502012347286219,1.9258690339986158,48.07538922188627
case_039,5,B,381106,1435262,13320192,12607488,712704,20.31119210600002,600.0,964785,52690944,3.7660440927196106,1.487649579958229,2.5315397815830765,60.49834937317641
case_040,5,B,89745,253454,2634900,2634900,0,30.96737934700002,600.0,115802,4340500,2.8241573346704554,2.188684133261947,1.2903448660092485,22.50133849156318
case_041,5,B,1196379,6003957,40630272,18020352,22609920,22.751345904999994,600.0,2535316,125127020,5.018440644645217,2.368129653266102,2.119157892273268,52.811444411663075
case_042,5,B,369780,1686740,8045568,7286784,758784,9.33489434799992,600.0,561688,22046060,4.561468981556601,3.0029838629274614,1.5189788522905512,34.16629872811953
case_043,5,B,240597,677656,9832918,9832918,0,112.167295953,600.0,334137,15499348,2.8165604724913447,2.0280783032109584,1.3887829025299567,27.994505247847435
case_044,5,B,45248,154407,930400,930400,0,5.396930784000006,600.0,82823,3721600,3.4124602192362095,1.8643009791965999,1.8304234441301273,45.36783260688456
case_045,5,B,26164,125614,0,0,0,2.7512367799999993,600.0,125587,6893568,4.801024308209754,1.000214990405058,4.799992355908882,79.16663348913502
case_046,5,B,79918,276455,2791200,2791200,0,3.501886246999902,600.0,94948,3721600,3.4592332140443953,2.911646374857817,1.1880677694637003,15.829717318953529
case_047,5,B,119372,326508,3409368,3409368,0,64.86226029400007,600.0,174163,6671256,2.735214288107764,1.874726549267066,1.4589937338739403,31.459609675993182
case_048,5,B,98572,222220,1132628,1132628,0,16.607644002000143,600.0,118081,1639444,2.2543927281580975,1.8819285067030258,1.1979162439638031,16.521709673867935
case_049,5,B,64305,196276,2125062,2125062,0,35.905748654000035,600.0,92852,3896060,3.0522665422595443,2.113858613707836,1.443931265064925,30.744625856201267
case_050,5,B,58897,149690,1885008,1885008,0,36.9931383239998,600.0,85297,3524476,2.541555597059273,1.7549269024701923,1.4482401480550793,30.950678218460205
case_051,5,B,168374,607628,198040,198040,0,7.007118687999991,600.0,170826,197856,3.608799458348676,3.5569995199793945,1.014562818487415,1.4353786894266696
case_052,5,B,41994,180301,333312,333312,0,3.1813432530000227,600.0,64146,2905834,4.293494308710768,2.8107910080129703,1.5275039291327333,34.53371995136095
case_053,5,B,375096,1472686,12135050,12135050,0,43.125186806999864,600.0,439600,17343320,3.9261575703286624,3.350059144676979,1.1719666432060059,14.673339399454044
case_054,5,B,240647,815051,8940968,8940968,0,62.27859865200003,600.0,301425,13524672,3.3869152742398616,2.703992701335324,1.2525608048303116,20.163556440242182
case_055,5,B,26183,118835,198656,198656,0,4.29717967800002,600.0,42272,1458482,4.5386319367528545,2.811198902346707,1.614482679601268,38.06065480696442
case_056,5,B,97116,277285,3574548,3574548,0,65.13360086900002,600.0,143239,6477552,2.855193788871041,1.9358205516653983,1.4749268915523703,32.200029321623305
case_057,5,B,16538,59726,27936,27936,0,3.4395895850000215,600.0,23643,909234,3.6114403192647235,2.526159962779681,1.429616640464385,30.051177938501883
case_058,5,B,1004819,4539717,32104448,18382848,13721600,34.00380341599998,600.0,2758682,144920576,4.517945022934478,1.6456108387991077,2.7454516684099324,63.576120770715875
case_059,5,B,150782,829473,4325376,4325376,0,2.1208835259999432,600.0,265977,14401536,5.501140719714555,3.1185892013219187,1.7639837646403418,43.31013583881314
case_060,5,B,185331,888789,3641728,3441024,200704,14.86525423199987,600.0,471736,24689456,4.79568447804199,1.8840813505859209,2.5453701755237925,60.712983533162614
case_061,5,B,22283,77191,83712,83712,0,3.483052832000112,600.0,31801,1077282,3.46412063007674,2.4273136064903618,1.427141767266526,29.929876418980538
case_062,5,B,703542,2854809,10626048,9262080,1363968,74.02236130999995,600.0,700027,10275840,4.057766274081718,4.078141271693806,0.9950038519377663,-0.5021234895225435
case_063,5,B,255854,1070397,3253248,3234816,18432,38.83116077700015,600.0,257434,3517440,4.18362425445762,4.157947279691105,1.006175396906048,0.6137495435723284
case_064,5,B,8333,19116,132948,132948,0,4.367508777000012,600.0,19618,268728,2.294011760470419,0.9744112549699255,2.3542541701668065,57.52370272199001
case_065,5,B,9558,53068,55728,55728,0,1.7896510639998269,600.0,22408,792498,5.552207574806445,2.368261335237415,2.3444235195647627,57.345590860407
case_066,5,B,119141,359070,4419676,4419676,0,51.466608023999925,600.0,163749,6912204,3.0138239564885305,2.1928072843192936,1.3744135100427224,27.241693079041706
case_067,5,B,13054159,63834834,158705152,66256384,92448768,53.604445796999926,600.0,15255427,176334336,4.889999731120174,4.184401655882854,1.1686257996397929,14.429409284971173
case_068,5,B,141879,362095,4184738,4184738,0,56.06787038200014,600.0,189227,6632936,2.5521394991506847,1.9135482779941553,1.3337209876021117,25.021799214699804
case_069,5,B,13698,25144,465362,465362,0,5.78249543700008,600.0,23640,1070422,1.835596437436122,1.0636209813874788,1.7257993867717916,42.05583756345178
case_070,5,B,25840,117300,462848,462848,0,3.535473312000022,600.0,52396,1964004,4.5394736842105265,2.238720513016261,2.027708978328173,50.683258263989615
case_071,5,B,10442,18919,317010,317010,0,3.9199138799999673,600.0,16489,630356,1.8118176594522122,1.14737097458912,1.5791036199961692,36.67293347079872
case_072,5,B,4831103,23897828,84918960,39420592,45498368,127.1108313289999,600.0,9009481,379099592,4.9466608350101415,2.6525199398278323,1.8648911025080608,46.37756603293796
case_073,5,B,2034983,10081626,37201408,21712384,15489024,33.11736619500016,600.0,3210135,95880704,4.954157356597082,3.1405613782597928,1.5774750943865379,36.60755700305439
case_074,5,B,330183,1682239,7118848,7118848,0,7.2216594330000135,600.0,538933,26993476,5.094868603168546,3.121425112212464,1.6322251599870374,38.73394280921747
case_075,5,B,374967,1441809,12788022,12788022,0,77.46543423000003,600.0,443164,13253336,3.8451623742889374,3.2534434204944445,1.1818746716377708,15.388659728678322
case_076,5,B,1240011,6185113,40553472,16297984,24255488,43.069486003000065,600.0,3452514,193668124,4.987950106894213,1.791480932445169,2.7842607847833607,64.0838241351085
case_077,5,B,121081,495320,172032,172032,0,14.970456686000034,600.0,201780,8124824,4.090815239385205,2.454752700961443,1.6664877230944575,39.993557339676876
case_078,5,B,481517,2296143,12822528,12822528,0,3.2016371899999285,600.0,568001,9547776,4.768560611567193,4.042498164615908,1.1796073658873933,15.226029531638153
case_079,5,B,6045667,31052251,31907840,23248896,8658944,43.1662208690002,600.0,11896321,471629824,5.136282067801617,2.610239838013786,1.9677433441173653,49.18036424874548
case_080,5,B,100325,292138,3047424,3047424,0,2.945136731000048,600.0,212095,10641408,2.9119162721156244,1.3773922063226385,2.1140792424619983,52.69808340602089
case_081,5,B,30943,151795,0,0,0,2.611082111999849,600.0,75906,2027270,4.905632937982743,1.9997760387848127,2.453091167630805,59.235106579190045
case_082,5,B,195543,721041,5194934,5194934,0,35.35291377500016,600.0,221569,6774808,3.6873782237154997,3.2542503689595565,1.1330960453710948,11.746228037315687
case_083,5,B,191867,1057993,3721600,3721600,0,5.668613148000077,600.0,191867,3721600,5.5141999405838416,5.5141999405838416,1.0,0.0
case_084,5,B,503472,2507412,0,0,0,67.28909583599989,600.0,784692,26507904,4.98024120507198,3.1954091541649463,1.5585613499856994,35.83826520469178
case_085,5,B,822333,3187899,22587672,22587672,0,86.31101635799996,600.0,905161,36103224,3.8766521591617993,3.521913781084249,1.1007231863490825,9.150637289940688
case_086,5,B,55557,118403,2269390,2269390,0,40.25698524399968,600.0,93927,4664088,2.1311985888366904,1.2605853481959395,1.690642043306874,40.85087355073621
case_087,5,B,885221,3974071,8050176,6981120,1069056,67.06753147399968,600.0,1553933,68074940,4.489354635735031,2.5574275081358078,1.755418138521341,43.03351560202403
case_088,5,B,98539,243623,2683862,2683862,0,26.22384552199992,600.0,135934,4936000,2.4723510488233087,1.7922153397972544,1.3794944133794742,27.509673812291258
case_089,5,B,133338,693092,954880,954880,0,8.356530256000042,600.0,133338,954880,5.1980080697175595,5.1980080697175595,1.0,0.0
case_090,5,B,274650,1178363,8606208,8606208,0,4.724327931000062,600.0,295517,8991744,4.290416894229018,3.9874626502028647,1.0759766976151466,7.061184297350065
case_091,5,B,1848187,9186769,39725056,25913344,13811712,56.39311907000001,600.0,4112199,212074612,4.970692359593483,2.2340283142912103,2.224990761216262,55.05599315597324
case_092,5,B,814597,4815554,4606336,3721600,884736,40.66484807000006,600.0,814597,4606336,5.911578363288841,5.911578363288841,1.0,0.0
case_093,5,B,15876,74205,32768,32768,0,1.2139907910000147,600.0,35053,1335296,4.674036281179139,2.1169372093686705,2.2079239103048627,54.708584144010494
case_094,5,B,20297,94892,259200,259200,0,1.906708749000245,600.0,51267,2485104,4.67517367098586,1.8509372500828993,2.5258412573286693,60.409230109037004
case_095,5,B,420852,2084853,0,0,0,22.194776187000116,600.0,1086817,48364800,4.953886401870491,1.9183109943992411,2.582420898558163,61.27664547021256
case_096,5,B,25183,84194,623148,623148,0,6.8115108530000725,600.0,34992,1273476,3.3432871381487512,2.406092821216278,1.3895087956160903,28.03212162780064
case_097,5,B,2102348,11491509,21311488,17039360,4272128,7.45722673299997,600.0,2740474,101289984,5.466035594487687,4.193255984183758,1.3035301481962074,23.285241896109945
case_098,5,B,50844,177430,1517236,1517236,0,7.516437885999949,600.0,66626,2355252,3.489693965856345,2.663074475430012,1.3104004405632916,23.687449344099896
case_099,5,B,324321,1622999,7065600,7065600,0,6.30717722099962,600.0,528044,18574356,5.004298210723326,3.0736056086235237,1.6281523552283077,38.58068645794669
case_100,5,B,47130,151223,1112288,1112288,0,9.706714668999666,600.0,60805,2147984,3.208635688521112,2.4870158704053944,1.2901548907277742,22.489926815229012
case_001,1,L2,233110,233110,0,0,0,1.7814008409999929,600.0,233110,0,1.0,1.0,1.0,0.0
case_002,1,L2,261945,261945,0,0,0,9.233746875999998,600.0,270245,402432,1.0,0.9692871283465004,1.0316860409627975,3.0712871653499563
case_003,1,L2,548159,602212,24576,0,24576,92.488914948,600.0,591726,0,1.098608250525851,1.0177210398055856,1.0794787643731107,7.36269827589121
case_004,1,L2,392357,392357,0,0,0,2.104530490000002,600.0,468067,4580352,1.0,0.8382496522933682,1.192962021832158,16.175034770663178
case_005,1,L2,83323,95618,0,0,0,16.609897853000007,600.0,92369,0,1.1475582972288563,1.035174138509673,1.1085654621173024,9.793328930701861
case_006,1,L2,76373,82837,166044,0,166044,6.174041871999975,600.0,81747,55340,1.0846372409097456,1.0133338226479258,1.0703651814122792,6.57394155137192
case_007,1,L2,1012562,1012562,0,0,0,45.835100598999986,600.0,1371060,14163456,1.0,0.7385249369101279,1.3540504186410314,26.14750630898721
case_008,1,L2,487605,487605,0,0,0,9.646339386000022,600.0,489877,11410176,1.0,0.9953621010988473,1.0046595092339086,0.4637898901152737
case_009,1,L2,146683,153261,327048,0,327048,46.23768503399998,600.0,146712,218758,1.0448450058970706,1.044638475380337,1.000197705255551,0.019766617590921687
case_010,1,L2,86057,86969,63892,0,63892,6.155804177999926,600.0,86057,63892,1.0105976271540955,1.0105976271540955,1.0,0.0
case_011,1,L2,184697,184697,0,0,0,1.7055729019999717,600.0,209814,1933312,1.0,0.8802892085370853,1.1359902976225926,11.971079146291475
case_012,1,L2,51532,59088,0,0,0,7.618321437999953,600.0,62965,6144,1.1466273383528682,0.9384261097435083,1.22186214391058,18.157706662431504
case_013,1,L2,263949,263949,0,0,0,5.781968548999998,600.0,384032,3973120,1.0,0.6873099116740272,1.454947736115689,31.26900883259728
case_014,1,L2,17689602,17698626,71010720,0,71010720,190.656565398,600.0,22691214,382815744,1.0005101301883446,0.7799770430969449,1.2827430487130236,22.04206438668288
case_015,1,L2,156783,177362,873464,0,873464,7.929629229999989,600.0,193545,890300,1.1312578532111262,0.9163863700948099,1.2344769522205852,18.99403239556692
case_016,1,L2,7715523,7715523,0,0,0,50.33940650400001,600.0,7715523,0,1.0,1.0,1.0,0.0
case_017,1,L2,155189,162810,0,0,0,10.331958677999978,600.0,167309,319492,1.0491078620263035,0.9731096354649182,1.0780983188241435,7.244081310628836
case_018,1,L2,1003110,1004367,1970176,0,1970176,22.183679815000005,600.0,1084925,9632384,1.0012531028501361,0.92574786275549,1.0815613442194774,7.541074267806536
case_019,1,L2,74026,81144,315392,0,315392,6.13078703299999,600.0,84010,285708,1.0961554048577526,0.9658850136888466,1.134871531624024,11.88429948815617
case_020,1,L2,532746,532746,0,0,0,16.222070607999967,600.0,847733,30552064,1.0,0.6284360759814706,1.591251740979754,37.15639240185295
case_021,1,L2,6558837,6567937,4501504,0,4501504,47.97992549999998,600.0,8337045,93229056,1.0013874410966457,0.78780155318821,1.2711163579762692,21.328996065152584
case_022,1,L2,56750,56780,0,0,0,8.422732231999987,600.0,58093,609008,1.0005286343612334,0.9773983096070095,1.0236651982378855,2.3118103730225714
case_023,1,L2,109032,122614,1100056,0,1100056,7.908965937000062,600.0,129238,1059892,1.1245689338909677,0.9487457249415806,1.1853217404064862,15.634720438261196
case_024,1,L2,2555343,2555343,0,0,0,11.067581048000022,600.0,2555343,0,1.0,1.0,1.0,0.0
case_025,1,L2,4863026,4863026,0,0,0,315.1068128200001,600.0,6770998,75770880,1.0,0.7182140653416232,1.3923425455673073,28.178593465837675
case_026,1,L2,90235,99203,0,0,0,5.277189977000035,600.0,108350,590104,1.0993849393250956,0.9155791416705122,1.200753587853937,16.71896631287494
case_027,1,L2,2359515,2363952,1400832,0,1400832,10.849632204000045,600.0,2593426,18362368,1.0018804711985303,0.911517043478395,1.09913520363295,9.019382083776438
case_028,1,L2,41555374,43836040,62779392,0,62779392,215.925704398,600.0,41555374,62779392,1.0548825766794927,1.0548825766794927,1.0,0.0
case_029,1,L2,37555,37555,0,0,0,1.9086225099999865,600.0,38260,143360,1.0,0.9815734448510194,1.0187724670483291,1.8426555148980617
case_030,1,L2,2807891,2808034,5519360,0,5519360,37.077067677999935,600.0,3982247,78480384,1.0000509279028282,0.7051380790794745,1.4182341835918844,29.489783029530813
case_031,1,L2,1412441,1414369,2251776,0,2251776,51.231840386000044,600.0,1771096,25572354,1.0013650127686748,0.7985840406166577,1.253925650699746,20.250455085438624
case_032,1,L2,34524,41443,0,0,0,3.0860375999999974,600.0,40430,0,1.2004113080755416,1.0250556517437546,1.1710694009964082,14.607964382883997
case_033,1,L2,1774080,1774196,4592640,0,4592640,12.470826474000035,600.0,2214580,33458712,1.000065386002886,0.8011433319184676,1.2482977092352092,19.890904821681765
case_034,1,L2,825894,842996,0,0,0,30.52493790099993,600.0,1068148,15565320,1.0207072578321188,0.7892127308200736,1.2933233562660584,22.679815905661016
case_035,1,L2,162870,169571,0,0,0,26.19820510600016,600.0,164853,0,1.0411432430773009,1.0286194367102812,1.0121753545772703,1.2028898473185223
case_036,1,L2,931510,931510,0,0,0,8.505107436000003,600.0,931510,0,1.0,1.0,1.0,0.0
case_037,1,L2,210001,210001,0,0,0,2.9233457489999637,600.0,272803,3178496,1.0,0.7697899216650843,1.2990557187822915,23.02100783349157
case_038,1,L2,1363312,1364555,5627904,0,5627904,17.42552691000003,600.0,1704986,26422272,1.0009117502083162,0.8003320848382333,1.250620547607591,20.0396953406069
case_039,1,L2,1435262,1435262,7929856,0,7929856,66.79792125099993,600.0,2145158,44441600,1.0,0.6690705300029182,1.494610740060003,33.09294699970818
case_040,1,L2,236131,253454,0,0,0,17.314227840000058,600.0,251197,80788,1.0733618203454862,1.0089849799161614,1.063803566664267,5.997683093349049
case_041,1,L2,6001575,6003957,30898176,0,30898176,75.5372169709999,600.0,7982350,142234624,1.0003968958148486,0.7521540649056982,1.3300425305024097,24.81443434577537
case_042,1,L2,1675633,1686740,6629376,0,6629376,47.32195484600004,600.0,1845949,22924288,1.0066285397816825,0.9137522217569392,1.1016427821605328,9.2264737541503
case_043,1,L2,642964,677656,2867036,0,2867036,90.18985024599999,600.0,642964,2867036,1.0539563645865087,1.0539563645865087,1.0,0.0
case_044,1,L2,78274,154407,0,0,0,10.039197650000006,600.0,78274,0,1.9726473669417686,1.9726473669417686,1.0,0.0
case_045,1,L2,125614,125614,0,0,0,3.42164112699993,600.0,183551,6213632,1.0,0.6843547569885209,1.4612304360978872,31.564524301147912
case_046,1,L2,216726,276455,0,0,0,7.22614282699999,600.0,216726,0,1.275596836558604,1.275596836558604,1.0,0.0
case_047,1,L2,291280,326508,0,0,0,49.057076842000015,600.0,307671,0,1.1209420488876682,1.0612244897959184,1.0562723152979951,5.327443925491837
case_048,1,L2,198369,222220,0,0,0,9.689584541000045,600.0,200385,0,1.1202355206710726,1.1089652419093246,1.0101628782723107,1.0060633280934206
case_049,1,L2,181681,196276,27658,0,27658,26.313266148000025,600.0,183488,0,1.0803331113325003,1.069693930938263,1.0099460042602144,0.9848055458667626
case_050,1,L2,141691,149690,372270,0,372270,27.54017996899995,600.0,141691,372270,1.0564538326358062,1.0564538326358062,1.0,0.0
case_051,1,L2,607628,607628,0,0,0,2.0174152959998537,600.0,607628,0,1.0,1.0,1.0,0.0
case_052,1,L2,175278,180301,0,0,0,7.432630141000004,600.0,198147,567104,1.0286573329225572,0.9099355528975962,1.1304727347413823,11.541431361564902
case_053,1,L2,1341846,1472686,855054,0,855054,81.12593795700013,600.0,1374908,867342,1.0975074635986544,1.0711160310362584,1.024639191084521,2.404669985191732
case_054,1,L2,815051,815051,0,0,0,89.92388485599997,600.0,848180,3040542,1.0,0.9609410738286684,1.0406465362290211,3.9058926171331554
case_055,1,L2,105512,118835,282696,0,282696,8.825825903000009,600.0,116965,229464,1.1262699977253772,1.0159876886248023,1.1085468951398894,9.791818065233194
case_056,1,L2,258692,277285,25618,0,25618,61.02204039700007,600.0,262320,101576,1.071873115519614,1.0570486428789265,1.0140243996721972,1.383043610856971
case_057,1,L2,59056,59726,0,0,0,5.572969021000063,600.0,61047,286720,1.0113451639122188,0.9783609350172817,1.0337137632078028,3.261421527675401
case_058,1,L2,4539717,4539717,28696576,0,28696576,193.12059137999995,600.0,7219621,156753920,1.0,0.6288026753758957,1.5903240224005153,37.119732462410425
case_059,1,L2,738041,829473,0,0,0,7.031289388999994,600.0,913229,12607488,1.123884716431743,0.9082858735322684,1.2373689266585461,19.18335926695276
case_060,1,L2,882534,888789,1439748,0,1439748,61.71150654200005,600.0,1202135,22700156,1.0070875456356356,0.7393420872031843,1.3621401555067567,26.58611553610868
case_061,1,L2,77191,77191,0,0,0,7.535014844999978,600.0,90199,0,1.0,0.8557855408596547,1.168517055097097,14.421445914034525
case_062,1,L2,2854809,2854809,0,0,0,124.61325250899995,600.0,3066597,11707392,1.0,0.9309371267238571,1.074186399160154,6.906287327614291
case_063,1,L2,1070397,1070397,0,0,0,43.37447785699999,600.0,1136021,3683328,1.0,0.9422334622335327,1.0613080940996658,5.776653776646734
case_064,1,L2,17184,19116,0,0,0,6.144546137000134,600.0,17625,0,1.1124301675977655,1.084595744680851,1.025663407821229,2.5021276595744713
case_065,1,L2,44156,53068,0,0,0,4.802044673999944,600.0,52874,0,1.2018298758945556,1.003669100124825,1.1974363619893107,16.488255097023107
case_066,1,L2,318124,359070,75272,0,75272,40.61322236199999,600.0,343097,164210,1.1287108171656335,1.046555347321603,1.0785008361519408,7.278699609731354
case_067,1,L2,61875727,63834834,197050368,0,197050368,108.93085277199998,600.0,61875727,197050368,1.031661963341457,1.031661963341457,1.0,0.0
case_068,1,L2,327848,362095,531976,0,531976,43.19017530600013,600.0,355323,363012,1.1044599936555966,1.0190587155911663,1.0838040799394841,7.732401223675356
case_069,1,L2,21597,25144,0,0,0,4.28265814700012,600.0,24055,0,1.1642357734870583,1.0452712533776762,1.113812103532898,10.218249844107252
case_070,1,L2,110849,117300,0,0,0,9.340161131000059,600.0,122543,8204,1.0581962850364008,0.9572150184017039,1.1054948623803553,9.54277274099704
case_071,1,L2,15824,18919,0,0,0,4.915966187999857,600.0,18077,0,1.1955889787664307,1.046578525197765,1.1423786653185035,12.463351219782048
case_072,1,L2,23890756,23897828,108613680,0,108613680,385.450982692,600.0,29590816,442636736,1.000296014073393,0.8076096313126343,1.2385885151562386,19.262936175872948
case_073,1,L2,8702659,10081626,90447872,0,90447872,53.873678487999996,600.0,8702659,90447872,1.158453525525934,1.158453525525934,1.0,0.0
case_074,1,L2,1647335,1682239,5255176,0,5255176,36.379062919000035,600.0,1846603,18702412,1.0211881614850653,0.9109911551102213,1.1209638598099354,10.791057958857431
case_075,1,L2,1334897,1441809,0,0,0,36.63174045000005,600.0,1334897,0,1.0800900743652881,1.0800900743652881,1.0,0.0
case_076,1,L2,6183098,6185113,28280832,0,28280832,184.61792671500007,600.0,9186190,200206336,1.0003258884138664,0.6733055815305365,1.4856937412281028,32.69137694735249
case_077,1,L2,495320,495320,0,0,0,41.33458432899988,600.0,545456,2454184,1.0,0.9080842451086797,1.1012194137123477,9.191575489132031
case_078,1,L2,2095621,2296143,24576,0,24576,3.7296285120000903,600.0,2095621,24576,1.0956861951660153,1.0956861951660153,1.0,0.0
case_079,1,L2,31052251,31052251,32448512,0,32448512,256.5990813039999,600.0,40812071,478351360,1.0,0.7608594770895111,1.314303140213571,23.914052291048893
case_080,1,L2,291826,292138,548864,0,548864,4.026735064999912,600.0,345123,5201920,1.0010691302351402,0.8464750248462143,1.1826328017380219,15.442900067512166
case_081,1,L2,151795,151795,0,0,0,9.10054391499989,600.0,160628,1716224,1.0,0.9450095873695744,1.0581903224743898,5.4990412630425585
case_082,1,L2,717869,721041,597130,0,597130,18.09648326499996,600.0,717869,597130,1.0044186334832679,1.0044186334832679,1.0,0.0
case_083,1,L2,851601,1057993,262144,0,262144,32.64804646499988,600.0,851601,262144,1.2423576299229333,1.2423576299229333,1.0,0.0
case_084,1,L2,2191327,2507412,29453952,0,29453952,159.7701749339999,600.0,2191327,29453952,1.1442436477987996,1.1442436477987996,1.0,0.0
case_085,1,L2,3187899,3187899,0,0,0,111.24695049599995,600.0,3279105,7653730,1.0,0.9721857031110623,1.0286100657517694,2.781429688893766
case_086,1,L2,105557,118403,155146,0,155146,26.951435672000116,600.0,114851,72392,1.121697282037193,1.0309270271917528,1.0880472161959889,8.092223837842072
case_087,1,L2,3969779,3974071,7902720,0,7902720,314.16156507100004,600.0,4531501,47873670,1.0010811684982968,0.8769877795458944,1.1414995645853334,12.395936798866424
case_088,1,L2,219539,243623,544128,0,544128,19.465666832999887,600.0,235539,407046,1.1097026040931224,1.034321280127707,1.0728799894324015,6.792930257834162
case_089,1,L2,659152,693092,0,0,0,33.996647061999965,600.0,659152,0,1.0514903997863922,1.0514903997863922,1.0,0.0
case_090,1,L2,882630,1178363,0,0,0,12.255761469999925,600.0,882725,0,1.3350588581851965,1.3349151774335155,1.0001076328699454,0.010762128635755097
case_091,1,L2,9168820,9186769,53947008,0,53947008,147.94859266100002,600.0,12247350,223405056,1.001957612866214,0.7501025936222938,1.3357607631080117,25.136294790301573
case_092,1,L2,4333631,4815554,66000096,0,66000096,166.9453599809999,600.0,4358155,29294592,1.111205361047122,1.1049524397365398,1.005658995885898,0.5627151856691603
case_093,1,L2,74205,74205,0,0,0,1.2580507339998803,600.0,87862,90112,1.0,0.8445630648061733,1.1840442018731892,15.543693519382673
case_094,1,L2,84874,94892,458752,0,458752,6.232119503999911,600.0,105885,246788,1.1180337912670546,0.896179817726779,1.2475551994721588,19.84322614156868
case_095,1,L2,2084853,2084853,0,0,0,38.76415475199997,600.0,2115445,50831616,1.0,0.9855387400759651,1.0146734565938222,1.4461259924034908
case_096,1,L2,75393,84194,107552,0,107552,6.788261617999979,600.0,90001,8204,1.1167349753955937,0.9354784946833924,1.1937580411974587,16.230930767435915
case_097,1,L2,11491509,11491509,10584064,0,10584064,109.98320072399997,600.0,13467202,121970688,1.0,0.8532959556112695,1.1719263327383722,14.670404438873053
case_098,1,L2,175431,177430,852332,0,852332,6.700279163000005,600.0,176391,648648,1.011394793394554,1.005890323202431,1.00547223694786,0.5442454547000652
case_099,1,L2,1618902,1622999,5484544,0,5484544,13.280037312999866,600.0,1873212,21230592,1.002530727616619,0.866425690204846,1.1570879522046424,13.57614621302874
case_100,1,L2,141463,151223,0,0,0,5.95033833399998,600.0,160922,345112,1.0689933056700338,0.9397285641490909,1.13755540317963,12.092193733610069
case_001,2,L2,116868,233110,1152,1152,0,1.6110104339995814,600.0,116868,1152,1.9946435294520313,1.9946435294520313,1.0,0.0
case_002,2,L2,137089,261945,562176,562176,0,15.855531868000071,600.0,140458,602112,1.9107659987307515,1.8649347135798602,1.0245752759156461,2.3985817824545452
case_003,2,L2,314363,602212,6408454,6408454,0,83.3290841170001,600.0,362188,4913410,1.915658013188575,1.662705556230466,1.152133043646994,13.204468397627755
case_004,2,L2,199074,392357,110592,110592,0,5.496748069000205,600.0,234620,4064256,1.9709103147573264,1.6723084136049782,1.1785567176024996,15.150456056602168
case_005,2,L2,60375,95618,2190534,2190534,0,65.46135845400022,600.0,70173,2229894,1.583734989648033,1.3626038504838043,1.1622857142857144,13.96263520157326
case_006,2,L2,39326,82837,614532,614532,0,5.96093389699945,600.0,43752,695712,2.1064181457559883,1.8933305906015725,1.1125464069572293,10.116108977875292
case_007,2,L2,507494,1012562,27648,27648,0,25.843507851999675,600.0,701318,13986816,1.9952196479170197,1.4437986762067991,1.3819237271770701,27.637106134449706
case_008,2,L2,244266,487605,0,0,0,6.493918773999212,600.0,303776,10793472,1.9962049568912579,1.6051465553565785,1.2436278483292804,19.59009269988412
case_009,2,L2,84423,153261,1236498,1236498,0,40.23881627100036,600.0,123039,1081466,1.8153939092427418,1.2456294345695267,1.457410895135212,31.385170555677465
case_010,2,L2,42721,86969,471500,471500,0,6.175433469999916,600.0,47605,884852,2.035743545328995,1.8268879319399223,1.1143231665925424,10.259426530826598
case_011,2,L2,92646,184697,180224,180224,0,1.332767419999982,600.0,106120,1441792,1.9935777043801135,1.740454202789295,1.1454353129115127,12.696946852619673
case_012,2,L2,29689,59088,461572,461572,0,5.805468311000368,600.0,31991,438142,1.9902320724847586,1.8470194742271264,1.0775371349658123,7.195773811384454
case_013,2,L2,132198,263949,8192,8192,0,3.8063063119998333,600.0,174752,3022848,1.9966187083011846,1.5104204815967772,1.3218959439628437,24.35108038820729
case_014,2,L2,8857863,17698626,51088824,9893208,41195616,235.35320982800022,600.0,13082214,330830336,1.998069511799855,1.3528769671555594,1.476904079460249,32.29079573228202
case_015,2,L2,87960,177362,1786394,1786394,0,7.492639838999821,600.0,107543,1598956,2.016393815370623,1.649219382014636,1.2226352887676217,18.209460401885757
case_016,2,L2,4025717,7715523,404192,404192,0,72.01241620899964,600.0,4037708,401768,1.9165587148823426,1.910867006727579,1.002978599836998,0.29697541278368433
case_017,2,L2,86028,162810,394974,372446,22528,14.28918689800048,600.0,86450,1148440,1.8925233644859814,1.8832851359167149,1.004905379643837,0.48814343551185635
case_018,2,L2,498614,1004367,1377280,1299456,77824,6.948897776999729,600.0,620154,12281224,2.0143176886328904,1.6195445002370379,1.2437556907748277,19.59835782724936
case_019,2,L2,40392,81144,814128,814128,0,5.2916940400000385,600.0,44110,688188,2.0089126559714794,1.839582861029245,1.0920479302832244,8.428927680798004
case_020,2,L2,266580,532746,0,0,0,10.771912841999892,600.0,622633,34037760,1.9984469952734638,0.8556340573018134,2.335632830669968,57.185051226003125
case_021,2,L2,3193634,6567937,3174400,1536000,1638400,38.18280075700022,600.0,4455768,85438464,2.0565716046359728,1.4740302906255442,1.3952030821315153,28.325846408520373
case_022,2,L2,28851,56780,6912,6912,0,9.768559085999186,600.0,33068,940850,1.9680427021593705,1.7170678601669287,1.146164777650688,12.752509979436311
case_023,2,L2,57260,122614,1523296,1351264,172032,6.642706237999846,600.0,64248,1234262,2.14135522179532,1.9084485120159382,1.1220398183723368,10.87660316274437
case_024,2,L2,1333937,2555343,396848,396848,0,72.90229685400027,600.0,1340624,396056,1.915639944015347,1.9060847784315365,1.005012980373136,0.49879757486066545
case_025,2,L2,2431840,4863026,27648,27648,0,182.4246101609997,600.0,3603622,78836736,1.9997310678334101,1.3494828258901739,1.4818499572340285,32.516784501815124
case_026,2,L2,51165,99203,1301728,1129696,172032,8.104717060999974,600.0,60198,1328084,1.9388840027362455,1.6479451144556299,1.1765464673116388,15.005481909697993
case_027,2,L2,1118352,2363952,1449984,1449984,0,2.8652024519997212,600.0,1257174,18014208,2.113781707369415,1.8803697817485885,1.1241308639855787,11.042385540903643
case_028,2,L2,20601621,43836040,82416768,55850112,26566656,212.34980757599988,600.0,20672199,52622976,2.1277956720007616,2.120531057194254,1.0034258469272879,0.34141505700482355
case_029,2,L2,19740,37555,0,0,0,6.917508422000537,600.0,21652,430838,1.9024822695035462,1.7344818030666913,1.0968591691995948,8.830593016811383
case_030,2,L2,1403449,2808034,7644160,1950720,5693440,25.76516213600007,600.0,2301260,69258248,2.0008094344717904,1.2202158817343542,1.639717581472501,39.01388804394115
case_031,2,L2,732205,1414369,2139648,1731072,408576,53.61104849300045,600.0,973060,23628108,1.9316571178836528,1.45352701786118,1.3289447627372115,24.75232770846607
case_032,2,L2,17554,41443,6216,6216,0,5.715900800999407,600.0,22342,304162,2.3608864076563747,1.8549368901620267,1.272758345676199,21.430489660728668
case_033,2,L2,896372,1774196,3391008,2059296,1331712,26.57696978599961,600.0,1200260,30619788,1.9793076981431816,1.4781763951143918,1.3390199604628437,25.318514321896924
case_034,2,L2,440340,842996,1459712,1238528,221184,27.125654700999803,600.0,588866,15773386,1.9144206749330064,1.4315582832087437,1.3372984511968025,25.222376567843963
case_035,2,L2,95319,169571,1195418,1195418,0,25.267868042999908,600.0,124394,1442106,1.7789842528771809,1.3631766805472934,1.3050283783925556,23.37331382542567
case_036,2,L2,466068,931510,1152,1152,0,5.138173134999306,600.0,466068,1152,1.998656848356892,1.998656848356892,1.0,0.0
case_037,2,L2,105374,210001,204800,204800,0,1.5027776309998444,600.0,140458,2949120,1.992910964754114,1.4951159777299976,1.3329474063810807,24.978285323726666
case_038,2,L2,681309,1364555,6790656,2517504,4273152,14.111282079000375,600.0,914932,20953352,2.0028430565279485,1.491427778239257,1.3429031467366497,25.534465949382035
case_039,2,L2,705615,1435262,11067392,4202496,6864896,12.740652479000346,600.0,1088308,35975168,2.03405823288904,1.3188012952215733,1.542353833180984,35.164034446131055
case_040,2,L2,139995,253454,2475470,2475470,0,47.289883761000056,600.0,147910,2206582,1.8104503732276154,1.7135690622675952,1.0565377334904817,5.35122709755933
case_041,2,L2,2987139,6003957,33490944,4893696,28597248,49.349049117000504,600.0,4467939,112796852,2.0099355938910106,1.3437866989679135,1.4957251738201671,33.14279805521069
case_042,2,L2,840258,1686740,7262496,2052384,5210112,48.53862437800035,600.0,1075682,25554784,2.0074072487259866,1.5680656550913745,1.2801806111932288,21.886022077156632
case_043,2,L2,348941,677656,9505206,9505206,0,76.64205519700045,600.0,406869,9686336,1.9420360462083848,1.6655385394316107,1.1660108728982836,14.237506420985625
case_044,2,L2,45244,154407,930400,930400,0,6.419264328000281,600.0,45244,930400,3.4127619131818583,3.4127619131818583,1.0,0.0
case_045,2,L2,63059,125614,0,0,0,1.9873125579997577,600.0,104423,5849088,1.99200748505368,1.2029342194727215,1.6559571195229865,39.61196288174062
case_046,2,L2,109740,276455,930400,930400,0,4.329331343000376,600.0,109740,930400,2.5191817022052123,2.5191817022052123,1.0,0.0
case_047,2,L2,166346,326508,3012550,3012550,0,70.7213035120003,600.0,218553,3065062,1.9628244742885312,1.4939534117582463,1.3138458393949959,23.887569605541902
case_048,2,L2,125568,222220,391302,391302,0,20.218545937000272,600.0,140836,939142,1.7697183995922527,1.5778636144167684,1.1215914882772682,10.840978158993442
case_049,2,L2,106108,196276,2803330,2803330,0,60.075972341000124,600.0,124970,2019594,1.8497757002299544,1.5705849403856926,1.177762279941192,15.093222373369608
case_050,2,L2,76865,149690,1958198,1896438,61760,84.54289332799999,600.0,105621,2217554,1.947440317439667,1.4172371024701527,1.3741104533923112,27.22564641501216
case_051,2,L2,317922,607628,394076,394076,0,13.134450354000364,600.0,322607,393900,1.9112486710576808,1.883492918628548,1.01473631897132,1.4522313526984854
case_052,2,L2,86703,180301,102912,102912,0,6.715659399999822,600.0,107211,1808422,2.079524353251906,1.681739746854334,1.2365316079028408,19.12863418865601
case_053,2,L2,728352,1472686,5317152,5317152,0,63.59809572300037,600.0,758190,9588100,2.021942687052414,1.9423706458803203,1.040966455779623,3.9354251572824794
case_054,2,L2,438266,815051,8276074,8276074,0,79.36176778200024,600.0,489555,7457606,1.8597176144168153,1.6648813718581161,1.1170271022620966,10.476657372511767
case_055,2,L2,55755,118835,852212,852212,0,7.653159584000605,600.0,72155,742876,2.1313783517173346,1.6469406139560667,1.2941440229575822,22.728847619707572
case_056,2,L2,147676,277285,3622398,3622398,0,147.02895291599998,600.0,178106,3229362,1.8776578455537798,1.5568537837018406,1.2060592107045154,17.0853312072586
case_057,2,L2,29987,59726,416890,416890,0,7.873912856000061,600.0,32686,519374,1.9917297495581419,1.8272654959309795,1.0900056691232867,8.257357890228235
case_058,2,L2,2260689,4539717,30621696,6623232,23998464,210.88589756500005,600.0,4001569,139161600,2.008112128647505,1.134484248553505,1.7700661170112297,43.504935189172045
case_059,2,L2,369318,829473,360448,360448,0,3.648292984999898,600.0,464377,10813440,2.2459587672412393,1.786206035182621,1.25739064979232,20.47022139339373
case_060,2,L2,472697,888789,1255552,1198080,57472,39.16576994600109,600.0,685966,22088740,1.880250985303482,1.2956750043005048,1.4511748540820018,31.090316429677266
case_061,2,L2,39272,77191,34560,34560,0,6.3828583839986095,600.0,50556,607590,1.9655479731106131,1.5268415222723317,1.287329394988796,22.31980378194477
case_062,2,L2,1572635,2854809,10856448,6678528,4177920,108.73686074699981,600.0,1587014,11037696,1.8153029787585804,1.7988555866551903,1.0091432532024278,0.906041156536741
case_063,2,L2,575202,1070397,3323904,2497536,826368,97.10493728399979,600.0,583193,3369984,1.8609062555415314,1.835407832398537,1.0138925108049,1.370215348949666
case_064,2,L2,13417,19116,95590,95590,0,9.63759330799985,600.0,19986,80614,1.424759633301036,0.9564695286700691,1.489602742788999,32.868007605323726
case_065,2,L2,22021,53068,13968,13968,0,4.162955341999805,600.0,28112,446424,2.409881476772172,1.8877347751849745,1.2765996094636938,21.66690381331816
case_066,2,L2,189749,359070,3937564,3937564,0,96.71669242600001,600.0,217986,4054296,1.8923419886270811,1.6472158762489335,1.1488123784578574,12.953584175130517
case_067,2,L2,30483124,63834834,148560256,37964160,110596096,100.28773792300035,600.0,31225165,185485696,2.0941040688611836,2.044339365380455,1.0243426822001578,2.376419788334183
case_068,2,L2,198360,362095,3519186,3471050,48136,81.5237926209993,600.0,222313,3405346,1.8254436378302077,1.6287621506614547,1.120755192579149,10.774448637731481
case_069,2,L2,16094,25144,233732,233732,0,7.729562163999617,600.0,18018,566852,1.5623213619982603,1.3954933954933955,1.1195476575121164,10.678210678210675
case_070,2,L2,58234,117300,129536,129536,0,7.49703717400007,600.0,70470,934580,2.014287186179895,1.6645381013197105,1.210117800597589,17.36341705690365
case_071,2,L2,12813,18919,208452,208452,0,7.059815386999617,600.0,15512,446178,1.4765472566924218,1.219636410520887,1.2106454382268008,17.399432697266636
case_072,2,L2,11826643,23897828,113724192,10948952,102775240,301.0510913970011,600.0,16872919,398341510,2.0206772116144878,1.416342246412728,1.4266870996275105,29.90754593203464
case_073,2,L2,4270350,10081626,36216704,7985536,28231168,39.316321332999905,600.0,4539269,91806080,2.3608430222347114,2.220980074104443,1.0629735267601017,5.924279878544326
case_074,2,L2,803065,1682239,3747840,2285568,1462272,11.454032112999812,600.0,972552,18182702,2.094773150367654,1.729716251676003,1.211050164058949,17.4270373203695
case_075,2,L2,727824,1441809,7124774,7124774,0,115.14213870999993,600.0,806346,6335558,1.9809857877728683,1.7880773266066925,1.1078859724328958,9.738003288910713
case_076,2,L2,3063843,6185113,31095808,4074496,27021312,126.96378894400004,600.0,5592779,178806804,2.0187434538910773,1.1059104963739852,1.8254130515173264,45.21787826767337
case_077,2,L2,250735,495320,57344,57344,0,18.9312874999996,600.0,298046,4920500,1.9754721119907472,1.66189111747851,1.1886892535944324,15.87372419022567
case_078,2,L2,1051374,2296143,2148480,2148480,0,4.5658059339994,600.0,1051374,2148480,2.1839450091023744,2.1839450091023744,1.0,0.0
case_079,2,L2,15446486,31052251,31780864,3649536,28131328,193.85992369799988,600.0,22618024,448720896,2.010311665708304,1.372898490159883,1.4642828148745288,31.707181847538934
case_080,2,L2,145674,292138,2191360,1904640,286720,2.226957394999772,600.0,202116,6950912,2.005423067946236,1.445397692414257,1.3874541785081758,27.925547705278152
case_081,2,L2,76860,151795,0,0,0,5.684517203999349,600.0,84534,2550686,1.9749544626593807,1.7956680152364728,1.0998438719750194,9.078004116686778
case_082,2,L2,387499,721041,3234278,3234278,0,54.28233706100036,600.0,409298,2942566,1.860755769692309,1.7616528788315604,1.0562556290467846,5.325948331044861
case_083,2,L2,433240,1057993,930400,930400,0,19.227305161000004,600.0,433240,930400,2.4420482873234235,2.4420482873234235,1.0,0.0
case_084,2,L2,1168951,2507412,28717440,0,28717440,99.58029880200047,600.0,1168951,28717440,2.1450103554383375,2.1450103554383375,1.0,0.0
case_085,2,L2,1810773,3187899,9335690,7981254,1354436,83.07018477499878,600.0,1891985,18970236,1.7605182979865506,1.6849494049899973,1.0448493543917432,4.2924230371805265
case_086,2,L2,67520,118403,1185860,1185860,0,58.13451594899925,600.0,80786,2291238,1.7535989336492892,1.4656376104770628,1.1964751184834124,16.421162082539055
case_087,2,L2,1984150,3974071,10142208,2004480,8137728,224.6255956139994,600.0,2507327,54818496,2.002908550260817,1.5849831314383804,1.2636781493334677,20.865926143658164
case_088,2,L2,133573,243623,2582030,2582030,0,36.82189907400061,600.0,152104,2562218,1.8238940504443264,1.6016870036290958,1.138733127203851,12.183111555251669
case_089,2,L2,329430,693092,238720,238720,0,22.75069175200042,600.0,329430,238720,2.103912819111799,2.103912819111799,1.0,0.0
case_090,2,L2,456431,1178363,2341200,2341200,0,12.750316263998684,600.0,470326,2403840,2.5816892367082866,2.505417518912414,1.0304427175191868,2.954333802511444
case_091,2,L2,4569395,9186769,57904096,6478336,51425760,106.56233226399854,600.0,6937201,183492696,2.010500077143692,1.324276030058809,1.518188075226589,34.132007995731996
case_092,2,L2,2161490,4815554,16642656,930400,15712256,101.7904917779997,600.0,2161490,16642656,2.227886319159469,2.227886319159469,1.0,0.0
case_093,2,L2,37827,74205,8192,8192,0,1.2600070960015728,600.0,47279,847872,1.9616940280751844,1.56951289155862,1.249874428318397,19.991962604962033
case_094,2,L2,48430,94892,106272,106272,0,3.412672159000067,600.0,57739,1405220,1.9593640305595705,1.6434645560193284,1.1922155688622755,16.1225514816675
case_095,2,L2,1042890,2084853,0,0,0,19.02759465100098,600.0,1343828,50214912,1.9991111238960964,1.5514284566179601,1.2885615932648697,22.39408614792965
case_096,2,L2,40991,84194,719692,719692,0,5.852252495998982,600.0,48829,767672,2.0539630650630625,1.7242622212209957,1.1912127052279768,16.05193634930062
case_097,2,L2,5617602,11491509,11796480,2555904,9240576,48.49281456200151,600.0,6120848,86114304,2.045625339780212,1.8774374073657767,1.0895837761379321,8.221834621607982
case_098,2,L2,89551,177430,0,0,0,7.257535520999227,600.0,94614,1250410,1.9813290750522048,1.8753038662354409,1.0565376154370136,5.351216521867796
case_099,2,L2,807032,1622999,7319552,1904640,5414912,11.889743875999557,600.0,988827,18343952,2.0110714321117378,1.6413376657393053,1.2252636822331704,18.3849146514001
case_100,2,L2,73335,151223,1161942,1126614,35328,7.47421729600137,600.0,87460,1112764,2.0620849526147134,1.7290532815001143,1.19260925888048,16.150240109764468
case_001,3,L2,78545,233110,2304,2304,0,1.4800247359999048,600.0,78545,2304,2.9678528232223567,2.9678528232223567,1.0,0.0
case_002,3,L2,94149,261945,746496,746496,0,15.823406307999903,600.0,97067,801792,2.782238791702514,2.698599936126593,1.0309934253151918,3.0061709952919125
case_003,3,L2,247555,602212,9518568,9518568,0,146.68400141200073,600.0,263603,6300084,2.432639211488356,2.284541526462142,1.0648259982630122,6.087942853457662
case_004,3,L2,134043,392357,221184,221184,0,4.148425284000041,600.0,158619,3179520,2.927098020784375,2.4735813490187177,1.1833441507575928,15.493730259300587
case_005,3,L2,52396,95618,1733514,1733514,0,79.1994078710004,600.0,66293,2755308,1.8249102984960683,1.442354396391776,1.2652301702420032,20.962997601556722
case_006,3,L2,27859,82837,841742,841742,0,6.876381795999805,600.0,33290,966700,2.9734376682580135,2.4883448483027935,1.1949459779604437,16.314208471012314
case_007,3,L2,338094,1012562,55296,55296,0,23.667812446000426,600.0,504423,10967040,2.994912657426633,2.0073668329953236,1.491960815631156,32.97411101397042
case_008,3,L2,163359,487605,0,0,0,7.470408013999986,600.0,255966,10176768,2.984867684057811,1.904960033754483,1.5668925495381338,36.1794144534821
case_009,3,L2,62869,153261,1616024,1616024,0,129.91052066599968,600.0,96687,1987566,2.4377833272359988,1.5851251978032208,1.537912166568579,34.97678074611892
case_010,3,L2,30856,86969,48384,48384,0,7.001156246999926,600.0,32460,871032,2.8185442053409386,2.6792667898952556,1.0519834067928442,4.941466420209483
case_011,3,L2,69625,184697,1081344,1081344,0,5.86267768200014,600.0,74367,2916352,2.6527396768402154,2.483588150658222,1.0681077199281868,6.376484193257759
case_012,3,L2,18114,59088,20160,20160,0,7.818590396999753,600.0,23725,590184,3.262007287181186,2.4905374077976816,1.309760406315557,23.650158061116965
case_013,3,L2,88351,263949,16384,16384,0,3.8306399089997285,600.0,133800,4046848,2.98750438591527,1.9727130044843049,1.514414098312413,33.96786248131539
case_014,3,L2,5896850,17698626,57474216,19786416,37687800,223.09004672500032,600.0,9838487,326760660,3.0013695447569466,1.798917455499001,1.66843094194358,40.063446747452126
case_015,3,L2,58906,177362,208128,208128,0,10.085603459000595,600.0,90422,2625296,3.0109326723933045,1.9614916723806153,1.5350218992971854,34.854349605184574
case_016,3,L2,2876720,7715523,12200,12200,0,93.67927466899982,600.0,2890756,17080,2.682055604994577,2.6690329450150756,1.0048791679412665,0.4855477252317386
case_017,3,L2,52439,162810,175104,175104,0,9.717440225000246,600.0,62926,1375956,3.1047502812792005,2.5873247942027144,1.1999847441789508,16.665607221180434
case_018,3,L2,334589,1004367,12853772,12853772,0,20.706660774000284,600.0,461636,14646408,3.0017932448466627,2.1756687086795656,1.379710630056577,27.52103388817163
case_019,3,L2,28195,81144,24576,24576,0,6.658047849000013,600.0,32683,934704,2.8779570845894664,2.4827586206896552,1.1591771590707571,13.73190955542637
case_020,3,L2,177950,532746,0,0,0,10.536109507999754,600.0,575132,31797248,2.993796010115201,0.9263021358575075,3.231986513065468,69.05927682688495
case_021,3,L2,2106355,6567937,4710400,4710400,0,13.031708170999991,600.0,3126610,88948736,3.11815292294034,2.1006575812141586,1.4843699186509396,32.631348329340724
case_022,3,L2,19370,56780,13824,13824,0,7.989994524999929,600.0,29094,1140502,2.9313371192565825,1.9516051419536675,1.502013422818792,33.42269883824843
case_023,3,L2,41357,122614,1160938,1160938,0,12.28492521499993,600.0,47872,2076094,2.964770171917692,2.561288435828877,1.157530768672776,13.609207887700537
case_024,3,L2,953408,2555343,4040,4040,0,82.29424695299986,600.0,959488,5656,2.6802198009666376,2.6632360175426895,1.006377122910653,0.6336712913553866
case_025,3,L2,1622164,4863026,55296,55296,0,210.6716561379999,600.0,2908248,75816960,2.9978633479722148,1.67214969287351,1.7928199614835492,44.221950810247264
case_026,3,L2,37376,99203,1491816,1491816,0,8.942090164000547,600.0,47501,1624484,2.6541898544520546,2.088440243363298,1.2708957619863013,21.315340729668854
case_027,3,L2,765280,2363952,33890304,33890304,0,10.875554072000341,600.0,892349,18006016,3.0890027179594397,2.649133915093758,1.1660424942504704,14.239832173286459
case_028,3,L2,13848390,43836040,34820352,4296960,30523392,152.4343760920001,600.0,13848390,34820352,3.1654250060837397,3.1654250060837397,1.0,0.0
case_029,3,L2,12743,37555,0,0,0,1.9171059079999395,600.0,15337,173194,2.9471082162756024,2.4486535828388862,1.2035627403280231,16.91334680837191
case_030,3,L2,933236,2808034,9242624,3901440,5341184,26.309974045000672,600.0,1755280,73541636,3.008921644685803,1.5997641401941571,1.8808532889858514,46.83264208559318
case_031,3,L2,483567,1414369,3462144,3462144,0,57.07773893600006,600.0,733715,24998544,2.924866667907446,1.9276817292818056,1.5172974996225963,34.093346871741744
case_032,3,L2,11808,41443,12360,12360,0,4.892374696999468,600.0,19653,453024,3.509739159891599,2.10873657965705,1.664380081300813,39.91756983666615
case_033,3,L2,602363,1774196,4180032,3952704,227328,28.107575101999828,600.0,913882,29208288,2.9453933923564364,1.9413841174243502,1.517161578649419,34.08744236126765
case_034,3,L2,280601,842996,2341888,2341888,0,27.477212486999633,600.0,440903,17925682,3.004251588554567,1.9119761035874103,1.5712809291485061,36.35765689959016
case_035,3,L2,71125,169571,1735510,1735510,0,84.22897275200012,600.0,101831,1416910,2.3841265377855887,1.6652198250041736,1.431718804920914,30.15388241301765
case_036,3,L2,311345,931510,2304,2304,0,4.776478073999897,600.0,311345,2304,2.991890025534375,2.991890025534375,1.0,0.0
case_037,3,L2,74038,210001,1064960,1064960,0,5.053206487000352,600.0,110438,4726784,2.836394824279424,1.901528459407088,1.4916394284016317,32.95966967891487
case_038,3,L2,459314,1364555,5534208,4932096,602112,55.95439293100026,600.0,694832,23067392,2.9708543610688984,1.963863207221314,1.5127603338892348,33.895675501416164
case_039,3,L2,482552,1435262,12414976,8404992,4009984,44.38114866899923,600.0,858154,45015040,2.9743157214144795,1.672499341610014,1.7783658548715993,43.76860097371801
case_040,3,L2,103722,253454,3308532,3308532,0,28.626531942999463,600.0,129728,3177048,2.443589595264264,1.953733966452886,1.2507279072906423,20.046558954119387
case_041,3,L2,1991302,6003957,34879488,9787392,25092096,48.941106847999436,600.0,3306435,117559596,3.0150911313301547,1.8158400210498618,1.6604387481155545,39.77495399123225
case_042,3,L2,569347,1686740,29111164,29111164,0,40.28428477499983,600.0,773726,29103636,2.962586963661879,2.1800223851854534,1.3589708912139697,26.414906568992123
case_043,3,L2,265912,677656,8238192,8238192,0,252.68998642499992,600.0,322974,11729220,2.548422034357231,2.098175085300984,1.2145897891031618,17.667676035841893
case_044,3,L2,45244,154407,930400,930400,0,8.399724039999455,600.0,54970,1860800,3.4127619131818583,2.808932144806258,1.2149677305278048,17.693287247589595
case_045,3,L2,42601,125614,0,0,0,1.428120783999475,600.0,104831,6946816,2.94861622966597,1.1982524253322013,2.4607638318349334,59.362211559557764
case_046,3,L2,82826,276455,1860800,1860800,0,4.631717604000187,600.0,82826,1860800,3.3377804071185375,3.3377804071185375,1.0,0.0
case_047,3,L2,134415,326508,4387628,4387628,0,127.80296573399937,600.0,170859,4056620,2.4291038946546144,1.910979228486647,1.2711304541903805,21.329868488051552
case_048,3,L2,99785,222220,1016076,1016076,0,27.082164049999847,600.0,123353,1187436,2.226988024252142,1.8014965181227858,1.2361878037781229,19.106142534028358
case_049,3,L2,80938,196276,3516344,3516344,0,74.2921214880007,600.0,104320,3555408,2.4250166794336407,1.8814800613496931,1.288887790654575,22.413726993865033
case_050,3,L2,64455,149690,2735846,2735846,0,109.11299754599986,600.0,85420,2347544,2.3223954697075477,1.7523999063451183,1.3252656892405554,24.543432451416525
case_051,3,L2,227452,607628,960,960,0,14.696115352999186,600.0,230529,1344,2.6714559555422683,2.6357985329394564,1.0135281290118354,1.3347561478165404
case_052,3,L2,61902,180301,181248,181248,0,7.735240693999913,600.0,74334,2173254,2.9126845659267877,2.4255522371996663,1.2008335756518367,16.724513681491647
case_053,3,L2,489248,1472686,7442990,7442990,0,76.50835436499983,600.0,534448,10943004,3.010101216560926,2.7555271981558542,1.0923866832363136,8.45732419243781
case_054,3,L2,316308,815051,6482640,6482640,0,114.97804490199997,600.0,365160,12088980,2.5767637871947597,2.23203801073502,1.1544444022914375,13.37824515280973
case_055,3,L2,40063,118835,115712,115712,0,11.073019464000026,600.0,52631,947756,2.966203229912887,2.2578898367882045,1.3137059131867308,23.879462674089414
case_056,3,L2,116861,277285,1870000,1870000,0,164.94890483100062,600.0,149935,3976046,2.3727762042084186,1.8493680594924466,1.2830199981174215,22.058892186614198
case_057,3,L2,20872,59726,549116,549116,0,10.85310604299957,600.0,23809,732428,2.8615369873514758,2.5085471880381367,1.1407148332694519,12.335671384770464
case_058,3,L2,1554831,4539717,30400512,9191424,21209088,154.93088000099942,600.0,3093169,129232896,2.9197494775959574,1.4676588961029935,1.9893924162818981,49.733396397028415
case_059,3,L2,254073,829473,2162688,2162688,0,20.06066163200012,600.0,339186,13500416,3.2647034513702753,2.4454812403813837,1.334994273299406,25.093311634324532
case_060,3,L2,323606,888789,3290252,2345088,945164,35.229947690999325,600.0,538952,21497708,2.746515824799293,1.6491060428386943,1.6654573771808927,39.95643396814559
case_061,3,L2,28316,77191,43008,43008,0,6.3721534380001685,600.0,37962,858686,2.7260559401045343,2.033375480743902,1.3406554598107077,25.409620146462252
case_062,3,L2,1083992,2854809,10865664,8871936,1993728,103.53811317300097,600.0,1086140,10561536,2.6336070745909566,2.628398733128326,1.00198156443959,0.19776456073802295
case_063,3,L2,396695,1070397,3133440,2641920,491520,90.23049915999945,600.0,401307,3563520,2.69828709714012,2.6672771718410093,1.0116260603234222,1.149244842477204
case_064,3,L2,14097,19116,126220,126220,0,14.378681077999317,600.0,21001,160076,1.3560331985528835,0.9102423694109805,1.489749592111797,32.874625017856296
case_065,3,L2,16963,53068,27936,27936,0,6.076990911000394,600.0,21601,633600,3.128456051406001,2.456738113976205,1.2734186169899193,21.471228183880374
case_066,3,L2,137156,359070,3077354,3077354,0,111.40497960099947,600.0,169105,4422188,2.6179678614132813,2.1233553117885338,1.2329391349995626,18.892995476183437
case_067,3,L2,20274197,63834834,150320896,50977536,99343360,89.76204954599962,600.0,21181144,180458240,3.1485752062091534,3.013757613847486,1.0447340528455948,4.28186031878165
case_068,3,L2,160947,362095,5172720,5172720,0,109.64046923600017,600.0,179208,4231260,2.2497778771893855,2.0205292174456497,1.1134597103394286,10.189835275210923
case_069,3,L2,14474,25144,489770,489770,0,12.74362469100015,600.0,18462,770828,1.7371839159872875,1.361932618351208,1.2755285339228963,21.601126638500702
case_070,3,L2,41101,117300,1523108,1523108,0,7.744136050999259,600.0,57548,1430332,2.853945159485171,2.038298463891013,1.4001605800345491,28.579620490720792
case_071,3,L2,10460,18919,235082,235082,0,8.422577470999386,600.0,13887,502924,1.8086998087954111,1.3623532800460862,1.3276290630975143,24.677756174839782
case_072,3,L2,7944880,23897828,82414368,19804504,62609864,287.9195554859998,600.0,12331454,370561692,3.0079532982247685,1.937957032479706,1.5521258974333156,35.57223665595314
case_073,3,L2,3223907,10081626,93164288,7443200,85721088,29.67653460099973,600.0,3223907,93164288,3.1271454170359134,3.1271454170359134,1.0,0.0
case_074,3,L2,537389,1682239,4923392,4571136,352256,12.722690312999475,600.0,721061,24343292,3.130393439389344,2.33300511329832,1.341785931606341,25.47246349476674
case_075,3,L2,524721,1441809,12146060,12146060,0,120.85819905600147,600.0,647280,8901868,2.747763096960099,2.227488876529477,1.2335698399720996,18.934464219503155
case_076,3,L2,2047868,6185113,34332672,8148992,26183680,124.25154932300029,600.0,4208081,181737508,3.0202693728306707,1.4698179526487252,2.054859492897003,51.33487211866882
case_077,3,L2,178739,495320,114688,114688,0,19.977354980999735,600.0,239781,7064928,2.771191513883372,2.0657183012832543,1.341514722584327,25.457396541010336
case_078,3,L2,709786,2296143,8054016,8054016,0,6.211358750999352,600.0,778476,5278464,3.2349792754435844,2.9495360165245943,1.0967756478713302,8.823650311634523
case_079,3,L2,10140199,31052251,33890304,11624448,22265856,201.41495122099877,600.0,16008355,450080768,3.0622920713883426,1.9397527728489279,1.5787022522930763,36.656833259882106
case_080,3,L2,100325,292138,3047424,3047424,0,5.627298031000464,600.0,148850,7372800,2.9119162721156244,1.9626335236815586,1.4836780463493646,32.59993281827342
case_081,3,L2,51943,151795,0,0,0,5.520503744000962,600.0,63882,3232682,2.9223379473653814,2.37617795310103,1.2298481027279904,18.689145612222536
case_082,3,L2,263832,721041,2788460,2788460,0,63.78319678099979,600.0,288846,4320396,2.7329550623123806,2.496281755676035,1.0948103338488129,8.659977981346456
case_083,3,L2,298003,1057993,1860800,1860800,0,18.38614158099972,600.0,298003,1860800,3.5502763394999377,3.5502763394999377,1.0,0.0
case_084,3,L2,836220,2507412,0,0,0,121.97302600799958,600.0,933609,27980928,2.998507569778288,2.6857196106721335,1.1164633708832603,10.43145470962683
case_085,3,L2,1224333,3187899,29372396,29372396,0,81.63281063499926,600.0,1295001,22528236,2.603784264575079,2.4616961685743872,1.0577195909936268,5.456984203101001
case_086,3,L2,59919,118403,1851498,1851498,0,90.06060020099903,600.0,75619,2992556,1.9760510021862847,1.5657837316018461,1.262020394198835,20.761977809809707
case_087,3,L2,1371815,3974071,5465088,4008960,1456128,230.15343154799848,600.0,1893407,58023088,2.8969438298895986,2.098899497044217,1.3802203649909062,27.54780139716395
case_088,3,L2,112104,243623,4023768,4023768,0,55.068053171999054,600.0,124218,3277588,2.1731873974166844,1.9612536025374745,1.1080603725112395,9.752209824663094
case_089,3,L2,229298,693092,477440,477440,0,22.791421219999393,600.0,228797,1684736,3.022669190311298,3.0292879714331917,0.9978150703451404,-0.21897140259705683
case_090,3,L2,312336,1178363,4409088,4409088,0,10.27316780000001,600.0,343504,4601088,3.772741534757441,3.43042002422097,1.0997899697761384,9.073547906283475
case_091,3,L2,3070819,9186769,64602944,12956672,51646272,104.02991625100003,600.0,5324999,198408796,2.991634804916864,1.7252151596648186,1.7340647560146007,42.3320267290191
case_092,3,L2,1421140,4815554,10675392,1860800,8814592,102.40129679799975,600.0,1421140,10675392,3.3885148542719223,3.3885148542719223,1.0,0.0
case_093,3,L2,25103,74205,16384,16384,0,1.2846624800004065,600.0,35623,1146880,2.956021192686133,2.0830643123824495,1.4190734175198183,29.53148246919125
case_094,3,L2,35039,94892,737860,737860,0,5.4194181130005745,600.0,45165,1900364,2.7081823111390166,2.1010074172478688,1.2889922657610091,22.420015498726887
case_095,3,L2,695775,2084853,0,0,0,26.352133141001104,600.0,1183800,49598208,2.9964471273040854,1.7611530663963508,1.7014120944270776,41.22529143436391
case_096,3,L2,30252,84194,934048,934048,0,7.021520576001421,600.0,39369,929312,2.783088721406849,2.1385861972618048,1.3013685045616818,23.15781452411796
case_097,3,L2,3660338,11491509,16031744,8519680,7512064,63.823487989999194,600.0,4194263,94699520,3.139466628491686,2.739816029657654,1.1458676767008948,12.729888421398472
case_098,3,L2,64144,177430,1619618,1619618,0,12.56257377699876,600.0,72623,1576256,2.766119980044899,2.4431653883755833,1.1321869543527063,11.67536455392919
case_099,3,L2,540586,1622999,8798208,3809280,4988928,13.117349931000717,600.0,669399,15384588,3.0022956569352517,2.424561434958821,1.2382840103147326,19.243082227490625
case_100,3,L2,51556,151223,1640268,1640268,0,8.623490034999122,600.0,63650,1779024,2.933179455349523,2.3758523173605655,1.2345798743114285,19.000785545954436
case_001,4,L2,58984,233110,3456,3456,0,1.3242173009994076,600.0,58984,3456,3.952088702020887,3.952088702020887,1.0,0.0
case_002,4,L2,73120,261945,841728,841728,0,14.798320166000394,600.0,75104,755712,3.582398796498906,3.487763634426928,1.0271334792122537,2.641670217298675
case_003,4,L2,229275,602212,7733990,7733990,0,214.97147775200028,600.0,239221,8939754,2.626592519899684,2.5173876875357935,1.0433802202595137,4.157661743743235
case_004,4,L2,104188,392357,331776,331776,0,5.006925343000148,600.0,114646,2651136,3.765855952700887,3.4223348394187325,1.1003762429454447,9.121992917328125
case_005,4,L2,50800,95618,2224782,2224782,0,99.70751876900067,600.0,61920,2949042,1.882244094488189,1.54421834625323,1.2188976377952756,17.958656330749356
case_006,4,L2,24645,82837,913168,913168,0,10.885213266999926,600.0,27184,986836,3.3612091702170828,3.0472704532077692,1.1030229255427064,9.340052972336665
case_007,4,L2,254398,1012562,82944,82944,0,24.356481759000417,600.0,360126,11172864,3.980227831979811,2.8116881313762407,1.4156007515782356,29.35861337420792
case_008,4,L2,123060,487605,0,0,0,9.053857261999838,600.0,233922,9560064,3.962335446123842,2.0844768769076873,1.9008776206728426,47.39272065047323
case_009,4,L2,52843,153261,1890898,1890898,0,137.2402858280002,600.0,89327,2052928,2.9003084609125143,1.7157298465189696,1.6904225725261623,40.8431941070449
case_010,4,L2,24135,86969,774836,774836,0,8.77908084200044,600.0,30493,1242016,3.6034389890200953,2.8520972026366707,1.26343484565983,20.850687042927884
case_011,4,L2,46808,184697,704512,704512,0,1.525598596999771,600.0,61342,2342912,3.945842591010084,3.0109386717094324,1.3105024782088532,23.693391151250363
case_012,4,L2,14884,59088,21888,21888,0,9.582715222000843,600.0,20764,700326,3.9699005643644183,2.845694471200154,1.3950550927170116,28.31824311308033
case_013,4,L2,66982,263949,24576,24576,0,3.818877816999702,600.0,120708,4534272,3.9405959810098237,2.1866736256089077,1.8020960855155117,44.50906319382311
case_014,4,L2,4426698,17698626,48577944,29628936,18949008,197.1506058949999,600.0,8247687,344118824,3.998155284141814,2.145889629419739,1.8631691161222201,46.32800687028982
case_015,4,L2,51503,177362,231168,231168,0,10.687500643000021,600.0,66980,2285728,3.443721724948061,2.647984472977008,1.3005067665961205,23.10689758136757
case_016,4,L2,2238959,7715523,15864,15864,0,95.05034762000014,600.0,2256753,18304,3.4460313922675674,3.4188601942702634,1.0079474434324165,0.7884779592627122
case_017,4,L2,42924,162810,260352,260352,0,16.099897170000077,600.0,48083,1325188,3.7929829466032987,3.386020007071106,1.1201891715590346,10.729363808414616
case_018,4,L2,255632,1004367,3755776,3755776,0,23.192639703999703,600.0,364532,13437580,3.9289564686737184,2.755223135417467,1.4260030043187082,29.87392053372543
case_019,4,L2,21598,81144,359504,359504,0,6.632503940000333,600.0,28060,1257828,3.7570145383831837,2.8918032786885246,1.29919436984906,23.029223093371343
case_020,4,L2,133704,532746,0,0,0,11.346626001000004,600.0,553198,31559680,3.984518039849219,0.9630295120372814,4.137482797822055,75.83071522312083
case_021,4,L2,1550324,6567937,4608000,4608000,0,8.94694914199954,600.0,2589317,84946944,4.236493145948847,2.5365519169726998,1.6701779757005633,40.12614137241597
case_022,4,L2,14574,56780,13824,13824,0,9.392170893999719,600.0,29077,1421102,3.8959791409359132,1.952746156756199,1.9951283106902704,49.87791037589847
case_023,4,L2,30522,122614,207552,207552,0,9.751737194999805,600.0,43593,2041864,4.0172334709389945,2.812699286582708,1.4282484765087478,29.98417177069713
case_024,4,L2,743027,2555343,5256,5256,0,98.78954087300008,600.0,750621,6064,3.439098444605647,3.4043052352652006,1.0102203553841247,1.0116956493356866
case_025,4,L2,1217444,4863026,82944,82944,0,165.7663344370003,600.0,2224464,75801600,3.9944555971362954,2.1861563055189923,1.8271591958233808,45.27023139057319
case_026,4,L2,34962,99203,724704,724704,0,12.752237270000478,600.0,44759,2025956,2.837452090841485,2.2163810630264305,1.2802185229677936,21.88833530686566
case_027,4,L2,559196,2363952,3317760,3317760,0,2.721200277999742,600.0,747620,18063360,4.227412213249022,3.161969984751612,1.336955199965665,25.203178085123458
case_028,4,L2,10250076,43836040,31777152,15212928,16564224,189.83243343499998,600.0,10313803,39729024,4.276655119435212,4.250230492089097,1.006217222194255,0.6178807177139256
case_029,4,L2,11028,37555,0,0,0,5.72986460500033,600.0,12678,259414,3.405422560754443,2.9622180154598516,1.1496191512513603,13.01467108376716
case_030,4,L2,700156,2808034,10404864,5819392,4585472,27.732037415999912,600.0,1484718,68476940,4.010583355709299,1.8912911408092312,2.1205531338730226,52.84249264843559
case_031,4,L2,394388,1414369,4922880,4922880,0,55.23467430200071,600.0,647966,27723446,3.58623741087457,2.182782738600482,1.6429658103187723,39.134460758743515
case_032,4,L2,10764,41443,12360,12360,0,6.236955131999821,600.0,18553,486920,3.8501486436269046,2.2337627337896837,1.7236157562244518,41.98242871772759
case_033,4,L2,457038,1774196,5251680,5224032,27648,24.782475857000463,600.0,783548,36925708,3.88194417094421,2.264310546386437,1.7144044915302448,41.67070811233007
case_034,4,L2,252450,842996,2979328,2979328,0,34.818902256,600.0,378170,17473670,3.339259259259259,2.2291456223391597,1.4979996038819567,33.244308115397835
case_035,4,L2,54927,169571,1675904,1675904,0,97.35425382300036,600.0,88208,2128038,3.0872066561071967,1.9223993288590604,1.6059133031114023,37.730137855976785
case_036,4,L2,233584,931510,3456,3456,0,4.203989772000568,600.0,233584,3456,3.987901568600589,3.987901568600589,1.0,0.0
case_037,4,L2,53320,210001,614400,614400,0,1.7175742440003887,600.0,95913,4423680,3.938503375843961,2.189494646189776,1.7988184546136534,44.40795304077654
case_038,4,L2,344678,1364555,9295872,6514176,2781696,53.11181740400025,600.0,602556,25171592,3.9589268824816206,2.2646110900895517,1.7481707564741584,42.79734995585473
case_039,4,L2,368055,1435262,17604608,12607488,4997120,43.43535453499953,600.0,737431,38998016,3.8995856597519394,1.9463000606158407,2.0035891374930377,50.089567701927365
case_040,4,L2,90709,253454,3717274,3717274,0,59.93804996899962,600.0,118167,3263990,2.794143910747555,2.14487970414752,1.3027042520587815,23.23660582057596
case_041,4,L2,1487676,6003957,39164928,14349312,24815616,48.45807350599989,600.0,2832938,120348008,4.035796100763876,2.119339357232668,1.904270822410256,47.48646105209503
case_042,4,L2,435882,1686740,7059744,6002976,1056768,41.6864708309995,600.0,626036,23949332,3.869717033509069,2.694317898651196,1.4362510954799694,30.37429157428646
case_043,4,L2,227159,677656,10019550,10019550,0,261.79218227099955,600.0,288533,14333288,2.983179182863105,2.3486256338096507,1.2701807984715552,21.27105045176808
case_044,4,L2,45244,154407,930400,930400,0,9.458312895000745,600.0,67492,2791200,3.4127619131818583,2.2877822556747467,1.4917337105472548,32.963906833402476
case_045,4,L2,31878,125614,0,0,0,1.3318286020003143,600.0,85251,5033984,3.940460505677897,1.473460721868365,2.674289478637305,62.606890241756695
case_046,4,L2,79918,276455,2791200,2791200,0,5.684682563000024,600.0,79918,2791200,3.4592332140443953,3.4592332140443953,1.0,0.0
case_047,4,L2,118989,326508,5012946,5012946,0,181.9948520300004,600.0,152770,4774994,2.7440183546378236,2.137252078287622,1.2839001924547648,22.112325718400207
case_048,4,L2,97321,222220,1114512,1114512,0,31.72106216100019,600.0,118112,1298448,2.283371523103955,1.8814345705770794,1.213633234348188,17.60278379842861
case_049,4,L2,70332,196276,1743366,1743366,0,83.59348709099959,600.0,91617,3352050,2.7907069328328498,2.1423534933473047,1.3026360689302168,23.232587838501583
case_050,4,L2,58829,149690,1628226,1628226,0,107.38813745000061,600.0,77112,2812102,2.544493362117323,1.9412024068886815,1.3107820972649544,23.709669052806305
case_051,4,L2,178386,607628,1252,1252,0,17.38462206300028,600.0,182130,1444,3.4062538540019958,3.3362323615000276,1.020988194140796,2.055674518201289
case_052,4,L2,45216,180301,259584,259584,0,7.91887229599979,600.0,62179,2637052,3.9875486553432413,2.89970890493575,1.3751548124557678,27.28091477830136
case_053,4,L2,415932,1472686,11152366,11152366,0,124.01137499099968,600.0,468255,15707000,3.5406893434503717,3.145051307514068,1.1257970052797093,11.174039786014035
case_054,4,L2,262300,815051,7592222,7592222,0,122.7754148640015,600.0,310619,11897118,3.10732367518109,2.6239573239241643,1.1842127335112467,15.555712947372824
case_055,4,L2,31823,118835,115712,115712,0,8.668593055000201,600.0,43145,1315538,3.7342488137510608,2.754316838567621,1.3557804103949973,26.241742959786762
case_056,4,L2,103277,277285,3214102,3214102,0,200.8957642710002,600.0,121706,4739718,2.684866911316169,2.2783182423216606,1.1784424412018164,15.142227992046408
case_057,4,L2,18687,59726,797094,797094,0,11.268657618999896,600.0,21995,951132,3.1961256488467917,2.7154353262105024,1.1770214587681276,15.03978176858377
case_058,4,L2,1136056,4539717,37580800,19869696,17711104,153.76883099600036,600.0,2900502,158986240,3.996032765990409,1.565148722531479,2.5531329441506405,60.832435212939
case_059,4,L2,185144,829473,1802240,1802240,0,3.903452706999815,600.0,263220,9551872,4.480150585490213,3.151253704125826,1.4217041870111913,29.661879796368062
case_060,4,L2,239861,888789,3131648,3123456,8192,34.70314442200106,600.0,499456,26177360,3.705433563605588,1.7795141113531523,2.082272649576213,51.97554939774475
case_061,4,L2,26678,77191,62208,62208,0,10.481424219999099,600.0,33675,1151026,2.893432791063798,2.2922345953971788,1.2622760326861084,20.77802524127691
case_062,4,L2,838854,2854809,10054656,8165376,1889280,98.43639207300112,600.0,843402,10644480,3.40322511426303,3.384873405564606,1.0054216824381834,0.5392446306743404
case_063,4,L2,313176,1070397,3538944,3443712,95232,96.02088920400001,600.0,313678,3757056,3.4178768488006743,3.4124069906082033,1.0016029325363374,0.16003672555933157
case_064,4,L2,10532,19116,152784,152784,0,13.318326395999975,600.0,19533,254322,1.8150398784656285,0.978651512824451,1.854633497911128,46.08099114319357
case_065,4,L2,11769,53068,41760,41760,0,6.8807601990001785,600.0,19582,761776,4.5091341660293995,2.710039832499234,1.6638626901181068,39.89888673271371
case_066,4,L2,120237,359070,3943030,3943030,0,121.34177445400019,600.0,154649,6673392,2.986351954889094,2.3218384858615315,1.2862014188644095,22.251679609955445
case_067,4,L2,15291889,63834834,154190976,58049664,96141312,89.36213789900012,600.0,16221979,177872000,4.17442436313787,3.9350830129912016,1.060822439922236,5.733517470340699
case_068,4,L2,138618,362095,4065986,4065986,0,122.02700955199998,600.0,167950,5912270,2.612178793518879,2.155969038404287,1.2116031107071232,17.464721643346238
case_069,4,L2,12569,25144,503470,503470,0,14.523442230999535,600.0,16326,675470,2.000477364945501,1.5401200539017519,1.2989100167077732,23.012372902119317
case_070,4,L2,34658,117300,360960,360960,0,11.405862626999806,600.0,54637,1510244,3.384499971146633,2.1468967915515127,1.5764614230480698,36.56679539506196
case_071,4,L2,9203,18919,329390,329390,0,10.437083418999464,600.0,14562,562832,2.055742692600239,1.2992034061255322,1.5823101162664348,36.80126356269743
case_072,4,L2,5901949,23897828,85994272,28660056,57334216,121.7591127070009,600.0,10395941,424781414,4.049141732671699,2.298765258479247,1.7614420253377316,43.22833305806564
case_073,4,L2,2194944,10081626,44120192,17933440,26186752,38.313926084999366,600.0,2664667,94522496,4.59311308170049,3.783446862215804,1.2140022706729647,17.62783116989852
case_074,4,L2,406017,1682239,6230016,6217728,12288,12.472269484000208,600.0,581877,22295366,4.14327232603561,2.8910560135561294,1.4331345731828964,30.22288215550709
case_075,4,L2,417743,1441809,12171570,12171570,0,131.06325944200034,600.0,461230,8222866,3.4514258766753723,3.1260087158250762,1.1040998891663056,9.428484703943807
case_076,4,L2,1536306,6185113,37442560,12223488,25219072,119.38987860100042,600.0,3656378,185330712,4.025964228480524,1.6915956173021498,2.379980290384858,57.98284531850919
case_077,4,L2,144734,495320,172032,172032,0,31.674760182999307,600.0,200924,7621128,3.4222781101883455,2.4652107264438294,1.3882294415963077,27.96579801317911
case_078,4,L2,568228,2296143,6445440,6445440,0,4.782966401000522,600.0,568228,6445440,4.040883237010496,4.040883237010496,1.0,0.0
case_079,4,L2,7635624,31052251,30445568,10948608,19496960,172.5205701949999,600.0,13924694,448319488,4.066760097144647,2.230013169409683,1.823648466713395,45.164870409360525
case_080,4,L2,90584,292138,4190208,4190208,0,6.297452644999794,600.0,154808,9916416,3.225050781594984,1.8870988579401582,1.7089993817892783,41.486228101906875
case_081,4,L2,39588,151795,0,0,0,21.367966297999374,600.0,56866,1910606,3.834369000707285,2.669345478845004,1.436445387491159,30.383709070446308
case_082,4,L2,210359,721041,6970608,6970608,0,78.45797437599867,600.0,238432,5387186,3.4276688898502083,3.024094920144947,1.1334528116220366,11.774006844718832
case_083,4,L2,219344,1057993,2791200,2791200,0,18.307876047999343,600.0,219344,2791200,4.82344171712014,4.82344171712014,1.0,0.0
case_084,4,L2,629028,2507412,0,0,0,119.69357084400053,600.0,833133,27244416,3.986169137144928,3.00961791214608,1.3244768118430341,24.498489436860627
case_085,4,L2,923869,3187899,29385842,29385842,0,154.58309505800025,600.0,992203,25015282,3.4505963507813338,3.2129503740665974,1.0739650318389296,6.887098708631201
case_086,4,L2,51263,118403,2266894,2266894,0,103.24942408800052,600.0,69917,3338706,2.309716559701929,1.6934794113019724,1.363888184460527,26.68020653060057
case_087,4,L2,1069325,3974071,7133184,5806080,1327104,236.44674175399996,600.0,1611327,71681848,3.7164295232974074,2.4663342698285327,1.506863675683258,33.6369960907997
case_088,4,L2,91991,243623,2712598,2712598,0,59.10510950800017,600.0,119042,4597598,2.648335163222489,2.046529796206381,1.294061375569349,22.723912568673242
case_089,4,L2,165616,693092,716160,716160,0,20.432595770000262,600.0,165616,716160,4.184933822819051,4.184933822819051,1.0,0.0
case_090,4,L2,248631,1178363,6515328,6515328,0,13.41937280899947,600.0,308161,6764928,4.7394049816796775,3.823855062775627,1.2394311248396217,19.317824124402506
case_091,4,L2,2307637,9186769,69360288,19435008,49925280,100.29962780599999,600.0,4528895,205513020,3.981028645319866,2.0284791323269804,1.9625682028845959,49.04635678239394
case_092,4,L2,1018349,4815554,6788896,2791200,3997696,97.18768789600108,600.0,1018349,6788896,4.7287855145927375,4.7287855145927375,1.0,0.0
case_093,4,L2,19779,74205,24576,24576,0,3.404616354000609,600.0,33942,1269760,3.751706355225239,2.1862294502386423,1.7160624905202488,41.72706381474279
case_094,4,L2,26940,94892,318816,318816,0,4.753640828999778,600.0,42153,2178924,3.522345953971789,2.2511327782127015,1.5646993318485523,36.08995801010604
case_095,4,L2,524422,2084853,0,0,0,25.34121733700158,600.0,1101112,48981504,3.9755254356224565,1.8934068468965919,2.099667824767077,52.373418871104846
case_096,4,L2,26984,84194,78336,78336,0,8.407689708001271,600.0,32673,1236464,3.120145271271865,2.5768677501300767,1.2108286391935963,17.41193034003612
case_097,4,L2,2626908,11491509,14221312,7667712,6553600,12.591506093000135,600.0,3255160,83386368,4.37453805005733,3.5302439818626428,1.239160259894903,19.300188009191565
case_098,4,L2,50584,177430,1806012,1806012,0,14.028858208999736,600.0,58353,1545466,3.5076308714217936,3.0406320154919197,1.153586114186304,13.31379706270457
case_099,4,L2,403542,1622999,9764864,5652480,4112384,13.914036355999997,600.0,602074,24188944,4.021883719662389,2.695680265216568,1.4919735740022104,32.974684175034966
case_100,4,L2,45240,151223,1961860,1961860,0,11.966188516998955,600.0,60534,1993240,3.342683465959328,2.4981498001123335,1.3380636604774536,25.265140251759345
case_001,5,L2,47502,233110,4608,4608,0,1.395343647000118,600.0,47502,4608,4.9073723211654245,4.9073723211654245,1.0,0.0
case_002,5,L2,59575,261945,872448,872448,0,17.494020670999817,600.0,62539,967680,4.396894670583299,4.188506372023857,1.0497524129248845,4.739442587825193
case_003,5,L2,212297,602212,9779292,9779292,0,245.72970087700014,600.0,230599,10784224,2.836648657305567,2.6115117585071923,1.0862094141697716,7.9367213214281085
case_004,5,L2,88341,392357,442368,442368,0,4.717801385000712,600.0,92812,2417664,4.441391879195391,4.227438262293669,1.0506107017126816,4.81726500883507
case_005,5,L2,49484,95618,2547864,2547864,0,103.17060402400057,600.0,63262,3300184,1.9323013499312909,1.5114602763112137,1.2784334330288578,21.779267174607185
case_006,5,L2,21965,82837,710016,710016,0,10.352815868999642,600.0,27618,1104428,3.7713180059185065,2.9993844594105292,1.2573639881629866,20.46853501339706
case_007,5,L2,203834,1012562,110592,110592,0,21.245267373999923,600.0,320025,8681472,4.967581463347626,3.1640090617920476,1.5700275714552037,36.3068510272635
case_008,5,L2,100603,487605,0,0,0,9.67208595000011,600.0,209492,8943360,4.846823653370178,2.327559047600863,2.082363349005497,51.97764115097474
case_009,5,L2,46342,153261,2008978,2008978,0,143.91253050500018,600.0,80642,2538948,3.3071727590522637,1.900510900027281,1.7401493245867679,42.53366731975894
case_010,5,L2,24724,86969,1011020,1011020,0,13.107177941000373,600.0,27879,1349652,3.5175942404141725,3.119516481939811,1.12760880116486,11.316761720291257
case_011,5,L2,46777,184697,1622016,1622016,0,7.188811632000579,600.0,54613,3923968,3.9484575753041025,3.381923717796129,1.167518224768583,14.348232105908853
case_012,5,L2,12622,59088,31104,31104,0,8.50083382899993,600.0,20712,726270,4.681350023768024,2.8528389339513325,1.6409443828236412,39.05948242564696
case_013,5,L2,54363,263949,32768,32768,0,8.120525360000102,600.0,125843,4866048,4.855305998565201,2.0974468186549906,2.3148648897227893,56.80093449774719
case_014,5,L2,3592432,17698626,53128200,35233968,17894232,423.6722880790003,600.0,7265117,329758612,4.92664189607486,2.436110251218253,2.0223394625145303,50.55231732675468
case_015,5,L2,39837,177362,317952,317952,0,11.2805850499999,600.0,61255,2506224,4.452192685192158,2.8954697575708104,1.5376408866129478,34.965308954371075
case_016,5,L2,2086359,7715523,214900,214900,0,119.5590181309999,600.0,2107621,212468,3.698080244099889,3.6607734502550504,1.0101909594657488,1.0088151522498645
case_017,5,L2,30495,162810,343296,343296,0,17.704204775000107,600.0,46780,1913004,5.338908017707821,3.480333475844378,1.5340219708148877,34.81188542112014
case_018,5,L2,201337,1004367,4681728,4681728,0,18.62622026600002,600.0,324655,14200072,4.988486964641372,3.0936440221157846,1.6124954677977719,37.984321818545844
case_019,5,L2,18640,81144,327032,327032,0,6.3013233289998425,600.0,25693,1304200,4.353218884120172,3.158214299614681,1.3783798283261803,27.45105670805278
case_020,5,L2,107650,532746,0,0,0,6.241525839000133,600.0,655469,37797888,4.948871342313051,0.8127707031148689,6.088889921040408,83.57664511975395
case_021,5,L2,1249380,6567937,11431936,9420800,2011136,14.911108559999775,600.0,2229905,80388096,5.256957050697146,2.9453887048999845,1.7848092653956362,43.97160417147816
case_022,5,L2,11813,56780,6912,6912,0,7.279958058000375,600.0,29926,1531446,4.8065690341149585,1.8973467887455724,2.5333107593329385,60.52596404464345
case_023,5,L2,24793,122614,197472,197472,0,11.995718785000463,600.0,35602,1988394,4.945508812971403,3.4440199988764677,1.4359698301940065,30.360653895848543
case_024,5,L2,693243,2555343,202660,202660,0,83.40283497400014,600.0,701245,201860,3.6860711179196906,3.6440088699384665,1.0115428500540216,1.1411133056207223
case_025,5,L2,975282,4863026,110592,110592,0,162.01524413199968,600.0,2116756,71780352,4.986276789687495,2.2973956374754576,2.17040404723967,53.925629595475336
case_026,5,L2,33721,99203,491168,491168,0,11.766818031000184,600.0,45321,2207536,2.941875982325554,2.1888969793252575,1.3439992882773346,25.595198693762278
case_027,5,L2,558753,2363952,5529600,5529600,0,14.346671246999904,600.0,582125,15900672,4.230763861670542,4.060901009233412,1.0418288581895758,4.014945243719136
case_028,5,L2,8209101,43836040,31031808,19837440,11194368,171.68994295300035,600.0,8239708,40272384,5.339931863428164,5.32009629467452,1.0037284228808976,0.3714573380512953
case_029,5,L2,9383,37555,0,0,0,6.513332374999663,600.0,16489,841018,4.002451241607162,2.2775789920553096,1.7573270808909731,43.095396931287524
case_030,5,L2,560897,2808034,11479040,7463936,4015104,28.145604590999937,600.0,1399442,76843016,5.006327364917267,2.006538320273366,2.4950071046912354,59.91995381016149
case_031,5,L2,306307,1414369,8059392,6248448,1810944,51.87212870900021,600.0,591633,32027002,4.617488336864649,2.390618846480842,1.9315033610070942,48.22685685213638
case_032,5,L2,10391,41443,12360,12360,0,8.256332803000078,600.0,17663,574704,3.988355307477625,2.3463171601653174,1.699836396881917,41.17080903583763
case_033,5,L2,367285,1774196,6509184,6509184,0,24.832160891000058,600.0,714975,38422850,4.830570265597561,2.4814797720200006,1.9466490599942823,48.62967236616665
case_034,5,L2,171529,842996,3532800,3532800,0,25.380404956998973,600.0,341003,18917118,4.91459753161273,2.4721072835136346,1.9880195185653737,49.69868300278883
case_035,5,L2,56942,169571,1602218,1602218,0,101.86052792400005,600.0,85200,2291788,2.9779600295037056,1.9902699530516432,1.4962593516209477,33.166666666666664
case_036,5,L2,187182,931510,4608,4608,0,4.385034807000011,600.0,187182,4608,4.976493466252097,4.976493466252097,1.0,0.0
case_037,5,L2,43013,210001,1925120,1925120,0,2.0295083569999406,600.0,92131,4849664,4.882268151489085,2.279373934940465,2.1419338339571756,53.31321704963585
case_038,5,L2,273759,1364555,8558592,8558592,0,45.94201084700035,600.0,537566,24937096,4.98451192472211,2.5383952854161165,1.9636468572722723,49.074346219813016
case_039,5,L2,340476,1435262,20480000,16809984,3670016,48.34860836799999,600.0,793688,52690944,4.21545718347255,1.8083453447702371,2.3311129125107204,57.10203505659655
case_040,5,L2,81272,253454,3935920,3935920,0,67.01164477400016,600.0,109032,4340500,3.1185894280933164,2.3245836084819134,1.3415690520720542,25.460415290923766
case_041,5,L2,1193054,6003957,40630272,18020352,22609920,50.064324338000006,600.0,2482194,125127020,5.03242686416541,2.418810536162766,2.0805378465685544,51.935505443974165
case_042,5,L2,369723,1686740,8045568,7286784,758784,36.765040184999634,600.0,559510,22046060,4.562172220824779,3.014673553645154,1.5133221357610969,33.92021590320101
case_043,5,L2,215630,677656,11060460,11060460,0,284.6292059689986,600.0,297452,15499348,3.142679590038492,2.278202869706709,1.379455548856838,27.507631483399
case_044,5,L2,45244,154407,930400,930400,0,11.517556891999448,600.0,82681,3721600,3.4127619131818583,1.8675028120124333,1.8274467332684996,45.27884278129195
case_045,5,L2,26164,125614,0,0,0,5.014425118000872,600.0,104536,6893568,4.801024308209754,1.2016338868906404,3.9954135453294604,74.97130175250632
case_046,5,L2,79918,276455,2791200,2791200,0,7.883890905000044,600.0,94326,3721600,3.4592332140443953,2.9308462141933296,1.1802847919117094,15.274685664609965
case_047,5,L2,114114,326508,5402776,5402776,0,188.74490397099999,600.0,157456,6671256,2.861244019138756,2.0736459709379127,1.3798131692868536,27.526420079260237
case_048,5,L2,98551,222220,1132628,1132628,0,38.29489538100006,600.0,116984,1639444,2.2548731113839535,1.8995760103945838,1.1870402126817587,15.756855638377898
case_049,5,L2,63196,196276,2123270,2123270,0,104.93668677900041,600.0,86778,3896060,3.1058294828786632,2.2618175113508032,1.3731565288942338,27.175090460715843
case_050,5,L2,54311,149690,1885008,1885008,0,121.29380877899985,600.0,77331,3524476,2.7561635764393952,1.9357049566150704,1.4238552042864245,29.76813955593488
case_051,5,L2,167410,607628,198040,198040,0,17.454434253999352,600.0,170407,197856,3.6295800728749774,3.56574553862224,1.017902156382534,1.7587305685799248
case_052,5,L2,41587,180301,333312,333312,0,11.058462504999625,600.0,56882,2905834,4.335513501815472,3.1697373510073485,1.3677832014812321,26.888998277135123
case_053,5,L2,362303,1472686,12135050,12135050,0,106.53918195299957,600.0,394532,17343320,4.064791072665697,3.732741577362546,1.0889559291532225,8.168919124430973
case_054,5,L2,237165,815051,8940968,8940968,0,175.44567692099918,600.0,285947,13524672,3.4366411570004005,2.850356884317723,1.2056880231062763,17.059804788999354
case_055,5,L2,26183,118835,198656,198656,0,11.342733514999964,600.0,35945,1458482,4.5386319367528545,3.3060230908332175,1.372837337203529,27.158158297398806
case_056,5,L2,94490,277285,3574548,3574548,0,239.62165289699988,600.0,126104,6477552,2.9345433379193566,2.198859671382351,1.3345750873108266,25.06978367062107
case_057,5,L2,16538,59726,27936,27936,0,9.657832093000252,600.0,19758,909234,3.6114403192647235,3.0228768093936633,1.1947031079937114,16.29719607247697
case_058,5,L2,1004819,4539717,32104448,18382848,13721600,156.6688568339996,600.0,2501380,144920576,4.517945022934478,1.814884983489114,2.489383660141777,59.82941416338181
case_059,5,L2,150736,829473,4325376,4325376,0,3.3007451169996784,600.0,232013,14401536,5.502819498991615,3.575114325490382,1.5392009871563528,35.03122669850396
case_060,5,L2,184532,888789,3641728,3441024,200704,50.172291782000684,600.0,454621,24689456,4.816449179546095,1.9550108771922106,2.4636431621615764,59.409706106845036
case_061,5,L2,22283,77191,83712,83712,0,9.469984180999745,600.0,30838,1077282,3.46412063007674,2.503113042350347,1.3839249652201229,27.74174719501913
case_062,5,L2,703542,2854809,10626048,9262080,1363968,148.60314570099945,600.0,700027,10275840,4.057766274081718,4.078141271693806,0.9950038519377663,-0.5021234895225435
case_063,5,L2,255854,1070397,3253248,3234816,18432,113.54060718799974,600.0,257434,3517440,4.18362425445762,4.157947279691105,1.006175396906048,0.6137495435723284
case_064,5,L2,8292,19116,132948,132948,0,14.78343202799988,600.0,19381,268728,2.305354558610709,0.9863268149218306,2.337313072841293,57.215829936535776
case_065,5,L2,9558,53068,55728,55728,0,5.051783619000162,600.0,19435,792498,5.552207574806445,2.730537689735014,2.0333751830926974,50.82068433239002
case_066,5,L2,110103,359070,4610524,4610524,0,148.46333289500035,600.0,147719,6912204,3.261219040353124,2.430763815081337,1.3416437335949065,25.464564477149175
case_067,5,L2,12257518,63834834,158705152,66256384,92448768,85.23367205500017,600.0,13166108,176334336,5.207810749288722,4.848420960848871,1.0741251205994558,6.900976355351174
case_068,5,L2,130386,362095,4177634,4177634,0,134.23758619399996,600.0,166840,6632936,2.777100302179682,2.170312874610405,1.2795852315432639,21.849676336609924
case_069,5,L2,12569,25144,503470,503470,0,16.593732913999702,600.0,19733,1070422,2.000477364945501,1.274210713018801,1.5699737449279974,36.30466730856941
case_070,5,L2,25840,117300,462848,462848,0,10.104672335999567,600.0,49155,1964004,4.5394736842105265,2.386328959414098,1.902283281733746,47.431593937544505
case_071,5,L2,9203,18919,329390,329390,0,11.290876091000428,600.0,14617,630356,2.055742692600239,1.2943148388862284,1.5882864283385854,37.0390641034412
case_072,5,L2,4817940,23897828,131343024,39420592,91922432,310.58835157700014,600.0,8964542,379099592,4.960175510695443,2.665816948595924,1.860658704757635,46.25559231023738
case_073,5,L2,1805392,10081626,74410240,21712384,52697856,47.42622221599959,600.0,2277715,95880704,5.584175625016617,4.4262016977541085,1.261617975486764,20.73670323108905
case_074,5,L2,330183,1682239,7118848,7118848,0,26.66188675400008,600.0,496544,26993476,5.094868603168546,3.3878951311464847,1.5038448375597775,33.503778114326224
case_075,5,L2,355004,1441809,12788022,12788022,0,146.3573684410003,600.0,425279,13253336,4.061388040698133,3.3902661546890394,1.197955515994186,16.52444630466118
case_076,5,L2,1232435,6185113,40553472,16297984,24255488,70.22688302999995,600.0,3328083,193668124,5.018611934909346,1.8584611621765443,2.7004125978246316,62.968621876317385
case_077,5,L2,121081,495320,172032,172032,0,28.66080096099904,600.0,189093,8124824,4.090815239385205,2.6194518041387043,1.56170662614283,35.967486897981416
case_078,5,L2,452545,2296143,12822528,12822528,0,6.9678456110004845,600.0,523339,9547776,5.073844590040769,4.387486887084662,1.1564352716304456,13.527369448865844
case_079,5,L2,6043668,31052251,31907840,23248896,8658944,83.59702088799895,600.0,11925669,471629824,5.137980941375337,2.6038162722778906,1.9732501851524604,49.32218896902136
case_080,5,L2,86025,292138,4571136,4571136,0,9.216998419000447,600.0,161557,10641408,3.3959662888695146,1.8082658133042826,1.8780238302818948,46.75253935143634
case_081,5,L2,30943,151795,0,0,0,5.490633543000513,600.0,58070,2027270,4.905632937982743,2.6140003444119166,1.876676469637721,46.714310315136906
case_082,5,L2,187467,721041,8565908,8565908,0,85.67302746600035,600.0,218256,6774808,3.8462289362927877,3.30364800967671,1.1642369056954023,14.106828678249395
case_083,5,L2,190890,1057993,3721600,3721600,0,17.4178781720002,600.0,190890,3721600,5.542422337471843,5.542422337471843,1.0,0.0
case_084,5,L2,503472,2507412,0,0,0,143.15889537899966,600.0,784692,26507904,4.98024120507198,3.1954091541649463,1.5585613499856994,35.83826520469178
case_085,5,L2,813738,3187899,40853464,40853464,0,161.1495327800003,600.0,883659,36103224,3.9175987848668736,3.607612212403201,1.0859256910700987,7.912667669315876
case_086,5,L2,51263,118403,2266894,2266894,0,111.37648916299986,600.0,80789,4664088,2.309716559701929,1.465583185829754,1.5759709732165499,36.54705467328473
case_087,5,L2,885221,3974071,8050176,6981120,1069056,197.70447293300094,600.0,1464738,68074940,4.489354635735031,2.7131616712340363,1.6546579893608488,39.56455011066825
case_088,5,L2,91991,243623,2712598,2712598,0,65.08118448400091,600.0,119236,4936000,2.648335163222489,2.0432000402562984,1.2961702775271493,22.849642725351405
case_089,5,L2,133338,693092,954880,954880,0,20.24547946200073,600.0,133338,954880,5.1980080697175595,5.1980080697175595,1.0,0.0
case_090,5,L2,248631,1178363,6515328,6515328,0,12.14477899800113,600.0,277141,8991744,4.7394049816796775,4.251853749535435,1.114667921538344,10.287182336788858
case_091,5,L2,1848050,9186769,39725056,25913344,13811712,149.58582398399994,600.0,3993092,212074612,4.971060847920781,2.3006654993173212,2.1607056086144856,53.71882240629567
case_092,5,L2,816728,4815554,4606336,3721600,884736,100.56518282300021,600.0,816728,4606336,5.896153921501406,5.896153921501406,1.0,0.0
case_093,5,L2,15876,74205,32768,32768,0,3.6889389539992408,600.0,34528,1335296,4.674036281179139,2.149125347544022,2.1748551272360794,54.019925857275254
case_094,5,L2,20152,94892,259200,259200,0,3.694495473999268,600.0,41149,2485104,4.708813021040095,2.3060584704367058,2.041931321953156,51.02675642178425
case_095,5,L2,420852,2084853,0,0,0,28.526694566000515,600.0,1086817,48364800,4.953886401870491,1.9183109943992411,2.582420898558163,61.27664547021256
case_096,5,L2,24363,84194,623148,623148,0,16.308172316999844,600.0,32468,1273476,3.455814144399294,2.593137858814833,1.332676599761934,24.96304053221634
case_097,5,L2,2102250,11491509,21311488,17039360,4272128,18.398040898000545,600.0,2737901,101289984,5.466290403139493,4.197196684613505,1.302366987751219,23.216726974423107
case_098,5,L2,46116,177430,1533620,1533620,0,19.408225950999622,600.0,58090,2355252,3.847471593373233,3.054398347391978,1.2596495793217104,20.61284214150456
case_099,5,L2,327276,1622999,10698752,7065600,3633152,14.153630398999667,600.0,525225,18574356,4.959114019970912,3.0901023370936267,1.6048381182854838,37.68841924889333
case_100,5,L2,38158,151223,2170338,2170338,0,13.98090793099982,600.0,52302,2147984,3.9630745846218356,2.891342587281557,1.3706693222915247,27.042942908492982
