case,cores,fixed_singlecore,B_makespan,L2_same_B_plan_makespan,L2_selected_makespan,same_plan_B_over_L2,separate_selection_B_over_L2,L2_reselection_gain,B_added_copy_bytes,L2_same_plan_added_copy_bytes,L2_selected_added_copy_bytes,L2_same_plan_hit_bytes,L2_same_plan_miss_bytes,L2_same_plan_byte_hit_rate,L2_selected_byte_hit_rate,B_plan,B_plan_sha256,L2_selected_plan_sha256,B_raw,L2_same_plan_raw,L2_same_plan_raw_sha256,origin
case_001,1,233110,233110,233110,233110,1.0,1.0,1.0,0,0,0,0,820352,0.0,0.0,/home/dreamboat/npu_r12_verify/NPU_R12/work/one6_B1L21/case_001_n1_B/selected_plan.json,e04c331ea89cfd22ed980affe57f457d4f871ca0f65c23155c88d0446218b305,e04c331ea89cfd22ed980affe57f457d4f871ca0f65c23155c88d0446218b305,/home/dreamboat/npu_r12_verify/NPU_R12/work/one6_B1L21/case_001_n1_B/control/r7/control_r6/control_work/components_result.official.json,/home/dreamboat/npu_r12_verify/NPU_R12/work/one6_B1L21/case_001_n1_L2/control/r7/control_r6/control_work/components_result.official.json,f43893918a31f2372bc81e0198f0ba01808595bcb507ea9ccfb6dad728a4d1a1,identical_final_plan
case_001,2,233110,116868,116868,116868,1.0,1.0,1.0,1152,1152,1152,0,821504,0.0,0.0,/home/dreamboat/npu_r12_verify/NPU_R12/work/par6_B/case_001_n2_B/selected_plan.json,ded4801bde790507d6b2d67b607be90c580caa9539f05441253f35582516723d,ded4801bde790507d6b2d67b607be90c580caa9539f05441253f35582516723d,/home/dreamboat/npu_r12_verify/NPU_R12/work/par6_B/case_001_n2_B/control/r7/control_r6/control_work/components_result.official.json,/home/dreamboat/npu_r12_verify/NPU_R12/work/par6_L2/case_001_n2_L2/control/r7/control_r6/control_work/components_result.official.json,1e409629d571a694149af3cb7a63f0e0e64d2e59d3ac9405eca12666ad00777b,identical_final_plan
case_001,3,233110,78545,78545,78545,1.0,1.0,1.0,2304,2304,2304,0,822656,0.0,0.0,/home/dreamboat/npu_r12_verify/NPU_R12/work/par6_B/case_001_n3_B/selected_plan.json,fc5f779390effbd7bbe09887052c446d55028c9e7e4fe533a435f4496f944a17,fc5f779390effbd7bbe09887052c446d55028c9e7e4fe533a435f4496f944a17,/home/dreamboat/npu_r12_verify/NPU_R12/work/par6_B/case_001_n3_B/control/r7/control_r6/control_work/components_result.official.json,/home/dreamboat/npu_r12_verify/NPU_R12/work/par6_L2/case_001_n3_L2/control/r7/control_r6/control_work/components_result.official.json,687542daaca6bccee18ac18e6d00b93fec3b667950bbc26fad36013c06e1bab5,identical_final_plan
case_001,4,233110,58984,58984,58984,1.0,1.0,1.0,3456,3456,3456,0,823808,0.0,0.0,/home/dreamboat/npu_r12_verify/NPU_R12/work/par6_B/case_001_n4_B/selected_plan.json,56a83f06de40a136315fa9e41b1a9d8b458a6292d618d1a042b6c9d45577aa8f,56a83f06de40a136315fa9e41b1a9d8b458a6292d618d1a042b6c9d45577aa8f,/home/dreamboat/npu_r12_verify/NPU_R12/work/par6_B/case_001_n4_B/control/r7/control_r6/control_work/components_result.official.json,/home/dreamboat/npu_r12_verify/NPU_R12/work/par6_L2/case_001_n4_L2/control/r7/control_r6/control_work/components_result.official.json,b638dd2253b2323043a1601837c076b4f062167779ff616a1a946e2fa929d98a,identical_final_plan
case_001,5,233110,47502,47502,47502,1.0,1.0,1.0,4608,4608,4608,0,824960,0.0,0.0,/home/dreamboat/npu_r12_verify/NPU_R12/work/reproduce_B5_r12/case_001_n5_B/selected_plan.json,8098954c54344af9884afc919dbe2acdfc8e1cac6e69c0487f11d1ae8cd7d252,8098954c54344af9884afc919dbe2acdfc8e1cac6e69c0487f11d1ae8cd7d252,/home/dreamboat/npu_r12_verify/NPU_R12/work/reproduce_B5_r12/case_001_n5_B/control/r7/control_r6/control_work/components_result.official.json,/home/dreamboat/npu_r12_verify/NPU_R12/work/par6_L2/case_001_n5_L2/control/r7/control_r6/control_work/components_result.official.json,153eed2f49a665a1b3029e78d768396e06d292c5b1dcbfa81a34aacec9547373,identical_final_plan
case_002,1,261945,261945,261945,261945,1.0,1.0,1.0,0,0,0,0,1222656,0.0,0.0,/home/dreamboat/npu_r12_verify/NPU_R12/work/one2_B1L21/case_002_n1_B/selected_plan.json,bdec6b425480ffabf2c343f59ea8219c337056282ac3f5481528e8714ef07349,bdec6b425480ffabf2c343f59ea8219c337056282ac3f5481528e8714ef07349,/home/dreamboat/npu_r12_verify/NPU_R12/work/one2_B1L21/case_002_n1_B/control/r7/control_r6/control_work/components_result.official.json,/home/dreamboat/npu_r12_verify/NPU_R12/work/one2_B1L21/case_002_n1_L2/control/r7/control_r6/control_work/components_result.official.json,ee5ec7a1dbb7d0109649f4cc5b915529040f9ef3c25ad7db5f0e9b6a5b380a1d,identical_final_plan
case_002,2,261945,137089,137089,137089,1.0,1.0,1.0,562176,562176,562176,0,1503744,0.0,0.0,/home/dreamboat/npu_r12_verify/NPU_R12/work/par2_B/case_002_n2_B/selected_plan.json,e5e10702db09910fab88022db29670d319f3a13e5e95e379df8acdd3beb0b4d4,e5e10702db09910fab88022db29670d319f3a13e5e95e379df8acdd3beb0b4d4,/home/dreamboat/npu_r12_verify/NPU_R12/work/par2_B/case_002_n2_B/indexed_insertion/plan.meta.official.json,/home/dreamboat/npu_r12_verify/NPU_R12/work/par2_L2/case_002_n2_L2/indexed_insertion/plan.meta.official.json,11b10d0733913282644cf43dfc1505906d5c5cc42d82b064cdfb4a298dbc596f,identical_final_plan
case_002,3,261945,94149,94149,94149,1.0,1.0,1.0,746496,746496,746496,0,1595904,0.0,0.0,/home/dreamboat/npu_r12_verify/NPU_R12/work/par2_B/case_002_n3_B/selected_plan.json,d7cd4fe576691b84d0ca0042f66a1921e845686a1cb5aabdc66caf15e940cdc3,d7cd4fe576691b84d0ca0042f66a1921e845686a1cb5aabdc66caf15e940cdc3,/home/dreamboat/npu_r12_verify/NPU_R12/work/par2_B/case_002_n3_B/indexed_insertion/plan.meta.official.json,/home/dreamboat/npu_r12_verify/NPU_R12/work/par2_L2/case_002_n3_L2/indexed_insertion/plan.meta.official.json,0dd9babcb43623724b2db222d4fdbbd5a9fa7a264399a44072a142b708e770a6,identical_final_plan
case_002,4,261945,73120,73120,73120,1.0,1.0,1.0,841728,841728,841728,0,1643520,0.0,0.0,/home/dreamboat/npu_r12_verify/NPU_R12/work/par2_B/case_002_n4_B/selected_plan.json,dbcbaabe3b253ab387e29607466d3a2bf0a2a93d2e7fd327592ebb27f6727ffd,dbcbaabe3b253ab387e29607466d3a2bf0a2a93d2e7fd327592ebb27f6727ffd,/home/dreamboat/npu_r12_verify/NPU_R12/work/par2_B/case_002_n4_B/indexed_insertion/plan.meta.official.json,/home/dreamboat/npu_r12_verify/NPU_R12/work/par2_L2/case_002_n4_L2/indexed_insertion/plan.meta.official.json,4f209c3e75285d06d6651226d5e8f9e9c306800a8db682f3738fb0a2d5a0cdc4,identical_final_plan
case_002,5,261945,59575,59575,59575,1.0,1.0,1.0,872448,872448,872448,0,1658880,0.0,0.0,/home/dreamboat/npu_r12_verify/NPU_R12/work/reproduce_B5_r12/case_002_n5_B/selected_plan.json,35c010ad3194408af1c956c6c0e12d41bb071c0742eb339717675bc358cd733e,35c010ad3194408af1c956c6c0e12d41bb071c0742eb339717675bc358cd733e,/home/dreamboat/npu_r12_verify/NPU_R12/work/reproduce_B5_r12/case_002_n5_B/indexed_insertion/plan.meta.official.json,/home/dreamboat/npu_r12_verify/NPU_R12/work/par2_L2/case_002_n5_L2/indexed_insertion/plan.meta.official.json,f5c78d9c4a3d43902abb36ef9c5d45e57f3e4feffad0d0d196653138bc20349f,identical_final_plan
case_003,1,602212,548159,548159,548159,1.0,1.0,1.0,24576,24576,24576,0,1296518,0.0,0.0,/home/dreamboat/npu_r12_verify/NPU_R12/work/one1_B1L21/case_003_n1_B/selected_plan.json,6f84fc924e4509688bea5309f2dfa44c47641cf61ff39f9d9a3c3e25afb309a7,6f84fc924e4509688bea5309f2dfa44c47641cf61ff39f9d9a3c3e25afb309a7,/home/dreamboat/npu_r12_verify/NPU_R12/work/one1_B1L21/case_003_n1_B/indexed_insertion/plan.meta.official.json,/home/dreamboat/npu_r12_verify/NPU_R12/work/one1_B1L21/case_003_n1_L2/indexed_insertion/plan.meta.official.json,b6b1762b7e15d7cccb553daba03fa3b4a9bb992d79825e6bec29347e8d9b0232,identical_final_plan
case_003,2,602212,315516,314363,314363,1.0036677344343958,1.0036677344343958,1.0,6408454,6408454,6408454,290950,4431046,0.06161589294018885,0.06161589294018885,/home/dreamboat/npu_r12_verify/NPU_R12/work/par1_B/case_003_n2_B/selected_plan.json,038b2c5a3e08379224549190a61bc9eb6b1e1060d78a1b8796bbc5a1624f45e4,038b2c5a3e08379224549190a61bc9eb6b1e1060d78a1b8796bbc5a1624f45e4,/home/dreamboat/npu_r12_verify/NPU_R12/work/par1_B/case_003_n2_B/indexed_insertion/plan.meta.official.json,/home/dreamboat/npu_r12_verify/NPU_R12/work/par1_L2/case_003_n2_L2/indexed_insertion/plan.meta.official.json,5b9feb3da103bb6d36116cd7287f1ffcf96c65816cbac035931665aa0f2af890,identical_final_plan
case_003,3,602212,257302,247555,247555,1.0393730686110156,1.0393730686110156,1.0,9518568,9518568,9518568,1550028,5025076,0.23574197457561127,0.23574197457561127,/home/dreamboat/npu_r12_verify/NPU_R12/work/par1_B/case_003_n3_B/selected_plan.json,3d262b3dfa0d81a00d76154edcbe90cd688649e150c4de69c933feb97374832c,3d262b3dfa0d81a00d76154edcbe90cd688649e150c4de69c933feb97374832c,/home/dreamboat/npu_r12_verify/NPU_R12/work/par1_B/case_003_n3_B/indexed_insertion/plan.meta.official.json,/home/dreamboat/npu_r12_verify/NPU_R12/work/par1_L2/case_003_n3_L2/indexed_insertion/plan.meta.official.json,930ba02db877b6890a665823a7a31a44e214555212560554d8ed057d0f57f1de,identical_final_plan
case_003,4,602212,234056,229275,229275,1.020852687820303,1.020852687820303,1.0,7733990,7733990,7733990,1420126,4487012,0.24040846853417003,0.24040846853417003,/home/dreamboat/npu_r12_verify/NPU_R12/work/par1_B/case_003_n4_B/selected_plan.json,8f16a4235335caba8392e32550430b0b8ba7f802e579e24945028229dca7ec93,8f16a4235335caba8392e32550430b0b8ba7f802e579e24945028229dca7ec93,/home/dreamboat/npu_r12_verify/NPU_R12/work/par1_B/case_003_n4_B/control/r7/control_r6/control_work/chainwave_result.official.json,/home/dreamboat/npu_r12_verify/NPU_R12/work/par1_L2/case_003_n4_L2/control/r7/control_r6/control_work/chainwave_result.official.json,227e070198cfae70e45f6cb1ffd548f223f187c8d6e95b285709908c5f094c65,identical_final_plan
case_003,5,602212,232588,212880,212297,1.0925779782036829,1.0955783642726935,1.0027461527953763,9723996,9723996,9779292,2217320,4932696,0.3101139913533061,0.31052109789243865,/home/dreamboat/npu_r12_verify/NPU_R12/work/reproduce_B5_r12/case_003_n5_B/selected_plan.json,999dcd798728bb5a9f75a3cc3be3547b5234e488710318ed071b4d5ff7cd21ae,4b53e390137670295084378325e6f30bae03d1bf106e454b3f37c28304d364ed,/home/dreamboat/npu_r12_verify/NPU_R12/work/reproduce_B5_r12/case_003_n5_B/control/r7/control_r6/control_work/migrate0_result.official.json,/home/dreamboat/npu_r12_verify/NPU_R12/work/par1_L2/case_003_n5_L2/control/r7/control_r6/control_work/migrate0_result.official.json,9d6dcf48851a4e32bed808a8fa5679f2ba248c28099eba76f1ee4cb8e45cf801,existing_candidate
case_004,1,392357,392357,392357,392357,1.0,1.0,1.0,0,0,0,0,451584,0.0,0.0,/home/dreamboat/npu_r12_verify/NPU_R12/work/one4_B1L21/case_004_n1_B/selected_plan.json,4f91df8be8f972ca0c590d087d9f35555139cc8bec160f706da82e8e08c5aaf9,4f91df8be8f972ca0c590d087d9f35555139cc8bec160f706da82e8e08c5aaf9,/home/dreamboat/npu_r12_verify/NPU_R12/work/one4_B1L21/case_004_n1_B/control/r7/control_r6/control_work/components_result.official.json,/home/dreamboat/npu_r12_verify/NPU_R12/work/one4_B1L21/case_004_n1_L2/control/r7/control_r6/control_work/components_result.official.json,69c4674ef629dfdc2cbb9677c00fb44ee7630a8f86e19770157bba0004b0a3f4,identical_final_plan
case_004,2,392357,199074,199074,199074,1.0,1.0,1.0,110592,110592,110592,0,562176,0.0,0.0,/home/dreamboat/npu_r12_verify/NPU_R12/work/par4_B/case_004_n2_B/selected_plan.json,5942f9e1eb5c7c18e8b6d2e834f97278de026796ac44f9623f9fd2f1ec8ea5d9,5942f9e1eb5c7c18e8b6d2e834f97278de026796ac44f9623f9fd2f1ec8ea5d9,/home/dreamboat/npu_r12_verify/NPU_R12/work/par4_B/case_004_n2_B/control/r7/control_r6/control_work/component_ordered_result.official.json,/home/dreamboat/npu_r12_verify/NPU_R12/work/par4_L2/case_004_n2_L2/control/r7/control_r6/control_work/component_ordered_result.official.json,3e8301976eeb34869b87157b8bfa3cf3c75768138baae93d14baf5979e3c3b22,identical_final_plan
case_004,3,392357,134043,134043,134043,1.0,1.0,1.0,221184,221184,221184,0,672768,0.0,0.0,/home/dreamboat/npu_r12_verify/NPU_R12/work/par4_B/case_004_n3_B/selected_plan.json,54d5b378ff88a94c5518a013582a28c66c13347e02c871530e174244eebf06e8,54d5b378ff88a94c5518a013582a28c66c13347e02c871530e174244eebf06e8,/home/dreamboat/npu_r12_verify/NPU_R12/work/par4_B/case_004_n3_B/control/r7/control_r6/control_work/component_ordered_result.official.json,/home/dreamboat/npu_r12_verify/NPU_R12/work/par4_L2/case_004_n3_L2/control/r7/control_r6/control_work/component_ordered_result.official.json,04db0c57b5d598388f252cb7c3f852220fff1d5a2bfed59cf63dc27034836a63,identical_final_plan
case_004,4,392357,104188,104188,104188,1.0,1.0,1.0,331776,331776,331776,0,783360,0.0,0.0,/home/dreamboat/npu_r12_verify/NPU_R12/work/par4_B/case_004_n4_B/selected_plan.json,2fdffafb7f6d3d8cb3a2d1c95269f213aad96d58d9e467c310511e27df7f89fe,2fdffafb7f6d3d8cb3a2d1c95269f213aad96d58d9e467c310511e27df7f89fe,/home/dreamboat/npu_r12_verify/NPU_R12/work/par4_B/case_004_n4_B/control/r7/control_r6/control_work/component_ordered_result.official.json,/home/dreamboat/npu_r12_verify/NPU_R12/work/par4_L2/case_004_n4_L2/control/r7/control_r6/control_work/component_ordered_result.official.json,a03b2da92145989073b5e7f4432b5fbc5bb8409a8c2812a6d9255ece948245dd,identical_final_plan
case_004,5,392357,88341,88341,88341,1.0,1.0,1.0,442368,442368,442368,0,893952,0.0,0.0,/home/dreamboat/npu_r12_verify/NPU_R12/work/reproduce_B5_r12/case_004_n5_B/selected_plan.json,c08331e81c1815a8a9dbb4c38cdd5d025ef495079650dc4bcad07dae4cc284c8,c08331e81c1815a8a9dbb4c38cdd5d025ef495079650dc4bcad07dae4cc284c8,/home/dreamboat/npu_r12_verify/NPU_R12/work/reproduce_B5_r12/case_004_n5_B/control/r7/control_r6/control_work/component_ordered_result.official.json,/home/dreamboat/npu_r12_verify/NPU_R12/work/par4_L2/case_004_n5_L2/control/r7/control_r6/control_work/component_ordered_result.official.json,c7d0f47e663d3939ccb5f1b72f4a77c2950662ab36e02c066997421008bb5453,identical_final_plan
case_005,1,95618,83323,83323,83323,1.0,1.0,1.0,0,0,0,0,318822,0.0,0.0,/home/dreamboat/npu_r12_verify/NPU_R12/work/one6_B1L21/case_005_n1_B/selected_plan.json,a7f70867e3bab55060337ede6ddacd3b7abb7973df449eb49df919c5f29b8a5b,a7f70867e3bab55060337ede6ddacd3b7abb7973df449eb49df919c5f29b8a5b,/home/dreamboat/npu_r12_verify/NPU_R12/work/one6_B1L21/case_005_n1_B/indexed_insertion/plan.meta.official.json,/home/dreamboat/npu_r12_verify/NPU_R12/work/one6_B1L21/case_005_n1_L2/indexed_insertion/plan.meta.official.json,310d5899cec84e1ea671ac58789a3e7856ac89a327da881230eb8494dfb552f5,identical_final_plan
case_005,2,95618,60883,60375,60375,1.0084140786749483,1.0084140786749483,1.0,2190534,2190534,2190534,154470,1340310,0.10333962188415687,0.10333962188415687,/home/dreamboat/npu_r12_verify/NPU_R12/work/par6_B/case_005_n2_B/selected_plan.json,2e233d1ccb9bfbab7978dbdaf99e8f452e74f27b04fd567aa91c6070e9356836,2e233d1ccb9bfbab7978dbdaf99e8f452e74f27b04fd567aa91c6070e9356836,/home/dreamboat/npu_r12_verify/NPU_R12/work/par6_B/case_005_n2_B/indexed_insertion/plan.meta.official.json,/home/dreamboat/npu_r12_verify/NPU_R12/work/par6_L2/case_005_n2_L2/indexed_insertion/plan.meta.official.json,f412c38eebfec498ae6283996c02fe4176de18b0f645174250224d0c2494366c,identical_final_plan
case_005,3,95618,52655,52401,52396,1.004847235739776,1.004943125429422,1.000095427131842,1728714,1728714,1733514,248698,1077430,0.18753694967604936,0.18719816217648405,/home/dreamboat/npu_r12_verify/NPU_R12/work/par6_B/case_005_n3_B/selected_plan.json,8b6241dfff1a7a381880ec5a185266fcad3be07d239c3677045d76b7eb2db69d,67c648fda457d642fbd2500d34cbd2513e3c977fbd2bf58226d8053d4f588016,/home/dreamboat/npu_r12_verify/NPU_R12/work/par6_B/case_005_n3_B/control/r7/control_r6/critical/critical_00_result.official.json,/home/dreamboat/npu_r12_verify/NPU_R12/work/par6_L2/case_005_n3_L2/control/r7/control_r6/critical/critical_00_result.official.json,d56ebfcee95afde6df8e90d585002dc5ed95a46e97be63db25ac709c07111d71,existing_candidate
case_005,4,95618,52655,52401,50800,1.004847235739776,1.0365157480314962,1.031515748031496,1728714,1728714,2224782,248698,1077430,0.18753694967604936,0.2780884417690287,/home/dreamboat/npu_r12_verify/NPU_R12/work/par6_B/case_005_n4_B/selected_plan.json,5101c00591cc5acbfa130e1d91773ea5b037abcc6165fba8cf927c0e188c6cbd,b34ac939ad6be03d1c466e790de78f82562d154b34d4fdf0bde984cdbfdca44a,/home/dreamboat/npu_r12_verify/NPU_R12/work/par6_B/case_005_n4_B/control/r7/control_r6/critical/critical_00_result.official.json,/home/dreamboat/npu_r12_verify/NPU_R12/work/par6_L2/case_005_n4_L2/control/extra/B_plan_evaluated_in_L2.official.json,2d1e5c5671ff2e20f0922087a1d537a60750d8be5da7b0f903285828cf7004a0,existing_candidate
case_005,5,95618,52655,52401,49484,1.004847235739776,1.0640813192142915,1.0589483469404253,1728714,1728714,2547864,248698,1077430,0.18753694967604936,0.32788421013321384,/home/dreamboat/npu_r12_verify/NPU_R12/work/reproduce_B5_r12/case_005_n5_B/selected_plan.json,f70faf09f7c54dd742f8b3314729faeba916dd01a7f1993c848b643415275a9f,34535d6050a5932ced1d27fcb0ebef80569e383a63954cbf3235a5473f309f4d,/home/dreamboat/npu_r12_verify/NPU_R12/work/reproduce_B5_r12/case_005_n5_B/control/r7/control_r6/critical/critical_00_result.official.json,/home/dreamboat/npu_r12_verify/NPU_R12/work/par6_L2/case_005_n5_L2/control/extra/B_plan_evaluated_in_L2.official.json,d9785d1593789f8f53339ed19b55fc748aaf27b12f9ee707ebadadb4990f02c6,existing_candidate
case_006,1,82837,76373,76373,76373,1.0,1.0,1.0,166044,166044,166044,41984,605294,0.06486239297488869,0.06486239297488869,/home/dreamboat/npu_r12_verify/NPU_R12/work/one4_B1L21/case_006_n1_B/selected_plan.json,7edf40f3663383fce050a3c0368b915a3056d6409a6858946ce8eb82e8b23128,7edf40f3663383fce050a3c0368b915a3056d6409a6858946ce8eb82e8b23128,/home/dreamboat/npu_r12_verify/NPU_R12/work/one4_B1L21/case_006_n1_B/indexed_insertion/plan.meta.official.json,/home/dreamboat/npu_r12_verify/NPU_R12/work/one4_B1L21/case_006_n1_L2/indexed_insertion/plan.meta.official.json,040dd797fa6d2eecb7b6e653b8c1e814f1ec20f68624eee060152409eb2926e2,identical_final_plan
case_006,2,82837,39367,39326,39326,1.0010425672583023,1.0010425672583023,1.0,614532,614532,614532,265476,717792,0.2699935317736365,0.2699935317736365,/home/dreamboat/npu_r12_verify/NPU_R12/work/par4_B/case_006_n2_B/selected_plan.json,6c9d171c97d5db5bebd97976b42624bfb4a56ecdf4228129b105404d9e10c1de,6c9d171c97d5db5bebd97976b42624bfb4a56ecdf4228129b105404d9e10c1de,/home/dreamboat/npu_r12_verify/NPU_R12/work/par4_B/case_006_n2_B/indexed_insertion/plan.meta.official.json,/home/dreamboat/npu_r12_verify/NPU_R12/work/par4_L2/case_006_n2_L2/indexed_insertion/plan.meta.official.json,aae9223b485ddba08c178037ee71899d15299f8593f22b5d1bb87f068ebbc551,identical_final_plan
case_006,3,82837,29782,27859,27859,1.0690261674862702,1.0690261674862702,1.0,841742,841742,841742,443154,747928,0.3720600260939213,0.3720600260939213,/home/dreamboat/npu_r12_verify/NPU_R12/work/par4_B/case_006_n3_B/selected_plan.json,10846f0f7c593cd85d1144791184da91b2ea6807d0490bf1df1eb4b802533153,10846f0f7c593cd85d1144791184da91b2ea6807d0490bf1df1eb4b802533153,/home/dreamboat/npu_r12_verify/NPU_R12/work/par4_B/case_006_n3_B/indexed_insertion/plan.meta.official.json,/home/dreamboat/npu_r12_verify/NPU_R12/work/par4_L2/case_006_n3_L2/indexed_insertion/plan.meta.official.json,6cfcf089de4b85a6fe1a5960a3bebedf661c04034f3a9f8b36ec2d43cb6df083,identical_final_plan
case_006,4,82837,26251,24645,24645,1.0651653479407588,1.0651653479407588,1.0,913168,913168,913168,411552,806348,0.3379193694063552,0.3379193694063552,/home/dreamboat/npu_r12_verify/NPU_R12/work/par4_B/case_006_n4_B/selected_plan.json,19af2854edccbf26c2cf711fbbd89218914611300fe019a3aaf61cc04367fdd8,19af2854edccbf26c2cf711fbbd89218914611300fe019a3aaf61cc04367fdd8,/home/dreamboat/npu_r12_verify/NPU_R12/work/par4_B/case_006_n4_B/indexed_insertion/plan.meta.official.json,/home/dreamboat/npu_r12_verify/NPU_R12/work/par4_L2/case_006_n4_L2/indexed_insertion/plan.meta.official.json,8450cccfea0dc61f872aeba5ff99f12319ea0c1d818bcb4836471579fa6e1416,identical_final_plan
case_006,5,82837,24618,22707,21965,1.0841590698903423,1.1207830639653995,1.0337810152515365,411656,411656,710016,348958,576200,0.377187464195305,0.2887948082332953,/home/dreamboat/npu_r12_verify/NPU_R12/work/reproduce_B5_r12/case_006_n5_B/selected_plan.json,905e8a0b5be459e25a23b2e57fd6860b99f997a64bebbfe5e916fc5a0835a3b4,f0eeb1267c2c7e7f458e4fa3e1822015b700c7e3cfa997e1462425ea9ead9ce6,/home/dreamboat/npu_r12_verify/NPU_R12/work/reproduce_B5_r12/case_006_n5_B/control/r7/control_r6/critical/critical_00_result.official.json,/home/dreamboat/npu_r12_verify/NPU_R12/work/par4_L2/case_006_n5_L2/control/extra/B_plan_evaluated_in_L2.official.json,f4cf8f57049e24e12142cfc0508c13e9a5fd961f56975c580a3f5fe1ef51a62e,existing_candidate
case_007,1,1012562,1012562,1012562,1012562,1.0,1.0,1.0,0,0,0,0,880128,0.0,0.0,/home/dreamboat/npu_r12_verify/NPU_R12/work/one4_B1L21/case_007_n1_B/selected_plan.json,a76728273933ae05ca27b456379daebc1a2fcc29ee480e547825738df1ca90e7,a76728273933ae05ca27b456379daebc1a2fcc29ee480e547825738df1ca90e7,/home/dreamboat/npu_r12_verify/NPU_R12/work/one4_B1L21/case_007_n1_B/control/r7/control_r6/control_work/component_batch512_result.official.json,/home/dreamboat/npu_r12_verify/NPU_R12/work/one4_B1L21/case_007_n1_L2/control/r7/control_r6/control_work/component_batch512_result.official.json,c3dd9c04c214ed74bba17a5cbdec2af0d3abc4a292d00bbddee3a6451f48502c,identical_final_plan
case_007,2,1012562,507494,507494,507494,1.0,1.0,1.0,27648,27648,27648,0,907776,0.0,0.0,/home/dreamboat/npu_r12_verify/NPU_R12/work/par4_B/case_007_n2_B/selected_plan.json,3c4a5c2221ceeacd3669f7706f62790f1e31ef511f8d656d2361d0895678d3a8,3c4a5c2221ceeacd3669f7706f62790f1e31ef511f8d656d2361d0895678d3a8,/home/dreamboat/npu_r12_verify/NPU_R12/work/par4_B/case_007_n2_B/control/r7/control_r6/control_work/component_batch512_result.official.json,/home/dreamboat/npu_r12_verify/NPU_R12/work/par4_L2/case_007_n2_L2/control/r7/control_r6/control_work/component_batch512_result.official.json,e7052047e4200082e2b1c0bfa75f964cc899f8c71499b039392ea1d92f42f028,identical_final_plan
case_007,3,1012562,338094,338094,338094,1.0,1.0,1.0,55296,55296,55296,0,935424,0.0,0.0,/home/dreamboat/npu_r12_verify/NPU_R12/work/par4_B/case_007_n3_B/selected_plan.json,d94d0f6d6700ccfad15372f32d80a4a5add802a9011ccfbc6505b0bceeadef89,d94d0f6d6700ccfad15372f32d80a4a5add802a9011ccfbc6505b0bceeadef89,/home/dreamboat/npu_r12_verify/NPU_R12/work/par4_B/case_007_n3_B/control/r7/control_r6/control_work/component_batch512_result.official.json,/home/dreamboat/npu_r12_verify/NPU_R12/work/par4_L2/case_007_n3_L2/control/r7/control_r6/control_work/component_batch512_result.official.json,e01a8ecaf4a25e517daa170f54e97002fc1268d03d006a65467bfa90f78f9b3c,identical_final_plan
case_007,4,1012562,254398,254398,254398,1.0,1.0,1.0,82944,82944,82944,0,963072,0.0,0.0,/home/dreamboat/npu_r12_verify/NPU_R12/work/par4_B/case_007_n4_B/selected_plan.json,059840ffcf5668605c32962e6eb5189545624f5e8a7313f6292deae030b109fe,059840ffcf5668605c32962e6eb5189545624f5e8a7313f6292deae030b109fe,/home/dreamboat/npu_r12_verify/NPU_R12/work/par4_B/case_007_n4_B/control/r7/control_r6/control_work/component_batch512_result.official.json,/home/dreamboat/npu_r12_verify/NPU_R12/work/par4_L2/case_007_n4_L2/control/r7/control_r6/control_work/component_batch512_result.official.json,7cd027bd90581f4c7c089da9a716dc02406acd34c782dc140e7571bcabe5361d,identical_final_plan
case_007,5,1012562,203834,203834,203834,1.0,1.0,1.0,110592,110592,110592,0,990720,0.0,0.0,/home/dreamboat/npu_r12_verify/NPU_R12/work/reproduce_B5_r12/case_007_n5_B/selected_plan.json,59ea5ec5cddf488c5d389de2786c19a4a946bfdb217e4bd865382e087fdfa771,59ea5ec5cddf488c5d389de2786c19a4a946bfdb217e4bd865382e087fdfa771,/home/dreamboat/npu_r12_verify/NPU_R12/work/reproduce_B5_r12/case_007_n5_B/control/r7/control_r6/control_work/component_batch512_result.official.json,/home/dreamboat/npu_r12_verify/NPU_R12/work/par4_L2/case_007_n5_L2/control/r7/control_r6/control_work/component_batch512_result.official.json,ac1ea9da18d17272a9518c4c781c3dc2205f3631a6c1b1244470b043ca01bc5e,identical_final_plan
case_008,1,487605,487605,487605,487605,1.0,1.0,1.0,0,0,0,0,1990872,0.0,0.0,/home/dreamboat/npu_r12_verify/NPU_R12/work/one1_B1L21/case_008_n1_B/selected_plan.json,4b62caef1f37e75b754a426d164b61ddeafacb93eceb05d0037cf99228134ef6,4b62caef1f37e75b754a426d164b61ddeafacb93eceb05d0037cf99228134ef6,/home/dreamboat/npu_r12_verify/NPU_R12/work/one1_B1L21/case_008_n1_B/control/r7/control_r6/control_work/component_batch512_result.official.json,/home/dreamboat/npu_r12_verify/NPU_R12/work/one1_B1L21/case_008_n1_L2/control/r7/control_r6/control_work/component_batch512_result.official.json,1d13ffdc355eb24f41f1e863262ea4e49fc62994200d10aa3529df8ddbfd64b2,identical_final_plan
case_008,2,487605,244266,244266,244266,1.0,1.0,1.0,0,0,0,0,1990872,0.0,0.0,/home/dreamboat/npu_r12_verify/NPU_R12/work/par1_B/case_008_n2_B/selected_plan.json,d0c1a7b4f5f31d5bff53f34432db76f541d4c7c06eccb1ab5c074a3839be9d77,d0c1a7b4f5f31d5bff53f34432db76f541d4c7c06eccb1ab5c074a3839be9d77,/home/dreamboat/npu_r12_verify/NPU_R12/work/par1_B/case_008_n2_B/control/r7/control_r6/control_work/component_ordered_result.official.json,/home/dreamboat/npu_r12_verify/NPU_R12/work/par1_L2/case_008_n2_L2/control/r7/control_r6/control_work/component_ordered_result.official.json,e0e0badbf0f6203c58bc8784d3f6f5db885490617f6ae3d742208b623befa831,identical_final_plan
case_008,3,487605,163359,163359,163359,1.0,1.0,1.0,0,0,0,0,1990872,0.0,0.0,/home/dreamboat/npu_r12_verify/NPU_R12/work/par1_B/case_008_n3_B/selected_plan.json,1e31346e5ba0181ff0cd7f39a2b6e916f3af19903622289b45081751f056af09,1e31346e5ba0181ff0cd7f39a2b6e916f3af19903622289b45081751f056af09,/home/dreamboat/npu_r12_verify/NPU_R12/work/par1_B/case_008_n3_B/control/r7/control_r6/control_work/component_ordered_result.official.json,/home/dreamboat/npu_r12_verify/NPU_R12/work/par1_L2/case_008_n3_L2/control/r7/control_r6/control_work/component_ordered_result.official.json,e43b3a6170b860f72a18bb9f577c1330655bb3ad8bcd09e4d1fda1b4d3b1b689,identical_final_plan
case_008,4,487605,123060,123060,123060,1.0,1.0,1.0,0,0,0,0,1990872,0.0,0.0,/home/dreamboat/npu_r12_verify/NPU_R12/work/par1_B/case_008_n4_B/selected_plan.json,c6dc86852e88e47ea0c7d095a6027b7cfa99465b1f86f1002ae02c8d5b70fa40,c6dc86852e88e47ea0c7d095a6027b7cfa99465b1f86f1002ae02c8d5b70fa40,/home/dreamboat/npu_r12_verify/NPU_R12/work/par1_B/case_008_n4_B/control/r7/control_r6/control_work/component_ordered_result.official.json,/home/dreamboat/npu_r12_verify/NPU_R12/work/par1_L2/case_008_n4_L2/control/r7/control_r6/control_work/component_ordered_result.official.json,38333be1701519892c1a53de6d41cb9e4ff95e7b4e44f03d2e3b2c542dab8d3c,identical_final_plan
case_008,5,487605,100603,100603,100603,1.0,1.0,1.0,0,0,0,0,1990872,0.0,0.0,/home/dreamboat/npu_r12_verify/NPU_R12/work/reproduce_B5_r12/case_008_n5_B/selected_plan.json,8ccb4e7b8a81acc3a88f52f63a947be03f63910db097c8fc7e0b031f9afdbc38,8ccb4e7b8a81acc3a88f52f63a947be03f63910db097c8fc7e0b031f9afdbc38,/home/dreamboat/npu_r12_verify/NPU_R12/work/reproduce_B5_r12/case_008_n5_B/control/r7/control_r6/control_work/component_ordered_result.official.json,/home/dreamboat/npu_r12_verify/NPU_R12/work/par1_L2/case_008_n5_L2/control/r7/control_r6/control_work/component_ordered_result.official.json,31120b7bda2b625dcd1cd0fd37a661a186db5f19e5590e5031e9a036d1a2781b,identical_final_plan
case_009,1,153261,147061,146683,146683,1.0025769857447693,1.0025769857447693,1.0,327048,327048,327048,51200,633118,0.07481901688980853,0.07481901688980853,/home/dreamboat/npu_r12_verify/NPU_R12/work/one5_B1L21/case_009_n1_B/selected_plan.json,6e38005870eaf48b2250595e489a4edfc57996426ff3a5642bc17f63422f856d,6e38005870eaf48b2250595e489a4edfc57996426ff3a5642bc17f63422f856d,/home/dreamboat/npu_r12_verify/NPU_R12/work/one5_B1L21/case_009_n1_B/indexed_insertion/plan.meta.official.json,/home/dreamboat/npu_r12_verify/NPU_R12/work/one5_B1L21/case_009_n1_L2/indexed_insertion/plan.meta.official.json,bb29f64d7bb1b4b64afb755b429961963e99f643fb89646f64075f4e6d30e235,identical_final_plan
case_009,2,153261,84436,84423,84423,1.0001539864728806,1.0001539864728806,1.0,1236498,1236498,1236498,222772,1003338,0.18169006043503438,0.18169006043503438,/home/dreamboat/npu_r12_verify/NPU_R12/work/par5_B/case_009_n2_B/selected_plan.json,769bb021327dd91b9e088e929a986c7f79dfdb508a585cf2ea065abb83f68ff8,769bb021327dd91b9e088e929a986c7f79dfdb508a585cf2ea065abb83f68ff8,/home/dreamboat/npu_r12_verify/NPU_R12/work/par5_B/case_009_n2_B/indexed_insertion/plan.meta.official.json,/home/dreamboat/npu_r12_verify/NPU_R12/work/par5_L2/case_009_n2_L2/indexed_insertion/plan.meta.official.json,bc6ef795820898d115e10667cf4b88f678670d376d942edd6528d96726ab4d23,identical_final_plan
case_009,3,153261,63747,62869,62869,1.0139655474081026,1.0139655474081026,1.0,1616024,1616024,1616024,399780,1077552,0.2706094500085289,0.2706094500085289,/home/dreamboat/npu_r12_verify/NPU_R12/work/par5_B/case_009_n3_B/selected_plan.json,a1a04addbab526ee8090a8cc7826728356a3ae78c0ab408a08c06a1a82b78445,a1a04addbab526ee8090a8cc7826728356a3ae78c0ab408a08c06a1a82b78445,/home/dreamboat/npu_r12_verify/NPU_R12/work/par5_B/case_009_n3_B/indexed_insertion/plan.meta.official.json,/home/dreamboat/npu_r12_verify/NPU_R12/work/par5_L2/case_009_n3_L2/indexed_insertion/plan.meta.official.json,8c0f0b14e59a3d853f0f0eedefbd79a48cbb5e24c787ac4c36e61471daa62ea2,identical_final_plan
case_009,4,153261,55563,52843,52843,1.0514732320269478,1.0514732320269478,1.0,1890898,1890898,1890898,502940,1140264,0.30607277002733685,0.30607277002733685,/home/dreamboat/npu_r12_verify/NPU_R12/work/par5_B/case_009_n4_B/selected_plan.json,e27c1b7c8a60658c1bc9dfc5bbedbbac7f4c46c8648efdc65735882ba8cbd43c,e27c1b7c8a60658c1bc9dfc5bbedbbac7f4c46c8648efdc65735882ba8cbd43c,/home/dreamboat/npu_r12_verify/NPU_R12/work/par5_B/case_009_n4_B/indexed_insertion/plan.meta.official.json,/home/dreamboat/npu_r12_verify/NPU_R12/work/par5_L2/case_009_n4_L2/indexed_insertion/plan.meta.official.json,0a1591d56ec5a2c7a61183f63c81d77bd86db23bbf47a48c830d506cf88e5f6a,identical_final_plan
case_009,5,153261,52311,46342,46342,1.1288032454361054,1.1288032454361054,1.0,2008978,2008978,2008978,576382,1157112,0.33249725698502564,0.33249725698502564,/home/dreamboat/npu_r12_verify/NPU_R12/work/reproduce_B5_r12/case_009_n5_B/selected_plan.json,4e3affe66d23171c02ab8197550d7c21a058729e3ae7f24af32ccb49c55447d7,4e3affe66d23171c02ab8197550d7c21a058729e3ae7f24af32ccb49c55447d7,/home/dreamboat/npu_r12_verify/NPU_R12/work/reproduce_B5_r12/case_009_n5_B/indexed_insertion/plan.meta.official.json,/home/dreamboat/npu_r12_verify/NPU_R12/work/par5_L2/case_009_n5_L2/indexed_insertion/plan.meta.official.json,36db1452b68b0968c368037bd4895d15df384cbcf12bb9ed2d7821ec924e0340,identical_final_plan
case_010,1,86969,86057,86057,86057,1.0,1.0,1.0,63892,63892,63892,0,416024,0.0,0.0,/home/dreamboat/npu_r12_verify/NPU_R12/work/one1_B1L21/case_010_n1_B/selected_plan.json,14260051a4efeed8155aec9e55ed27896f4a5aec2935d2f574b8ecb2f46f1a87,14260051a4efeed8155aec9e55ed27896f4a5aec2935d2f574b8ecb2f46f1a87,/home/dreamboat/npu_r12_verify/NPU_R12/work/one1_B1L21/case_010_n1_B/control/r7/control_r6/control_work/chainwave_result.official.json,/home/dreamboat/npu_r12_verify/NPU_R12/work/one1_B1L21/case_010_n1_L2/control/r7/control_r6/control_work/chainwave_result.official.json,ed9df535aaf50dd6952c21c1663bdeddb4e4cd3c3e210d5eb0a2c4493a2dd912,identical_final_plan
case_010,2,86969,42846,42721,42721,1.0029259614709394,1.0029259614709394,1.0,471500,471500,471500,216000,511828,0.29677341349879366,0.29677341349879366,/home/dreamboat/npu_r12_verify/NPU_R12/work/par1_B/case_010_n2_B/selected_plan.json,698e2b381abbcedcd75d5ae36f528449c7e4aef0b493c046ce09e698d90a9a70,698e2b381abbcedcd75d5ae36f528449c7e4aef0b493c046ce09e698d90a9a70,/home/dreamboat/npu_r12_verify/NPU_R12/work/par1_B/case_010_n2_B/control/r7/control_r6/control_work/migrate0_result.official.json,/home/dreamboat/npu_r12_verify/NPU_R12/work/par1_L2/case_010_n2_L2/control/r7/control_r6/control_work/migrate0_result.official.json,98065418979bd9953de237bb7473b4ad0cc4fe91ecf6fbd5943e31406101753a,identical_final_plan
case_010,3,86969,30856,30856,30856,1.0,1.0,1.0,48384,48384,48384,48384,384078,0.11188035018105637,0.11188035018105637,/home/dreamboat/npu_r12_verify/NPU_R12/work/par1_B/case_010_n3_B/selected_plan.json,e8eda427def996dc687386a839c03aaeca5bf11a4243e62e0a0958a2891e42cc,e8eda427def996dc687386a839c03aaeca5bf11a4243e62e0a0958a2891e42cc,/home/dreamboat/npu_r12_verify/NPU_R12/work/par1_B/case_010_n3_B/control/r7/control_r6/control_work/components_result.official.json,/home/dreamboat/npu_r12_verify/NPU_R12/work/par1_L2/case_010_n3_L2/control/r7/control_r6/control_work/components_result.official.json,7a098921ace5ded595360ab1f3bad31980dcf56a4336b2d147131ba52264dae9,identical_final_plan
case_010,4,86969,26147,25518,24135,1.0246492671839487,1.0833644085353222,1.057302672467371,778932,778932,774836,368580,600196,0.38045946637819267,0.3812654645360432,/home/dreamboat/npu_r12_verify/NPU_R12/work/par1_B/case_010_n4_B/selected_plan.json,77981c05560f2fef0392bd56b841853be214a78be60e1829da5a64ad10f7ece0,4fa957ec64b5ef14105f92af2fce93599244cebb6a5fa00ff21cb8ba0d9de31b,/home/dreamboat/npu_r12_verify/NPU_R12/work/par1_B/case_010_n4_B/control/r7/control_r6/control_work/chainwave_result.official.json,/home/dreamboat/npu_r12_verify/NPU_R12/work/par1_L2/case_010_n4_L2/control/r7/control_r6/control_work/chainwave_result.official.json,e31069d7aef66ddb6556e79ce52f76abf9755a8390ac8085490fb50e483f8c9f,existing_candidate
case_010,5,86969,26147,25518,24724,1.0246492671839487,1.0575554117456722,1.0321145445720756,778932,778932,1011020,368580,600196,0.38045946637819267,0.31138631006245043,/home/dreamboat/npu_r12_verify/NPU_R12/work/reproduce_B5_r12/case_010_n5_B/selected_plan.json,49ee6be6475b92920eb9a3f7df651661e777768d9c28115c00e87f719b52de77,e44bb8ddf032637e25874e44b9850c171803cc5a91b2750400333797c49f9a85,/home/dreamboat/npu_r12_verify/NPU_R12/work/reproduce_B5_r12/case_010_n5_B/control/r7/control_r6/core/active4_chainwave_result.official.json,/home/dreamboat/npu_r12_verify/NPU_R12/work/par1_L2/case_010_n5_L2/control/r7/control_r6/core/active4_chainwave_result.official.json,2f7385aab141d61316969583bab9b3f35387c5bc4a11c865e59e45c08c88a508,existing_candidate
case_011,1,184697,184697,184697,184697,1.0,1.0,1.0,0,0,0,0,540672,0.0,0.0,/home/dreamboat/npu_r12_verify/NPU_R12/work/one6_B1L21/case_011_n1_B/selected_plan.json,381c0ab39a186758d550abf2610f52565ef1ee314590dd7ef214dd28a1831416,381c0ab39a186758d550abf2610f52565ef1ee314590dd7ef214dd28a1831416,/home/dreamboat/npu_r12_verify/NPU_R12/work/one6_B1L21/case_011_n1_B/control/r7/control_r6/control_work/components_result.official.json,/home/dreamboat/npu_r12_verify/NPU_R12/work/one6_B1L21/case_011_n1_L2/control/r7/control_r6/control_work/components_result.official.json,1132958b6f63411d5e1132c27d9e07d9554f1822c8c19d46d9d8f2481ba2246c,identical_final_plan
case_011,2,184697,92646,92646,92646,1.0,1.0,1.0,180224,180224,180224,0,720896,0.0,0.0,/home/dreamboat/npu_r12_verify/NPU_R12/work/par6_B/case_011_n2_B/selected_plan.json,4ecb5c130b3c7b90f332546eb65fceaae5345b6cad1a470adfe05c78b9531f92,4ecb5c130b3c7b90f332546eb65fceaae5345b6cad1a470adfe05c78b9531f92,/home/dreamboat/npu_r12_verify/NPU_R12/work/par6_B/case_011_n2_B/control/r7/control_r6/control_work/components_result.official.json,/home/dreamboat/npu_r12_verify/NPU_R12/work/par6_L2/case_011_n2_L2/control/r7/control_r6/control_work/components_result.official.json,9b257ce5653e95bf14437014ce24fcb5e6875e6bc42cacadb3b35c9a24c43716,identical_final_plan
case_011,3,184697,69625,69625,69625,1.0,1.0,1.0,1081344,1081344,1081344,761856,860160,0.4696969696969697,0.4696969696969697,/home/dreamboat/npu_r12_verify/NPU_R12/work/par6_B/case_011_n3_B/selected_plan.json,e54601ff913ff889a4093571527f2f8820cdd0c1a3a104b017f502e06b1d11ee,e54601ff913ff889a4093571527f2f8820cdd0c1a3a104b017f502e06b1d11ee,/home/dreamboat/npu_r12_verify/NPU_R12/work/par6_B/case_011_n3_B/control/r7/control_r6/control_work/component_ordered_result.official.json,/home/dreamboat/npu_r12_verify/NPU_R12/work/par6_L2/case_011_n3_L2/control/r7/control_r6/control_work/component_ordered_result.official.json,304cd754e8489f4030067f5426e8c9d24649fe10312c780ab440e7e6a527433f,identical_final_plan
case_011,4,184697,46880,46880,46808,1.0,1.00153819859853,1.00153819859853,540672,540672,704512,0,1081344,0.0,0.10535714285714286,/home/dreamboat/npu_r12_verify/NPU_R12/work/par6_B/case_011_n4_B/selected_plan.json,574cdfd45de313c66e773051e777a65c2707e5efd7fc1cd6391d6ed702f5d9c8,f12158012eeb7b60f4b213fd727cb91cfd6a34ccd6bccc302cae5e047b7e88c1,/home/dreamboat/npu_r12_verify/NPU_R12/work/par6_B/case_011_n4_B/control/r7/control_r6/control_work/components_result.official.json,/home/dreamboat/npu_r12_verify/NPU_R12/work/par6_L2/case_011_n4_L2/control/r7/control_r6/control_work/components_result.official.json,d9a1e9b388a5cf3d2d5a6ddb974bdd11b68e0aa65622d098bcb63b079a4189f9,existing_candidate
case_011,5,184697,46880,46880,46777,1.0,1.0022019368493063,1.0022019368493063,540672,540672,1622016,0,1081344,0.0,0.6231060606060606,/home/dreamboat/npu_r12_verify/NPU_R12/work/reproduce_B5_r12/case_011_n5_B/selected_plan.json,fdaf1dde7ad1cf0b24bfd6a4eaf4adbf13e7608983485ca1a7c7f8d0c1b2f5a9,1c20dc3e3630dd34edd963de7b5288ef41f8d968ddf50b1442fd03865e7b94d6,/home/dreamboat/npu_r12_verify/NPU_R12/work/reproduce_B5_r12/case_011_n5_B/control/extra/m4_components.official.json,/home/dreamboat/npu_r12_verify/NPU_R12/work/par6_L2/case_011_n5_L2/control/extra/m4_components.official.json,3bc549eb2e02bf8f2dd3a69f4582eb30f609c38a9c127c530d2e6a1b603437d5,existing_candidate
case_012,1,59088,51532,51532,51532,1.0,1.0,1.0,0,0,0,0,484096,0.0,0.0,/home/dreamboat/npu_r12_verify/NPU_R12/work/one6_B1L21/case_012_n1_B/selected_plan.json,b327b652320c96e1affe9a9c9c5d938f63204b369443a0c63ebc6d3d1058c7d5,b327b652320c96e1affe9a9c9c5d938f63204b369443a0c63ebc6d3d1058c7d5,/home/dreamboat/npu_r12_verify/NPU_R12/work/one6_B1L21/case_012_n1_B/control/r7/control_r6/control_work/component_ordered_result.official.json,/home/dreamboat/npu_r12_verify/NPU_R12/work/one6_B1L21/case_012_n1_L2/control/r7/control_r6/control_work/component_ordered_result.official.json,c4cf7aec4187ef4512fde795e870bbe7a29672778223e70e82fbc13c25068e46,identical_final_plan
case_012,2,59088,29730,29689,29689,1.001380982855603,1.001380982855603,1.0,461572,461572,461572,91080,671390,0.11945388015266174,0.11945388015266174,/home/dreamboat/npu_r12_verify/NPU_R12/work/par6_B/case_012_n2_B/selected_plan.json,98814a724e5be7aa59a41a3c7a8f1523f90aef874ddd10e62fbdc480f17f9ce5,98814a724e5be7aa59a41a3c7a8f1523f90aef874ddd10e62fbdc480f17f9ce5,/home/dreamboat/npu_r12_verify/NPU_R12/work/par6_B/case_012_n2_B/indexed_insertion/plan.meta.official.json,/home/dreamboat/npu_r12_verify/NPU_R12/work/par6_L2/case_012_n2_L2/indexed_insertion/plan.meta.official.json,d73098694dc1f8f41bb651d14bf7ed376440e7892881df6170b42619d976b441,identical_final_plan
case_012,3,59088,18114,18114,18114,1.0,1.0,1.0,20160,20160,20160,20160,484096,0.03997969285442315,0.03997969285442315,/home/dreamboat/npu_r12_verify/NPU_R12/work/par6_B/case_012_n3_B/selected_plan.json,47f6783298e9e4f1057ce6c30c1ee888102e68d6e8c2ae4fcb0281dd71cd7070,47f6783298e9e4f1057ce6c30c1ee888102e68d6e8c2ae4fcb0281dd71cd7070,/home/dreamboat/npu_r12_verify/NPU_R12/work/par6_B/case_012_n3_B/control/r7/control_r6/control_work/component_ordered_result.official.json,/home/dreamboat/npu_r12_verify/NPU_R12/work/par6_L2/case_012_n3_L2/control/r7/control_r6/control_work/component_ordered_result.official.json,826b3910be56b47a30a377484d7d347dcb355aa3932e91657651e9ff3977047b,identical_final_plan
case_012,4,59088,14886,14884,14884,1.000134372480516,1.000134372480516,1.0,21888,21888,21888,21888,484096,0.04325828484695168,0.04325828484695168,/home/dreamboat/npu_r12_verify/NPU_R12/work/par6_B/case_012_n4_B/selected_plan.json,90a92ad3d50280a8c1a66dc25364149490a25182a4159ad8164aefeb41528ac0,90a92ad3d50280a8c1a66dc25364149490a25182a4159ad8164aefeb41528ac0,/home/dreamboat/npu_r12_verify/NPU_R12/work/par6_B/case_012_n4_B/control/r7/control_r6/control_work/component_ordered_result.official.json,/home/dreamboat/npu_r12_verify/NPU_R12/work/par6_L2/case_012_n4_L2/control/r7/control_r6/control_work/component_ordered_result.official.json,c847e3d97cc46c0ccbafc5d3f8e9dc6fe28121c668c45471ff9a9488397df8cd,identical_final_plan
case_012,5,59088,12712,12622,12622,1.0071304072254794,1.0071304072254794,1.0,31104,31104,31104,31104,484096,0.06037267080745341,0.06037267080745341,/home/dreamboat/npu_r12_verify/NPU_R12/work/reproduce_B5_r12/case_012_n5_B/selected_plan.json,c45578fad6048dec717ca790f951fd554e12b99bfa49875b83f36a1351dd460f,c45578fad6048dec717ca790f951fd554e12b99bfa49875b83f36a1351dd460f,/home/dreamboat/npu_r12_verify/NPU_R12/work/reproduce_B5_r12/case_012_n5_B/control/r7/control_r6/control_work/component_ordered_result.official.json,/home/dreamboat/npu_r12_verify/NPU_R12/work/par6_L2/case_012_n5_L2/control/r7/control_r6/control_work/component_ordered_result.official.json,dcfcd32b27137fc3f93f19d37a6cd5565b4b595cc59519fcbdffd1b258b54439,identical_final_plan
case_013,1,263949,263949,263949,263949,1.0,1.0,1.0,0,0,0,0,2023424,0.0,0.0,/home/dreamboat/npu_r12_verify/NPU_R12/work/one4_B1L21/case_013_n1_B/selected_plan.json,c355c9da31a8713d20ab316355af7b26ac5c4ef2efda9c97a606e68a1081f6c7,c355c9da31a8713d20ab316355af7b26ac5c4ef2efda9c97a606e68a1081f6c7,/home/dreamboat/npu_r12_verify/NPU_R12/work/one4_B1L21/case_013_n1_B/control/r7/control_r6/control_work/components_result.official.json,/home/dreamboat/npu_r12_verify/NPU_R12/work/one4_B1L21/case_013_n1_L2/control/r7/control_r6/control_work/components_result.official.json,f10f07e949c68f10f4efd271398b11bfb8dec60c2c3b5936bc2dfa4481ac780f,identical_final_plan
case_013,2,263949,132198,132198,132198,1.0,1.0,1.0,8192,8192,8192,0,2031616,0.0,0.0,/home/dreamboat/npu_r12_verify/NPU_R12/work/par4_B/case_013_n2_B/selected_plan.json,2f801c8e97ee4c6253d07750763424f8e90298a101f803cdc06ac6edb9e6b3f0,2f801c8e97ee4c6253d07750763424f8e90298a101f803cdc06ac6edb9e6b3f0,/home/dreamboat/npu_r12_verify/NPU_R12/work/par4_B/case_013_n2_B/control/r7/control_r6/control_work/components_result.official.json,/home/dreamboat/npu_r12_verify/NPU_R12/work/par4_L2/case_013_n2_L2/control/r7/control_r6/control_work/components_result.official.json,3ea1ed63cdb2cafbc824e47de08d88b444ade8e42c3fc90e977085e2e2098336,identical_final_plan
case_013,3,263949,88351,88351,88351,1.0,1.0,1.0,16384,16384,16384,0,2039808,0.0,0.0,/home/dreamboat/npu_r12_verify/NPU_R12/work/par4_B/case_013_n3_B/selected_plan.json,5a9a08eada9e30de4c315562072f3381aba38ed6d4f65ec4962ed9289bc404f7,5a9a08eada9e30de4c315562072f3381aba38ed6d4f65ec4962ed9289bc404f7,/home/dreamboat/npu_r12_verify/NPU_R12/work/par4_B/case_013_n3_B/control/r7/control_r6/control_work/components_result.official.json,/home/dreamboat/npu_r12_verify/NPU_R12/work/par4_L2/case_013_n3_L2/control/r7/control_r6/control_work/components_result.official.json,43ffa32ea283b0d8ff8ff61e6a1dd54c4c5f62f9836df29554460037db219227,identical_final_plan
case_013,4,263949,66982,66982,66982,1.0,1.0,1.0,24576,24576,24576,0,2048000,0.0,0.0,/home/dreamboat/npu_r12_verify/NPU_R12/work/par4_B/case_013_n4_B/selected_plan.json,21281493d5fc3a33f49e948553f4c3f4dc372fdbcb58ea52a74bd5cdba2b9413,21281493d5fc3a33f49e948553f4c3f4dc372fdbcb58ea52a74bd5cdba2b9413,/home/dreamboat/npu_r12_verify/NPU_R12/work/par4_B/case_013_n4_B/control/r7/control_r6/control_work/components_result.official.json,/home/dreamboat/npu_r12_verify/NPU_R12/work/par4_L2/case_013_n4_L2/control/r7/control_r6/control_work/components_result.official.json,a2e2da0135dc42e84eadaca7a8c13b0b9b91a43301e92c226be417ffc622eaa2,identical_final_plan
case_013,5,263949,54363,54363,54363,1.0,1.0,1.0,32768,32768,32768,0,2056192,0.0,0.0,/home/dreamboat/npu_r12_verify/NPU_R12/work/reproduce_B5_r12/case_013_n5_B/selected_plan.json,f9aaa4674b9e78d6f44d6438d9bec19c6f72838510e8a781b6bc52e38cf815a3,f9aaa4674b9e78d6f44d6438d9bec19c6f72838510e8a781b6bc52e38cf815a3,/home/dreamboat/npu_r12_verify/NPU_R12/work/reproduce_B5_r12/case_013_n5_B/control/r7/control_r6/control_work/component_ordered_result.official.json,/home/dreamboat/npu_r12_verify/NPU_R12/work/par4_L2/case_013_n5_L2/control/r7/control_r6/control_work/component_ordered_result.official.json,e49bec99016640cd83408b3fbfa0a6a06a18211ec86ea163632fc263c3d145be,identical_final_plan
case_014,1,17698626,17698626,17689602,17689602,1.0005101301883446,1.0005101301883446,1.0,71010720,71010720,71010720,9944064,70961016,0.12291025483195864,0.12291025483195864,/home/dreamboat/npu_r12_verify/NPU_R12/work/one1_B1L21/case_014_n1_B/selected_plan.json,2b5e0fa4e027d78e9e97da376e0e2f893f85e7ccd689bdec5bb6dbb4541303ff,2b5e0fa4e027d78e9e97da376e0e2f893f85e7ccd689bdec5bb6dbb4541303ff,/home/dreamboat/npu_r12_verify/NPU_R12/work/one1_B1L21/case_014_n1_B/control/r7/control_r6/control_work/components_result.official.json,/home/dreamboat/npu_r12_verify/NPU_R12/work/one1_B1L21/case_014_n1_L2/control/r7/control_r6/control_work/components_result.official.json,1bf73c7791d256b30de47ed4615db6b450c37809de3aa315e266af47dc8ff6e1,identical_final_plan
case_014,2,17698626,8864262,8865476,8857863,0.9998630643182611,1.0007224090054225,1.0008594623782283,62154168,62154168,51088824,17195016,54870792,0.2386015848181429,0.23146289510191267,/home/dreamboat/npu_r12_verify/NPU_R12/work/par1_B/case_014_n2_B/selected_plan.json,be52219edfb47f6f2d8ffe61852b4aa2c130b956b5b916c4077ccb5f420334da,c36b9c3a6bbbb5215339f9287a13d4e8837477921d39eafae865f89577dbf151,/home/dreamboat/npu_r12_verify/NPU_R12/work/par1_B/case_014_n2_B/control/extra/m2_ordered_2048.official.json,/home/dreamboat/npu_r12_verify/closeout_q3_20260925_01/new_scores/case_014_n2_Bplan_L2/official.json,edb70d114514b4c69f19640c7437b96c1bd73c149dfdaeee9ad40dd71db89501,new_official_evaluation
case_014,3,17698626,5924867,5914855,5896850,1.0016926873101708,1.0047511807151275,1.0030533250803395,46130856,46130856,57474216,9857856,46184640,0.17589966014361674,0.22423554284151262,/home/dreamboat/npu_r12_verify/NPU_R12/work/par1_B/case_014_n3_B/selected_plan.json,eb3045b093c88cbd310303b17c2d1da2e7e72ccf6040047edf24b0c69762d9e7,5695cc64d5253098818ce6874739b55e6cde57419346f4aa4338fb61665c61e5,/home/dreamboat/npu_r12_verify/NPU_R12/work/par1_B/case_014_n3_B/control/r7/control_r6/control_work/component_ordered_result.official.json,/home/dreamboat/npu_r12_verify/NPU_R12/work/par1_L2/case_014_n3_L2/control/r7/control_r6/control_work/component_ordered_result.official.json,44c2786b4b08dbea21f8ba396b43d488684397ed229b5e16da9227a666f0dbd6,existing_candidate
case_014,4,17698626,4428315,4426698,4426698,1.000365283558987,1.000365283558987,1.0,48577944,48577944,48577944,17750208,40739376,0.3034763933352646,0.3034763933352646,/home/dreamboat/npu_r12_verify/NPU_R12/work/par1_B/case_014_n4_B/selected_plan.json,df588734512d1dc1e892b44ccb2a770745cd091578e5438b70ed1feae2645c27,df588734512d1dc1e892b44ccb2a770745cd091578e5438b70ed1feae2645c27,/home/dreamboat/npu_r12_verify/NPU_R12/work/par1_B/case_014_n4_B/control/r7/control_r6/control_work/component_ordered_result.official.json,/home/dreamboat/npu_r12_verify/NPU_R12/work/par1_L2/case_014_n4_L2/control/r7/control_r6/control_work/component_ordered_result.official.json,54278c60afb36877301ffe9d4df36b26351a07b5c183bd1114e5db1acb8ec790,identical_final_plan
case_014,5,17698626,3605387,3592432,3592432,1.003606192128341,1.003606192128341,1.0,53128200,53128200,53128200,19503168,43536672,0.3093784501991122,0.3093784501991122,/home/dreamboat/npu_r12_verify/NPU_R12/work/reproduce_B5_r12/case_014_n5_B/selected_plan.json,40ba1beca65062b44ab5e302c1a77e37ffb986b00be660633296ed41c5e3cf73,40ba1beca65062b44ab5e302c1a77e37ffb986b00be660633296ed41c5e3cf73,/home/dreamboat/npu_r12_verify/NPU_R12/work/reproduce_B5_r12/case_014_n5_B/control/r7/control_r6/control_work/component_ordered_result.official.json,/home/dreamboat/npu_r12_verify/NPU_R12/work/par1_L2/case_014_n5_L2/control/r7/control_r6/control_work/component_ordered_result.official.json,d40adb0aac518133403d5f19eb7789d39f0e1c44f10367c8f1b51ba54bec71b2,identical_final_plan
case_015,1,177362,158311,156783,156783,1.0097459545996696,1.0097459545996696,1.0,873464,873464,873464,221184,1210622,0.15447902858348128,0.15447902858348128,/home/dreamboat/npu_r12_verify/NPU_R12/work/one4_B1L21/case_015_n1_B/selected_plan.json,dec8766d3c8c655534a45a7397eee5e105b512341561631fa1734d3690b8f1a1,dec8766d3c8c655534a45a7397eee5e105b512341561631fa1734d3690b8f1a1,/home/dreamboat/npu_r12_verify/NPU_R12/work/one4_B1L21/case_015_n1_B/indexed_insertion/plan.meta.official.json,/home/dreamboat/npu_r12_verify/NPU_R12/work/one4_B1L21/case_015_n1_L2/indexed_insertion/plan.meta.official.json,23d3a1f1ea8cd790b6440ae8b926a45e92cdb72076c3f8cf5e1fa1f3cc5d7f0a,identical_final_plan
case_015,2,177362,89331,87960,87960,1.0155866302864938,1.0155866302864938,1.0,1786394,1786394,1786394,600846,1493640,0.2868703825186705,0.2868703825186705,/home/dreamboat/npu_r12_verify/NPU_R12/work/par4_B/case_015_n2_B/selected_plan.json,3f777483c49e03659106a2f007d53c631583bc6ce7dc0d05c461d8856c25bdae,3f777483c49e03659106a2f007d53c631583bc6ce7dc0d05c461d8856c25bdae,/home/dreamboat/npu_r12_verify/NPU_R12/work/par4_B/case_015_n2_B/indexed_insertion/plan.meta.official.json,/home/dreamboat/npu_r12_verify/NPU_R12/work/par4_L2/case_015_n2_L2/indexed_insertion/plan.meta.official.json,20a5c9e44dfb47a2db36da317773ad744a4e4f5ada9eeb7169cedeab9cf17914,identical_final_plan
case_015,3,177362,58906,58906,58906,1.0,1.0,1.0,208128,208128,208128,208128,884482,0.19048699902069358,0.19048699902069358,/home/dreamboat/npu_r12_verify/NPU_R12/work/par4_B/case_015_n3_B/selected_plan.json,228a63f5e6e6391000c7c7ef19c77c1d8f8a6ec153ace1b5b865bdf6386db729,228a63f5e6e6391000c7c7ef19c77c1d8f8a6ec153ace1b5b865bdf6386db729,/home/dreamboat/npu_r12_verify/NPU_R12/work/par4_B/case_015_n3_B/control/r7/control_r6/control_work/component_ordered_result.official.json,/home/dreamboat/npu_r12_verify/NPU_R12/work/par4_L2/case_015_n3_L2/control/r7/control_r6/control_work/component_ordered_result.official.json,df62680e08a4d9e1979bc1d5c1c8704571eec51f581026685bd83f2a9f58a448,identical_final_plan
case_015,4,177362,51503,51503,51503,1.0,1.0,1.0,231168,231168,231168,198400,917250,0.17783354994846054,0.17783354994846054,/home/dreamboat/npu_r12_verify/NPU_R12/work/par4_B/case_015_n4_B/selected_plan.json,3e876c5dab81680cc3bcedf8eec33726be561cdf6901c3f671e3c3e3db7b15d2,3e876c5dab81680cc3bcedf8eec33726be561cdf6901c3f671e3c3e3db7b15d2,/home/dreamboat/npu_r12_verify/NPU_R12/work/par4_B/case_015_n4_B/control/r7/control_r6/control_work/component_ordered_result.official.json,/home/dreamboat/npu_r12_verify/NPU_R12/work/par4_L2/case_015_n4_L2/control/r7/control_r6/control_work/component_ordered_result.official.json,9a6ceb957f835df9d689b312dfc24ae9e773e25c6a191caeaf985ba4be7dcf6c,identical_final_plan
case_015,5,177362,39837,39837,39837,1.0,1.0,1.0,317952,317952,317952,317952,884482,0.264423660674931,0.264423660674931,/home/dreamboat/npu_r12_verify/NPU_R12/work/reproduce_B5_r12/case_015_n5_B/selected_plan.json,ac5bcc061c72f82fcd946fd1f9864dcc96499c07237dcd7976e39c1529bc2ea7,ac5bcc061c72f82fcd946fd1f9864dcc96499c07237dcd7976e39c1529bc2ea7,/home/dreamboat/npu_r12_verify/NPU_R12/work/reproduce_B5_r12/case_015_n5_B/control/r7/control_r6/control_work/component_ordered_result.official.json,/home/dreamboat/npu_r12_verify/NPU_R12/work/par4_L2/case_015_n5_L2/control/r7/control_r6/control_work/component_ordered_result.official.json,e2dc91f3709c24163f73ccb68bff23600bbf0c090bfafe5a63e6e86ae189d943,identical_final_plan
case_016,1,7715523,7715523,7715523,7715523,1.0,1.0,1.0,0,0,0,0,393216,0.0,0.0,/home/dreamboat/npu_r12_verify/NPU_R12/work/one5_B1L21/case_016_n1_B/selected_plan.json,365d8cdfab33bb0558ccdb75b5dd9d7c44a1e9e61a4b2f91786132a80e0ac9ee,365d8cdfab33bb0558ccdb75b5dd9d7c44a1e9e61a4b2f91786132a80e0ac9ee,/home/dreamboat/npu_r12_verify/NPU_R12/work/one5_B1L21/case_016_n1_B/control/r7/control_r6/control_work/components_result.official.json,/home/dreamboat/npu_r12_verify/NPU_R12/work/one5_B1L21/case_016_n1_L2/control/r7/control_r6/control_work/components_result.official.json,0e94b6064756ebdc1bf7bad17cce161fb81ac47bcc6cbc3049f2999c77a0edad,identical_final_plan
case_016,2,7715523,4026549,4025717,4025717,1.0002066712588094,1.0002066712588094,1.0,404192,404192,404192,393216,398704,0.4965350035357107,0.4965350035357107,/home/dreamboat/npu_r12_verify/NPU_R12/work/par5_B/case_016_n2_B/selected_plan.json,87aef3facb273c1a6da52b44cf4468f923f2e49252fc04dfd28dc7cd7847d1b9,87aef3facb273c1a6da52b44cf4468f923f2e49252fc04dfd28dc7cd7847d1b9,/home/dreamboat/npu_r12_verify/NPU_R12/work/par5_B/case_016_n2_B/indexed_insertion/plan.meta.official.json,/home/dreamboat/npu_r12_verify/NPU_R12/work/par5_L2/case_016_n2_L2/indexed_insertion/plan.meta.official.json,bc43944487c1c3c4a75e02c14fe0d8b3a6bd6a0a1a80f588c6409a955c4bf681,identical_final_plan
case_016,3,7715523,2876720,2876720,2876720,1.0,1.0,1.0,12200,12200,12200,608,398708,0.0015226036522453395,0.0015226036522453395,/home/dreamboat/npu_r12_verify/NPU_R12/work/par5_B/case_016_n3_B/selected_plan.json,37d3d316beed6cb7edc9cd1d148fc563e7f579cd48a49f3173a61e35b571a220,37d3d316beed6cb7edc9cd1d148fc563e7f579cd48a49f3173a61e35b571a220,/home/dreamboat/npu_r12_verify/NPU_R12/work/par5_B/case_016_n3_B/indexed_insertion/plan.meta.official.json,/home/dreamboat/npu_r12_verify/NPU_R12/work/par5_L2/case_016_n3_L2/indexed_insertion/plan.meta.official.json,7ee52ecd4c3ecffd4490b2c29e440a129d5cd3051a4cd55706e2eacd9d788799,identical_final_plan
case_016,4,7715523,2238959,2238959,2238959,1.0,1.0,1.0,15864,15864,15864,1216,399932,0.003031300168516358,0.003031300168516358,/home/dreamboat/npu_r12_verify/NPU_R12/work/par5_B/case_016_n4_B/selected_plan.json,7f9ef9eb2bf61d8bff24cd87e767783bf667ab7f026517c88190181aa3a20685,7f9ef9eb2bf61d8bff24cd87e767783bf667ab7f026517c88190181aa3a20685,/home/dreamboat/npu_r12_verify/NPU_R12/work/par5_B/case_016_n4_B/indexed_insertion/plan.meta.official.json,/home/dreamboat/npu_r12_verify/NPU_R12/work/par5_L2/case_016_n4_L2/indexed_insertion/plan.meta.official.json,29ef0fc956007efc7108388bc02b6ac3514cc9ea06e46ddd7949626fc60e8da7,identical_final_plan
case_016,5,7715523,2087323,2086359,2086359,1.0004620489570586,1.0004620489570586,1.0,214900,214900,214900,198432,400538,0.3312887122894302,0.3312887122894302,/home/dreamboat/npu_r12_verify/NPU_R12/work/reproduce_B5_r12/case_016_n5_B/selected_plan.json,b53465fa87df4bd33a4cc72a34c76f8cccd4d2b6d3722fcc6268a3eb00b50a67,b53465fa87df4bd33a4cc72a34c76f8cccd4d2b6d3722fcc6268a3eb00b50a67,/home/dreamboat/npu_r12_verify/NPU_R12/work/reproduce_B5_r12/case_016_n5_B/indexed_insertion/plan.meta.official.json,/home/dreamboat/npu_r12_verify/NPU_R12/work/par5_L2/case_016_n5_L2/indexed_insertion/plan.meta.official.json,ca477b2ff6b7725ad42a798135991b509d451094712be4743ccfc4abac65fd9a,identical_final_plan
case_017,1,162810,155189,155189,155189,1.0,1.0,1.0,0,0,0,0,535118,0.0,0.0,/home/dreamboat/npu_r12_verify/NPU_R12/work/one3_B1L21/case_017_n1_B/selected_plan.json,e26a936fa1a42b2f69c43cb31561507848f199ac8ed9c54753f58558a7371ac2,e26a936fa1a42b2f69c43cb31561507848f199ac8ed9c54753f58558a7371ac2,/home/dreamboat/npu_r12_verify/NPU_R12/work/one3_B1L21/case_017_n1_B/control/r7/control_r6/control_work/component_ordered_result.official.json,/home/dreamboat/npu_r12_verify/NPU_R12/work/one3_B1L21/case_017_n1_L2/control/r7/control_r6/control_work/component_ordered_result.official.json,81da723194e8fd2784f6e7e35da06689ec8cd925405e1709364f7c796a5cdd47,identical_final_plan
case_017,2,162810,86334,86028,86028,1.0035569814479006,1.0035569814479006,1.0,394974,394974,394974,228870,630458,0.26633602070455054,0.26633602070455054,/home/dreamboat/npu_r12_verify/NPU_R12/work/par3_B/case_017_n2_B/selected_plan.json,1c0cbc78f14bccd0e21631b46b16db9ef5d616c6c1f2c534b668d3ff0b8745ef,1c0cbc78f14bccd0e21631b46b16db9ef5d616c6c1f2c534b668d3ff0b8745ef,/home/dreamboat/npu_r12_verify/NPU_R12/work/par3_B/case_017_n2_B/control/r7/control_r6/critical/critical_01_result.official.json,/home/dreamboat/npu_r12_verify/NPU_R12/work/par3_L2/case_017_n2_L2/control/r7/control_r6/critical/critical_01_result.official.json,1b24f5ea546a37d6980b1dfa493464152339e4346ee11aef58be68acd966043d,identical_final_plan
case_017,3,162810,52489,52439,52439,1.0009534888155762,1.0009534888155762,1.0,175104,175104,175104,175104,535118,0.24654826237429986,0.24654826237429986,/home/dreamboat/npu_r12_verify/NPU_R12/work/par3_B/case_017_n3_B/selected_plan.json,9f48da2f0d5e1610ee4d1aa410d4559ff9f0b20394d32b393e7c1d5a78de2cbf,9f48da2f0d5e1610ee4d1aa410d4559ff9f0b20394d32b393e7c1d5a78de2cbf,/home/dreamboat/npu_r12_verify/NPU_R12/work/par3_B/case_017_n3_B/control/r7/control_r6/control_work/component_ordered_result.official.json,/home/dreamboat/npu_r12_verify/NPU_R12/work/par3_L2/case_017_n3_L2/control/r7/control_r6/control_work/component_ordered_result.official.json,e32b7129c657322eca3006331d97df676f44a36f7d6d3f466d7d442fe05320f3,identical_final_plan
case_017,4,162810,42924,42924,42924,1.0,1.0,1.0,260352,260352,260352,258048,537422,0.324396897431707,0.324396897431707,/home/dreamboat/npu_r12_verify/NPU_R12/work/par3_B/case_017_n4_B/selected_plan.json,3ef1e9a61d3b1faedeaa5162c6fa4430825047d5ba9a5d81f3c5860a37b222eb,3ef1e9a61d3b1faedeaa5162c6fa4430825047d5ba9a5d81f3c5860a37b222eb,/home/dreamboat/npu_r12_verify/NPU_R12/work/par3_B/case_017_n4_B/control/r7/control_r6/control_work/component_ordered_result.official.json,/home/dreamboat/npu_r12_verify/NPU_R12/work/par3_L2/case_017_n4_L2/control/r7/control_r6/control_work/component_ordered_result.official.json,8ff295fb236360d12221f76d1e55262ecf5dfbb5a85c6d5eabfd0c9d4cad36d0,identical_final_plan
case_017,5,162810,30495,30495,30495,1.0,1.0,1.0,343296,343296,343296,238080,640334,0.27103393160855815,0.27103393160855815,/home/dreamboat/npu_r12_verify/NPU_R12/work/reproduce_B5_r12/case_017_n5_B/selected_plan.json,aaf69d4d3cd5b597a17ae8839e637a6b21ea0fbe009c27e7ebcfd789e4dfa6f9,aaf69d4d3cd5b597a17ae8839e637a6b21ea0fbe009c27e7ebcfd789e4dfa6f9,/home/dreamboat/npu_r12_verify/NPU_R12/work/reproduce_B5_r12/case_017_n5_B/control/r7/control_r6/control_work/component_ordered_result.official.json,/home/dreamboat/npu_r12_verify/NPU_R12/work/par3_L2/case_017_n5_L2/control/r7/control_r6/control_work/component_ordered_result.official.json,f09d98642843b2538735a9a62700de3ada385ce89edbad4a29d4abd87f378610,identical_final_plan
case_018,1,1004367,1004367,1003110,1003110,1.0012531028501361,1.0012531028501361,1.0,1970176,1970176,1970176,1224704,2338068,0.34375031576536474,0.34375031576536474,/home/dreamboat/npu_r12_verify/NPU_R12/work/one2_B1L21/case_018_n1_B/selected_plan.json,d9ccda2ac4fb8e69f6a56f1023403c31bf9a0e4106fea7142e1219c880a62084,d9ccda2ac4fb8e69f6a56f1023403c31bf9a0e4106fea7142e1219c880a62084,/home/dreamboat/npu_r12_verify/NPU_R12/work/one2_B1L21/case_018_n1_B/control/r7/control_r6/control_work/components_result.official.json,/home/dreamboat/npu_r12_verify/NPU_R12/work/one2_B1L21/case_018_n1_L2/control/r7/control_r6/control_work/components_result.official.json,61d758619fc60ccaa11f8997f7b3d201df31fc88bfc61235745cac771bd8d793,identical_final_plan
case_018,2,1004367,498719,498614,498614,1.000210583738122,1.000210583738122,1.0,1377280,1377280,1377280,1278976,1690900,0.43064962981619437,0.43064962981619437,/home/dreamboat/npu_r12_verify/NPU_R12/work/par2_B/case_018_n2_B/selected_plan.json,025e97ab1a822cf69c591579f7d4112e59327d631eec532bffaa4205e3000f1a,025e97ab1a822cf69c591579f7d4112e59327d631eec532bffaa4205e3000f1a,/home/dreamboat/npu_r12_verify/NPU_R12/work/par2_B/case_018_n2_B/control/r7/control_r6/control_work/component_ordered_result.official.json,/home/dreamboat/npu_r12_verify/NPU_R12/work/par2_L2/case_018_n2_L2/control/r7/control_r6/control_work/component_ordered_result.official.json,468f831c4b73bf92d1785b2da7686355081964cf340985160f35135865fc526b,identical_final_plan
case_018,3,1004367,334784,334589,334589,1.0005828045751655,1.0005828045751655,1.0,12853772,12853772,12853772,2468864,6839066,0.2652430776767767,0.2652430776767767,/home/dreamboat/npu_r12_verify/NPU_R12/work/par2_B/case_018_n3_B/selected_plan.json,322546cfa2b38619d1ae920622cddc7d9eb0b5326818bf36d9c040746189c69c,322546cfa2b38619d1ae920622cddc7d9eb0b5326818bf36d9c040746189c69c,/home/dreamboat/npu_r12_verify/NPU_R12/work/par2_B/case_018_n3_B/indexed_insertion/plan.meta.official.json,/home/dreamboat/npu_r12_verify/NPU_R12/work/par2_L2/case_018_n3_L2/indexed_insertion/plan.meta.official.json,5c4465cda075d923b42bda986c0507ac479ac3c65a94b14b0da3015d8cc78938,identical_final_plan
case_018,4,1004367,255853,255632,255632,1.0008645240032548,1.0008645240032548,1.0,3755776,3755776,3755776,2818432,2529940,0.5269700761278385,0.5269700761278385,/home/dreamboat/npu_r12_verify/NPU_R12/work/par2_B/case_018_n4_B/selected_plan.json,50b275dcdee7db8490949d469bcc4917eb4eb1c5f0a0704c8eafb87169874df1,50b275dcdee7db8490949d469bcc4917eb4eb1c5f0a0704c8eafb87169874df1,/home/dreamboat/npu_r12_verify/NPU_R12/work/par2_B/case_018_n4_B/control/r7/control_r6/control_work/component_ordered_result.official.json,/home/dreamboat/npu_r12_verify/NPU_R12/work/par2_L2/case_018_n4_L2/control/r7/control_r6/control_work/component_ordered_result.official.json,5256224856a4713146780ef95b8166dbf1ea8ab10c68df37042fd97a5fa4c6b0,identical_final_plan
case_018,5,1004367,202778,201472,201337,1.006482290343075,1.0071571544226843,1.0006705175899115,5054464,5054464,4681728,3604480,3042580,0.5422668066784413,0.6143233916514352,/home/dreamboat/npu_r12_verify/NPU_R12/work/reproduce_B5_r12/case_018_n5_B/selected_plan.json,f64b1d18c5377767ef35672b7e7faf4dece1321ef0f72b1980d60b7cd1f9831b,22162b69b2707f916427342e9708f141f070764d5cdd72d684b8f88cb35a97b6,/home/dreamboat/npu_r12_verify/NPU_R12/work/reproduce_B5_r12/case_018_n5_B/control/r7/control_r6/control_work/component_batch512_result.official.json,/home/dreamboat/npu_r12_verify/NPU_R12/work/par2_L2/case_018_n5_L2/control/r7/control_r6/control_work/component_batch512_result.official.json,082320bf0951d5c73bd8aec9e5b19c4d6a215fb4b4f0c8e94f1ad9b117b8b51b,existing_candidate
case_019,1,81144,74026,74026,74026,1.0,1.0,1.0,315392,315392,315392,16384,328756,0.047470591643970564,0.047470591643970564,/home/dreamboat/npu_r12_verify/NPU_R12/work/one2_B1L21/case_019_n1_B/selected_plan.json,a431edb8b09ecece207dbc7beeb97f0902e7f35f30471a38f6b5221fd6136d51,a431edb8b09ecece207dbc7beeb97f0902e7f35f30471a38f6b5221fd6136d51,/home/dreamboat/npu_r12_verify/NPU_R12/work/one2_B1L21/case_019_n1_B/indexed_insertion/plan.meta.official.json,/home/dreamboat/npu_r12_verify/NPU_R12/work/one2_B1L21/case_019_n1_L2/indexed_insertion/plan.meta.official.json,90b1a6fa3fa05ce038a14c04fb0ae66bd04eb1be92dd3d21b6083f47468ae9d1,identical_final_plan
case_019,2,81144,40392,40392,40392,1.0,1.0,1.0,814128,814128,814128,52000,560316,0.08492347088758093,0.08492347088758093,/home/dreamboat/npu_r12_verify/NPU_R12/work/par2_B/case_019_n2_B/selected_plan.json,89ccb71eebd7db3f052fab14021e4a3dfabed0365c041b917849391f52be57df,89ccb71eebd7db3f052fab14021e4a3dfabed0365c041b917849391f52be57df,/home/dreamboat/npu_r12_verify/NPU_R12/work/par2_B/case_019_n2_B/indexed_insertion/plan.meta.official.json,/home/dreamboat/npu_r12_verify/NPU_R12/work/par2_L2/case_019_n2_L2/indexed_insertion/plan.meta.official.json,8f0c1bed074d3f7ecfaedfc9a7549e0c1aa27a574a889ec96af70d26f6619b7d,identical_final_plan
case_019,3,81144,28195,28195,28195,1.0,1.0,1.0,24576,24576,24576,24576,179252,0.12057224718880624,0.12057224718880624,/home/dreamboat/npu_r12_verify/NPU_R12/work/par2_B/case_019_n3_B/selected_plan.json,0472f5800dc7ab64d190edcec87a1908edb1a5ce8becde1d4b6e56b95979a30e,0472f5800dc7ab64d190edcec87a1908edb1a5ce8becde1d4b6e56b95979a30e,/home/dreamboat/npu_r12_verify/NPU_R12/work/par2_B/case_019_n3_B/control/r7/control_r6/control_work/component_ordered_result.official.json,/home/dreamboat/npu_r12_verify/NPU_R12/work/par2_L2/case_019_n3_L2/control/r7/control_r6/control_work/component_ordered_result.official.json,b13cd0e6dcddbd20916668d89a55dc960594858dd8aa10cea09aa14cd5c29c75,identical_final_plan
case_019,4,81144,21744,21598,21598,1.0067598851745532,1.0067598851745532,1.0,359504,359504,359504,93760,307516,0.23365464169299932,0.23365464169299932,/home/dreamboat/npu_r12_verify/NPU_R12/work/par2_B/case_019_n4_B/selected_plan.json,9399788a1c9e98d41b5b82d361f4e73632144d6c171afebd824fa5220d70da78,9399788a1c9e98d41b5b82d361f4e73632144d6c171afebd824fa5220d70da78,/home/dreamboat/npu_r12_verify/NPU_R12/work/par2_B/case_019_n4_B/control/r7/control_r6/critical/critical_00_result.official.json,/home/dreamboat/npu_r12_verify/NPU_R12/work/par2_L2/case_019_n4_L2/control/r7/control_r6/critical/critical_00_result.official.json,647602ab06235aa9007ae4e358fb366670bfbfbd76f3de686dc3434cbd040386,identical_final_plan
case_019,5,81144,18640,18640,18640,1.0,1.0,1.0,327032,327032,327032,83552,313280,0.21054753648899283,0.21054753648899283,/home/dreamboat/npu_r12_verify/NPU_R12/work/reproduce_B5_r12/case_019_n5_B/selected_plan.json,be5caabfc41055577ec1394b364367fa102d41eaa8396d55bc917e4ca36b392f,be5caabfc41055577ec1394b364367fa102d41eaa8396d55bc917e4ca36b392f,/home/dreamboat/npu_r12_verify/NPU_R12/work/reproduce_B5_r12/case_019_n5_B/control/r7/control_r6/control_work/chainwave_result.official.json,/home/dreamboat/npu_r12_verify/NPU_R12/work/par2_L2/case_019_n5_L2/control/r7/control_r6/control_work/chainwave_result.official.json,6dfbc76cd61e48d4077d56c98bb3011882845f3e6c2de552070889bdd07d40b3,identical_final_plan
case_020,1,532746,532746,532746,532746,1.0,1.0,1.0,0,0,0,0,1179648,0.0,0.0,/home/dreamboat/npu_r12_verify/NPU_R12/work/one2_B1L21/case_020_n1_B/selected_plan.json,4192c97b8563981f3addf0ff610867edd5c26ff5b7e37c8a08ed136b941058b2,4192c97b8563981f3addf0ff610867edd5c26ff5b7e37c8a08ed136b941058b2,/home/dreamboat/npu_r12_verify/NPU_R12/work/one2_B1L21/case_020_n1_B/control/r7/control_r6/control_work/components_result.official.json,/home/dreamboat/npu_r12_verify/NPU_R12/work/one2_B1L21/case_020_n1_L2/control/r7/control_r6/control_work/components_result.official.json,2daa2481025be8ec9be186a1a9009ed0b4a6599e75c6c94e5c3b91e62561eb89,identical_final_plan
case_020,2,532746,266580,266580,266580,1.0,1.0,1.0,0,0,0,0,1179648,0.0,0.0,/home/dreamboat/npu_r12_verify/NPU_R12/work/par2_B/case_020_n2_B/selected_plan.json,d0800f6e76efe73521cc4de213ff7b02896d1b427f3ac163f47324c7c210d6bd,d0800f6e76efe73521cc4de213ff7b02896d1b427f3ac163f47324c7c210d6bd,/home/dreamboat/npu_r12_verify/NPU_R12/work/par2_B/case_020_n2_B/control/r7/control_r6/control_work/components_result.official.json,/home/dreamboat/npu_r12_verify/NPU_R12/work/par2_L2/case_020_n2_L2/control/r7/control_r6/control_work/components_result.official.json,711e2e739ba13280f9e4b6c92b9bec4e88c609603b1436eb5dfbb93ed0d1173c,identical_final_plan
case_020,3,532746,177950,177950,177950,1.0,1.0,1.0,0,0,0,0,1179648,0.0,0.0,/home/dreamboat/npu_r12_verify/NPU_R12/work/par2_B/case_020_n3_B/selected_plan.json,d8052f191c8fe9ead343f97f8b2047348408413cf6a73aac8184b065bd7115df,d8052f191c8fe9ead343f97f8b2047348408413cf6a73aac8184b065bd7115df,/home/dreamboat/npu_r12_verify/NPU_R12/work/par2_B/case_020_n3_B/control/r7/control_r6/control_work/components_result.official.json,/home/dreamboat/npu_r12_verify/NPU_R12/work/par2_L2/case_020_n3_L2/control/r7/control_r6/control_work/components_result.official.json,baec7ca0881137113be7574f9d8e7a8479b47610e9e860e09008d1b7736efc8b,identical_final_plan
case_020,4,532746,133704,133704,133704,1.0,1.0,1.0,0,0,0,0,1179648,0.0,0.0,/home/dreamboat/npu_r12_verify/NPU_R12/work/par2_B/case_020_n4_B/selected_plan.json,701ed04395ef07726a9ae3dce6a4f9d1153d61224b8266755d17496379e54463,701ed04395ef07726a9ae3dce6a4f9d1153d61224b8266755d17496379e54463,/home/dreamboat/npu_r12_verify/NPU_R12/work/par2_B/case_020_n4_B/control/r7/control_r6/control_work/components_result.official.json,/home/dreamboat/npu_r12_verify/NPU_R12/work/par2_L2/case_020_n4_L2/control/r7/control_r6/control_work/components_result.official.json,93dc644ea2f78920974c0fe011ab95dfb6d2a0c6a9b0bc3c1b4df03c12151db4,identical_final_plan
case_020,5,532746,107650,107650,107650,1.0,1.0,1.0,0,0,0,0,1179648,0.0,0.0,/home/dreamboat/npu_r12_verify/NPU_R12/work/reproduce_B5_r12/case_020_n5_B/selected_plan.json,469e6405cde273af9fe903dfe054e36f34cc07050013bee75cc1246bfb72a2e5,469e6405cde273af9fe903dfe054e36f34cc07050013bee75cc1246bfb72a2e5,/home/dreamboat/npu_r12_verify/NPU_R12/work/reproduce_B5_r12/case_020_n5_B/control/r7/control_r6/control_work/components_result.official.json,/home/dreamboat/npu_r12_verify/NPU_R12/work/par2_L2/case_020_n5_L2/control/r7/control_r6/control_work/components_result.official.json,66edd0b1eecd85291a7b9422e44f2f144f122e82df209c7973033442589a707d,identical_final_plan
case_021,1,6567937,6567937,6558837,6558837,1.0013874410966457,1.0013874410966457,1.0,4501504,4501504,4501504,3432448,3424256,0.5005973715651135,0.5005973715651135,/home/dreamboat/npu_r12_verify/NPU_R12/work/one3_B1L21/case_021_n1_B/selected_plan.json,e1397f468015d9bcb0eb99aeea34232310e5f30db8c38b1ec28bfd68ddd88fa0,e1397f468015d9bcb0eb99aeea34232310e5f30db8c38b1ec28bfd68ddd88fa0,/home/dreamboat/npu_r12_verify/NPU_R12/work/one3_B1L21/case_021_n1_B/control/r7/control_r6/control_work/component_batch512_result.official.json,/home/dreamboat/npu_r12_verify/NPU_R12/work/one3_B1L21/case_021_n1_L2/control/r7/control_r6/control_work/component_batch512_result.official.json,02c805d0265ac54421d168429f96e2d7a66569a51a7d4b19c245bfd6c32b3442,identical_final_plan
case_021,2,6567937,3194570,3193634,3193634,1.0002930830520969,1.0002930830520969,1.0,3174400,3174400,3174400,1204224,4325376,0.21777777777777776,0.21777777777777776,/home/dreamboat/npu_r12_verify/NPU_R12/work/par3_B/case_021_n2_B/selected_plan.json,5a3c6be3b2757126c7ef53377a4f47d139c037c1e968a9de9df701a80d9a84f8,5a3c6be3b2757126c7ef53377a4f47d139c037c1e968a9de9df701a80d9a84f8,/home/dreamboat/npu_r12_verify/NPU_R12/work/par3_B/case_021_n2_B/control/r7/control_r6/control_work/component_batch512_result.official.json,/home/dreamboat/npu_r12_verify/NPU_R12/work/par3_L2/case_021_n2_L2/control/r7/control_r6/control_work/component_batch512_result.official.json,f57e3012828de1013aef928d09dc8bf475f7dd3d54df8c8f85141c60d003286a,identical_final_plan
case_021,3,6567937,2106848,2106355,2106355,1.0002340536139445,1.0002340536139445,1.0,4710400,4710400,4710400,3194880,3870720,0.45217391304347826,0.45217391304347826,/home/dreamboat/npu_r12_verify/NPU_R12/work/par3_B/case_021_n3_B/selected_plan.json,f2405399d92ae608195e7c40b1f060c3e73b8cc5cfdd310704933e47f55084ba,f2405399d92ae608195e7c40b1f060c3e73b8cc5cfdd310704933e47f55084ba,/home/dreamboat/npu_r12_verify/NPU_R12/work/par3_B/case_021_n3_B/control/r7/control_r6/control_work/component_ordered_result.official.json,/home/dreamboat/npu_r12_verify/NPU_R12/work/par3_L2/case_021_n3_L2/control/r7/control_r6/control_work/component_ordered_result.official.json,e27713f09fbc162f552eae816e44ec612d2900e02ce5063f7221cf45703bb7ea,identical_final_plan
case_021,4,6567937,1550324,1550324,1550324,1.0,1.0,1.0,4608000,4608000,4608000,0,6963200,0.0,0.0,/home/dreamboat/npu_r12_verify/NPU_R12/work/par3_B/case_021_n4_B/selected_plan.json,21517db0b884e3d2da2c7d6e27c0f3669d6db80b1f32cd1072df6f2c72d4a4f9,21517db0b884e3d2da2c7d6e27c0f3669d6db80b1f32cd1072df6f2c72d4a4f9,/home/dreamboat/npu_r12_verify/NPU_R12/work/par3_B/case_021_n4_B/control/r7/control_r6/control_work/components_result.official.json,/home/dreamboat/npu_r12_verify/NPU_R12/work/par3_L2/case_021_n4_L2/control/r7/control_r6/control_work/components_result.official.json,872bed53e8de368c1885c1aa510a6dfa6939c25d3388732daeb0d91aba3844a6,identical_final_plan
case_021,5,6567937,1250168,1249380,1249380,1.0006307128335654,1.0006307128335654,1.0,11431936,11431936,11431936,7858176,5928960,0.5699643493761141,0.5699643493761141,/home/dreamboat/npu_r12_verify/NPU_R12/work/reproduce_B5_r12/case_021_n5_B/selected_plan.json,1e6c582d0084cecbe6cb54e7be8a969b78828c273b3be9dc49c0ff03ba37c3ee,1e6c582d0084cecbe6cb54e7be8a969b78828c273b3be9dc49c0ff03ba37c3ee,/home/dreamboat/npu_r12_verify/NPU_R12/work/reproduce_B5_r12/case_021_n5_B/control/r7/control_r6/control_work/components_result.official.json,/home/dreamboat/npu_r12_verify/NPU_R12/work/par3_L2/case_021_n5_L2/control/r7/control_r6/control_work/components_result.official.json,e575f60957328ad06b487ea83649e7b34c298160e5896b335189a028f721331f,identical_final_plan
case_022,1,56780,56750,56750,56750,1.0,1.0,1.0,0,0,0,0,213540,0.0,0.0,/home/dreamboat/npu_r12_verify/NPU_R12/work/one2_B1L21/case_022_n1_B/selected_plan.json,cf6097f2223174c7ef576c3334ebd4c221d40819251d582083d635d3bd9a044a,cf6097f2223174c7ef576c3334ebd4c221d40819251d582083d635d3bd9a044a,/home/dreamboat/npu_r12_verify/NPU_R12/work/one2_B1L21/case_022_n1_B/control/r7/control_r6/control_work/component_batch512_result.official.json,/home/dreamboat/npu_r12_verify/NPU_R12/work/one2_B1L21/case_022_n1_L2/control/r7/control_r6/control_work/component_batch512_result.official.json,88ff1dd70cde7511d3c8495492ce99da86085bea6bf6e427fd82d8430c07ec41,identical_final_plan
case_022,2,56780,28851,28851,28851,1.0,1.0,1.0,6912,6912,6912,6912,213540,0.03135376408469871,0.03135376408469871,/home/dreamboat/npu_r12_verify/NPU_R12/work/par2_B/case_022_n2_B/selected_plan.json,0b4e88620254be848f7c913ee03712e55d91f404ab26d754e0a0e3dba9bfab92,0b4e88620254be848f7c913ee03712e55d91f404ab26d754e0a0e3dba9bfab92,/home/dreamboat/npu_r12_verify/NPU_R12/work/par2_B/case_022_n2_B/control/r7/control_r6/control_work/component_batch512_result.official.json,/home/dreamboat/npu_r12_verify/NPU_R12/work/par2_L2/case_022_n2_L2/control/r7/control_r6/control_work/component_batch512_result.official.json,224eb49fb5809d7dd8db541fbba44c57c712970637fb4cb9f41d1c36a1945f75,identical_final_plan
case_022,3,56780,19370,19370,19370,1.0,1.0,1.0,13824,13824,13824,13824,213540,0.060801182245210326,0.060801182245210326,/home/dreamboat/npu_r12_verify/NPU_R12/work/par2_B/case_022_n3_B/selected_plan.json,5dc389bb7bb09f21ff32e85bad1e5801ce9d1c0ff8ccf89b6f49cc83d77305c6,5dc389bb7bb09f21ff32e85bad1e5801ce9d1c0ff8ccf89b6f49cc83d77305c6,/home/dreamboat/npu_r12_verify/NPU_R12/work/par2_B/case_022_n3_B/control/r7/control_r6/control_work/components_result.official.json,/home/dreamboat/npu_r12_verify/NPU_R12/work/par2_L2/case_022_n3_L2/control/r7/control_r6/control_work/components_result.official.json,1d54b9d5f21149af6562f0eea9971efdba461d4774baf649fb51b67bdb19719a,identical_final_plan
case_022,4,56780,14574,14574,14574,1.0,1.0,1.0,13824,13824,13824,13824,213540,0.060801182245210326,0.060801182245210326,/home/dreamboat/npu_r12_verify/NPU_R12/work/par2_B/case_022_n4_B/selected_plan.json,6760ef9ad363fb4f9b59794a8cd3ece0a3c06700f46f25f120f4411ec1390bda,6760ef9ad363fb4f9b59794a8cd3ece0a3c06700f46f25f120f4411ec1390bda,/home/dreamboat/npu_r12_verify/NPU_R12/work/par2_B/case_022_n4_B/control/r7/control_r6/control_work/component_ordered_result.official.json,/home/dreamboat/npu_r12_verify/NPU_R12/work/par2_L2/case_022_n4_L2/control/r7/control_r6/control_work/component_ordered_result.official.json,d62b247b5442df3d4ab2b73269d9cee52cd9e51b028fe1b2d8e91cf72eb39247,identical_final_plan
case_022,5,56780,11813,11813,11813,1.0,1.0,1.0,6912,6912,6912,6912,213540,0.03135376408469871,0.03135376408469871,/home/dreamboat/npu_r12_verify/NPU_R12/work/reproduce_B5_r12/case_022_n5_B/selected_plan.json,9e06e0558ed6dd1ce4758b1fb4a11d04c5e4d8c789c89c6addbf69aeb9801bac,9e06e0558ed6dd1ce4758b1fb4a11d04c5e4d8c789c89c6addbf69aeb9801bac,/home/dreamboat/npu_r12_verify/NPU_R12/work/reproduce_B5_r12/case_022_n5_B/control/r7/control_r6/control_work/components_result.official.json,/home/dreamboat/npu_r12_verify/NPU_R12/work/par2_L2/case_022_n5_L2/control/r7/control_r6/control_work/components_result.official.json,6ebaae5c3136508be283c125123e220794e5207ceb4aaa6510daa1c98b49b974,identical_final_plan
case_023,1,122614,109495,109032,109032,1.0042464597549343,1.0042464597549343,1.0,1100056,1100056,1100056,208896,879702,0.19189452855875172,0.19189452855875172,/home/dreamboat/npu_r12_verify/NPU_R12/work/one5_B1L21/case_023_n1_B/selected_plan.json,3e9a18ccaa60e38bf9c44f2eb3f2ca75eeac0ac3a62db44f1dc8959fcf619b60,3e9a18ccaa60e38bf9c44f2eb3f2ca75eeac0ac3a62db44f1dc8959fcf619b60,/home/dreamboat/npu_r12_verify/NPU_R12/work/one5_B1L21/case_023_n1_B/indexed_insertion/plan.meta.official.json,/home/dreamboat/npu_r12_verify/NPU_R12/work/one5_B1L21/case_023_n1_L2/indexed_insertion/plan.meta.official.json,3be0159df8928376056c3fea4f466e72b72fc0bbf6ffacafa2dfd1a7f7e65235,identical_final_plan
case_023,2,122614,58216,57260,57260,1.0166957736639888,1.0166957736639888,1.0,1523296,1523296,1523296,276132,1033128,0.2109069245222492,0.2109069245222492,/home/dreamboat/npu_r12_verify/NPU_R12/work/par5_B/case_023_n2_B/selected_plan.json,5e99e756851ca590d23bd7b52db338f0547c5735967f794bb777298df486b8bf,5e99e756851ca590d23bd7b52db338f0547c5735967f794bb777298df486b8bf,/home/dreamboat/npu_r12_verify/NPU_R12/work/par5_B/case_023_n2_B/indexed_insertion/plan.meta.official.json,/home/dreamboat/npu_r12_verify/NPU_R12/work/par5_L2/case_023_n2_L2/indexed_insertion/plan.meta.official.json,b64579d59e8dac63d42b0509661f9c28c94ba90a2ae67675b5dc7468bf8c4ebe,identical_final_plan
case_023,3,122614,41720,41720,41357,1.0,1.0087772323911308,1.0087772323911308,196896,196896,1160938,196896,434122,0.3120291338757373,0.264746992809623,/home/dreamboat/npu_r12_verify/NPU_R12/work/par5_B/case_023_n3_B/selected_plan.json,44ea8fa23775ef6401c41a2010291959812fcfec0c849691d9dd2f9c82700ba9,1082aa1a80d7fe1407051e2d4a6fc0df45f084d377bd825112161909bdba6e04,/home/dreamboat/npu_r12_verify/NPU_R12/work/par5_B/case_023_n3_B/control/r7/control_r6/control_work/components_result.official.json,/home/dreamboat/npu_r12_verify/NPU_R12/work/par5_L2/case_023_n3_L2/control/r7/control_r6/control_work/components_result.official.json,5d6e0e5eadfe971f51138c79612ebd3ddb8fd78bb2ce37102453923265487fce,existing_candidate
case_023,4,122614,30522,30522,30522,1.0,1.0,1.0,207552,207552,207552,60096,581578,0.0936550335528633,0.0936550335528633,/home/dreamboat/npu_r12_verify/NPU_R12/work/par5_B/case_023_n4_B/selected_plan.json,6713f3015421c5a94b78a768c2f364aeb5a03a964041c41237b22d19927ed3fb,6713f3015421c5a94b78a768c2f364aeb5a03a964041c41237b22d19927ed3fb,/home/dreamboat/npu_r12_verify/NPU_R12/work/par5_B/case_023_n4_B/control/r7/control_r6/control_work/components_result.official.json,/home/dreamboat/npu_r12_verify/NPU_R12/work/par5_L2/case_023_n4_L2/control/r7/control_r6/control_work/components_result.official.json,718f5250ace4001b22d146fa2890f8841e1fd16059d2c3a7af7f7df5fa7e6e4f,identical_final_plan
case_023,5,122614,24793,24793,24793,1.0,1.0,1.0,197472,197472,197472,196608,434986,0.3112885809554872,0.3112885809554872,/home/dreamboat/npu_r12_verify/NPU_R12/work/reproduce_B5_r12/case_023_n5_B/selected_plan.json,c8a529e9ff49516e892c983032aa7fdcf7d6ff33277d79cb95b7dc2a6cd5e1f7,c8a529e9ff49516e892c983032aa7fdcf7d6ff33277d79cb95b7dc2a6cd5e1f7,/home/dreamboat/npu_r12_verify/NPU_R12/work/reproduce_B5_r12/case_023_n5_B/control/r7/control_r6/control_work/component_ordered_result.official.json,/home/dreamboat/npu_r12_verify/NPU_R12/work/par5_L2/case_023_n5_L2/control/r7/control_r6/control_work/component_ordered_result.official.json,66a007045a358360edf086b98535b37356469c5e2d16eb821a3792fccf8a5b8d,identical_final_plan
case_024,1,2555343,2555343,2555343,2555343,1.0,1.0,1.0,0,0,0,0,393216,0.0,0.0,/home/dreamboat/npu_r12_verify/NPU_R12/work/one6_B1L21/case_024_n1_B/selected_plan.json,45469ec101f732c0b87d3f91e2e9281e42c2d91176f0f31dcfb50f5cef5311dc,45469ec101f732c0b87d3f91e2e9281e42c2d91176f0f31dcfb50f5cef5311dc,/home/dreamboat/npu_r12_verify/NPU_R12/work/one6_B1L21/case_024_n1_B/control/r7/control_r6/control_work/components_result.official.json,/home/dreamboat/npu_r12_verify/NPU_R12/work/one6_B1L21/case_024_n1_L2/control/r7/control_r6/control_work/components_result.official.json,15f73fd665dfa39de26ff070fb9ad87d6c343fa357a9f02ef71d77ffbcdc8fea,identical_final_plan
case_024,2,2555343,1334769,1333937,1333937,1.0006237176118513,1.0006237176118513,1.0,396848,396848,396848,393216,395032,0.4988480782697831,0.4988480782697831,/home/dreamboat/npu_r12_verify/NPU_R12/work/par6_B/case_024_n2_B/selected_plan.json,a561fb088bf0642c1865135f99565320da65477a77822065c19c603ec87a89ad,a561fb088bf0642c1865135f99565320da65477a77822065c19c603ec87a89ad,/home/dreamboat/npu_r12_verify/NPU_R12/work/par6_B/case_024_n2_B/indexed_insertion/plan.meta.official.json,/home/dreamboat/npu_r12_verify/NPU_R12/work/par6_L2/case_024_n2_L2/indexed_insertion/plan.meta.official.json,b6c724c9aeeeeff447a7a6e0ee6b7e48b5b8cff268a9de4ef03055d173c47841,identical_final_plan
case_024,3,2555343,953408,953408,953408,1.0,1.0,1.0,4040,4040,4040,200,395036,0.0005060267789371414,0.0005060267789371414,/home/dreamboat/npu_r12_verify/NPU_R12/work/par6_B/case_024_n3_B/selected_plan.json,27886f6c8fdcef1272dfac71e341725e967bca2b5f9dc2fba8e6b7ea3b22ea82,27886f6c8fdcef1272dfac71e341725e967bca2b5f9dc2fba8e6b7ea3b22ea82,/home/dreamboat/npu_r12_verify/NPU_R12/work/par6_B/case_024_n3_B/indexed_insertion/plan.meta.official.json,/home/dreamboat/npu_r12_verify/NPU_R12/work/par6_L2/case_024_n3_L2/indexed_insertion/plan.meta.official.json,5ac7a88a3d0c27d4e1e155abf31a09026e94a7aabf4f02e7bee011ce76c026f9,identical_final_plan
case_024,4,2555343,743027,743027,743027,1.0,1.0,1.0,5256,5256,5256,400,395444,0.0010104990854983276,0.0010104990854983276,/home/dreamboat/npu_r12_verify/NPU_R12/work/par6_B/case_024_n4_B/selected_plan.json,8a9fd5782661835d643da4f3419772b1090dc318c751caa838670b3d989b5f2c,8a9fd5782661835d643da4f3419772b1090dc318c751caa838670b3d989b5f2c,/home/dreamboat/npu_r12_verify/NPU_R12/work/par6_B/case_024_n4_B/indexed_insertion/plan.meta.official.json,/home/dreamboat/npu_r12_verify/NPU_R12/work/par6_L2/case_024_n4_L2/indexed_insertion/plan.meta.official.json,3b112d3f0beeab63b5fcdb7927484992db73f11b2c1b11181d7096e31693c239,identical_final_plan
case_024,5,2555343,694207,693243,693243,1.0013905657900621,1.0013905657900621,1.0,202660,202660,202660,197208,395642,0.3326440077591296,0.3326440077591296,/home/dreamboat/npu_r12_verify/NPU_R12/work/reproduce_B5_r12/case_024_n5_B/selected_plan.json,75e572c629945fa071754056a04a10cdae10654150519f4c1ae95fdccb96fa51,75e572c629945fa071754056a04a10cdae10654150519f4c1ae95fdccb96fa51,/home/dreamboat/npu_r12_verify/NPU_R12/work/reproduce_B5_r12/case_024_n5_B/indexed_insertion/plan.meta.official.json,/home/dreamboat/npu_r12_verify/NPU_R12/work/par6_L2/case_024_n5_L2/indexed_insertion/plan.meta.official.json,22f3f5faa5102d3c65e31a5c5bee93cf2bdc21772b93c3efdc32896436a09a8b,identical_final_plan
case_025,1,4863026,4863026,4863026,4863026,1.0,1.0,1.0,0,0,0,0,4122624,0.0,0.0,/home/dreamboat/npu_r12_verify/NPU_R12/work/one6_B1L21/case_025_n1_B/selected_plan.json,3f5dc2348339a3d1965ad54a4d5e6f856f82cdf618f40937c94d3c4643f7467c,3f5dc2348339a3d1965ad54a4d5e6f856f82cdf618f40937c94d3c4643f7467c,/home/dreamboat/npu_r12_verify/NPU_R12/work/one6_B1L21/case_025_n1_B/control/r7/control_r6/control_work/component_batch512_result.official.json,/home/dreamboat/npu_r12_verify/NPU_R12/work/one6_B1L21/case_025_n1_L2/control/r7/control_r6/control_work/component_batch512_result.official.json,fe4c4cc263c9478c2cbbaf59e2b4f07f96033c5aae70c735eab29e3615f4a742,identical_final_plan
case_025,2,4863026,2431840,2431840,2431840,1.0,1.0,1.0,27648,27648,27648,0,4150272,0.0,0.0,/home/dreamboat/npu_r12_verify/NPU_R12/work/par6_B/case_025_n2_B/selected_plan.json,2f112aae798894b9285dfc85fce4415efcde99d4cf997a869bc440fdea967b7a,2f112aae798894b9285dfc85fce4415efcde99d4cf997a869bc440fdea967b7a,/home/dreamboat/npu_r12_verify/NPU_R12/work/par6_B/case_025_n2_B/control/r7/control_r6/control_work/component_batch512_result.official.json,/home/dreamboat/npu_r12_verify/NPU_R12/work/par6_L2/case_025_n2_L2/control/r7/control_r6/control_work/component_batch512_result.official.json,527628071fdbada635523d2faedcca9c19f26c2f29bd4868103e66714faf399f,identical_final_plan
case_025,3,4863026,1622164,1622164,1622164,1.0,1.0,1.0,55296,55296,55296,0,4177920,0.0,0.0,/home/dreamboat/npu_r12_verify/NPU_R12/work/par6_B/case_025_n3_B/selected_plan.json,0bd944fab84014e5a929714b46c72f020febcbe28503fa957f49ac0739d20e3a,0bd944fab84014e5a929714b46c72f020febcbe28503fa957f49ac0739d20e3a,/home/dreamboat/npu_r12_verify/NPU_R12/work/par6_B/case_025_n3_B/control/r7/control_r6/control_work/component_batch512_result.official.json,/home/dreamboat/npu_r12_verify/NPU_R12/work/par6_L2/case_025_n3_L2/control/r7/control_r6/control_work/component_batch512_result.official.json,258b24f747731d9154e72e72626bf20fc2c98ead3d50ce5b60a31c8c1fed41aa,identical_final_plan
case_025,4,4863026,1217444,1217444,1217444,1.0,1.0,1.0,82944,82944,82944,0,4205568,0.0,0.0,/home/dreamboat/npu_r12_verify/NPU_R12/work/par6_B/case_025_n4_B/selected_plan.json,07c8af925fd86f272c300cbb31c4b61ebf5b333810770b926925aecaf7d7daa8,07c8af925fd86f272c300cbb31c4b61ebf5b333810770b926925aecaf7d7daa8,/home/dreamboat/npu_r12_verify/NPU_R12/work/par6_B/case_025_n4_B/control/r7/control_r6/control_work/component_batch512_result.official.json,/home/dreamboat/npu_r12_verify/NPU_R12/work/par6_L2/case_025_n4_L2/control/r7/control_r6/control_work/component_batch512_result.official.json,300dad9f2bf9449e050a528048afb86e165d460bf75980f951d839c55daecd38,identical_final_plan
case_025,5,4863026,975282,975282,975282,1.0,1.0,1.0,110592,110592,110592,0,4233216,0.0,0.0,/home/dreamboat/npu_r12_verify/NPU_R12/work/reproduce_B5_r12/case_025_n5_B/selected_plan.json,d827ae2222a98b49d4be2f8fc0ce03f4bdfb03e73cc1de2ffed9a3e535a4a77e,d827ae2222a98b49d4be2f8fc0ce03f4bdfb03e73cc1de2ffed9a3e535a4a77e,/home/dreamboat/npu_r12_verify/NPU_R12/work/reproduce_B5_r12/case_025_n5_B/control/r7/control_r6/control_work/component_batch512_result.official.json,/home/dreamboat/npu_r12_verify/NPU_R12/work/par6_L2/case_025_n5_L2/control/r7/control_r6/control_work/component_batch512_result.official.json,6b35462520fb6704b79cd05580e2a526497220bf87c81307e4db62a52afefb89,identical_final_plan
case_026,1,99203,90235,90235,90235,1.0,1.0,1.0,0,0,0,0,488886,0.0,0.0,/home/dreamboat/npu_r12_verify/NPU_R12/work/one5_B1L21/case_026_n1_B/selected_plan.json,87a2ed2e5a8a8d113ddbc594cbb12901dfa9bdadaa1fff733e719bde140a8ebe,87a2ed2e5a8a8d113ddbc594cbb12901dfa9bdadaa1fff733e719bde140a8ebe,/home/dreamboat/npu_r12_verify/NPU_R12/work/one5_B1L21/case_026_n1_B/control/r7/control_r6/control_work/component_ordered_result.official.json,/home/dreamboat/npu_r12_verify/NPU_R12/work/one5_B1L21/case_026_n1_L2/control/r7/control_r6/control_work/component_ordered_result.official.json,378166d5a1a10f0e21a67d4641bd1e69a8934830f5f5520af007d94a32c9f686,identical_final_plan
case_026,2,99203,53208,51165,51165,1.0399296394019348,1.0399296394019348,1.0,1301728,1301728,1301728,355760,974158,0.2675052146072164,0.2675052146072164,/home/dreamboat/npu_r12_verify/NPU_R12/work/par5_B/case_026_n2_B/selected_plan.json,9696e69918323297ee7f9b2a579795691c812ddb41531d93e854382fe7e0bc51,9696e69918323297ee7f9b2a579795691c812ddb41531d93e854382fe7e0bc51,/home/dreamboat/npu_r12_verify/NPU_R12/work/par5_B/case_026_n2_B/indexed_insertion/plan.meta.official.json,/home/dreamboat/npu_r12_verify/NPU_R12/work/par5_L2/case_026_n2_L2/indexed_insertion/plan.meta.official.json,39a15de0567031b6ab5793fc8324fb2491e42624f1465ad1527c0299e5383e5d,identical_final_plan
case_026,3,99203,41132,37376,37376,1.100492294520548,1.100492294520548,1.0,1491816,1491816,1491816,377446,1039924,0.2663002603413364,0.2663002603413364,/home/dreamboat/npu_r12_verify/NPU_R12/work/par5_B/case_026_n3_B/selected_plan.json,22e295a0fa3f7f387475ce11e54dc6428155b64da18c48faf24f6a137762e0c1,22e295a0fa3f7f387475ce11e54dc6428155b64da18c48faf24f6a137762e0c1,/home/dreamboat/npu_r12_verify/NPU_R12/work/par5_B/case_026_n3_B/indexed_insertion/plan.meta.official.json,/home/dreamboat/npu_r12_verify/NPU_R12/work/par5_L2/case_026_n3_L2/indexed_insertion/plan.meta.official.json,c10260272da7c0062c47b2a10b31a9fb8da7a9c921aa2e4ef6416766e2178f13,identical_final_plan
case_026,4,99203,35520,34962,34962,1.0159601853440878,1.0159601853440878,1.0,724704,724704,724704,311552,720030,0.3020138001632444,0.3020138001632444,/home/dreamboat/npu_r12_verify/NPU_R12/work/par5_B/case_026_n4_B/selected_plan.json,411fb612887c98bb47ee0423b24cb578d00fd1c7e0f32c7344a05e720f201320,411fb612887c98bb47ee0423b24cb578d00fd1c7e0f32c7344a05e720f201320,/home/dreamboat/npu_r12_verify/NPU_R12/work/par5_B/case_026_n4_B/control/r7/control_r6/critical/critical_03_result.official.json,/home/dreamboat/npu_r12_verify/NPU_R12/work/par5_L2/case_026_n4_L2/control/extra/B_plan_evaluated_in_L2.official.json,b07578851e18d420597a0360340720b2b7f2db4e21c9b546e3ae263bd4f7f2c2,identical_final_plan
case_026,5,99203,33518,33721,33721,0.9939800124551467,0.9939800124551467,1.0,491168,491168,491168,138648,706094,0.1641305866169789,0.1641305866169789,/home/dreamboat/npu_r12_verify/NPU_R12/work/reproduce_B5_r12/case_026_n5_B/selected_plan.json,b38b5c48a7b4fa6e7093ca3c625613318b11213ea80f04350e84048d6b50c58f,b38b5c48a7b4fa6e7093ca3c625613318b11213ea80f04350e84048d6b50c58f,/home/dreamboat/npu_r12_verify/NPU_R12/work/reproduce_B5_r12/case_026_n5_B/control/r7/control_r6/control_work/migrate0.2_result.official.json,/home/dreamboat/npu_r12_verify/NPU_R12/work/par5_L2/case_026_n5_L2/control/r7/control_r6/control_work/migrate0.2_result.official.json,a0e02cb16d5842b61416275e43583174bf42ad063f8ca26387a6ca47fb590369,identical_final_plan
case_027,1,2363952,2363952,2359515,2359515,1.0018804711985303,1.0018804711985303,1.0,1400832,1400832,1400832,872448,2371584,0.2689393939393939,0.2689393939393939,/home/dreamboat/npu_r12_verify/NPU_R12/work/one1_B1L21/case_027_n1_B/selected_plan.json,3e76a29c448dfd652a71ac1a2aafde56c3ee65d8b15bd7e55ea5cc77128072a3,3e76a29c448dfd652a71ac1a2aafde56c3ee65d8b15bd7e55ea5cc77128072a3,/home/dreamboat/npu_r12_verify/NPU_R12/work/one1_B1L21/case_027_n1_B/control/r7/control_r6/control_work/component_batch512_result.official.json,/home/dreamboat/npu_r12_verify/NPU_R12/work/one1_B1L21/case_027_n1_L2/control/r7/control_r6/control_work/component_batch512_result.official.json,324b55b5f5ca6ca1b89120e55f131afbd417da262838c041efa8b749b3e92981,identical_final_plan
case_027,2,2363952,1118352,1118352,1118352,1.0,1.0,1.0,1449984,1449984,1449984,0,3096576,0.0,0.0,/home/dreamboat/npu_r12_verify/NPU_R12/work/par1_B/case_027_n2_B/selected_plan.json,7841ec4414a90d5770858e00cfd8ecbaaa002fdf72fb2f12068c5bdcf0f5cde4,7841ec4414a90d5770858e00cfd8ecbaaa002fdf72fb2f12068c5bdcf0f5cde4,/home/dreamboat/npu_r12_verify/NPU_R12/work/par1_B/case_027_n2_B/indexed_insertion/plan.meta.official.json,/home/dreamboat/npu_r12_verify/NPU_R12/work/par1_L2/case_027_n2_L2/indexed_insertion/plan.meta.official.json,670c6365d53c3ee12f6c2c0ed37577d065fbec7655dff652ac7c841f58706dbf,identical_final_plan
case_027,3,2363952,765280,765280,765280,1.0,1.0,1.0,33890304,33890304,33890304,3219456,17412096,0.15604526503871352,0.15604526503871352,/home/dreamboat/npu_r12_verify/NPU_R12/work/par1_B/case_027_n3_B/selected_plan.json,51b991fa1350688cc9661e76f36c3ce51d19c02650ccc24e69265818cdbf41c4,51b991fa1350688cc9661e76f36c3ce51d19c02650ccc24e69265818cdbf41c4,/home/dreamboat/npu_r12_verify/NPU_R12/work/par1_B/case_027_n3_B/indexed_insertion/plan.meta.official.json,/home/dreamboat/npu_r12_verify/NPU_R12/work/par1_L2/case_027_n3_L2/indexed_insertion/plan.meta.official.json,f431ecfbb3517bd0440c803f380c99f216c2718e991a7cf3cb5302248ec016ea,identical_final_plan
case_027,4,2363952,559196,559196,559196,1.0,1.0,1.0,3317760,3317760,3317760,0,5160960,0.0,0.0,/home/dreamboat/npu_r12_verify/NPU_R12/work/par1_B/case_027_n4_B/selected_plan.json,7aeeaadab1b02388397fafb9e11734225a91c99ffe70605f15f3b559b863831c,7aeeaadab1b02388397fafb9e11734225a91c99ffe70605f15f3b559b863831c,/home/dreamboat/npu_r12_verify/NPU_R12/work/par1_B/case_027_n4_B/control/r7/control_r6/control_work/components_result.official.json,/home/dreamboat/npu_r12_verify/NPU_R12/work/par1_L2/case_027_n4_L2/control/r7/control_r6/control_work/components_result.official.json,0fa988c1a4b6f34c0be60b48ca862706fa8270c794468dcd0b14c7fcaeb466f1,identical_final_plan
case_027,5,2363952,558753,558753,558753,1.0,1.0,1.0,5529600,5529600,5529600,327680,7045120,0.044444444444444446,0.044444444444444446,/home/dreamboat/npu_r12_verify/NPU_R12/work/reproduce_B5_r12/case_027_n5_B/selected_plan.json,6c26b145ff138e3a226e7eb122043c808300d8c69095ee20510b1a12675ac6d0,6c26b145ff138e3a226e7eb122043c808300d8c69095ee20510b1a12675ac6d0,/home/dreamboat/npu_r12_verify/NPU_R12/work/reproduce_B5_r12/case_027_n5_B/control/r7/control_r6/control_work/component_ordered_result.official.json,/home/dreamboat/npu_r12_verify/NPU_R12/work/par1_L2/case_027_n5_L2/control/r7/control_r6/control_work/component_ordered_result.official.json,e888928126793e2484011cfd1a1415dfefebe7f3674326066a355e413ec251c5,identical_final_plan
case_028,1,43836040,41576363,41555374,41555374,1.0005050850944093,1.0005050850944093,1.0,62779392,62779392,62779392,1320960,37743744,0.03381466809527086,0.03381466809527086,/home/dreamboat/npu_r12_verify/NPU_R12/work/one3_B1L21/case_028_n1_B/selected_plan.json,9e7e3cceffc533350da76a9f5c9afa92ea4c5a7a68c11b37189a4dd48370537a,9e7e3cceffc533350da76a9f5c9afa92ea4c5a7a68c11b37189a4dd48370537a,/home/dreamboat/npu_r12_verify/NPU_R12/work/one3_B1L21/case_028_n1_B/control/r7/control_r6/control_work/chainwave_result.official.json,/home/dreamboat/npu_r12_verify/NPU_R12/work/one3_B1L21/case_028_n1_L2/control/r7/control_r6/control_work/chainwave_result.official.json,93a486f7e445993a22240f4372d7969b4d5d6e10eaf7ea057ab928a1ee748e78,identical_final_plan
case_028,2,43836040,20615674,20601621,20601621,1.0006821307896112,1.0006821307896112,1.0,82416768,82416768,82416768,1696632,46150536,0.03545940273831881,0.03545940273831881,/home/dreamboat/npu_r12_verify/NPU_R12/work/par3_B/case_028_n2_B/selected_plan.json,40d85733233e56c619c5d900057e62433cfece2b4b9fe761a9c99e4cc6a41c2e,40d85733233e56c619c5d900057e62433cfece2b4b9fe761a9c99e4cc6a41c2e,/home/dreamboat/npu_r12_verify/NPU_R12/work/par3_B/case_028_n2_B/indexed_insertion/plan.meta.official.json,/home/dreamboat/npu_r12_verify/NPU_R12/work/par3_L2/case_028_n2_L2/indexed_insertion/plan.meta.official.json,9f7e4c79df8f7ee950502593326b4ea728eb0538615709cb9af85947767f4094,identical_final_plan
case_028,3,43836040,13848390,13848390,13848390,1.0,1.0,1.0,34820352,34820352,34820352,0,24361344,0.0,0.0,/home/dreamboat/npu_r12_verify/NPU_R12/work/par3_B/case_028_n3_B/selected_plan.json,ad49845b7dae51f9f3f3ec0b6a8efaced175f428f6f82ee6f5abdc7a8cb222e5,ad49845b7dae51f9f3f3ec0b6a8efaced175f428f6f82ee6f5abdc7a8cb222e5,/home/dreamboat/npu_r12_verify/NPU_R12/work/par3_B/case_028_n3_B/control/r7/control_r6/control_work/chainwave_result.official.json,/home/dreamboat/npu_r12_verify/NPU_R12/work/par3_L2/case_028_n3_L2/control/r7/control_r6/control_work/chainwave_result.official.json,ddb007c004ee63fed58d7eebe7e5285c47449875ea0ec18bba0a1170a0971b01,identical_final_plan
case_028,4,43836040,10250099,10250076,10250076,1.0000022438858014,1.0000022438858014,1.0,31777152,31777152,31777152,6018408,17121432,0.2600885745104547,0.2600885745104547,/home/dreamboat/npu_r12_verify/NPU_R12/work/par3_B/case_028_n4_B/selected_plan.json,440b5e0f688320fb0e69113f3f086f2596dbe51322a8c37f5a8c16cc0a1adff7,440b5e0f688320fb0e69113f3f086f2596dbe51322a8c37f5a8c16cc0a1adff7,/home/dreamboat/npu_r12_verify/NPU_R12/work/par3_B/case_028_n4_B/control/r7/control_r6/control_work/migrate0_result.official.json,/home/dreamboat/npu_r12_verify/NPU_R12/work/par3_L2/case_028_n4_L2/control/r7/control_r6/control_work/migrate0_result.official.json,78ce49c658665992201e9e937d0ecb75bb7d831b73b0c6e4d06112d26b8cd861,identical_final_plan
case_028,5,43836040,8211965,8209252,8209101,1.0003304807794913,1.0003488810772336,1.0000183942188066,30147072,30147072,31031808,6429888,16969152,0.27479281201280054,0.25273406671283843,/home/dreamboat/npu_r12_verify/NPU_R12/work/reproduce_B5_r12/case_028_n5_B/selected_plan.json,f34b310061bc3df280ee5c147b91a5cfd0493fec940b0441464fcb150d6ba9a6,58894e13b3341a5cd2d1d8943ee9524abbe30551d90aa0f7e471ac09be3732e1,/home/dreamboat/npu_r12_verify/NPU_R12/work/reproduce_B5_r12/case_028_n5_B/control/r7/control_r6/control_work/migrate0_result.official.json,/home/dreamboat/npu_r12_verify/NPU_R12/work/par3_L2/case_028_n5_L2/control/r7/control_r6/control_work/migrate0_result.official.json,387d733bd757ec1979e3832c3bcc84ad803be0d5f4f75fc37fad9f7b8c57c21e,existing_candidate
case_029,1,37555,37555,37555,37555,1.0,1.0,1.0,0,0,0,0,258132,0.0,0.0,/home/dreamboat/npu_r12_verify/NPU_R12/work/one1_B1L21/case_029_n1_B/selected_plan.json,b9c5e98f5a60db5dbb554b0be8f44241688883eb61445ee593c3e0eb4e443973,b9c5e98f5a60db5dbb554b0be8f44241688883eb61445ee593c3e0eb4e443973,/home/dreamboat/npu_r12_verify/NPU_R12/work/one1_B1L21/case_029_n1_B/control/r7/control_r6/control_work/components_result.official.json,/home/dreamboat/npu_r12_verify/NPU_R12/work/one1_B1L21/case_029_n1_L2/control/r7/control_r6/control_work/components_result.official.json,3614dd8e23e59294f6c05009aeb02731d5d033d1adf7fd47b16a48fe8a9393f4,identical_final_plan
case_029,2,37555,19740,19740,19740,1.0,1.0,1.0,0,0,0,0,258132,0.0,0.0,/home/dreamboat/npu_r12_verify/NPU_R12/work/par1_B/case_029_n2_B/selected_plan.json,8020f5f52bc95eab9d713a5739c095f0e62af89f1ebc5cfef533d1a932597450,8020f5f52bc95eab9d713a5739c095f0e62af89f1ebc5cfef533d1a932597450,/home/dreamboat/npu_r12_verify/NPU_R12/work/par1_B/case_029_n2_B/control/r7/control_r6/control_work/component_ordered_result.official.json,/home/dreamboat/npu_r12_verify/NPU_R12/work/par1_L2/case_029_n2_L2/control/r7/control_r6/control_work/component_ordered_result.official.json,e58d91e31ce51af555aa3f0b5dff9b1ab62230d64cdfbff95fff1f8346e0db8d,identical_final_plan
case_029,3,37555,12743,12743,12743,1.0,1.0,1.0,0,0,0,0,258132,0.0,0.0,/home/dreamboat/npu_r12_verify/NPU_R12/work/par1_B/case_029_n3_B/selected_plan.json,6956c982e7847a66c3bee9ebf1aac01ccdaccce335482f56fd9d7a107888a585,6956c982e7847a66c3bee9ebf1aac01ccdaccce335482f56fd9d7a107888a585,/home/dreamboat/npu_r12_verify/NPU_R12/work/par1_B/case_029_n3_B/control/r7/control_r6/control_work/components_result.official.json,/home/dreamboat/npu_r12_verify/NPU_R12/work/par1_L2/case_029_n3_L2/control/r7/control_r6/control_work/components_result.official.json,8fbd203234d3636e9d36247515d108a837e88c8cb9183f3ab968cffc809e075f,identical_final_plan
case_029,4,37555,11028,11028,11028,1.0,1.0,1.0,0,0,0,0,258132,0.0,0.0,/home/dreamboat/npu_r12_verify/NPU_R12/work/par1_B/case_029_n4_B/selected_plan.json,828a23ace480fcb7ab987d444983384800afb579e74c83f52bab145ef44b4aa9,828a23ace480fcb7ab987d444983384800afb579e74c83f52bab145ef44b4aa9,/home/dreamboat/npu_r12_verify/NPU_R12/work/par1_B/case_029_n4_B/control/r7/control_r6/control_work/component_ordered_result.official.json,/home/dreamboat/npu_r12_verify/NPU_R12/work/par1_L2/case_029_n4_L2/control/r7/control_r6/control_work/component_ordered_result.official.json,51a986ff518bbfb735c79cccafcae903383606d38269c22a42b2c9e63c1bc17c,identical_final_plan
case_029,5,37555,9383,9383,9383,1.0,1.0,1.0,0,0,0,0,258132,0.0,0.0,/home/dreamboat/npu_r12_verify/NPU_R12/work/reproduce_B5_r12/case_029_n5_B/selected_plan.json,2003bb0da59915a1c1c374bc85e8b1187da3851c7d6b6ce4e835e64e01ef2f5f,2003bb0da59915a1c1c374bc85e8b1187da3851c7d6b6ce4e835e64e01ef2f5f,/home/dreamboat/npu_r12_verify/NPU_R12/work/reproduce_B5_r12/case_029_n5_B/control/r7/control_r6/control_work/component_ordered_result.official.json,/home/dreamboat/npu_r12_verify/NPU_R12/work/par1_L2/case_029_n5_L2/control/r7/control_r6/control_work/component_ordered_result.official.json,4611fe5c298850d925b0c1195a260ead75f6f3eb435c0d8a1f1daf4dccbf0656,identical_final_plan
case_030,1,2808034,2808034,2807891,2807891,1.0000509279028282,1.0000509279028282,1.0,5519360,5519360,5519360,2056192,5856256,0.259867995341012,0.259867995341012,/home/dreamboat/npu_r12_verify/NPU_R12/work/one5_B1L21/case_030_n1_B/selected_plan.json,c6ef4bf3df18b7f1eecbabf286e3a89ba6c0ef02c739baf63b7d6d097fb1282e,c6ef4bf3df18b7f1eecbabf286e3a89ba6c0ef02c739baf63b7d6d097fb1282e,/home/dreamboat/npu_r12_verify/NPU_R12/work/one5_B1L21/case_030_n1_B/control/r7/control_r6/control_work/components_result.official.json,/home/dreamboat/npu_r12_verify/NPU_R12/work/one5_B1L21/case_030_n1_L2/control/r7/control_r6/control_work/components_result.official.json,5c773d07573133dd02063a131d47c9cf51229394eb84fbb347c7e0210fa73d6e,identical_final_plan
case_030,2,2808034,1403594,1403449,1403449,1.0001033169000084,1.0001033169000084,1.0,7644160,7644160,7644160,4651008,5386240,0.46337482146500714,0.46337482146500714,/home/dreamboat/npu_r12_verify/NPU_R12/work/par5_B/case_030_n2_B/selected_plan.json,860db3695c730d396376a7f7a1700f3aaa27478c94365775a048526fbc6d1204,860db3695c730d396376a7f7a1700f3aaa27478c94365775a048526fbc6d1204,/home/dreamboat/npu_r12_verify/NPU_R12/work/par5_B/case_030_n2_B/control/r7/control_r6/control_work/components_result.official.json,/home/dreamboat/npu_r12_verify/NPU_R12/work/par5_L2/case_030_n2_L2/control/r7/control_r6/control_work/components_result.official.json,17f64468382b369e0c429182f573ae9730674a6b5042f801f7acbccf5b932184,identical_final_plan
case_030,3,2808034,933857,933236,933236,1.000665426537339,1.000665426537339,1.0,9242624,9242624,9242624,6359040,5276672,0.5465106045938573,0.5465106045938573,/home/dreamboat/npu_r12_verify/NPU_R12/work/par5_B/case_030_n3_B/selected_plan.json,43e80aaf824d3e5457ad1400f6683b3645b730b0e9d37fc693207519b7cad798,43e80aaf824d3e5457ad1400f6683b3645b730b0e9d37fc693207519b7cad798,/home/dreamboat/npu_r12_verify/NPU_R12/work/par5_B/case_030_n3_B/control/r7/control_r6/control_work/components_result.official.json,/home/dreamboat/npu_r12_verify/NPU_R12/work/par5_L2/case_030_n3_L2/control/r7/control_r6/control_work/components_result.official.json,51fd8013a1aa99b182de10809865b54fbde524afdaa653ca239bc1c92626d76f,identical_final_plan
case_030,4,2808034,700342,700156,700156,1.0002656550825817,1.0002656550825817,1.0,10404864,10404864,10404864,7634944,5163008,0.5965754520723315,0.5965754520723315,/home/dreamboat/npu_r12_verify/NPU_R12/work/par5_B/case_030_n4_B/selected_plan.json,7614b583e3915282b64c5c3e51209ff479441bc66cdb8b8eaa99163fb57d849c,7614b583e3915282b64c5c3e51209ff479441bc66cdb8b8eaa99163fb57d849c,/home/dreamboat/npu_r12_verify/NPU_R12/work/par5_B/case_030_n4_B/control/r7/control_r6/control_work/components_result.official.json,/home/dreamboat/npu_r12_verify/NPU_R12/work/par5_L2/case_030_n4_L2/control/r7/control_r6/control_work/components_result.official.json,a448d24f0d73c43bcf12377e97bc43bae98ffc12fd0ef40e93b95740439a5877,identical_final_plan
case_030,5,2808034,561102,560897,560897,1.0003654859983206,1.0003654859983206,1.0,11479040,11479040,11479040,8255488,5616640,0.5951133092197535,0.5951133092197535,/home/dreamboat/npu_r12_verify/NPU_R12/work/reproduce_B5_r12/case_030_n5_B/selected_plan.json,f913e26780c2656030b691165c026ce8f446204353c1313005c1acac73549a0e,f913e26780c2656030b691165c026ce8f446204353c1313005c1acac73549a0e,/home/dreamboat/npu_r12_verify/NPU_R12/work/reproduce_B5_r12/case_030_n5_B/control/r7/control_r6/control_work/components_result.official.json,/home/dreamboat/npu_r12_verify/NPU_R12/work/par5_L2/case_030_n5_L2/control/r7/control_r6/control_work/components_result.official.json,1758044d0a710fdf505b3c2bffa69866f3d4fbb74aaa9967b0e5e70a16eb88cd,identical_final_plan
case_031,1,1414369,1412792,1412441,1412441,1.000248505955293,1.000248505955293,1.0,2251776,2251776,2251776,1606656,2829940,0.3621370979011837,0.3621370979011837,/home/dreamboat/npu_r12_verify/NPU_R12/work/one1_B1L21/case_031_n1_B/selected_plan.json,d7e6c54da7434a529d4f2c1d6fb7137449bd12bf41cf8c05582f16e44c7516ac,d7e6c54da7434a529d4f2c1d6fb7137449bd12bf41cf8c05582f16e44c7516ac,/home/dreamboat/npu_r12_verify/NPU_R12/work/one1_B1L21/case_031_n1_B/control/r7/control_r6/control_work/component_batch512_result.official.json,/home/dreamboat/npu_r12_verify/NPU_R12/work/one1_B1L21/case_031_n1_L2/control/r7/control_r6/control_work/component_batch512_result.official.json,faa1ef41751b4f4fbc2bb6a2c97d89c8985770cdad95d9453c30eb3cfa44c9a2,identical_final_plan
case_031,2,1414369,732205,732205,732205,1.0,1.0,1.0,2139648,2139648,2139648,1844736,2479732,0.42658102684538307,0.42658102684538307,/home/dreamboat/npu_r12_verify/NPU_R12/work/par1_B/case_031_n2_B/selected_plan.json,51685a57acfdc6650dfa23322ec0c0348fd4086df8954d2c567544977de67aaa,51685a57acfdc6650dfa23322ec0c0348fd4086df8954d2c567544977de67aaa,/home/dreamboat/npu_r12_verify/NPU_R12/work/par1_B/case_031_n2_B/control/r7/control_r6/control_work/component_ordered_result.official.json,/home/dreamboat/npu_r12_verify/NPU_R12/work/par1_L2/case_031_n2_L2/control/r7/control_r6/control_work/component_ordered_result.official.json,c0f1649e20646f721753dbd86c5dda8395f108289bb86bf109bcf5e09f2c1223,identical_final_plan
case_031,3,1414369,483567,483567,483567,1.0,1.0,1.0,3462144,3462144,3462144,2836992,2809972,0.5023924360063212,0.5023924360063212,/home/dreamboat/npu_r12_verify/NPU_R12/work/par1_B/case_031_n3_B/selected_plan.json,4c42363bd46ab893d4332774007a7f5be4cf48b3f13472f932344d15629bb302,4c42363bd46ab893d4332774007a7f5be4cf48b3f13472f932344d15629bb302,/home/dreamboat/npu_r12_verify/NPU_R12/work/par1_B/case_031_n3_B/control/r7/control_r6/control_work/component_ordered_result.official.json,/home/dreamboat/npu_r12_verify/NPU_R12/work/par1_L2/case_031_n3_L2/control/r7/control_r6/control_work/component_ordered_result.official.json,56d0a98055d69db548616b977d85987ee4cd6bb4f00a1cb54c7b551c1d84c749,identical_final_plan
case_031,4,1414369,394466,394388,394388,1.0001977747801658,1.0001977747801658,1.0,4922880,4922880,4922880,2873856,4233844,0.40432995202386146,0.40432995202386146,/home/dreamboat/npu_r12_verify/NPU_R12/work/par1_B/case_031_n4_B/selected_plan.json,5ec002f44ecfd3de3b3f9318bd69ea8eb76928ec2e1aa10536f737463f755992,5ec002f44ecfd3de3b3f9318bd69ea8eb76928ec2e1aa10536f737463f755992,/home/dreamboat/npu_r12_verify/NPU_R12/work/par1_B/case_031_n4_B/control/r7/control_r6/control_work/component_ordered_result.official.json,/home/dreamboat/npu_r12_verify/NPU_R12/work/par1_L2/case_031_n4_L2/control/r7/control_r6/control_work/component_ordered_result.official.json,758d27337c5637450eb5029ca3bf19aca8256177204f08a0208e630bc8aa2ae0,identical_final_plan
case_031,5,1414369,306307,306307,306307,1.0,1.0,1.0,8059392,8059392,8059392,5607936,4636276,0.5474248287716029,0.5474248287716029,/home/dreamboat/npu_r12_verify/NPU_R12/work/reproduce_B5_r12/case_031_n5_B/selected_plan.json,779ea7dc81fbd235306fa5419313124e3111f483f53fcf55eda4b28cedc30a8f,779ea7dc81fbd235306fa5419313124e3111f483f53fcf55eda4b28cedc30a8f,/home/dreamboat/npu_r12_verify/NPU_R12/work/reproduce_B5_r12/case_031_n5_B/control/r7/control_r6/control_work/components_result.official.json,/home/dreamboat/npu_r12_verify/NPU_R12/work/par1_L2/case_031_n5_L2/control/r7/control_r6/control_work/components_result.official.json,e7fc524b1aecc7b0c1840845bc553e3f61decf4ebaa5b87e36a4a1ad29b7f82a,identical_final_plan
case_032,1,41443,34524,34524,34524,1.0,1.0,1.0,0,0,0,0,279156,0.0,0.0,/home/dreamboat/npu_r12_verify/NPU_R12/work/one2_B1L21/case_032_n1_B/selected_plan.json,bbe82f05635dac46ca629badfd268da09eb51d241f8369883162f287b56ef0ff,bbe82f05635dac46ca629badfd268da09eb51d241f8369883162f287b56ef0ff,/home/dreamboat/npu_r12_verify/NPU_R12/work/one2_B1L21/case_032_n1_B/control/r7/control_r6/control_work/component_ordered_result.official.json,/home/dreamboat/npu_r12_verify/NPU_R12/work/one2_B1L21/case_032_n1_L2/control/r7/control_r6/control_work/component_ordered_result.official.json,9a65bf4d1e12c523c42d6577967c39e8a9acbbc733ede02aca2eafd9efc7f02e,identical_final_plan
case_032,2,41443,17554,17554,17554,1.0,1.0,1.0,6216,6216,6216,6216,279156,0.0217820949497498,0.0217820949497498,/home/dreamboat/npu_r12_verify/NPU_R12/work/par2_B/case_032_n2_B/selected_plan.json,b74ac6eee7c214ff563813a0d6407b43182a863ee7182510cba0763b3239dde5,b74ac6eee7c214ff563813a0d6407b43182a863ee7182510cba0763b3239dde5,/home/dreamboat/npu_r12_verify/NPU_R12/work/par2_B/case_032_n2_B/control/r7/control_r6/control_work/component_ordered_result.official.json,/home/dreamboat/npu_r12_verify/NPU_R12/work/par2_L2/case_032_n2_L2/control/r7/control_r6/control_work/component_ordered_result.official.json,c6b3f2276cc6900db796e87b41681f932cb9bb2ccbb251737828eb35c994d4ab,identical_final_plan
case_032,3,41443,11808,11808,11808,1.0,1.0,1.0,12360,12360,12360,12360,279156,0.04239904499238464,0.04239904499238464,/home/dreamboat/npu_r12_verify/NPU_R12/work/par2_B/case_032_n3_B/selected_plan.json,4f26750f7db15ca3d24112684a7479ec6d3bb724e2628e492927eb9b635b2e6e,4f26750f7db15ca3d24112684a7479ec6d3bb724e2628e492927eb9b635b2e6e,/home/dreamboat/npu_r12_verify/NPU_R12/work/par2_B/case_032_n3_B/control/r7/control_r6/control_work/component_ordered_result.official.json,/home/dreamboat/npu_r12_verify/NPU_R12/work/par2_L2/case_032_n3_L2/control/r7/control_r6/control_work/component_ordered_result.official.json,713e114399e2ca5c185ac1ce6b08f82b14c00fc17dd9aad5bb2e23178104a5d4,identical_final_plan
case_032,4,41443,11164,10764,10764,1.037160906726124,1.037160906726124,1.0,12360,12360,12360,8264,283252,0.028348358237626752,0.028348358237626752,/home/dreamboat/npu_r12_verify/NPU_R12/work/par2_B/case_032_n4_B/selected_plan.json,312834753300651a2e456b438510698cc9f397c911552f5e213d140329889b80,312834753300651a2e456b438510698cc9f397c911552f5e213d140329889b80,/home/dreamboat/npu_r12_verify/NPU_R12/work/par2_B/case_032_n4_B/control/r7/control_r6/control_work/component_ordered_result.official.json,/home/dreamboat/npu_r12_verify/NPU_R12/work/par2_L2/case_032_n4_L2/control/r7/control_r6/control_work/component_ordered_result.official.json,de0798fe55e047eb5febd7bc690f96ba1a1fd67b8cfcb2bca88732af9ceb51fe,identical_final_plan
case_032,5,41443,10415,10391,10391,1.0023096910788183,1.0023096910788183,1.0,12360,12360,12360,8264,283252,0.028348358237626752,0.028348358237626752,/home/dreamboat/npu_r12_verify/NPU_R12/work/reproduce_B5_r12/case_032_n5_B/selected_plan.json,80cf95fa270ac617d10d2f60d5cbb0a8d46118efa72590b833f27facb1fba862,80cf95fa270ac617d10d2f60d5cbb0a8d46118efa72590b833f27facb1fba862,/home/dreamboat/npu_r12_verify/NPU_R12/work/reproduce_B5_r12/case_032_n5_B/control/r7/control_r6/control_work/components_result.official.json,/home/dreamboat/npu_r12_verify/NPU_R12/work/par2_L2/case_032_n5_L2/control/r7/control_r6/control_work/components_result.official.json,c6ceda3047b597a6b9d37510876c30eb8c70aeed92a5eebd3007d730301804ba,identical_final_plan
case_033,1,1774196,1774196,1774080,1774080,1.000065386002886,1.000065386002886,1.0,4592640,4592640,4592640,720384,6762032,0.09627692445862406,0.09627692445862406,/home/dreamboat/npu_r12_verify/NPU_R12/work/one4_B1L21/case_033_n1_B/selected_plan.json,16917b3e3d8db93fd5a0b1264911500af961ac729f1b35ec6658e8c9087fb97a,16917b3e3d8db93fd5a0b1264911500af961ac729f1b35ec6658e8c9087fb97a,/home/dreamboat/npu_r12_verify/NPU_R12/work/one4_B1L21/case_033_n1_B/control/r7/control_r6/control_work/components_result.official.json,/home/dreamboat/npu_r12_verify/NPU_R12/work/one4_B1L21/case_033_n1_L2/control/r7/control_r6/control_work/components_result.official.json,d546f3cb978d5020ad85be6d92975bbf41612781a5e49d4b667244465fea2f8f,identical_final_plan
case_033,2,1774196,896676,896372,896372,1.000339144908587,1.000339144908587,1.0,3391008,3391008,3391008,2243616,4037168,0.35721909876219277,0.35721909876219277,/home/dreamboat/npu_r12_verify/NPU_R12/work/par4_B/case_033_n2_B/selected_plan.json,839cbb743b5129769942c8c3ac97de1386707c3943f170ba8601829a9b4e85b6,839cbb743b5129769942c8c3ac97de1386707c3943f170ba8601829a9b4e85b6,/home/dreamboat/npu_r12_verify/NPU_R12/work/par4_B/case_033_n2_B/control/r7/control_r6/control_work/component_ordered_result.official.json,/home/dreamboat/npu_r12_verify/NPU_R12/work/par4_L2/case_033_n2_L2/control/r7/control_r6/control_work/component_ordered_result.official.json,27e43df867d73a960d432060be9100ae2759fd448f2fe808e5e491b67cd45f26,identical_final_plan
case_033,3,1774196,602408,602363,602363,1.0000747057837218,1.0000747057837218,1.0,4180032,4180032,4180032,2001952,5067856,0.28316921760817265,0.28316921760817265,/home/dreamboat/npu_r12_verify/NPU_R12/work/par4_B/case_033_n3_B/selected_plan.json,98efc1643da59708f9ed03204569e412ca5d28114bf50e0b503144c0988a62a5,98efc1643da59708f9ed03204569e412ca5d28114bf50e0b503144c0988a62a5,/home/dreamboat/npu_r12_verify/NPU_R12/work/par4_B/case_033_n3_B/control/r7/control_r6/control_work/component_ordered_result.official.json,/home/dreamboat/npu_r12_verify/NPU_R12/work/par4_L2/case_033_n3_L2/control/r7/control_r6/control_work/component_ordered_result.official.json,15ab4da8be0f6ae2191b1ef53852f86c4cf7fb6b4f200f0a9c06f5a45e35a6dc,identical_final_plan
case_033,4,1774196,457602,457038,457038,1.0012340330563323,1.0012340330563323,1.0,5251680,5251680,5251680,2631712,5509744,0.32324832315006063,0.32324832315006063,/home/dreamboat/npu_r12_verify/NPU_R12/work/par4_B/case_033_n4_B/selected_plan.json,543faa4fa5a0f46e1261c5b6aa94038fb9a88877aa7ec163dc5c03ca37a9979d,543faa4fa5a0f46e1261c5b6aa94038fb9a88877aa7ec163dc5c03ca37a9979d,/home/dreamboat/npu_r12_verify/NPU_R12/work/par4_B/case_033_n4_B/control/r7/control_r6/control_work/component_ordered_result.official.json,/home/dreamboat/npu_r12_verify/NPU_R12/work/par4_L2/case_033_n4_L2/control/r7/control_r6/control_work/component_ordered_result.official.json,b6cc1c07698f3712644594ef6101a129caa1d09794dd19f7181b07296705234a,identical_final_plan
case_033,5,1774196,369453,367285,367285,1.0059027730509005,1.0059027730509005,1.0,6509184,6509184,6509184,2486848,6912112,0.2645875713908773,0.2645875713908773,/home/dreamboat/npu_r12_verify/NPU_R12/work/reproduce_B5_r12/case_033_n5_B/selected_plan.json,0e86e30bc1430f9a934da084deed0f4a88e7c600caf4ef5408b581aae675b45f,0e86e30bc1430f9a934da084deed0f4a88e7c600caf4ef5408b581aae675b45f,/home/dreamboat/npu_r12_verify/NPU_R12/work/reproduce_B5_r12/case_033_n5_B/control/r7/control_r6/control_work/component_ordered_result.official.json,/home/dreamboat/npu_r12_verify/NPU_R12/work/par4_L2/case_033_n5_L2/control/r7/control_r6/control_work/component_ordered_result.official.json,886c65e02b89a0e13e94e2ed2c60bdb3ace4f705a8734f986abf38d98a6486cd,identical_final_plan
case_034,1,842996,825894,825894,825894,1.0,1.0,1.0,0,0,0,0,2279984,0.0,0.0,/home/dreamboat/npu_r12_verify/NPU_R12/work/one6_B1L21/case_034_n1_B/selected_plan.json,4d3bcc6035f828819be4d49dfba383c7f6dcdca84bbc800554789b41dcfaf185,4d3bcc6035f828819be4d49dfba383c7f6dcdca84bbc800554789b41dcfaf185,/home/dreamboat/npu_r12_verify/NPU_R12/work/one6_B1L21/case_034_n1_B/control/r7/control_r6/control_work/component_ordered_result.official.json,/home/dreamboat/npu_r12_verify/NPU_R12/work/one6_B1L21/case_034_n1_L2/control/r7/control_r6/control_work/component_ordered_result.official.json,0b9df7619c32c8e8df3429b7fab5b733356814c2c43ee4036058dd1ceed2e37a,identical_final_plan
case_034,2,842996,440418,440340,440340,1.0001771358495708,1.0001771358495708,1.0,1459712,1459712,1459712,1349120,2390576,0.3607565962580916,0.3607565962580916,/home/dreamboat/npu_r12_verify/NPU_R12/work/par6_B/case_034_n2_B/selected_plan.json,a4308840ac053daf26f9fd5d1b70e4dc044586084af0bee05bd9741ec83deac3,a4308840ac053daf26f9fd5d1b70e4dc044586084af0bee05bd9741ec83deac3,/home/dreamboat/npu_r12_verify/NPU_R12/work/par6_B/case_034_n2_B/control/r7/control_r6/control_work/component_batch512_result.official.json,/home/dreamboat/npu_r12_verify/NPU_R12/work/par6_L2/case_034_n2_L2/control/r7/control_r6/control_work/component_batch512_result.official.json,0d21cd15fe3b1a340e7bc631ba75d7d4af411120b619757fd988b48ebdb80586,identical_final_plan
case_034,3,842996,280681,280601,280601,1.000285102333919,1.000285102333919,1.0,2341888,2341888,2341888,2058240,2563632,0.4453260497045353,0.4453260497045353,/home/dreamboat/npu_r12_verify/NPU_R12/work/par6_B/case_034_n3_B/selected_plan.json,14b2155738ce4513f2b9f2061e3b7c56b7b664c2ca554480523e758d85a22e80,14b2155738ce4513f2b9f2061e3b7c56b7b664c2ca554480523e758d85a22e80,/home/dreamboat/npu_r12_verify/NPU_R12/work/par6_B/case_034_n3_B/control/r7/control_r6/control_work/component_ordered_result.official.json,/home/dreamboat/npu_r12_verify/NPU_R12/work/par6_L2/case_034_n3_L2/control/r7/control_r6/control_work/component_ordered_result.official.json,9c3080a09b192893386cf5814d7622840859d77dc51cfdbc957415235330e71d,identical_final_plan
case_034,4,842996,252538,252450,252450,1.0003485838779957,1.0003485838779957,1.0,2979328,2979328,2979328,2250752,3008560,0.4279555957128993,0.4279555957128993,/home/dreamboat/npu_r12_verify/NPU_R12/work/par6_B/case_034_n4_B/selected_plan.json,e8cb0b86aab4919551500b1c406ed109838bb5bfc278151f3ea700db9696c5be,e8cb0b86aab4919551500b1c406ed109838bb5bfc278151f3ea700db9696c5be,/home/dreamboat/npu_r12_verify/NPU_R12/work/par6_B/case_034_n4_B/control/r7/control_r6/control_work/component_ordered_result.official.json,/home/dreamboat/npu_r12_verify/NPU_R12/work/par6_L2/case_034_n4_L2/control/r7/control_r6/control_work/component_ordered_result.official.json,0efeb3da909b42921c9fe16469244acdf29ffae348729182c80ed54d26fc5b80,identical_final_plan
case_034,5,842996,173032,171529,171529,1.0087623667135004,1.0087623667135004,1.0,3532800,3532800,3532800,2947072,2865712,0.5069983677356668,0.5069983677356668,/home/dreamboat/npu_r12_verify/NPU_R12/work/reproduce_B5_r12/case_034_n5_B/selected_plan.json,34c618478f146a764b3763dd012a8bed5c6ca09f8232f859a5c37fbaf237e423,34c618478f146a764b3763dd012a8bed5c6ca09f8232f859a5c37fbaf237e423,/home/dreamboat/npu_r12_verify/NPU_R12/work/reproduce_B5_r12/case_034_n5_B/control/r7/control_r6/control_work/component_ordered_result.official.json,/home/dreamboat/npu_r12_verify/NPU_R12/work/par6_L2/case_034_n5_L2/control/r7/control_r6/control_work/component_ordered_result.official.json,562df4bb4814f4f784fc2565b162ef9c46f1d5526e42a8d84e9ae50e196ea50c,identical_final_plan
case_035,1,169571,162870,162870,162870,1.0,1.0,1.0,0,0,0,0,396878,0.0,0.0,/home/dreamboat/npu_r12_verify/NPU_R12/work/one1_B1L21/case_035_n1_B/selected_plan.json,956f7f8b6ae7fe450e8612eaea9c132367aea423391458ce3ff8aed99d177fdf,956f7f8b6ae7fe450e8612eaea9c132367aea423391458ce3ff8aed99d177fdf,/home/dreamboat/npu_r12_verify/NPU_R12/work/one1_B1L21/case_035_n1_B/indexed_insertion/plan.meta.official.json,/home/dreamboat/npu_r12_verify/NPU_R12/work/one1_B1L21/case_035_n1_L2/indexed_insertion/plan.meta.official.json,34db32a2bad2c3207264b5458486a596253cc6c2e27f208b83f0ee9d3d522321,identical_final_plan
case_035,2,169571,95406,95406,95319,1.0,1.000912724640418,1.000912724640418,0,0,1195418,0,396878,0.0,0.20621296391385738,/home/dreamboat/npu_r12_verify/NPU_R12/work/par1_B/case_035_n2_B/selected_plan.json,a127ac5475a8d364ded41fae57a94eb45908bddfc25e70dbfb545320d81d8b6b,d623f07942d86842823deb38c1d69fdc3a4074d8c5aed01a4ff44fe39e526809,/home/dreamboat/npu_r12_verify/NPU_R12/work/par1_B/case_035_n2_B/control/r7/control_r6/control_work/component_batch512_result.official.json,/home/dreamboat/npu_r12_verify/NPU_R12/work/par1_L2/case_035_n2_L2/control/r7/control_r6/control_work/component_batch512_result.official.json,a5c372fdea1a53dee1de25597369a8026da1119b22a4db5e13f1ae097ff341b5,existing_candidate
case_035,3,169571,71961,71125,71125,1.0117539543057996,1.0117539543057996,1.0,1735510,1735510,1735510,435080,1015454,0.2999447100171385,0.2999447100171385,/home/dreamboat/npu_r12_verify/NPU_R12/work/par1_B/case_035_n3_B/selected_plan.json,418bb7c9e6611941e67d696c173bcef55dedf6a412f22af7d8d542c95b9d88b0,418bb7c9e6611941e67d696c173bcef55dedf6a412f22af7d8d542c95b9d88b0,/home/dreamboat/npu_r12_verify/NPU_R12/work/par1_B/case_035_n3_B/indexed_insertion/plan.meta.official.json,/home/dreamboat/npu_r12_verify/NPU_R12/work/par1_L2/case_035_n3_L2/indexed_insertion/plan.meta.official.json,7b7342f0ce31c94ac9eb8311fde5a94c83e5e1a74985b2ce7349ea3d5c882e3f,identical_final_plan
case_035,4,169571,56936,54927,54927,1.0365758188140624,1.0365758188140624,1.0,1675904,1675904,1675904,538286,924448,0.3679999234310545,0.3679999234310545,/home/dreamboat/npu_r12_verify/NPU_R12/work/par1_B/case_035_n4_B/selected_plan.json,aa0f5c7ca1901d14a12888fa340e13d465b1cd7ce282c6667c1f8aecaf6d1d8b,aa0f5c7ca1901d14a12888fa340e13d465b1cd7ce282c6667c1f8aecaf6d1d8b,/home/dreamboat/npu_r12_verify/NPU_R12/work/par1_B/case_035_n4_B/indexed_insertion/plan.meta.official.json,/home/dreamboat/npu_r12_verify/NPU_R12/work/par1_L2/case_035_n4_L2/indexed_insertion/plan.meta.official.json,35da7ca2a9639d083f1680ac66f34a199514d146b1ca09881f5b3c67f1ae18a2,identical_final_plan
case_035,5,169571,58349,56942,56942,1.0247093533771205,1.0247093533771205,1.0,1602218,1602218,1602218,470926,925798,0.33716467963606267,0.33716467963606267,/home/dreamboat/npu_r12_verify/NPU_R12/work/reproduce_B5_r12/case_035_n5_B/selected_plan.json,cbc81724d7c2feb7a19bcdb27787dfa13bcd8b39c34028aafa96098a11b06c9b,cbc81724d7c2feb7a19bcdb27787dfa13bcd8b39c34028aafa96098a11b06c9b,/home/dreamboat/npu_r12_verify/NPU_R12/work/reproduce_B5_r12/case_035_n5_B/indexed_insertion/plan.meta.official.json,/home/dreamboat/npu_r12_verify/NPU_R12/work/par1_L2/case_035_n5_L2/indexed_insertion/plan.meta.official.json,46fbbf70927a8707a9ecdc686ba17e3c53cbe68365a284d829419c062ff78748,identical_final_plan
case_036,1,931510,931510,931510,931510,1.0,1.0,1.0,0,0,0,0,3277952,0.0,0.0,/home/dreamboat/npu_r12_verify/NPU_R12/work/one3_B1L21/case_036_n1_B/selected_plan.json,7127be375826ba36e862e8068d584e7c6f4287c658a80ab9c1b16ce7dfb07947,7127be375826ba36e862e8068d584e7c6f4287c658a80ab9c1b16ce7dfb07947,/home/dreamboat/npu_r12_verify/NPU_R12/work/one3_B1L21/case_036_n1_B/control/r7/control_r6/control_work/components_result.official.json,/home/dreamboat/npu_r12_verify/NPU_R12/work/one3_B1L21/case_036_n1_L2/control/r7/control_r6/control_work/components_result.official.json,b4176507eabb201fea34bfc6d3e027158b20b729cd23af1cce7d1e0400d2f405,identical_final_plan
case_036,2,931510,466068,466068,466068,1.0,1.0,1.0,1152,1152,1152,0,3279104,0.0,0.0,/home/dreamboat/npu_r12_verify/NPU_R12/work/par3_B/case_036_n2_B/selected_plan.json,ac34e96061f44c8342b528828e7119ab973bd14ce983cb7ec48c3f38e76da874,ac34e96061f44c8342b528828e7119ab973bd14ce983cb7ec48c3f38e76da874,/home/dreamboat/npu_r12_verify/NPU_R12/work/par3_B/case_036_n2_B/control/r7/control_r6/control_work/components_result.official.json,/home/dreamboat/npu_r12_verify/NPU_R12/work/par3_L2/case_036_n2_L2/control/r7/control_r6/control_work/components_result.official.json,5b5d38937c5f39f495c9833d5c014bf710bd31705b7198dd049ca8f5f7ad8167,identical_final_plan
case_036,3,931510,311345,311345,311345,1.0,1.0,1.0,2304,2304,2304,0,3280256,0.0,0.0,/home/dreamboat/npu_r12_verify/NPU_R12/work/par3_B/case_036_n3_B/selected_plan.json,da1517a51e4ababc072c81ea8ad54a893f5193304ff3f7c4ffbcca2d3eff0536,da1517a51e4ababc072c81ea8ad54a893f5193304ff3f7c4ffbcca2d3eff0536,/home/dreamboat/npu_r12_verify/NPU_R12/work/par3_B/case_036_n3_B/control/r7/control_r6/control_work/components_result.official.json,/home/dreamboat/npu_r12_verify/NPU_R12/work/par3_L2/case_036_n3_L2/control/r7/control_r6/control_work/components_result.official.json,d98c357e63e8072bd2dfffcead987cb51871a5623b4eaa9a09b5242e4c3ae83b,identical_final_plan
case_036,4,931510,233584,233584,233584,1.0,1.0,1.0,3456,3456,3456,0,3281408,0.0,0.0,/home/dreamboat/npu_r12_verify/NPU_R12/work/par3_B/case_036_n4_B/selected_plan.json,3bc0806b99ac5538acd099c98550e6a6ca436209679c7044d3a1a3f57fb8bb65,3bc0806b99ac5538acd099c98550e6a6ca436209679c7044d3a1a3f57fb8bb65,/home/dreamboat/npu_r12_verify/NPU_R12/work/par3_B/case_036_n4_B/control/r7/control_r6/control_work/components_result.official.json,/home/dreamboat/npu_r12_verify/NPU_R12/work/par3_L2/case_036_n4_L2/control/r7/control_r6/control_work/components_result.official.json,ae603904f4cd825726d632411c3a713e933cf4d97301d460438fc27ddd5cfe30,identical_final_plan
case_036,5,931510,187182,187182,187182,1.0,1.0,1.0,4608,4608,4608,0,3282560,0.0,0.0,/home/dreamboat/npu_r12_verify/NPU_R12/work/reproduce_B5_r12/case_036_n5_B/selected_plan.json,00b29d4463f2eac06e69bf3aecca1acd797c560aa32feb906bd13dad8e57fb51,00b29d4463f2eac06e69bf3aecca1acd797c560aa32feb906bd13dad8e57fb51,/home/dreamboat/npu_r12_verify/NPU_R12/work/reproduce_B5_r12/case_036_n5_B/control/r7/control_r6/control_work/components_result.official.json,/home/dreamboat/npu_r12_verify/NPU_R12/work/par3_L2/case_036_n5_L2/control/r7/control_r6/control_work/components_result.official.json,99579e84bdd882a4cd7af3fb56f9885b1f7800818aea029891e9c3e0abff36dc,identical_final_plan
case_037,1,210001,210001,210001,210001,1.0,1.0,1.0,0,0,0,0,532480,0.0,0.0,/home/dreamboat/npu_r12_verify/NPU_R12/work/one1_B1L21/case_037_n1_B/selected_plan.json,199d7a08d06c1b22ed2a0292112f44f60162c05430c356ddc518fcb78fc96337,199d7a08d06c1b22ed2a0292112f44f60162c05430c356ddc518fcb78fc96337,/home/dreamboat/npu_r12_verify/NPU_R12/work/one1_B1L21/case_037_n1_B/control/r7/control_r6/control_work/components_result.official.json,/home/dreamboat/npu_r12_verify/NPU_R12/work/one1_B1L21/case_037_n1_L2/control/r7/control_r6/control_work/components_result.official.json,7046067438b0709e9f58c780d3b20663b4a85bd47cdf1177005889dcc1908a5d,identical_final_plan
case_037,2,210001,105374,105374,105374,1.0,1.0,1.0,204800,204800,204800,0,737280,0.0,0.0,/home/dreamboat/npu_r12_verify/NPU_R12/work/par1_B/case_037_n2_B/selected_plan.json,bfc3552fe3f6e5361b11fe4cbb33f10c6ef82fa6342f78aa5cfbefca22882820,bfc3552fe3f6e5361b11fe4cbb33f10c6ef82fa6342f78aa5cfbefca22882820,/home/dreamboat/npu_r12_verify/NPU_R12/work/par1_B/case_037_n2_B/control/r7/control_r6/control_work/components_result.official.json,/home/dreamboat/npu_r12_verify/NPU_R12/work/par1_L2/case_037_n2_L2/control/r7/control_r6/control_work/components_result.official.json,ad185d6c4b9fb748894d0b538d13955924977265458e7ff6d20e239ae2009d60,identical_final_plan
case_037,3,210001,74038,74038,74038,1.0,1.0,1.0,1064960,1064960,1064960,983040,614400,0.6153846153846154,0.6153846153846154,/home/dreamboat/npu_r12_verify/NPU_R12/work/par1_B/case_037_n3_B/selected_plan.json,29479e2be92e1ae716d8db7b580554107cc7ae19bf90083b3351b7826dd36751,29479e2be92e1ae716d8db7b580554107cc7ae19bf90083b3351b7826dd36751,/home/dreamboat/npu_r12_verify/NPU_R12/work/par1_B/case_037_n3_B/control/r7/control_r6/control_work/component_ordered_result.official.json,/home/dreamboat/npu_r12_verify/NPU_R12/work/par1_L2/case_037_n3_L2/control/r7/control_r6/control_work/component_ordered_result.official.json,6aa29fc0342ec3f01ecfb22e396e89eba7ad0ccf7f460e786864f1a3e7c7ae64,identical_final_plan
case_037,4,210001,53320,53320,53320,1.0,1.0,1.0,614400,614400,614400,0,1146880,0.0,0.0,/home/dreamboat/npu_r12_verify/NPU_R12/work/par1_B/case_037_n4_B/selected_plan.json,6205ab7146d3662892f7b3f56c9168a6645a73f194d1baa7644fda4ed7bb9fa6,6205ab7146d3662892f7b3f56c9168a6645a73f194d1baa7644fda4ed7bb9fa6,/home/dreamboat/npu_r12_verify/NPU_R12/work/par1_B/case_037_n4_B/control/r7/control_r6/control_work/components_result.official.json,/home/dreamboat/npu_r12_verify/NPU_R12/work/par1_L2/case_037_n4_L2/control/r7/control_r6/control_work/components_result.official.json,9d236c3a0be8d8b2650ef6c46a31e3891644f1f102e421bdc55db1f14bd9c5b6,identical_final_plan
case_037,5,210001,43800,43013,43013,1.0182967939925138,1.0182967939925138,1.0,1925120,1925120,1925120,1579008,878592,0.6425,0.6425,/home/dreamboat/npu_r12_verify/NPU_R12/work/reproduce_B5_r12/case_037_n5_B/selected_plan.json,40ddb064bf9ad2b166aa50571c7fe2e1b7b9c2b4d5f3e6e562432f5303e513e3,a98cc3ff71a106b79064abae28f1684f9499a67bce28eb73dfa62db1e8b415d6,/home/dreamboat/npu_r12_verify/NPU_R12/work/reproduce_B5_r12/case_037_n5_B/control/r7/control_r6/control_work/component_ordered_result.official.json,/home/dreamboat/npu_r12_verify/closeout_q3_20260925_01/new_scores/case_037_n5_Bplan_L2/official.json,91b18372dd4300e10d8b55f0349976b9893057474ee213507c07ebafbbc4916c,new_official_evaluation
case_038,1,1364555,1364555,1363312,1363312,1.0009117502083162,1.0009117502083162,1.0,5627904,5627904,5627904,1462272,6960138,0.1736168151396097,0.1736168151396097,/home/dreamboat/npu_r12_verify/NPU_R12/work/one5_B1L21/case_038_n1_B/selected_plan.json,4a2607f2bfea209a8e50ddb80046bc9d6f7ecab77f239db953c49fe40d343cc8,4a2607f2bfea209a8e50ddb80046bc9d6f7ecab77f239db953c49fe40d343cc8,/home/dreamboat/npu_r12_verify/NPU_R12/work/one5_B1L21/case_038_n1_B/control/r7/control_r6/control_work/components_result.official.json,/home/dreamboat/npu_r12_verify/NPU_R12/work/one5_B1L21/case_038_n1_L2/control/r7/control_r6/control_work/components_result.official.json,ecf4cd96ff8f27ae664c61a5ede3b1684cbc8eb3ad9dad47b1ad90eba594edb4,identical_final_plan
case_038,2,1364555,681518,681309,681309,1.0003067624235111,1.0003067624235111,1.0,6790656,6790656,6790656,2601984,6983178,0.27145957470515364,0.27145957470515364,/home/dreamboat/npu_r12_verify/NPU_R12/work/par5_B/case_038_n2_B/selected_plan.json,b8f3b450589fe64dabf6d9d57a76f77c8659d113178ac2fb6b67f034621938e7,b8f3b450589fe64dabf6d9d57a76f77c8659d113178ac2fb6b67f034621938e7,/home/dreamboat/npu_r12_verify/NPU_R12/work/par5_B/case_038_n2_B/control/r7/control_r6/control_work/components_result.official.json,/home/dreamboat/npu_r12_verify/NPU_R12/work/par5_L2/case_038_n2_L2/control/r7/control_r6/control_work/components_result.official.json,cc543347bb5e85ae966fa33ad0056f657617797e24478d292d1b31be25cc3cc4,identical_final_plan
case_038,3,1364555,459530,459314,459314,1.000470266527909,1.000470266527909,1.0,5534208,5534208,5534208,3714048,4614666,0.445932949552596,0.445932949552596,/home/dreamboat/npu_r12_verify/NPU_R12/work/par5_B/case_038_n3_B/selected_plan.json,28250fc5c37cb9325c609ff8c4c2ddf28bf48267aeae59777d93db0ece4cbf00,28250fc5c37cb9325c609ff8c4c2ddf28bf48267aeae59777d93db0ece4cbf00,/home/dreamboat/npu_r12_verify/NPU_R12/work/par5_B/case_038_n3_B/control/r7/control_r6/control_work/component_batch512_result.official.json,/home/dreamboat/npu_r12_verify/NPU_R12/work/par5_L2/case_038_n3_L2/control/r7/control_r6/control_work/component_batch512_result.official.json,1ea4e86ebeb2990580bf673f12c9e7a0656894f8ffe5daec1830638cdb449b29,identical_final_plan
case_038,4,1364555,344898,344898,344678,1.0,1.0006382768845126,1.0006382768845126,6950400,6950400,9295872,4478976,5265930,0.45962228881427897,0.3560596699292611,/home/dreamboat/npu_r12_verify/NPU_R12/work/par5_B/case_038_n4_B/selected_plan.json,2a70e9399bebf6bf1b77040da11424bbc1d46d8ebf5c1181e12b4d92b9f3e7ff,8d913266b1811e7724cc6abac704daf11e2ae4a709891f95b6eb093a4682ca15,/home/dreamboat/npu_r12_verify/NPU_R12/work/par5_B/case_038_n4_B/control/r7/control_r6/control_work/component_batch512_result.official.json,/home/dreamboat/npu_r12_verify/NPU_R12/work/par5_L2/case_038_n4_L2/control/r7/control_r6/control_work/component_batch512_result.official.json,bcc31c935ca426e9115911d74834790a22c2d11c11a5492a44b36904ca7a96eb,existing_candidate
case_038,5,1364555,283188,273759,273759,1.0344427032535917,1.0344427032535917,1.0,8558592,8558592,8558592,5419008,5934090,0.4773153548044772,0.4773153548044772,/home/dreamboat/npu_r12_verify/NPU_R12/work/reproduce_B5_r12/case_038_n5_B/selected_plan.json,5eb296f75c47df15fb74c2b3eb3f88414189aac3e3aa7dcd175fa6402e3f90af,5eb296f75c47df15fb74c2b3eb3f88414189aac3e3aa7dcd175fa6402e3f90af,/home/dreamboat/npu_r12_verify/NPU_R12/work/reproduce_B5_r12/case_038_n5_B/control/r7/control_r6/control_work/component_ordered_result.official.json,/home/dreamboat/npu_r12_verify/NPU_R12/work/par5_L2/case_038_n5_L2/control/r7/control_r6/control_work/component_ordered_result.official.json,2869f4db9af0188dde413d89e743151d5b4f3dda0c92c786ea76d515d66a9fd6,identical_final_plan
case_039,1,1435262,1435262,1435262,1435262,1.0,1.0,1.0,7929856,7929856,7929856,0,12132352,0.0,0.0,/home/dreamboat/npu_r12_verify/NPU_R12/work/one2_B1L21/case_039_n1_B/selected_plan.json,f3513a8d32291b3266d7c64ec6b9d78c2d5b3cfe6756f7de2b8da233e35e44e0,f3513a8d32291b3266d7c64ec6b9d78c2d5b3cfe6756f7de2b8da233e35e44e0,/home/dreamboat/npu_r12_verify/NPU_R12/work/one2_B1L21/case_039_n1_B/control/r7/control_r6/control_work/component_batch512_result.official.json,/home/dreamboat/npu_r12_verify/NPU_R12/work/one2_B1L21/case_039_n1_L2/control/r7/control_r6/control_work/component_batch512_result.official.json,903063571a123270d36ef8e51edeb76d6d3075ba42cf396d9c866c1ad2e9985a,identical_final_plan
case_039,2,1435262,708561,705615,705615,1.004175081312047,1.004175081312047,1.0,11067392,11067392,11067392,5652480,9617408,0.3701716738197425,0.3701716738197425,/home/dreamboat/npu_r12_verify/NPU_R12/work/par2_B/case_039_n2_B/selected_plan.json,9bd1953d143c293564062a7845a08486c5fd657bd042ecff471da61e6fab4510,9bd1953d143c293564062a7845a08486c5fd657bd042ecff471da61e6fab4510,/home/dreamboat/npu_r12_verify/NPU_R12/work/par2_B/case_039_n2_B/control/r7/control_r6/control_work/components_result.official.json,/home/dreamboat/npu_r12_verify/NPU_R12/work/par2_L2/case_039_n2_L2/control/r7/control_r6/control_work/components_result.official.json,705b80cee0af4899ddfef2d331a2bdfa8d60579d6b51412e4704ecbeec8eaa69,identical_final_plan
case_039,3,1435262,483806,482552,482552,1.0025986836651801,1.0025986836651801,1.0,12414976,12414976,12414976,5292032,11325440,0.3184619176731575,0.3184619176731575,/home/dreamboat/npu_r12_verify/NPU_R12/work/par2_B/case_039_n3_B/selected_plan.json,f3bb3e8ead483fa14a82cf3ae45c32cf47d47bf1821fe4174c9b74b9b086b0fa,f3bb3e8ead483fa14a82cf3ae45c32cf47d47bf1821fe4174c9b74b9b086b0fa,/home/dreamboat/npu_r12_verify/NPU_R12/work/par2_B/case_039_n3_B/control/r7/control_r6/control_work/component_batch512_result.official.json,/home/dreamboat/npu_r12_verify/NPU_R12/work/par2_L2/case_039_n3_L2/control/r7/control_r6/control_work/component_batch512_result.official.json,35da1b99a18113764ed261b144504ad54789e1d4fd9d6a38a819a74f9d8779eb,identical_final_plan
case_039,4,1435262,381106,380496,368055,1.0016031705983768,1.0354593742783007,1.0338020132860577,13320192,13320192,17604608,3973120,13549568,0.2267414679756896,0.47821187077385424,/home/dreamboat/npu_r12_verify/NPU_R12/work/par2_B/case_039_n4_B/selected_plan.json,4c88c8a821e7e43993850bbadcbe3714b8b168945169439bb59693aa1e06ff7e,7951df5b031c5353cabe403ac1ce9f9456bdb6b7c826a73f0b5351465c763369,/home/dreamboat/npu_r12_verify/NPU_R12/work/par2_B/case_039_n4_B/control/r7/control_r6/control_work/component_ordered_result.official.json,/home/dreamboat/npu_r12_verify/NPU_R12/work/par2_L2/case_039_n4_L2/control/r7/control_r6/control_work/component_ordered_result.official.json,a7e06bc2a255c4672ab0bc5943e724d44ca60de2b97928df22e3363b78f59e03,existing_candidate
case_039,5,1435262,381106,380496,340476,1.0016031705983768,1.1193329338925504,1.1175413244986432,13320192,13320192,20480000,3973120,13549568,0.2267414679756896,0.3708927978758712,/home/dreamboat/npu_r12_verify/NPU_R12/work/reproduce_B5_r12/case_039_n5_B/selected_plan.json,367bb1ba90faeab4e211d6fd67476600aa1da49c6009f67eb656111d8ffb6ab8,7589101509338d5e943237229cb991030fa280829c055b161892f155cf8863da,/home/dreamboat/npu_r12_verify/NPU_R12/work/reproduce_B5_r12/case_039_n5_B/control/extra/m4_ordered_0.official.json,/home/dreamboat/npu_r12_verify/closeout_q3_20260925_01/new_scores/case_039_n5_Bplan_L2/official.json,acfec2aac32d9ad2b08e8b9c1b334d674e5b5ef6c9b15035d433dea16b3c7c65,new_official_evaluation
case_040,1,253454,236131,236131,236131,1.0,1.0,1.0,0,0,0,0,911174,0.0,0.0,/home/dreamboat/npu_r12_verify/NPU_R12/work/one1_B1L21/case_040_n1_B/selected_plan.json,3251241eadaf61a2c08b9f4e106d9b7ce20adc580a7e1a29f732718990940967,3251241eadaf61a2c08b9f4e106d9b7ce20adc580a7e1a29f732718990940967,/home/dreamboat/npu_r12_verify/NPU_R12/work/one1_B1L21/case_040_n1_B/control/r7/control_r6/control_work/component_ordered_result.official.json,/home/dreamboat/npu_r12_verify/NPU_R12/work/one1_B1L21/case_040_n1_L2/control/r7/control_r6/control_work/component_ordered_result.official.json,c6431e416a1a5379202b4eadf34e1ee754a98e52abd775b15b1b1625a4ca6944,identical_final_plan
case_040,2,253454,140145,139995,139995,1.0010714668381013,1.0010714668381013,1.0,2475470,2475470,2475470,374020,1968844,0.15964221568131995,0.15964221568131995,/home/dreamboat/npu_r12_verify/NPU_R12/work/par1_B/case_040_n2_B/selected_plan.json,1d093b8d5a95e05a0b9c677f8edf402213224d38270f143134a04fe23f16f114,1d093b8d5a95e05a0b9c677f8edf402213224d38270f143134a04fe23f16f114,/home/dreamboat/npu_r12_verify/NPU_R12/work/par1_B/case_040_n2_B/indexed_insertion/plan.meta.official.json,/home/dreamboat/npu_r12_verify/NPU_R12/work/par1_L2/case_040_n2_L2/indexed_insertion/plan.meta.official.json,4566a042510fc4635e7221ad1833ef902bbe996de89da6ab43e848dd94dd1513,identical_final_plan
case_040,3,253454,105923,103722,103722,1.0212201847245521,1.0212201847245521,1.0,3308532,3308532,3308532,771840,2154630,0.26374437462198486,0.26374437462198486,/home/dreamboat/npu_r12_verify/NPU_R12/work/par1_B/case_040_n3_B/selected_plan.json,194118c009d44423a70ef486d988412c34b9c2675331d564e3c0af55e6b780f6,194118c009d44423a70ef486d988412c34b9c2675331d564e3c0af55e6b780f6,/home/dreamboat/npu_r12_verify/NPU_R12/work/par1_B/case_040_n3_B/indexed_insertion/plan.meta.official.json,/home/dreamboat/npu_r12_verify/NPU_R12/work/par1_L2/case_040_n3_L2/indexed_insertion/plan.meta.official.json,0fa7822717d5c9ce6690eed2e0943cbb05df794046802abebe5f3ad899fad99b,identical_final_plan
case_040,4,253454,95952,94060,90709,1.0201148203274506,1.0578002182804351,1.0369423100243635,2473682,2473682,3717274,648218,1830142,0.261551187075324,0.29543881336534344,/home/dreamboat/npu_r12_verify/NPU_R12/work/par1_B/case_040_n4_B/selected_plan.json,9bd1f012d756c6d39b89fc3a71400ee984cda57713ec4b92f493e06e2cd899b6,841a9482f27d1700d71a982b82a0cf6e20ab5e5e4624e87a06a427ea7a5084a3,/home/dreamboat/npu_r12_verify/NPU_R12/work/par1_B/case_040_n4_B/control/r7/control_r6/critical/critical_01_result.official.json,/home/dreamboat/npu_r12_verify/NPU_R12/work/par1_L2/case_040_n4_L2/control/r7/control_r6/critical/critical_03_result.official.json,8836fa6a8042a6ee90693aab40f05f9356211514b2ef25f23b32ec7bfa05e82f,existing_candidate
case_040,5,253454,89745,86832,81272,1.0335475400773908,1.1042548479181022,1.0684122452997342,2634900,2634900,3935920,711382,1898950,0.2725254871794086,0.2826607083312036,/home/dreamboat/npu_r12_verify/NPU_R12/work/reproduce_B5_r12/case_040_n5_B/selected_plan.json,567f3654d94a5493f38d794c4cab52dff88124dba6aba09633dab52d587a4f58,6e328d6eba3100c6b638918f82674ebd9c1fa355bef03974a9074eecad291c75,/home/dreamboat/npu_r12_verify/NPU_R12/work/reproduce_B5_r12/case_040_n5_B/control/r7/control_r6/critical/critical_00_result.official.json,/home/dreamboat/npu_r12_verify/NPU_R12/work/par1_L2/case_040_n5_L2/control/r7/control_r6/critical/critical_00_result.official.json,eef61078bef2451050b6b737a8c1c6487cb1e938277c677a430ad8d0785fe4df,existing_candidate
case_041,1,6003957,6003957,6001575,6001575,1.0003968958148486,1.0003968958148486,1.0,30898176,30898176,30898176,3643392,32203776,0.10163681549404405,0.10163681549404405,/home/dreamboat/npu_r12_verify/NPU_R12/work/one1_B1L21/case_041_n1_B/selected_plan.json,5c3cf3cceb4da1a307e86a3dfd0a6fc97ecde8b1d79bd204a86e2edd2307a555,5c3cf3cceb4da1a307e86a3dfd0a6fc97ecde8b1d79bd204a86e2edd2307a555,/home/dreamboat/npu_r12_verify/NPU_R12/work/one1_B1L21/case_041_n1_B/control/r7/control_r6/control_work/components_result.official.json,/home/dreamboat/npu_r12_verify/NPU_R12/work/one1_B1L21/case_041_n1_L2/control/r7/control_r6/control_work/components_result.official.json,4df5d023b3fad0d3438d1ce6274a70957d7f0ca28ec049f1e2237eb1c1f7bf76,identical_final_plan
case_041,2,6003957,2992480,2987139,2987139,1.0017879984828293,1.0017879984828293,1.0,33490944,33490944,33490944,8573952,29865984,0.2230480300487493,0.2230480300487493,/home/dreamboat/npu_r12_verify/NPU_R12/work/par1_B/case_041_n2_B/selected_plan.json,f52b30bc32ebf5390cbbda72c6a50797f0fbff073f711c66d8d39942113da17e,f52b30bc32ebf5390cbbda72c6a50797f0fbff073f711c66d8d39942113da17e,/home/dreamboat/npu_r12_verify/NPU_R12/work/par1_B/case_041_n2_B/control/r7/control_r6/control_work/components_result.official.json,/home/dreamboat/npu_r12_verify/NPU_R12/work/par1_L2/case_041_n2_L2/control/r7/control_r6/control_work/components_result.official.json,be2346648c3c702a4d8ede4a69767e5b9a87edaa63c51f9df6e2ed6f0df511ea,identical_final_plan
case_041,3,6003957,1991992,1991302,1991302,1.0003465069587636,1.0003465069587636,1.0,34879488,34879488,34879488,10202112,29626368,0.2561511762437331,0.2561511762437331,/home/dreamboat/npu_r12_verify/NPU_R12/work/par1_B/case_041_n3_B/selected_plan.json,5affa350ed8102c59e2630b76217d8e6b5ebf0a70dd4ae25159779858477eef9,5affa350ed8102c59e2630b76217d8e6b5ebf0a70dd4ae25159779858477eef9,/home/dreamboat/npu_r12_verify/NPU_R12/work/par1_B/case_041_n3_B/control/r7/control_r6/control_work/components_result.official.json,/home/dreamboat/npu_r12_verify/NPU_R12/work/par1_L2/case_041_n3_L2/control/r7/control_r6/control_work/components_result.official.json,493c64ffb1a01912853d7e5c10315a62e0854efda65ebdabb9d7c1f8ff51d64d,identical_final_plan
case_041,4,6003957,1490603,1487676,1487676,1.001967498299361,1.001967498299361,1.0,39164928,39164928,39164928,15166464,28947456,0.34380222841225627,0.34380222841225627,/home/dreamboat/npu_r12_verify/NPU_R12/work/par1_B/case_041_n4_B/selected_plan.json,ac67024d7a4d3324b4ee275572fdf83028bd4fa9c624eac5bcf06ed86a8b62b5,ac67024d7a4d3324b4ee275572fdf83028bd4fa9c624eac5bcf06ed86a8b62b5,/home/dreamboat/npu_r12_verify/NPU_R12/work/par1_B/case_041_n4_B/control/r7/control_r6/control_work/components_result.official.json,/home/dreamboat/npu_r12_verify/NPU_R12/work/par1_L2/case_041_n4_L2/control/r7/control_r6/control_work/components_result.official.json,a1e2661c710f38bb89745878a3494fe71446979cfe9f8c35e04e15237d441d6e,identical_final_plan
case_041,5,6003957,1196379,1193054,1193054,1.0027869652169976,1.0027869652169976,1.0,40630272,40630272,40630272,14481408,31097856,0.31771921547482646,0.31771921547482646,/home/dreamboat/npu_r12_verify/NPU_R12/work/reproduce_B5_r12/case_041_n5_B/selected_plan.json,5ae49545d8cf5f117112e848a29f517533b91ecd59d8530f208865db97f78b18,5ae49545d8cf5f117112e848a29f517533b91ecd59d8530f208865db97f78b18,/home/dreamboat/npu_r12_verify/NPU_R12/work/reproduce_B5_r12/case_041_n5_B/control/r7/control_r6/control_work/components_result.official.json,/home/dreamboat/npu_r12_verify/NPU_R12/work/par1_L2/case_041_n5_L2/control/r7/control_r6/control_work/components_result.official.json,8f1e2c2ecb156f57eeb32c0ce14b8830a4643cb5b2af3c3e70a7775a8357e2de,identical_final_plan
case_042,1,1686740,1686740,1675633,1675633,1.0066285397816825,1.0066285397816825,1.0,6629376,6629376,6629376,2866176,6127392,0.3186917583766532,0.3186917583766532,/home/dreamboat/npu_r12_verify/NPU_R12/work/one2_B1L21/case_042_n1_B/selected_plan.json,47fb22797bcdfa2acd8abfe3595faacc24cf467fd41fe8b7e7fab46ae0de10e7,47fb22797bcdfa2acd8abfe3595faacc24cf467fd41fe8b7e7fab46ae0de10e7,/home/dreamboat/npu_r12_verify/NPU_R12/work/one2_B1L21/case_042_n1_B/control/r7/control_r6/control_work/components_result.official.json,/home/dreamboat/npu_r12_verify/NPU_R12/work/one2_B1L21/case_042_n1_L2/control/r7/control_r6/control_work/components_result.official.json,5b733b7e159ec8a11af53b4578b1fe6c46dd953b457ef025ba14571250ce0243,identical_final_plan
case_042,2,1686740,840916,840258,840258,1.0007830928119696,1.0007830928119696,1.0,7262496,7262496,7262496,3975456,5651232,0.412961965735256,0.412961965735256,/home/dreamboat/npu_r12_verify/NPU_R12/work/par2_B/case_042_n2_B/selected_plan.json,dc25faeb7eac6ece769d4c69a683e1dace7e6020b39d997a799e0a22ae434bb6,dc25faeb7eac6ece769d4c69a683e1dace7e6020b39d997a799e0a22ae434bb6,/home/dreamboat/npu_r12_verify/NPU_R12/work/par2_B/case_042_n2_B/control/r7/control_r6/control_work/components_result.official.json,/home/dreamboat/npu_r12_verify/NPU_R12/work/par2_L2/case_042_n2_L2/control/r7/control_r6/control_work/components_result.official.json,db5afa81cfe7ab7a4d4e9659a2f5bad0574d7ff2a48a4005933d7f5eb638119f,identical_final_plan
case_042,3,1686740,571947,571429,569347,1.0009064993201255,1.004566635110047,1.0036568208842762,8251680,8251680,29111164,5102880,5512992,0.4806840172903366,0.19756483915059908,/home/dreamboat/npu_r12_verify/NPU_R12/work/par2_B/case_042_n3_B/selected_plan.json,eb9003d0a015fa5ddb9a96e94e105c2702fffc7dc624eb583861108b448b093d,9c04d006ae923c57722bdbb5866c3bc731fbaac463da38a2c35f547cde063f71,/home/dreamboat/npu_r12_verify/NPU_R12/work/par2_B/case_042_n3_B/control/r7/control_r6/control_work/components_result.official.json,/home/dreamboat/npu_r12_verify/NPU_R12/work/par2_L2/case_042_n3_L2/control/r7/control_r6/control_work/components_result.official.json,e1e6e15cb1705e6a42379a5655f42408da5eddbf4e9e3c17809380e7ff189166,existing_candidate
case_042,4,1686740,435949,435882,435882,1.0001537113255423,1.0001537113255423,1.0,7059744,7059744,7059744,3594528,5829408,0.3814253407493429,0.3814253407493429,/home/dreamboat/npu_r12_verify/NPU_R12/work/par2_B/case_042_n4_B/selected_plan.json,538c16641bb78066a3638109b1bfca71dabe865e6c1807b4423d31be3e1b160e,538c16641bb78066a3638109b1bfca71dabe865e6c1807b4423d31be3e1b160e,/home/dreamboat/npu_r12_verify/NPU_R12/work/par2_B/case_042_n4_B/control/r7/control_r6/control_work/component_batch512_result.official.json,/home/dreamboat/npu_r12_verify/NPU_R12/work/par2_L2/case_042_n4_L2/control/r7/control_r6/control_work/component_batch512_result.official.json,3f67727b34a466b092fd24c1524b3cb696a31be93e16582894fbc1bceff06fb1,identical_final_plan
case_042,5,1686740,369780,369723,369723,1.0001541694728215,1.0001541694728215,1.0,8045568,8045568,8045568,4457472,5952288,0.4282012265412459,0.4282012265412459,/home/dreamboat/npu_r12_verify/NPU_R12/work/reproduce_B5_r12/case_042_n5_B/selected_plan.json,31ed71eaf0e28a173518cbeea02e462f85fd43b053e324c4d1502112ad3eca74,31ed71eaf0e28a173518cbeea02e462f85fd43b053e324c4d1502112ad3eca74,/home/dreamboat/npu_r12_verify/NPU_R12/work/reproduce_B5_r12/case_042_n5_B/control/r7/control_r6/control_work/component_batch512_result.official.json,/home/dreamboat/npu_r12_verify/NPU_R12/work/par2_L2/case_042_n5_L2/control/r7/control_r6/control_work/component_batch512_result.official.json,d97d267ad8f19a02f91792454045e46fc35246a91ca7f21643b0dbd1908d4132,identical_final_plan
case_043,1,677656,644058,642964,642964,1.0017014949515057,1.0017014949515057,1.0,2867036,2867036,2867036,66576,2847230,0.022848466919211507,0.022848466919211507,/home/dreamboat/npu_r12_verify/NPU_R12/work/one4_B1L21/case_043_n1_B/selected_plan.json,60d291e72033d81937005c4d1b2a751b3021824db145dd80a6039cf91bc1d2bc,60d291e72033d81937005c4d1b2a751b3021824db145dd80a6039cf91bc1d2bc,/home/dreamboat/npu_r12_verify/NPU_R12/work/one4_B1L21/case_043_n1_B/control/r7/control_r6/control_work/chainwave_result.official.json,/home/dreamboat/npu_r12_verify/NPU_R12/work/one4_B1L21/case_043_n1_L2/control/r7/control_r6/control_work/chainwave_result.official.json,97014bf54aa725ca85d5e13facea772c50f4d870c8b705f35660d44236b92e33,identical_final_plan
case_043,2,677656,350868,348941,348941,1.0055224235615763,1.0055224235615763,1.0,9505206,9505206,9505206,840774,5834508,0.12595333051098065,0.12595333051098065,/home/dreamboat/npu_r12_verify/NPU_R12/work/par4_B/case_043_n2_B/selected_plan.json,8c9612ac484c8e90b52a772334825c349c342e8463ec4ff70aa4cc0c530261d3,8c9612ac484c8e90b52a772334825c349c342e8463ec4ff70aa4cc0c530261d3,/home/dreamboat/npu_r12_verify/NPU_R12/work/par4_B/case_043_n2_B/indexed_insertion/plan.meta.official.json,/home/dreamboat/npu_r12_verify/NPU_R12/work/par4_L2/case_043_n2_L2/indexed_insertion/plan.meta.official.json,76125615d36ea5521775aec57f975fd6a8910a7c40b9e98c919ef42dd8c1aa56,identical_final_plan
case_043,3,677656,267919,266191,265912,1.0064915793546738,1.0075476097355516,1.0010492192905924,7959640,7959640,8238192,1818972,4434720,0.2908637009945485,0.2914963970427676,/home/dreamboat/npu_r12_verify/NPU_R12/work/par4_B/case_043_n3_B/selected_plan.json,c5e940f974eec9426083c3f62bd748c78db068ddc65d0c175b8915d475662160,bd48980d0850dfe90764eadcfcb649e14a228d84238ffcaa553d256b01f3a8f8,/home/dreamboat/npu_r12_verify/NPU_R12/work/par4_B/case_043_n3_B/control/r7/control_r6/critical/critical_02_result.official.json,/home/dreamboat/npu_r12_verify/NPU_R12/work/par4_L2/case_043_n3_L2/control/extra/B_plan_evaluated_in_L2.official.json,50cb9302d867108a5df5e0a1efe3a4b520af562b2a275f90f1845b2af38574ca,existing_candidate
case_043,4,677656,240597,227480,227159,1.057662212062599,1.0591568020637527,1.0014131071188022,9832918,9832918,10019550,2408414,5102908,0.32063783179578775,0.3276168700186501,/home/dreamboat/npu_r12_verify/NPU_R12/work/par4_B/case_043_n4_B/selected_plan.json,b04687e37e2c2376149004973d42a82778464c73fb03f309bbb34d4c17632c40,df131822222f5cbbc3b01449fd5a3579ae1ebdaa11d9cbcbc7f87cb01d6e1234,/home/dreamboat/npu_r12_verify/NPU_R12/work/par4_B/case_043_n4_B/control/r7/control_r6/critical/critical_03_result.official.json,/home/dreamboat/npu_r12_verify/NPU_R12/work/par4_L2/case_043_n4_L2/control/extra/B_plan_evaluated_in_L2.official.json,d5cdf04e2f89e7f13bf9ddadea232b3f9ee907189e118268e721017e38d09b4e,existing_candidate
case_043,5,677656,240597,227480,215630,1.057662212062599,1.1157863006075222,1.0549552474145527,9832918,9832918,11060460,2408414,5102908,0.32063783179578775,0.34584315645843594,/home/dreamboat/npu_r12_verify/NPU_R12/work/reproduce_B5_r12/case_043_n5_B/selected_plan.json,e29d7417ecf5e46527b734ff2386904a1e5b62105f97aaaece65ee7ad572ab8a,e54a23b5a30f50718db8f14875e70138c6d353240a475e188731618c4e8ce8e7,/home/dreamboat/npu_r12_verify/NPU_R12/work/reproduce_B5_r12/case_043_n5_B/control/r7/control_r6/critical/critical_03_result.official.json,/home/dreamboat/npu_r12_verify/NPU_R12/work/par4_L2/case_043_n5_L2/control/extra/B_plan_evaluated_in_L2.official.json,c75941462c1ba413fe5f655463c62d0d3e2b558e2950bdbfb24f64ec994ebd86,existing_candidate
case_044,1,154407,78274,78274,78274,1.0,1.0,1.0,0,0,0,0,952928,0.0,0.0,/home/dreamboat/npu_r12_verify/NPU_R12/work/one5_B1L21/case_044_n1_B/selected_plan.json,0712df1dcf5ce0570d6cf0d4d9ba5d6a35dbc0c7af5abe4512ec00ee0edff49e,0712df1dcf5ce0570d6cf0d4d9ba5d6a35dbc0c7af5abe4512ec00ee0edff49e,/home/dreamboat/npu_r12_verify/NPU_R12/work/one5_B1L21/case_044_n1_B/control/r7/control_r6/control_work/chainwave_result.official.json,/home/dreamboat/npu_r12_verify/NPU_R12/work/one5_B1L21/case_044_n1_L2/control/r7/control_r6/control_work/chainwave_result.official.json,7edca8e168543668b0f9cf28508cace15953f324c33d56061a375132cc8d090d,identical_final_plan
case_044,2,154407,45248,45244,45244,1.0000884095128635,1.0000884095128635,1.0,930400,930400,930400,6464,1876864,0.0034322221089475653,0.0034322221089475653,/home/dreamboat/npu_r12_verify/NPU_R12/work/par5_B/case_044_n2_B/selected_plan.json,2965712498820f9eb7034ffae1f6af2ab21eebcd7c42960647eaa0edc0ccceeb,2965712498820f9eb7034ffae1f6af2ab21eebcd7c42960647eaa0edc0ccceeb,/home/dreamboat/npu_r12_verify/NPU_R12/work/par5_B/case_044_n2_B/control/r7/control_r6/control_work/chainwave_result.official.json,/home/dreamboat/npu_r12_verify/NPU_R12/work/par5_L2/case_044_n2_L2/control/r7/control_r6/control_work/chainwave_result.official.json,0a822dd5526d7fa12dd8123e22fbdee73506459cba625d307c987a51f87cfcf6,identical_final_plan
case_044,3,154407,45248,45244,45244,1.0000884095128635,1.0000884095128635,1.0,930400,930400,930400,6464,1876864,0.0034322221089475653,0.0034322221089475653,/home/dreamboat/npu_r12_verify/NPU_R12/work/par5_B/case_044_n3_B/selected_plan.json,2783606dea483a92e039c771523d95dce8a03743768cfc07d22a2d09898fd687,2783606dea483a92e039c771523d95dce8a03743768cfc07d22a2d09898fd687,/home/dreamboat/npu_r12_verify/NPU_R12/work/par5_B/case_044_n3_B/control/r7/control_r6/core/active2_chainwave_result.official.json,/home/dreamboat/npu_r12_verify/NPU_R12/work/par5_L2/case_044_n3_L2/control/r7/control_r6/core/active2_chainwave_result.official.json,00e7ceb695d152d3030cd32537b0db01e7fd209c16e0f11f34ca159a8c12debd,identical_final_plan
case_044,4,154407,45248,45244,45244,1.0000884095128635,1.0000884095128635,1.0,930400,930400,930400,6464,1876864,0.0034322221089475653,0.0034322221089475653,/home/dreamboat/npu_r12_verify/NPU_R12/work/par5_B/case_044_n4_B/selected_plan.json,95b5b1459e727517426d0d59cb5b9196297d3d9987893f68ba36e757ae567238,95b5b1459e727517426d0d59cb5b9196297d3d9987893f68ba36e757ae567238,/home/dreamboat/npu_r12_verify/NPU_R12/work/par5_B/case_044_n4_B/control/r7/control_r6/core/active2_chainwave_result.official.json,/home/dreamboat/npu_r12_verify/NPU_R12/work/par5_L2/case_044_n4_L2/control/r7/control_r6/core/active2_chainwave_result.official.json,33aab95363ac5bf1ac169e3cd70d12d662b468f265953e5e122ebb3ad808f76d,identical_final_plan
case_044,5,154407,45248,45244,45244,1.0000884095128635,1.0000884095128635,1.0,930400,930400,930400,6464,1876864,0.0034322221089475653,0.0034322221089475653,/home/dreamboat/npu_r12_verify/NPU_R12/work/reproduce_B5_r12/case_044_n5_B/selected_plan.json,aefc88720e78a7d063332e8b2a1ee72f8412edbec1b4265d8a6b0252500b23e7,aefc88720e78a7d063332e8b2a1ee72f8412edbec1b4265d8a6b0252500b23e7,/home/dreamboat/npu_r12_verify/NPU_R12/work/reproduce_B5_r12/case_044_n5_B/control/r7/control_r6/core/active2_chainwave_result.official.json,/home/dreamboat/npu_r12_verify/NPU_R12/work/par5_L2/case_044_n5_L2/control/r7/control_r6/core/active2_chainwave_result.official.json,c836c331a53ea07e3eb7395bc39496e06a097e3a86ceeac14916fdb160551971,identical_final_plan
case_045,1,125614,125614,125614,125614,1.0,1.0,1.0,0,0,0,0,278528,0.0,0.0,/home/dreamboat/npu_r12_verify/NPU_R12/work/one4_B1L21/case_045_n1_B/selected_plan.json,2d93db93a3c20468177a46276dfd4a4b38464f0c246b6aa84e65cd7244425d74,2d93db93a3c20468177a46276dfd4a4b38464f0c246b6aa84e65cd7244425d74,/home/dreamboat/npu_r12_verify/NPU_R12/work/one4_B1L21/case_045_n1_B/control/r7/control_r6/control_work/components_result.official.json,/home/dreamboat/npu_r12_verify/NPU_R12/work/one4_B1L21/case_045_n1_L2/control/r7/control_r6/control_work/components_result.official.json,7ad3962edeac697157131e79c047ae329e056e621f9c53e1be22b084eb9ef318,identical_final_plan
case_045,2,125614,63059,63059,63059,1.0,1.0,1.0,0,0,0,0,278528,0.0,0.0,/home/dreamboat/npu_r12_verify/NPU_R12/work/par4_B/case_045_n2_B/selected_plan.json,b850f72635589788dcdcb783d6ec7df7f6093b0484aa8a71aabc6cfc41874fae,b850f72635589788dcdcb783d6ec7df7f6093b0484aa8a71aabc6cfc41874fae,/home/dreamboat/npu_r12_verify/NPU_R12/work/par4_B/case_045_n2_B/control/r7/control_r6/control_work/components_result.official.json,/home/dreamboat/npu_r12_verify/NPU_R12/work/par4_L2/case_045_n2_L2/control/r7/control_r6/control_work/components_result.official.json,71576ced60d311f4d3e2b189d6cf0f68babb7eebff9b666d7b56a2c7d992ab11,identical_final_plan
case_045,3,125614,42601,42601,42601,1.0,1.0,1.0,0,0,0,0,278528,0.0,0.0,/home/dreamboat/npu_r12_verify/NPU_R12/work/par4_B/case_045_n3_B/selected_plan.json,8f5d3910c09954763dd4e9c48e0565af95a5f722caaddfe78c6886d5816ccdf6,8f5d3910c09954763dd4e9c48e0565af95a5f722caaddfe78c6886d5816ccdf6,/home/dreamboat/npu_r12_verify/NPU_R12/work/par4_B/case_045_n3_B/control/r7/control_r6/control_work/components_result.official.json,/home/dreamboat/npu_r12_verify/NPU_R12/work/par4_L2/case_045_n3_L2/control/r7/control_r6/control_work/components_result.official.json,9b31037bf28f80594577e0043ec239186978d4011f479623a5c5336acebaf57d,identical_final_plan
case_045,4,125614,31878,31878,31878,1.0,1.0,1.0,0,0,0,0,278528,0.0,0.0,/home/dreamboat/npu_r12_verify/NPU_R12/work/par4_B/case_045_n4_B/selected_plan.json,8c832a8046f814d08e298056255f6a5d06994c576c2e374fa6a203cc838be529,8c832a8046f814d08e298056255f6a5d06994c576c2e374fa6a203cc838be529,/home/dreamboat/npu_r12_verify/NPU_R12/work/par4_B/case_045_n4_B/control/r7/control_r6/control_work/components_result.official.json,/home/dreamboat/npu_r12_verify/NPU_R12/work/par4_L2/case_045_n4_L2/control/r7/control_r6/control_work/components_result.official.json,bda3fa82c8b08c14dd3910e6976c49b762b7c6e0ed4a249037acc676b9ea1d5d,identical_final_plan
case_045,5,125614,26164,26164,26164,1.0,1.0,1.0,0,0,0,0,278528,0.0,0.0,/home/dreamboat/npu_r12_verify/NPU_R12/work/reproduce_B5_r12/case_045_n5_B/selected_plan.json,e822616ab451756ed3f7f0e3483f4972cc8e0af422ec4b1a2cc17ae707c103b9,e822616ab451756ed3f7f0e3483f4972cc8e0af422ec4b1a2cc17ae707c103b9,/home/dreamboat/npu_r12_verify/NPU_R12/work/reproduce_B5_r12/case_045_n5_B/control/r7/control_r6/control_work/component_ordered_result.official.json,/home/dreamboat/npu_r12_verify/NPU_R12/work/par4_L2/case_045_n5_L2/control/r7/control_r6/control_work/component_ordered_result.official.json,809ef1cebd7939e6382acf4cfadeb111db3d762729ae871ef22762dc0c4a6713,identical_final_plan
case_046,1,276455,216726,216726,216726,1.0,1.0,1.0,0,0,0,0,995936,0.0,0.0,/home/dreamboat/npu_r12_verify/NPU_R12/work/one5_B1L21/case_046_n1_B/selected_plan.json,c8ac6cff787df0b21c0cde1f59979f06e811a3471ef5189375565e264fb872bd,c8ac6cff787df0b21c0cde1f59979f06e811a3471ef5189375565e264fb872bd,/home/dreamboat/npu_r12_verify/NPU_R12/work/one5_B1L21/case_046_n1_B/control/r7/control_r6/control_work/chainwave_result.official.json,/home/dreamboat/npu_r12_verify/NPU_R12/work/one5_B1L21/case_046_n1_L2/control/r7/control_r6/control_work/chainwave_result.official.json,1c097c8b711dd55d64841d2b29d80adf314d6d8d14b4667441dfd7d38727303f,identical_final_plan
case_046,2,276455,109740,109740,109740,1.0,1.0,1.0,930400,930400,930400,0,1926336,0.0,0.0,/home/dreamboat/npu_r12_verify/NPU_R12/work/par5_B/case_046_n2_B/selected_plan.json,98fd7db428d02014a6b323dda5b4e5267d62b9b0b8aad1e6f43107b1ead1c138,98fd7db428d02014a6b323dda5b4e5267d62b9b0b8aad1e6f43107b1ead1c138,/home/dreamboat/npu_r12_verify/NPU_R12/work/par5_B/case_046_n2_B/control/r7/control_r6/control_work/chainwave_result.official.json,/home/dreamboat/npu_r12_verify/NPU_R12/work/par5_L2/case_046_n2_L2/control/r7/control_r6/control_work/chainwave_result.official.json,06967c66c6c3827a2a64bdcd0d299f228ebd3bb229910f690db891f11bb77f9e,identical_final_plan
case_046,3,276455,82826,82826,82826,1.0,1.0,1.0,1860800,1860800,1860800,1823360,1033376,0.6382668892050228,0.6382668892050228,/home/dreamboat/npu_r12_verify/NPU_R12/work/par5_B/case_046_n3_B/selected_plan.json,e835710ad4aeec991419dadca6f0828b28ff8191bcecc4e95f0a5840384e0d6b,e835710ad4aeec991419dadca6f0828b28ff8191bcecc4e95f0a5840384e0d6b,/home/dreamboat/npu_r12_verify/NPU_R12/work/par5_B/case_046_n3_B/control/r7/control_r6/control_work/chainwave_result.official.json,/home/dreamboat/npu_r12_verify/NPU_R12/work/par5_L2/case_046_n3_L2/control/r7/control_r6/control_work/chainwave_result.official.json,700083e3146506aba572a1d397811f9ea8e5c2c373a0a707e42d7f6ebddd32cf,identical_final_plan
case_046,4,276455,79918,79918,79918,1.0,1.0,1.0,2791200,2791200,2791200,0,3787136,0.0,0.0,/home/dreamboat/npu_r12_verify/NPU_R12/work/par5_B/case_046_n4_B/selected_plan.json,cb3bf7a15fa473a8b6ddda90a7ff91ffee3b6d8e8a84c12df481f690ae052652,cb3bf7a15fa473a8b6ddda90a7ff91ffee3b6d8e8a84c12df481f690ae052652,/home/dreamboat/npu_r12_verify/NPU_R12/work/par5_B/case_046_n4_B/control/r7/control_r6/control_work/chainwave_result.official.json,/home/dreamboat/npu_r12_verify/NPU_R12/work/par5_L2/case_046_n4_L2/control/r7/control_r6/control_work/chainwave_result.official.json,788e288c5c387119962f45c63c7016af4609cdffb1e65d50b9360191993aa19f,identical_final_plan
case_046,5,276455,79918,79918,79918,1.0,1.0,1.0,2791200,2791200,2791200,0,3787136,0.0,0.0,/home/dreamboat/npu_r12_verify/NPU_R12/work/reproduce_B5_r12/case_046_n5_B/selected_plan.json,24f2cbfaa12cc8683a5e5f9b67aa75a57758733af27a39bd44217698391794db,24f2cbfaa12cc8683a5e5f9b67aa75a57758733af27a39bd44217698391794db,/home/dreamboat/npu_r12_verify/NPU_R12/work/reproduce_B5_r12/case_046_n5_B/control/r7/control_r6/core/active4_chainwave_result.official.json,/home/dreamboat/npu_r12_verify/NPU_R12/work/par5_L2/case_046_n5_L2/control/r7/control_r6/core/active4_chainwave_result.official.json,f1906db1a0660e3095695876e2282497768b85499f91f6051db3861ad288e431,identical_final_plan
case_047,1,326508,291280,291280,291280,1.0,1.0,1.0,0,0,0,0,457286,0.0,0.0,/home/dreamboat/npu_r12_verify/NPU_R12/work/one2_B1L21/case_047_n1_B/selected_plan.json,c9806836b56fa55879fc4eb26317acac234b37e94f7ef22d7a5e20f3a711af53,c9806836b56fa55879fc4eb26317acac234b37e94f7ef22d7a5e20f3a711af53,/home/dreamboat/npu_r12_verify/NPU_R12/work/one2_B1L21/case_047_n1_B/indexed_insertion/plan.meta.official.json,/home/dreamboat/npu_r12_verify/NPU_R12/work/one2_B1L21/case_047_n1_L2/indexed_insertion/plan.meta.official.json,aeb05c74739b85e9352934735ddbae77cde05bf5d3261a5d7722885507dde082,identical_final_plan
case_047,2,326508,166394,166346,166346,1.0002885551801666,1.0002885551801666,1.0,3012550,3012550,3012550,148036,1892616,0.07254348120110632,0.07254348120110632,/home/dreamboat/npu_r12_verify/NPU_R12/work/par2_B/case_047_n2_B/selected_plan.json,7eacb881270d6c45fe367a54937c3b4fa62fa54cc5f6e9c249c09fdd5f92e368,7eacb881270d6c45fe367a54937c3b4fa62fa54cc5f6e9c249c09fdd5f92e368,/home/dreamboat/npu_r12_verify/NPU_R12/work/par2_B/case_047_n2_B/indexed_insertion/plan.meta.official.json,/home/dreamboat/npu_r12_verify/NPU_R12/work/par2_L2/case_047_n2_L2/indexed_insertion/plan.meta.official.json,08f607810479c36265544170c0b6a79edfb11ebffcc39e06083f595605167efb,identical_final_plan
case_047,3,326508,136827,134415,134415,1.0179444258453298,1.0179444258453298,1.0,4387628,4387628,4387628,665542,2149980,0.2363831644718102,0.2363831644718102,/home/dreamboat/npu_r12_verify/NPU_R12/work/par2_B/case_047_n3_B/selected_plan.json,6a947c5176a2b159939ee2ba53174e8f13a5a0997e1861e18bc04890dec159c5,6a947c5176a2b159939ee2ba53174e8f13a5a0997e1861e18bc04890dec159c5,/home/dreamboat/npu_r12_verify/NPU_R12/work/par2_B/case_047_n3_B/indexed_insertion/plan.meta.official.json,/home/dreamboat/npu_r12_verify/NPU_R12/work/par2_L2/case_047_n3_L2/indexed_insertion/plan.meta.official.json,2f772d8f24159754956b4e9c55f353693e838220f05e676edc3d964d8aa19503,identical_final_plan
case_047,4,326508,125959,118989,118989,1.0585768432376101,1.0585768432376101,1.0,5012946,5012946,5012946,862896,2324456,0.2707250407234595,0.2707250407234595,/home/dreamboat/npu_r12_verify/NPU_R12/work/par2_B/case_047_n4_B/selected_plan.json,3e18dfee86ad0c7a90b866b6f8be5a99afc0b421b2488968211010a35271b378,3e18dfee86ad0c7a90b866b6f8be5a99afc0b421b2488968211010a35271b378,/home/dreamboat/npu_r12_verify/NPU_R12/work/par2_B/case_047_n4_B/indexed_insertion/plan.meta.official.json,/home/dreamboat/npu_r12_verify/NPU_R12/work/par2_L2/case_047_n4_L2/indexed_insertion/plan.meta.official.json,96c9b6034b8a9b21bda04d8ee3cddc4751ffcb90d07471baf05657b17ceff283,identical_final_plan
case_047,5,326508,119372,117596,114114,1.0151025545086567,1.0460767302872567,1.03051334630282,3409368,3409368,5402776,881748,1587818,0.3570457319221272,0.3289059381142733,/home/dreamboat/npu_r12_verify/NPU_R12/work/reproduce_B5_r12/case_047_n5_B/selected_plan.json,76ecd024ff857db91895f3a187f4f2a655218c2305289b519101e2305f6f1a6c,f96666967562207ce1359f40f0cba8f2bb61c92f35a104ab0e732c14ee393522,/home/dreamboat/npu_r12_verify/NPU_R12/work/reproduce_B5_r12/case_047_n5_B/control/r7/control_r6/control_work/migrate0_result.official.json,/home/dreamboat/npu_r12_verify/NPU_R12/work/par2_L2/case_047_n5_L2/control/r7/control_r6/control_work/migrate0_result.official.json,75c625cb01acde1ed7ec4e14e94ef7c688c958360c3be5536048314806c5b3bb,existing_candidate
case_048,1,222220,198369,198369,198369,1.0,1.0,1.0,0,0,0,0,410182,0.0,0.0,/home/dreamboat/npu_r12_verify/NPU_R12/work/one5_B1L21/case_048_n1_B/selected_plan.json,a4cc06e17202fe22b4ae3a7490150897499ff4b20db832c40b0476183344b19f,a4cc06e17202fe22b4ae3a7490150897499ff4b20db832c40b0476183344b19f,/home/dreamboat/npu_r12_verify/NPU_R12/work/one5_B1L21/case_048_n1_B/indexed_insertion/plan.meta.official.json,/home/dreamboat/npu_r12_verify/NPU_R12/work/one5_B1L21/case_048_n1_L2/indexed_insertion/plan.meta.official.json,d35053df70a37ced3dfc2ceb0a25034ea408bd90dd5e37fdd9d8ca4439587ba5,identical_final_plan
case_048,2,222220,125568,125568,125568,1.0,1.0,1.0,391302,391302,391302,135750,546150,0.199076110866696,0.199076110866696,/home/dreamboat/npu_r12_verify/NPU_R12/work/par5_B/case_048_n2_B/selected_plan.json,2f9e837ce1f83730b262da3b764fdac8c8ca3c229f66563a6a5185422b5e35db,2f9e837ce1f83730b262da3b764fdac8c8ca3c229f66563a6a5185422b5e35db,/home/dreamboat/npu_r12_verify/NPU_R12/work/par5_B/case_048_n2_B/control/r7/control_r6/critical/critical_02_result.official.json,/home/dreamboat/npu_r12_verify/NPU_R12/work/par5_L2/case_048_n2_L2/control/r7/control_r6/critical/critical_02_result.official.json,55914cc3eb773aa778fc9a3e07379918762bb128673c22fb66fca5d410fea6d6,identical_final_plan
case_048,3,222220,99835,99785,99785,1.00050107731623,1.00050107731623,1.0,1016076,1016076,1016076,136074,851848,0.137737594668405,0.137737594668405,/home/dreamboat/npu_r12_verify/NPU_R12/work/par5_B/case_048_n3_B/selected_plan.json,cb2e91d66e233263d167f823e4f969fba661b3e01d483349619c2a607ff94e9a,cb2e91d66e233263d167f823e4f969fba661b3e01d483349619c2a607ff94e9a,/home/dreamboat/npu_r12_verify/NPU_R12/work/par5_B/case_048_n3_B/indexed_insertion/plan.meta.official.json,/home/dreamboat/npu_r12_verify/NPU_R12/work/par5_L2/case_048_n3_L2/indexed_insertion/plan.meta.official.json,9ae153a9f1d1fbeaf047267563699d1488dcc2e81d7725fb945cd32690216255,identical_final_plan
case_048,4,222220,97813,97321,97321,1.0050554351065033,1.0050554351065033,1.0,1114512,1114512,1114512,201166,842120,0.1928196103465397,0.1928196103465397,/home/dreamboat/npu_r12_verify/NPU_R12/work/par5_B/case_048_n4_B/selected_plan.json,6d8b2839de754c2ca7d953cce1a8bcd87908e131e6d5fcc0b503f1bc39925eb4,6d8b2839de754c2ca7d953cce1a8bcd87908e131e6d5fcc0b503f1bc39925eb4,/home/dreamboat/npu_r12_verify/NPU_R12/work/par5_B/case_048_n4_B/indexed_insertion/plan.meta.official.json,/home/dreamboat/npu_r12_verify/NPU_R12/work/par5_L2/case_048_n4_L2/indexed_insertion/plan.meta.official.json,3da8e010bd21bafc2ac062815e2bd4819444035357cfdaa222dfa51902b8b0ae,identical_final_plan
case_048,5,222220,98572,98551,98551,1.0002130876399022,1.0002130876399022,1.0,1132628,1132628,1132628,208402,844200,0.1979874634477229,0.1979874634477229,/home/dreamboat/npu_r12_verify/NPU_R12/work/reproduce_B5_r12/case_048_n5_B/selected_plan.json,1007dec1a12f71bfa00485631aad30b08376d9a14bd778d032187ee3394f256f,1007dec1a12f71bfa00485631aad30b08376d9a14bd778d032187ee3394f256f,/home/dreamboat/npu_r12_verify/NPU_R12/work/reproduce_B5_r12/case_048_n5_B/indexed_insertion/plan.meta.official.json,/home/dreamboat/npu_r12_verify/NPU_R12/work/par5_L2/case_048_n5_L2/indexed_insertion/plan.meta.official.json,976a69b484f2ab1aecc1f97f6538706786f5d7284c4bc81aad9a73ee0fe72da2,identical_final_plan
case_049,1,196276,181681,181681,181681,1.0,1.0,1.0,27658,27658,27658,10,166328,6.011855378807007e-05,6.011855378807007e-05,/home/dreamboat/npu_r12_verify/NPU_R12/work/one5_B1L21/case_049_n1_B/selected_plan.json,2499353a86576093cc8467ab6e21cae2a61277b8e8b9871901d722c59d3238bd,2499353a86576093cc8467ab6e21cae2a61277b8e8b9871901d722c59d3238bd,/home/dreamboat/npu_r12_verify/NPU_R12/work/one5_B1L21/case_049_n1_B/indexed_insertion/plan.meta.official.json,/home/dreamboat/npu_r12_verify/NPU_R12/work/one5_B1L21/case_049_n1_L2/indexed_insertion/plan.meta.official.json,7c06218c651350abba1b0324c323fc7686ed7bf0d30ead41188ba6a8ea41cb7f,identical_final_plan
case_049,2,196276,106107,106108,106108,0.999990575639914,0.999990575639914,1.0,2803330,2803330,2803330,28708,1540584,0.01829359991639542,0.01829359991639542,/home/dreamboat/npu_r12_verify/NPU_R12/work/par5_B/case_049_n2_B/selected_plan.json,4342eb61e1c6fa7c7d30f51598317ccb2858ef55bac46cfda7a752eafc5ce20b,4342eb61e1c6fa7c7d30f51598317ccb2858ef55bac46cfda7a752eafc5ce20b,/home/dreamboat/npu_r12_verify/NPU_R12/work/par5_B/case_049_n2_B/indexed_insertion/plan.meta.official.json,/home/dreamboat/npu_r12_verify/NPU_R12/work/par5_L2/case_049_n2_L2/indexed_insertion/plan.meta.official.json,4f4d3cc81d9b74ebe3385121fef33a1ac0863c85215f1f4cba184b33eff0b2e2,identical_final_plan
case_049,3,196276,84225,80938,80938,1.0406113321307668,1.0406113321307668,1.0,3516344,3516344,3516344,360434,1576904,0.1860460074597205,0.1860460074597205,/home/dreamboat/npu_r12_verify/NPU_R12/work/par5_B/case_049_n3_B/selected_plan.json,9ab293ee703c3703c0e26feef0c140a023c739cd39815d7b21e2cfbf3779465b,9ab293ee703c3703c0e26feef0c140a023c739cd39815d7b21e2cfbf3779465b,/home/dreamboat/npu_r12_verify/NPU_R12/work/par5_B/case_049_n3_B/indexed_insertion/plan.meta.official.json,/home/dreamboat/npu_r12_verify/NPU_R12/work/par5_L2/case_049_n3_L2/indexed_insertion/plan.meta.official.json,936c3b6f41494a4fd98a300555e5a1aa70979270db41b319660d18a10d41a98c,identical_final_plan
case_049,4,196276,70510,70450,70332,1.0008516678495387,1.0025308536654722,1.0016777569243018,1739398,1739398,1743366,224442,834170,0.2120153559566678,0.2130669925211862,/home/dreamboat/npu_r12_verify/NPU_R12/work/par5_B/case_049_n4_B/selected_plan.json,314be53a5021842753abc8f9461d011b4467d7b4b064db4a9756aa7159b20e04,68b98c929dc157a208ac5472d3fbf427686a0afd1f483c75d306ea5e5c32167f,/home/dreamboat/npu_r12_verify/NPU_R12/work/par5_B/case_049_n4_B/control/r7/control_r6/critical/critical_03_result.official.json,/home/dreamboat/npu_r12_verify/NPU_R12/work/par5_L2/case_049_n4_L2/control/r7/control_r6/critical/critical_03_result.official.json,1d37cc6074c6d058a3233d1d141150536730d49f5215cb74b00f826419e6a92f,existing_candidate
case_049,5,196276,64305,63369,63196,1.0147706291719927,1.0175485790239889,1.002737515032597,2125062,2125062,2123270,293536,966870,0.23289003701981742,0.23834030694476424,/home/dreamboat/npu_r12_verify/NPU_R12/work/reproduce_B5_r12/case_049_n5_B/selected_plan.json,dbaaa6eb590c87684b0b37acffb3359ed70b63f08f9e7ec47d0e1388d18633ef,90c2072d58b073e66127408651a71a3fa0fef23b9f1c2768b5e665cad8b75f58,/home/dreamboat/npu_r12_verify/NPU_R12/work/reproduce_B5_r12/case_049_n5_B/control/r7/control_r6/critical/critical_02_result.official.json,/home/dreamboat/npu_r12_verify/NPU_R12/work/par5_L2/case_049_n5_L2/control/extra/B_plan_evaluated_in_L2.official.json,036493613a71a8f9d8fcf9b072c9bb62fa33fab5c8b4d47b51c7f73e4adf690d,existing_candidate
case_050,1,149690,142450,141872,141691,1.004074094958836,1.0053567269621924,1.0012774276418404,702996,702996,372270,73728,633934,0.10418533141528018,0.12889170239073616,/home/dreamboat/npu_r12_verify/NPU_R12/work/one2_B1L21/case_050_n1_B/selected_plan.json,d7c64c80b0077bae20efda3d92097a862a23249576cf3e88e1e01250ab17127a,d681bc6d4e4c0f195eaa96bc0abd1bb07fd0b669f9aa4d14280784b8ccffb038,/home/dreamboat/npu_r12_verify/NPU_R12/work/one2_B1L21/case_050_n1_B/indexed_insertion/plan.meta.official.json,/home/dreamboat/npu_r12_verify/NPU_R12/work/one2_B1L21/case_050_n1_L2/indexed_insertion/plan.meta.official.json,44954d83017e540629f261f18864675785701635d46e07ab33d27360acdc5d61,existing_candidate
case_050,2,149690,78327,76865,76865,1.0190203603720809,1.0190203603720809,1.0,1958198,1958198,1958198,240358,1175374,0.1697764831196865,0.1697764831196865,/home/dreamboat/npu_r12_verify/NPU_R12/work/par2_B/case_050_n2_B/selected_plan.json,714ef65161175f872fd2a5f744549d53667ea6e37c09edc34a1bca729c5551cd,714ef65161175f872fd2a5f744549d53667ea6e37c09edc34a1bca729c5551cd,/home/dreamboat/npu_r12_verify/NPU_R12/work/par2_B/case_050_n2_B/indexed_insertion/plan.meta.official.json,/home/dreamboat/npu_r12_verify/NPU_R12/work/par2_L2/case_050_n2_L2/indexed_insertion/plan.meta.official.json,6e4fe89a1415dabb40baf6c3942877577d3ab27ccbe41ad9c605a02cacaebe1a,identical_final_plan
case_050,3,149690,67318,67069,64455,1.0037125944922394,1.0444185866108138,1.0405554262663874,1393486,1393486,2735846,196644,924718,0.17536174758909254,0.2283068179824946,/home/dreamboat/npu_r12_verify/NPU_R12/work/par2_B/case_050_n3_B/selected_plan.json,768bf9d9f42595246c1a8a0d0f15b7752891e5bfbf9ab23c19dfced6ff0cd274,475c1102ae1d59ac2497e5a69559d371a78e8b18b20decd7354f35d320936fe5,/home/dreamboat/npu_r12_verify/NPU_R12/work/par2_B/case_050_n3_B/control/r7/control_r6/critical/critical_01_result.official.json,/home/dreamboat/npu_r12_verify/NPU_R12/work/par2_L2/case_050_n3_L2/control/r7/control_r6/critical/critical_01_result.official.json,3cd17f48273c1a3e2a650e2b2ba15e4c4029cf549c4c1aa2160956ff57ae0035,existing_candidate
case_050,4,149690,59891,58841,58829,1.0178447001240631,1.0180523211341346,1.0002039810297643,1620642,1620642,1628226,267374,981536,0.21408588288987998,0.21159860844797884,/home/dreamboat/npu_r12_verify/NPU_R12/work/par2_B/case_050_n4_B/selected_plan.json,b9b6fb8ef276d0c902601736fbb57bbfafbefdef390719273724d6028543efd9,a15dd1b9ec7752c2bc9dc79d4e3afab8d470057efd887d395cac306a9f1df259,/home/dreamboat/npu_r12_verify/NPU_R12/work/par2_B/case_050_n4_B/control/r7/control_r6/critical/critical_02_result.official.json,/home/dreamboat/npu_r12_verify/NPU_R12/work/par2_L2/case_050_n4_L2/control/r7/control_r6/critical/critical_02_result.official.json,1659c963efed5002177ff2c5d6e3c8563c96aaac444ab867bfd4e2fbb4d8da0e,existing_candidate
case_050,5,149690,58897,54311,54311,1.084439616283994,1.084439616283994,1.0,1885008,1885008,1885008,471348,984820,0.323690673054208,0.323690673054208,/home/dreamboat/npu_r12_verify/NPU_R12/work/reproduce_B5_r12/case_050_n5_B/selected_plan.json,700416e0922d78e69725f2561c0108519abcef9080a55971c9c7ced606a5d6b8,700416e0922d78e69725f2561c0108519abcef9080a55971c9c7ced606a5d6b8,/home/dreamboat/npu_r12_verify/NPU_R12/work/reproduce_B5_r12/case_050_n5_B/control/r7/control_r6/critical/critical_00_result.official.json,/home/dreamboat/npu_r12_verify/NPU_R12/work/par2_L2/case_050_n5_L2/control/r7/control_r6/critical/critical_00_result.official.json,61e2f8482736b6c360b3a6c33bcbd2c19b4001647c993e4cffcb356a8237d4e7,identical_final_plan
case_051,1,607628,607628,607628,607628,1.0,1.0,1.0,0,0,0,0,393216,0.0,0.0,/home/dreamboat/npu_r12_verify/NPU_R12/work/one6_B1L21/case_051_n1_B/selected_plan.json,85c0a07166ce34d5323f2b7052a351ad7088227627d2d109bfddc3630a2ac8da,85c0a07166ce34d5323f2b7052a351ad7088227627d2d109bfddc3630a2ac8da,/home/dreamboat/npu_r12_verify/NPU_R12/work/one6_B1L21/case_051_n1_B/control/r7/control_r6/control_work/components_result.official.json,/home/dreamboat/npu_r12_verify/NPU_R12/work/one6_B1L21/case_051_n1_L2/control/r7/control_r6/control_work/components_result.official.json,83f3f07cbfbd63c1c0b5dce02e0764dd1aec6bd5ffccf8234400c440c371e772,identical_final_plan
case_051,2,607628,318674,318334,317922,1.001068060590449,1.0023653600568694,1.001295915350306,393884,393884,394076,393216,393550,0.49978773866689713,0.4997267627614499,/home/dreamboat/npu_r12_verify/NPU_R12/work/par6_B/case_051_n2_B/selected_plan.json,ec71b208391f7b4ebd85ae07551fbe07d67b1c5ecb4cf4df4e12a5c5c2d777b7,96f13a7bd51d65c861cd2a520ecdaac972a16f0e8983d43f6b56bdb9ad7caed5,/home/dreamboat/npu_r12_verify/NPU_R12/work/par6_B/case_051_n2_B/control/r7/control_r6/control_work/migrate0_result.official.json,/home/dreamboat/npu_r12_verify/NPU_R12/work/par6_L2/case_051_n2_L2/control/r7/control_r6/control_work/migrate0_result.official.json,2a924c9d64394ddaf3549425768100fe8186c315cd9922a54831dd4297231f28,existing_candidate
case_051,3,607628,227452,227452,227452,1.0,1.0,1.0,960,960,960,46,393650,0.00011684142079167683,0.00011684142079167683,/home/dreamboat/npu_r12_verify/NPU_R12/work/par6_B/case_051_n3_B/selected_plan.json,41e5be0db628aeeb5097d030f3c55f0235cd980a542f8fd95005f01245da902f,41e5be0db628aeeb5097d030f3c55f0235cd980a542f8fd95005f01245da902f,/home/dreamboat/npu_r12_verify/NPU_R12/work/par6_B/case_051_n3_B/indexed_insertion/plan.meta.official.json,/home/dreamboat/npu_r12_verify/NPU_R12/work/par6_L2/case_051_n3_L2/indexed_insertion/plan.meta.official.json,6af317e2bdc20c8b80a03c1f2bf6ff1144301a4fc7b6adb33e79a7755ff0c7b8,identical_final_plan
case_051,4,607628,178386,178386,178386,1.0,1.0,1.0,1252,1252,1252,92,393750,0.00023359621371006647,0.00023359621371006647,/home/dreamboat/npu_r12_verify/NPU_R12/work/par6_B/case_051_n4_B/selected_plan.json,3377cc8f5b4e5a0543e201d0cf60ccf1277b56525ca099430672b8f04c3c783b,3377cc8f5b4e5a0543e201d0cf60ccf1277b56525ca099430672b8f04c3c783b,/home/dreamboat/npu_r12_verify/NPU_R12/work/par6_B/case_051_n4_B/indexed_insertion/plan.meta.official.json,/home/dreamboat/npu_r12_verify/NPU_R12/work/par6_L2/case_051_n4_L2/indexed_insertion/plan.meta.official.json,48ae3a58f9d573458b369c77f781086f3e9ae40d19ad9aeb38319062c00daad8,identical_final_plan
case_051,5,607628,168374,167410,167410,1.0057583179021563,1.0057583179021563,1.0,198040,198040,198040,196746,393794,0.3331628678836319,0.3331628678836319,/home/dreamboat/npu_r12_verify/NPU_R12/work/reproduce_B5_r12/case_051_n5_B/selected_plan.json,e865e54f78804f537b2bb7692f2df01b53f53df58c21345e160624b97d5f5544,e865e54f78804f537b2bb7692f2df01b53f53df58c21345e160624b97d5f5544,/home/dreamboat/npu_r12_verify/NPU_R12/work/reproduce_B5_r12/case_051_n5_B/indexed_insertion/plan.meta.official.json,/home/dreamboat/npu_r12_verify/NPU_R12/work/par6_L2/case_051_n5_L2/indexed_insertion/plan.meta.official.json,9bb407aa9d0fff7b0121ad601189c04da12b466288dc5deea66a4b8f70a4a2d5,identical_final_plan
case_052,1,180301,175278,175278,175278,1.0,1.0,1.0,0,0,0,0,810044,0.0,0.0,/home/dreamboat/npu_r12_verify/NPU_R12/work/one2_B1L21/case_052_n1_B/selected_plan.json,efebafcf6f71c23cdb5d65662a46e765ffba111a833e0cb988d7cf57efb0acda,efebafcf6f71c23cdb5d65662a46e765ffba111a833e0cb988d7cf57efb0acda,/home/dreamboat/npu_r12_verify/NPU_R12/work/one2_B1L21/case_052_n1_B/control/r7/control_r6/control_work/component_batch512_result.official.json,/home/dreamboat/npu_r12_verify/NPU_R12/work/one2_B1L21/case_052_n1_L2/control/r7/control_r6/control_work/component_batch512_result.official.json,6ab4f83837c66c16ab9c6218c8662494ded20a27985e788c41d7be841f5a81ec,identical_final_plan
case_052,2,180301,86843,86703,86703,1.0016147076802417,1.0016147076802417,1.0,102912,102912,102912,78336,834620,0.08580479234486657,0.08580479234486657,/home/dreamboat/npu_r12_verify/NPU_R12/work/par2_B/case_052_n2_B/selected_plan.json,cb49460fd7775616a12548b9f8bc2cb693336570377752be40d65a3c2bf969d7,cb49460fd7775616a12548b9f8bc2cb693336570377752be40d65a3c2bf969d7,/home/dreamboat/npu_r12_verify/NPU_R12/work/par2_B/case_052_n2_B/control/r7/control_r6/control_work/component_ordered_result.official.json,/home/dreamboat/npu_r12_verify/NPU_R12/work/par2_L2/case_052_n2_L2/control/r7/control_r6/control_work/component_ordered_result.official.json,2c9f81f0eeba17714fd13ebd9714b6c94ff351751576af200c7339227b104c38,identical_final_plan
case_052,3,180301,62309,61902,61902,1.006574908726697,1.006574908726697,1.0,181248,181248,181248,156672,834620,0.15804828446108715,0.15804828446108715,/home/dreamboat/npu_r12_verify/NPU_R12/work/par2_B/case_052_n3_B/selected_plan.json,fbcd01861ae5cab708172c397812b525b58ffa259eeed4abb0312c09edf32320,fbcd01861ae5cab708172c397812b525b58ffa259eeed4abb0312c09edf32320,/home/dreamboat/npu_r12_verify/NPU_R12/work/par2_B/case_052_n3_B/control/r7/control_r6/control_work/component_ordered_result.official.json,/home/dreamboat/npu_r12_verify/NPU_R12/work/par2_L2/case_052_n3_L2/control/r7/control_r6/control_work/component_ordered_result.official.json,646d35b2380a2d41192db9860147e7db4a44ec5ed4638570a7c5e1c690e85371,identical_final_plan
case_052,4,180301,45500,45216,45216,1.0062809624911535,1.0062809624911535,1.0,259584,259584,259584,156672,912956,0.1464733533527544,0.1464733533527544,/home/dreamboat/npu_r12_verify/NPU_R12/work/par2_B/case_052_n4_B/selected_plan.json,2a83b249f6d9cec0b20e3d9b9c6803986bc8c3717a037e88e5202fc697c47260,2a83b249f6d9cec0b20e3d9b9c6803986bc8c3717a037e88e5202fc697c47260,/home/dreamboat/npu_r12_verify/NPU_R12/work/par2_B/case_052_n4_B/control/r7/control_r6/control_work/component_ordered_result.official.json,/home/dreamboat/npu_r12_verify/NPU_R12/work/par2_L2/case_052_n4_L2/control/r7/control_r6/control_work/component_ordered_result.official.json,c39ee40e1e770761348b0736db0a317703819e134e13509bd4ad9b0499b6019e,identical_final_plan
case_052,5,180301,41994,41587,41587,1.0097867121937143,1.0097867121937143,1.0,333312,333312,333312,315904,827452,0.27629539705918366,0.27629539705918366,/home/dreamboat/npu_r12_verify/NPU_R12/work/reproduce_B5_r12/case_052_n5_B/selected_plan.json,3f7d1bcc2289a32cd003b477e65a9714fec4ed1980d13ac2dcc02ef20a38fd7a,3f7d1bcc2289a32cd003b477e65a9714fec4ed1980d13ac2dcc02ef20a38fd7a,/home/dreamboat/npu_r12_verify/NPU_R12/work/reproduce_B5_r12/case_052_n5_B/control/r7/control_r6/control_work/component_ordered_result.official.json,/home/dreamboat/npu_r12_verify/NPU_R12/work/par2_L2/case_052_n5_L2/control/r7/control_r6/control_work/component_ordered_result.official.json,e0f63674593ee65f19090c9e8bbb94f81da7d82ef4a3785018629927d94182d8,identical_final_plan
case_053,1,1472686,1341846,1341846,1341846,1.0,1.0,1.0,855054,855054,855054,10,3324442,3.008014553977618e-06,3.008014553977618e-06,/home/dreamboat/npu_r12_verify/NPU_R12/work/one6_B1L21/case_053_n1_B/selected_plan.json,545f6e4c022be4df50e749efb459be14a3169706b8f71054b0e94bfe0c8f80d7,545f6e4c022be4df50e749efb459be14a3169706b8f71054b0e94bfe0c8f80d7,/home/dreamboat/npu_r12_verify/NPU_R12/work/one6_B1L21/case_053_n1_B/indexed_insertion/plan.meta.official.json,/home/dreamboat/npu_r12_verify/NPU_R12/work/one6_B1L21/case_053_n1_L2/indexed_insertion/plan.meta.official.json,055ba2b7f73337fa1c69251a46a84649bcc8978d1da5c10e0efa3beb927a82fb,identical_final_plan
case_053,2,1472686,728229,728352,728352,0.9998311256095953,0.9998311256095953,1.0,5317152,5317152,5317152,732420,5578860,0.11604935924249915,0.11604935924249915,/home/dreamboat/npu_r12_verify/NPU_R12/work/par6_B/case_053_n2_B/selected_plan.json,9c833b70d5467e5444a749a177a45651e6f3510a5e417b03c660538038adb33b,9c833b70d5467e5444a749a177a45651e6f3510a5e417b03c660538038adb33b,/home/dreamboat/npu_r12_verify/NPU_R12/work/par6_B/case_053_n2_B/control/r7/control_r6/control_work/chainwave_result.official.json,/home/dreamboat/npu_r12_verify/NPU_R12/work/par6_L2/case_053_n2_L2/control/r7/control_r6/control_work/chainwave_result.official.json,d48e4d94144fa6468a4b3d061c0f08a838d73a74569b52d1a2f70233551ff712,identical_final_plan
case_053,3,1472686,497437,489248,489248,1.0167379325004906,1.0167379325004906,1.0,7442990,7442990,7442990,1608714,6503096,0.19831751483331095,0.19831751483331095,/home/dreamboat/npu_r12_verify/NPU_R12/work/par6_B/case_053_n3_B/selected_plan.json,939753cfddb999bf6bf0123203af20cf5ff4fc1e8b6a9a4d9b4bcd462f31f1b2,939753cfddb999bf6bf0123203af20cf5ff4fc1e8b6a9a4d9b4bcd462f31f1b2,/home/dreamboat/npu_r12_verify/NPU_R12/work/par6_B/case_053_n3_B/control/r7/control_r6/control_work/chainwave_result.official.json,/home/dreamboat/npu_r12_verify/NPU_R12/work/par6_L2/case_053_n3_L2/control/r7/control_r6/control_work/chainwave_result.official.json,3301061fa7f03d394bd42a142e42d622a8bf29c1133accdbaf3667a93d5ae189,identical_final_plan
case_053,4,1472686,425404,415932,415932,1.0227729532712078,1.0227729532712078,1.0,11152366,11152366,11152366,2551406,8236990,0.23649539746223627,0.23649539746223627,/home/dreamboat/npu_r12_verify/NPU_R12/work/par6_B/case_053_n4_B/selected_plan.json,a5b7b36152c2f89d69f4f428dc2f7cd9125a80d609f52795889a6737373663c0,a5b7b36152c2f89d69f4f428dc2f7cd9125a80d609f52795889a6737373663c0,/home/dreamboat/npu_r12_verify/NPU_R12/work/par6_B/case_053_n4_B/control/r7/control_r6/control_work/chainwave_result.official.json,/home/dreamboat/npu_r12_verify/NPU_R12/work/par6_L2/case_053_n4_L2/control/r7/control_r6/control_work/chainwave_result.official.json,0dcc8e3ad0c40567e8bf785484f34507ea735e6e9671cdb59b8909ac63cee602,identical_final_plan
case_053,5,1472686,375096,362303,362303,1.035310223762983,1.035310223762983,1.0,12135050,12135050,12135050,2706080,9315788,0.2250964658736895,0.2250964658736895,/home/dreamboat/npu_r12_verify/NPU_R12/work/reproduce_B5_r12/case_053_n5_B/selected_plan.json,f5105f95c2ae6a3e14c74bfc12197cae2daa44a835aa52c23886ecade7166cac,f5105f95c2ae6a3e14c74bfc12197cae2daa44a835aa52c23886ecade7166cac,/home/dreamboat/npu_r12_verify/NPU_R12/work/reproduce_B5_r12/case_053_n5_B/control/r7/control_r6/control_work/migrate0_result.official.json,/home/dreamboat/npu_r12_verify/NPU_R12/work/par6_L2/case_053_n5_L2/control/r7/control_r6/control_work/migrate0_result.official.json,4198db331d102d8613d456b8ec09dc536270e7fef943d345328a8bccad7644fc,identical_final_plan
case_054,1,815051,815051,815051,815051,1.0,1.0,1.0,0,0,0,0,1606214,0.0,0.0,/home/dreamboat/npu_r12_verify/NPU_R12/work/one4_B1L21/case_054_n1_B/selected_plan.json,d457271b4399d80938952cfd50e7680c2988cb3545f22119750cd53186adbf1f,d457271b4399d80938952cfd50e7680c2988cb3545f22119750cd53186adbf1f,/home/dreamboat/npu_r12_verify/NPU_R12/work/one4_B1L21/case_054_n1_B/control/r7/control_r6/control_work/components_result.official.json,/home/dreamboat/npu_r12_verify/NPU_R12/work/one4_B1L21/case_054_n1_L2/control/r7/control_r6/control_work/components_result.official.json,92d8ee24f77a4866d3586c8a0d5b5eb4fc76ad935215840f0f69de4dc0ba620d,identical_final_plan
case_054,2,815051,438618,438266,438266,1.0008031652010423,1.0008031652010423,1.0,8276074,8276074,8276074,131142,5685336,0.022546633890818464,0.022546633890818464,/home/dreamboat/npu_r12_verify/NPU_R12/work/par4_B/case_054_n2_B/selected_plan.json,84feba23afcbfa582af16bebd9cc1c82ff396d1cd2777a8db5a4f64e13ff4a19,84feba23afcbfa582af16bebd9cc1c82ff396d1cd2777a8db5a4f64e13ff4a19,/home/dreamboat/npu_r12_verify/NPU_R12/work/par4_B/case_054_n2_B/indexed_insertion/plan.meta.official.json,/home/dreamboat/npu_r12_verify/NPU_R12/work/par4_L2/case_054_n2_L2/indexed_insertion/plan.meta.official.json,961a56672457770aa2f6b8086f96f74dff3744eb6c6b182c2bd0ee111204f8fa,identical_final_plan
case_054,3,815051,316491,316308,316308,1.0005785500208657,1.0005785500208657,1.0,6482640,6482640,6482640,665932,4406184,0.1312927385730137,0.1312927385730137,/home/dreamboat/npu_r12_verify/NPU_R12/work/par4_B/case_054_n3_B/selected_plan.json,2b4d81276795c3a57bccace434471d4a83edcea57b8dcf9e9e0ff15ff8ff32b1,2b4d81276795c3a57bccace434471d4a83edcea57b8dcf9e9e0ff15ff8ff32b1,/home/dreamboat/npu_r12_verify/NPU_R12/work/par4_B/case_054_n3_B/control/r7/control_r6/control_work/migrate0_result.official.json,/home/dreamboat/npu_r12_verify/NPU_R12/work/par4_L2/case_054_n3_L2/control/r7/control_r6/control_work/migrate0_result.official.json,0b0b0bda94f27f89ecd1bda2b712f42d73a282776541ebd829ad300d3caaa77c,identical_final_plan
case_054,4,815051,262542,262300,262300,1.0009226077011055,1.0009226077011055,1.0,7592222,7592222,7592222,702930,4897900,0.12550461270918775,0.12550461270918775,/home/dreamboat/npu_r12_verify/NPU_R12/work/par4_B/case_054_n4_B/selected_plan.json,82f374da0a156f86534d9427c6e3e0a8c0939d2b0cdc61df423ef39370c51880,82f374da0a156f86534d9427c6e3e0a8c0939d2b0cdc61df423ef39370c51880,/home/dreamboat/npu_r12_verify/NPU_R12/work/par4_B/case_054_n4_B/control/r7/control_r6/control_work/migrate0_result.official.json,/home/dreamboat/npu_r12_verify/NPU_R12/work/par4_L2/case_054_n4_L2/control/r7/control_r6/control_work/migrate0_result.official.json,6457f11fa7c1179d392965db166bdb4c1836945a33d6ff71b15dacafb14a2b3f,identical_final_plan
case_054,5,815051,240647,237165,237165,1.0146817616427382,1.0146817616427382,1.0,8940968,8940968,8940968,1226888,5239838,0.18972320769427992,0.18972320769427992,/home/dreamboat/npu_r12_verify/NPU_R12/work/reproduce_B5_r12/case_054_n5_B/selected_plan.json,e47a35c6fc8bdf9649055891933daad2890b0cc7fd8b8a7bd89ae40ff9ef1f0b,e47a35c6fc8bdf9649055891933daad2890b0cc7fd8b8a7bd89ae40ff9ef1f0b,/home/dreamboat/npu_r12_verify/NPU_R12/work/reproduce_B5_r12/case_054_n5_B/control/r7/control_r6/control_work/migrate0_result.official.json,/home/dreamboat/npu_r12_verify/NPU_R12/work/par4_L2/case_054_n5_L2/control/r7/control_r6/control_work/migrate0_result.official.json,b131f1e67b3e055092c0de67e465661efd925a6b053feaf5de877166112e6046,identical_final_plan
case_055,1,118835,106616,105512,105512,1.0104632648419136,1.0104632648419136,1.0,282696,282696,282696,90112,721984,0.11096225076838206,0.11096225076838206,/home/dreamboat/npu_r12_verify/NPU_R12/work/one5_B1L21/case_055_n1_B/selected_plan.json,490a0d4cb26043dfe6b753342872071e91dad60c0fb70af7cd76be1a07bcf255,490a0d4cb26043dfe6b753342872071e91dad60c0fb70af7cd76be1a07bcf255,/home/dreamboat/npu_r12_verify/NPU_R12/work/one5_B1L21/case_055_n1_B/indexed_insertion/plan.meta.official.json,/home/dreamboat/npu_r12_verify/NPU_R12/work/one5_B1L21/case_055_n1_L2/indexed_insertion/plan.meta.official.json,a76ab851be9a4e8d430d6845f276d48504bf7a259986e9ae0c84ba6c9c6fefc8,identical_final_plan
case_055,2,118835,56582,55755,55755,1.0148327504259709,1.0148327504259709,1.0,852212,852212,852212,244744,936338,0.2072201591422103,0.2072201591422103,/home/dreamboat/npu_r12_verify/NPU_R12/work/par5_B/case_055_n2_B/selected_plan.json,da4fb88cc40ac877e3a66beb06eb3fbb23a3064c1d6918098f16d048b8bc7de5,da4fb88cc40ac877e3a66beb06eb3fbb23a3064c1d6918098f16d048b8bc7de5,/home/dreamboat/npu_r12_verify/NPU_R12/work/par5_B/case_055_n2_B/indexed_insertion/plan.meta.official.json,/home/dreamboat/npu_r12_verify/NPU_R12/work/par5_L2/case_055_n2_L2/indexed_insertion/plan.meta.official.json,6187076c384dd477658808cb87bbd523babb30577741b3401ee4a6442f167b94,identical_final_plan
case_055,3,118835,40063,40063,40063,1.0,1.0,1.0,115712,115712,115712,99328,642076,0.13397284071842072,0.13397284071842072,/home/dreamboat/npu_r12_verify/NPU_R12/work/par5_B/case_055_n3_B/selected_plan.json,748cbe2aa5baf11bb859293363acd7bfaf6e1c1b012b2f0602191e352a857d35,748cbe2aa5baf11bb859293363acd7bfaf6e1c1b012b2f0602191e352a857d35,/home/dreamboat/npu_r12_verify/NPU_R12/work/par5_B/case_055_n3_B/control/r7/control_r6/control_work/component_ordered_result.official.json,/home/dreamboat/npu_r12_verify/NPU_R12/work/par5_L2/case_055_n3_L2/control/r7/control_r6/control_work/component_ordered_result.official.json,f8e9654d164836a29e43d8caacb736264261b68aa69ad26414439fb79df62836,identical_final_plan
case_055,4,118835,31823,31823,31823,1.0,1.0,1.0,115712,115712,115712,88064,653340,0.11878004434829054,0.11878004434829054,/home/dreamboat/npu_r12_verify/NPU_R12/work/par5_B/case_055_n4_B/selected_plan.json,f904b8ff66b527afcd1092a4083e7faddb3c3b3510cff5c99e6a78a2c718e033,f904b8ff66b527afcd1092a4083e7faddb3c3b3510cff5c99e6a78a2c718e033,/home/dreamboat/npu_r12_verify/NPU_R12/work/par5_B/case_055_n4_B/control/r7/control_r6/control_work/components_result.official.json,/home/dreamboat/npu_r12_verify/NPU_R12/work/par5_L2/case_055_n4_L2/control/r7/control_r6/control_work/components_result.official.json,077db109982e1a1baf8548cb280be107891739233da7dcd105b8e73962726f86,identical_final_plan
case_055,5,118835,26183,26183,26183,1.0,1.0,1.0,198656,198656,198656,101888,722460,0.12359828616069912,0.12359828616069912,/home/dreamboat/npu_r12_verify/NPU_R12/work/reproduce_B5_r12/case_055_n5_B/selected_plan.json,19dc76f310698014b1cb664037c2524ea9d26eda881e4c93abf50ab4d9a420c2,19dc76f310698014b1cb664037c2524ea9d26eda881e4c93abf50ab4d9a420c2,/home/dreamboat/npu_r12_verify/NPU_R12/work/reproduce_B5_r12/case_055_n5_B/control/r7/control_r6/control_work/component_ordered_result.official.json,/home/dreamboat/npu_r12_verify/NPU_R12/work/par5_L2/case_055_n5_L2/control/r7/control_r6/control_work/component_ordered_result.official.json,623aec6217d4c7b63f17f03bd383430d61a3bbc1484746d76ee6353c59546ac5,identical_final_plan
case_056,1,277285,258692,258692,258692,1.0,1.0,1.0,25618,25618,25618,18,234326,7.681015942375312e-05,7.681015942375312e-05,/home/dreamboat/npu_r12_verify/NPU_R12/work/one3_B1L21/case_056_n1_B/selected_plan.json,9c1bd817f9e78fc5deffe29c60370a33cd99cd77dfac57942182493bb1e2d0ad,9c1bd817f9e78fc5deffe29c60370a33cd99cd77dfac57942182493bb1e2d0ad,/home/dreamboat/npu_r12_verify/NPU_R12/work/one3_B1L21/case_056_n1_B/indexed_insertion/plan.meta.official.json,/home/dreamboat/npu_r12_verify/NPU_R12/work/one3_B1L21/case_056_n1_L2/indexed_insertion/plan.meta.official.json,b0675a35131e9a0d0300c4bafe68d14b92273c6dfd2b841f1c7e2a02ec4be8e2,identical_final_plan
case_056,2,277285,147688,147676,147676,1.000081258972345,1.000081258972345,1.0,3622398,3622398,3622398,93698,1987174,0.045028238161693754,0.045028238161693754,/home/dreamboat/npu_r12_verify/NPU_R12/work/par3_B/case_056_n2_B/selected_plan.json,4f0d3bc3801f7ea15d91309f2e5549f95ac8e571cb5f5278a97fbe65357d1c1e,4f0d3bc3801f7ea15d91309f2e5549f95ac8e571cb5f5278a97fbe65357d1c1e,/home/dreamboat/npu_r12_verify/NPU_R12/work/par3_B/case_056_n2_B/indexed_insertion/plan.meta.official.json,/home/dreamboat/npu_r12_verify/NPU_R12/work/par3_L2/case_056_n2_L2/indexed_insertion/plan.meta.official.json,d49c801756e54d8b7777fed744ccd36dd8d8f6ea7ab5b7f0e831c30a95baafca,identical_final_plan
case_056,3,277285,117225,116861,116861,1.0031148116137976,1.0031148116137976,1.0,1870000,1870000,1870000,180276,1065120,0.1447539577772853,0.1447539577772853,/home/dreamboat/npu_r12_verify/NPU_R12/work/par3_B/case_056_n3_B/selected_plan.json,b97d1c939d07b5e958629cf9eb7f641b4c9445394911e02190f7d9bccfaaba8b,b97d1c939d07b5e958629cf9eb7f641b4c9445394911e02190f7d9bccfaaba8b,/home/dreamboat/npu_r12_verify/NPU_R12/work/par3_B/case_056_n3_B/control/r7/control_r6/critical/critical_03_result.official.json,/home/dreamboat/npu_r12_verify/NPU_R12/work/par3_L2/case_056_n3_L2/control/r7/control_r6/critical/critical_03_result.official.json,3743219fb3ff6dc9f8e00869c5db39b359feb2f884bd11f2f1d5e2d6ed4bf145,identical_final_plan
case_056,4,277285,104605,103277,103277,1.0128586229266923,1.0128586229266923,1.0,3214102,3214102,3214102,395810,1548026,0.20362314516245197,0.20362314516245197,/home/dreamboat/npu_r12_verify/NPU_R12/work/par3_B/case_056_n4_B/selected_plan.json,a69310297480ed96914d63791fae17da44d21f85cf34aa94c136b4a488f24aaf,a69310297480ed96914d63791fae17da44d21f85cf34aa94c136b4a488f24aaf,/home/dreamboat/npu_r12_verify/NPU_R12/work/par3_B/case_056_n4_B/control/r7/control_r6/critical/critical_01_result.official.json,/home/dreamboat/npu_r12_verify/NPU_R12/work/par3_L2/case_056_n4_L2/control/r7/control_r6/critical/critical_01_result.official.json,7f5b4afc7931c8559b08b566871718fe1c20e0b0da79af92f9493a407ceee5c2,identical_final_plan
case_056,5,277285,97116,94490,94490,1.0277913006667372,1.0277913006667372,1.0,3574548,3574548,3574548,578308,1569064,0.2693096491898004,0.2693096491898004,/home/dreamboat/npu_r12_verify/NPU_R12/work/reproduce_B5_r12/case_056_n5_B/selected_plan.json,d3eea75a880ff1773cdc3bc57db70cc890d4b58e4cdbffef1d768b1b13fea15e,d3eea75a880ff1773cdc3bc57db70cc890d4b58e4cdbffef1d768b1b13fea15e,/home/dreamboat/npu_r12_verify/NPU_R12/work/reproduce_B5_r12/case_056_n5_B/control/r7/control_r6/critical/critical_00_result.official.json,/home/dreamboat/npu_r12_verify/NPU_R12/work/par3_L2/case_056_n5_L2/control/extra/B_plan_evaluated_in_L2.official.json,0be9509af544215e3f870024025eee7fd06994e23ef1fef017f304e8a16a95f8,identical_final_plan
case_057,1,59726,59056,59056,59056,1.0,1.0,1.0,0,0,0,0,336588,0.0,0.0,/home/dreamboat/npu_r12_verify/NPU_R12/work/one3_B1L21/case_057_n1_B/selected_plan.json,b98feb8e0af3d14eb4cadab49670c1ac479748cdde3b22c1d92cf929b6b64d24,b98feb8e0af3d14eb4cadab49670c1ac479748cdde3b22c1d92cf929b6b64d24,/home/dreamboat/npu_r12_verify/NPU_R12/work/one3_B1L21/case_057_n1_B/control/r7/control_r6/control_work/component_ordered_result.official.json,/home/dreamboat/npu_r12_verify/NPU_R12/work/one3_B1L21/case_057_n1_L2/control/r7/control_r6/control_work/component_ordered_result.official.json,cc2b48d8f5f03735692e56c82a1decf5f9afbd6e7baa233157b460c1f71c1288,identical_final_plan
case_057,2,59726,30025,29987,29987,1.0012672157935105,1.0012672157935105,1.0,416890,416890,416890,237230,426418,0.35746359515887943,0.35746359515887943,/home/dreamboat/npu_r12_verify/NPU_R12/work/par3_B/case_057_n2_B/selected_plan.json,f3613c982abcca3c5a431b1aeab6984372d0a651d14cd2546a5b0148646d0650,f3613c982abcca3c5a431b1aeab6984372d0a651d14cd2546a5b0148646d0650,/home/dreamboat/npu_r12_verify/NPU_R12/work/par3_B/case_057_n2_B/indexed_insertion/plan.meta.official.json,/home/dreamboat/npu_r12_verify/NPU_R12/work/par3_L2/case_057_n2_L2/indexed_insertion/plan.meta.official.json,d2ded8694bf51454dd1585635e96a053e60833b236f15a0731e956e6717f8951,identical_final_plan
case_057,3,59726,23294,20872,20872,1.1160406285933309,1.1160406285933309,1.0,549116,549116,549116,329714,450622,0.4225282442435054,0.4225282442435054,/home/dreamboat/npu_r12_verify/NPU_R12/work/par3_B/case_057_n3_B/selected_plan.json,f81af1d269344a2323352a88fd002a0b008bffd726a133e860c61f6954eb5879,f81af1d269344a2323352a88fd002a0b008bffd726a133e860c61f6954eb5879,/home/dreamboat/npu_r12_verify/NPU_R12/work/par3_B/case_057_n3_B/indexed_insertion/plan.meta.official.json,/home/dreamboat/npu_r12_verify/NPU_R12/work/par3_L2/case_057_n3_L2/indexed_insertion/plan.meta.official.json,e8fc6749b221d76abdab1c74c6590d638700eb917246ee45675a639cfc80f98e,identical_final_plan
case_057,4,59726,20957,20957,18687,1.0,1.121474822068818,1.121474822068818,288,288,797094,288,336588,0.0008549139742813379,0.4586406484588437,/home/dreamboat/npu_r12_verify/NPU_R12/work/par3_B/case_057_n4_B/selected_plan.json,2b66b83a6e4f42a6468aade2f9fb73faa180756a28b4dcad5a6bbb34bf6cf620,5baccb9e399c7c41276157f23af64b499f00f57d430433ca6bdc02a9b767038e,/home/dreamboat/npu_r12_verify/NPU_R12/work/par3_B/case_057_n4_B/control/r7/control_r6/control_work/component_ordered_result.official.json,/home/dreamboat/npu_r12_verify/NPU_R12/work/par3_L2/case_057_n4_L2/control/r7/control_r6/control_work/component_ordered_result.official.json,cba8de0e969918bb738cbbb65c79cefd416380812175fa930cc66e2007725903,existing_candidate
case_057,5,59726,16538,16538,16538,1.0,1.0,1.0,27936,27936,27936,288,364236,0.0007900714356256378,0.0007900714356256378,/home/dreamboat/npu_r12_verify/NPU_R12/work/reproduce_B5_r12/case_057_n5_B/selected_plan.json,aab1509d8e5d08f9a6da5c6b638d3d0f0ed2beecbfc3dd540fb92068a46bbe83,aab1509d8e5d08f9a6da5c6b638d3d0f0ed2beecbfc3dd540fb92068a46bbe83,/home/dreamboat/npu_r12_verify/NPU_R12/work/reproduce_B5_r12/case_057_n5_B/control/r7/control_r6/control_work/component_ordered_result.official.json,/home/dreamboat/npu_r12_verify/NPU_R12/work/par3_L2/case_057_n5_L2/control/r7/control_r6/control_work/component_ordered_result.official.json,cb8253e60de3fc57ec4b4828c4808c987e6739186b0a3ecd054d899e34b5622e,identical_final_plan
case_058,1,4539717,4539717,4539717,4539717,1.0,1.0,1.0,28696576,28696576,28696576,0,35319808,0.0,0.0,/home/dreamboat/npu_r12_verify/NPU_R12/work/one2_B1L21/case_058_n1_B/selected_plan.json,994cb9e8db88e8af0cabcd8a1ea4df9836e9cc65f7944c5846b6a544410d77f8,994cb9e8db88e8af0cabcd8a1ea4df9836e9cc65f7944c5846b6a544410d77f8,/home/dreamboat/npu_r12_verify/NPU_R12/work/one2_B1L21/case_058_n1_B/control/r7/control_r6/control_work/component_batch512_result.official.json,/home/dreamboat/npu_r12_verify/NPU_R12/work/one2_B1L21/case_058_n1_L2/control/r7/control_r6/control_work/component_batch512_result.official.json,19d0db250631e62ebe314c361690d63cd6274d914125a564fb23e59ff21b3cd1,identical_final_plan
case_058,2,4539717,2261085,2260689,2260689,1.0001751678360005,1.0001751678360005,1.0,30621696,30621696,30621696,3289088,33955840,0.08830968877158253,0.08830968877158253,/home/dreamboat/npu_r12_verify/NPU_R12/work/par2_B/case_058_n2_B/selected_plan.json,d0a7be40081ae225f6bb8a27e7f7bdf13d809bbb93277bf93f90d17238eac15d,d0a7be40081ae225f6bb8a27e7f7bdf13d809bbb93277bf93f90d17238eac15d,/home/dreamboat/npu_r12_verify/NPU_R12/work/par2_B/case_058_n2_B/control/extra/m2_ordered_2048.official.json,/home/dreamboat/npu_r12_verify/NPU_R12/work/par2_L2/case_058_n2_L2/control/extra/m2_ordered_2048.official.json,21bc4af3e8b4789057ea28bd9753ebb2e08b5c9158e5ecb2ccc91a2310539d15,identical_final_plan
case_058,3,4539717,1554831,1554831,1554831,1.0,1.0,1.0,30400512,30400512,30400512,0,37023744,0.0,0.0,/home/dreamboat/npu_r12_verify/NPU_R12/work/par2_B/case_058_n3_B/selected_plan.json,7880435f2f2b24439e296ac9359479d97b6b0f7c9f9d3d9c4ee7a04e778bfb7f,7880435f2f2b24439e296ac9359479d97b6b0f7c9f9d3d9c4ee7a04e778bfb7f,/home/dreamboat/npu_r12_verify/NPU_R12/work/par2_B/case_058_n3_B/control/r7/control_r6/control_work/component_batch512_result.official.json,/home/dreamboat/npu_r12_verify/NPU_R12/work/par2_L2/case_058_n3_L2/control/r7/control_r6/control_work/component_batch512_result.official.json,393a072f2eb619848c378e17a7e3a484c58b2a93b6937406aca9846b5e34ebfd,identical_final_plan
case_058,4,4539717,1141608,1139266,1136056,1.002055709553344,1.0048870830311183,1.0028255649369398,32284672,32284672,37580800,7012352,31895552,0.18022949784187808,0.25101927353595255,/home/dreamboat/npu_r12_verify/NPU_R12/work/par2_B/case_058_n4_B/selected_plan.json,306c5154a7260d42f551a54f723fb0b19524c418b06fffbca97db13323642251,26e1296dd9906d88f6efd5c0b09569e59026deabdd44c8870ce50b8ee45b3a7d,/home/dreamboat/npu_r12_verify/NPU_R12/work/par2_B/case_058_n4_B/control/r7/control_r6/control_work/component_ordered_result.official.json,/home/dreamboat/npu_r12_verify/NPU_R12/work/par2_L2/case_058_n4_L2/control/r7/control_r6/control_work/component_ordered_result.official.json,bece8d19218099bdaab6f935161cc688a18864040f08a0bbed5bc894b6e844bd,existing_candidate
case_058,5,4539717,1004819,1004819,1004819,1.0,1.0,1.0,32104448,32104448,32104448,0,38727680,0.0,0.0,/home/dreamboat/npu_r12_verify/NPU_R12/work/reproduce_B5_r12/case_058_n5_B/selected_plan.json,e44632d3ed65864ff3a421e0d0856aa3c5baa3b059a338b3b92bf72791a77a23,e44632d3ed65864ff3a421e0d0856aa3c5baa3b059a338b3b92bf72791a77a23,/home/dreamboat/npu_r12_verify/NPU_R12/work/reproduce_B5_r12/case_058_n5_B/control/r7/control_r6/control_work/component_batch512_result.official.json,/home/dreamboat/npu_r12_verify/NPU_R12/work/par2_L2/case_058_n5_L2/control/r7/control_r6/control_work/component_batch512_result.official.json,ede6e18c37935c72096a96a2494ed99493aabd3159f21931b2cd7b770e23cf51,identical_final_plan
case_059,1,829473,738041,738041,738041,1.0,1.0,1.0,0,0,0,0,1081344,0.0,0.0,/home/dreamboat/npu_r12_verify/NPU_R12/work/one5_B1L21/case_059_n1_B/selected_plan.json,8ab69cd9c692b106e7a9f3de170fa5475424c0dc831ca4a60056fad3e7c8e551,8ab69cd9c692b106e7a9f3de170fa5475424c0dc831ca4a60056fad3e7c8e551,/home/dreamboat/npu_r12_verify/NPU_R12/work/one5_B1L21/case_059_n1_B/control/r7/control_r6/control_work/component_ordered_result.official.json,/home/dreamboat/npu_r12_verify/NPU_R12/work/one5_B1L21/case_059_n1_L2/control/r7/control_r6/control_work/component_ordered_result.official.json,1615cdb4204e801ffcc8e80b0269b8b6cd332a62d2deabdda43a72b07bbd10f5,identical_final_plan
case_059,2,829473,369318,369318,369318,1.0,1.0,1.0,360448,360448,360448,0,1441792,0.0,0.0,/home/dreamboat/npu_r12_verify/NPU_R12/work/par5_B/case_059_n2_B/selected_plan.json,3200d155277f10d0cb598b97cddd545f1722a17666c056bcced9e6901583d5cd,3200d155277f10d0cb598b97cddd545f1722a17666c056bcced9e6901583d5cd,/home/dreamboat/npu_r12_verify/NPU_R12/work/par5_B/case_059_n2_B/control/r7/control_r6/control_work/components_result.official.json,/home/dreamboat/npu_r12_verify/NPU_R12/work/par5_L2/case_059_n2_L2/control/r7/control_r6/control_work/components_result.official.json,2cf1a3e1f97c5f34ae1c22274c672b29c4fbaca9447daf9b6d87b1db75a45043,identical_final_plan
case_059,3,829473,254073,254073,254073,1.0,1.0,1.0,2162688,2162688,2162688,1789952,1454080,0.5517676767676768,0.5517676767676768,/home/dreamboat/npu_r12_verify/NPU_R12/work/par5_B/case_059_n3_B/selected_plan.json,ba7a01be6732bc7d7668968c55ba70ec7634114f9fe269f173a35ef2b4bce416,ba7a01be6732bc7d7668968c55ba70ec7634114f9fe269f173a35ef2b4bce416,/home/dreamboat/npu_r12_verify/NPU_R12/work/par5_B/case_059_n3_B/control/r7/control_r6/control_work/component_ordered_result.official.json,/home/dreamboat/npu_r12_verify/NPU_R12/work/par5_L2/case_059_n3_L2/control/r7/control_r6/control_work/component_ordered_result.official.json,f5b9b589875bd937ad41ca8420fea09953e013a2e31a4a6bbb66db1f9b88490e,identical_final_plan
case_059,4,829473,185216,185216,185144,1.0,1.000388886488355,1.000388886488355,1081344,1081344,1802240,0,2162688,0.0,0.33223684210526316,/home/dreamboat/npu_r12_verify/NPU_R12/work/par5_B/case_059_n4_B/selected_plan.json,474afcb87ef5fa1ea13bc8d062f0ff7e3ede641c94f0b58ff610c6724f5b695d,b936e6400137731705eb0d1de1fe9b237e347f34da0541ccf2b4417d88698447,/home/dreamboat/npu_r12_verify/NPU_R12/work/par5_B/case_059_n4_B/control/r7/control_r6/control_work/components_result.official.json,/home/dreamboat/npu_r12_verify/NPU_R12/work/par5_L2/case_059_n4_L2/control/r7/control_r6/control_work/components_result.official.json,1a675f0a310fa99e0344abb419612c67b59656427eeb08f4ccf8c5495fad02aa,existing_candidate
case_059,5,829473,150782,150736,150736,1.0003051693026217,1.0003051693026217,1.0,4325376,4325376,4325376,3989504,1417216,0.7378787878787879,0.7378787878787879,/home/dreamboat/npu_r12_verify/NPU_R12/work/reproduce_B5_r12/case_059_n5_B/selected_plan.json,4a6712db277f18bd0865b61737d87d6289cc4bb4d1e1aa90db5fd805c1ad6495,4a6712db277f18bd0865b61737d87d6289cc4bb4d1e1aa90db5fd805c1ad6495,/home/dreamboat/npu_r12_verify/NPU_R12/work/reproduce_B5_r12/case_059_n5_B/control/r7/control_r6/control_work/components_result.official.json,/home/dreamboat/npu_r12_verify/NPU_R12/work/par5_L2/case_059_n5_L2/control/r7/control_r6/control_work/components_result.official.json,3c1d63f539d0e736f5b07df6d5483022edb70f40e7595dc78fecf62e7946210d,identical_final_plan
case_060,1,888789,882690,882534,882534,1.000176763728083,1.000176763728083,1.0,1439748,1439748,1439748,1101824,2436650,0.31138394686523063,0.31138394686523063,/home/dreamboat/npu_r12_verify/NPU_R12/work/one6_B1L21/case_060_n1_B/selected_plan.json,e549a8abace06a4800ff5175a95e3af14125450eb5c6ec78aeec4b911bd95370,e549a8abace06a4800ff5175a95e3af14125450eb5c6ec78aeec4b911bd95370,/home/dreamboat/npu_r12_verify/NPU_R12/work/one6_B1L21/case_060_n1_B/control/r7/control_r6/control_work/component_batch512_result.official.json,/home/dreamboat/npu_r12_verify/NPU_R12/work/one6_B1L21/case_060_n1_L2/control/r7/control_r6/control_work/component_batch512_result.official.json,93d88b3022f75832629cce5d57af57dfa8f3b17af0ec1af058fe957cd8837cba,identical_final_plan
case_060,2,888789,474073,472697,472697,1.0029109556438902,1.0029109556438902,1.0,1255552,1255552,1255552,1002496,2351784,0.29887069654292425,0.29887069654292425,/home/dreamboat/npu_r12_verify/NPU_R12/work/par6_B/case_060_n2_B/selected_plan.json,6fde7e2c366d58de0003f05b6227d66d890c5fbb185a477c23bae6a988929f75,6fde7e2c366d58de0003f05b6227d66d890c5fbb185a477c23bae6a988929f75,/home/dreamboat/npu_r12_verify/NPU_R12/work/par6_B/case_060_n2_B/control/r7/control_r6/control_work/component_ordered_result.official.json,/home/dreamboat/npu_r12_verify/NPU_R12/work/par6_L2/case_060_n2_L2/control/r7/control_r6/control_work/component_ordered_result.official.json,63097437c7ce1b1e860b6bbd6bc5bfa622c8669ba13ca529c0f22100f67aa629,identical_final_plan
case_060,3,888789,323843,323606,323606,1.0007323720820998,1.0007323720820998,1.0,3290252,3290252,3290252,2526208,2862766,0.4687734622583074,0.4687734622583074,/home/dreamboat/npu_r12_verify/NPU_R12/work/par6_B/case_060_n3_B/selected_plan.json,ca29a38b0f6b474c2133675674b6ea7a14c6c5c26c4c10c96a1c5ba10b1db7ef,ca29a38b0f6b474c2133675674b6ea7a14c6c5c26c4c10c96a1c5ba10b1db7ef,/home/dreamboat/npu_r12_verify/NPU_R12/work/par6_B/case_060_n3_B/control/r7/control_r6/control_work/components_result.official.json,/home/dreamboat/npu_r12_verify/NPU_R12/work/par6_L2/case_060_n3_L2/control/r7/control_r6/control_work/components_result.official.json,c8ab6dec60750a618b9dd6f4d1c0715acd3573d027214f9fd9d1094214722052,identical_final_plan
case_060,4,888789,240113,239861,239861,1.0010506084774098,1.0010506084774098,1.0,3131648,3131648,3131648,2006144,3224232,0.38355636382546876,0.38355636382546876,/home/dreamboat/npu_r12_verify/NPU_R12/work/par6_B/case_060_n4_B/selected_plan.json,9bf135681085a589365885f481f8081f88250e715f6e2b80cdf6d384338b3305,9bf135681085a589365885f481f8081f88250e715f6e2b80cdf6d384338b3305,/home/dreamboat/npu_r12_verify/NPU_R12/work/par6_B/case_060_n4_B/control/r7/control_r6/control_work/component_ordered_result.official.json,/home/dreamboat/npu_r12_verify/NPU_R12/work/par6_L2/case_060_n4_L2/control/r7/control_r6/control_work/component_ordered_result.official.json,def516e3b2a8d1f8fc7986a27c462a9d65b0a0c453ad7fca96101d8a1f40e50a,identical_final_plan
case_060,5,888789,185331,184532,184532,1.004329872325667,1.004329872325667,1.0,3641728,3641728,3641728,3041536,2698920,0.5298422285616334,0.5298422285616334,/home/dreamboat/npu_r12_verify/NPU_R12/work/reproduce_B5_r12/case_060_n5_B/selected_plan.json,958e00910dc281c7dd2a0466563bd4cf7f0619d3a407e68c67a32587b9545ac4,958e00910dc281c7dd2a0466563bd4cf7f0619d3a407e68c67a32587b9545ac4,/home/dreamboat/npu_r12_verify/NPU_R12/work/reproduce_B5_r12/case_060_n5_B/control/r7/control_r6/control_work/components_result.official.json,/home/dreamboat/npu_r12_verify/NPU_R12/work/par6_L2/case_060_n5_L2/control/r7/control_r6/control_work/components_result.official.json,feae146ab36b51128e0e397b01298ba9ac36a3fec023e76d46098de2064e9c92,identical_final_plan
case_061,1,77191,77191,77191,77191,1.0,1.0,1.0,0,0,0,0,544036,0.0,0.0,/home/dreamboat/npu_r12_verify/NPU_R12/work/one4_B1L21/case_061_n1_B/selected_plan.json,6aa79cdb153dadcf503ccb895b3793a508fe8ff7ab4a5f82626513317024789f,6aa79cdb153dadcf503ccb895b3793a508fe8ff7ab4a5f82626513317024789f,/home/dreamboat/npu_r12_verify/NPU_R12/work/one4_B1L21/case_061_n1_B/control/r7/control_r6/control_work/components_result.official.json,/home/dreamboat/npu_r12_verify/NPU_R12/work/one4_B1L21/case_061_n1_L2/control/r7/control_r6/control_work/components_result.official.json,b0097a1935a159b3e51d311f5eb8c37eb8240290bfb00d479d8257e8bb04978d,identical_final_plan
case_061,2,77191,39298,39272,39272,1.0006620492972091,1.0006620492972091,1.0,34560,34560,34560,34560,544036,0.05973079661802017,0.05973079661802017,/home/dreamboat/npu_r12_verify/NPU_R12/work/par4_B/case_061_n2_B/selected_plan.json,9a5376794d172f599f3fca41856993c1e0b26e3089fef76f54627b3c270a117e,9a5376794d172f599f3fca41856993c1e0b26e3089fef76f54627b3c270a117e,/home/dreamboat/npu_r12_verify/NPU_R12/work/par4_B/case_061_n2_B/control/r7/control_r6/control_work/components_result.official.json,/home/dreamboat/npu_r12_verify/NPU_R12/work/par4_L2/case_061_n2_L2/control/r7/control_r6/control_work/components_result.official.json,852a4d02eeae4a8cdf729b1a07755ec8e201cec36a948c89107889f6e7e6cb36,identical_final_plan
case_061,3,77191,28342,28316,28316,1.0009182087865518,1.0009182087865518,1.0,43008,43008,43008,43008,544036,0.07326197014193143,0.07326197014193143,/home/dreamboat/npu_r12_verify/NPU_R12/work/par4_B/case_061_n3_B/selected_plan.json,d1235ba9e734257bda3c798c3d8898e940c1ad826d720d62a632ee3b91b379c7,d1235ba9e734257bda3c798c3d8898e940c1ad826d720d62a632ee3b91b379c7,/home/dreamboat/npu_r12_verify/NPU_R12/work/par4_B/case_061_n3_B/control/r7/control_r6/control_work/components_result.official.json,/home/dreamboat/npu_r12_verify/NPU_R12/work/par4_L2/case_061_n3_L2/control/r7/control_r6/control_work/components_result.official.json,6cb2b0200bc32d9556cba8197c06eab2f65c5e825c08d006f5d0b8e01b20af46,identical_final_plan
case_061,4,77191,26678,26678,26678,1.0,1.0,1.0,62208,62208,62208,62208,544036,0.10261214956354207,0.10261214956354207,/home/dreamboat/npu_r12_verify/NPU_R12/work/par4_B/case_061_n4_B/selected_plan.json,0accb65dab6c2d3fe3b67a6fc2168c7c45e70efb5993ea671335c2fa1360f810,0accb65dab6c2d3fe3b67a6fc2168c7c45e70efb5993ea671335c2fa1360f810,/home/dreamboat/npu_r12_verify/NPU_R12/work/par4_B/case_061_n4_B/control/r7/control_r6/control_work/component_ordered_result.official.json,/home/dreamboat/npu_r12_verify/NPU_R12/work/par4_L2/case_061_n4_L2/control/r7/control_r6/control_work/component_ordered_result.official.json,a2a8629d12d368050d39bfb43e14dc2b3c9f88e168f67c8830b167aca34b88bb,identical_final_plan
case_061,5,77191,22283,22283,22283,1.0,1.0,1.0,83712,83712,83712,77312,550436,0.12315770022365663,0.12315770022365663,/home/dreamboat/npu_r12_verify/NPU_R12/work/reproduce_B5_r12/case_061_n5_B/selected_plan.json,f5189bb959de2dd5f13e72d741812c39db944d699305bc51137358eba2a39481,f5189bb959de2dd5f13e72d741812c39db944d699305bc51137358eba2a39481,/home/dreamboat/npu_r12_verify/NPU_R12/work/reproduce_B5_r12/case_061_n5_B/control/r7/control_r6/control_work/components_result.official.json,/home/dreamboat/npu_r12_verify/NPU_R12/work/par4_L2/case_061_n5_L2/control/r7/control_r6/control_work/components_result.official.json,331758037580d50ed40ba5e951fd0067ba029bc74469158e10bfb2a2ffbbdc00,identical_final_plan
case_062,1,2854809,2854809,2854809,2854809,1.0,1.0,1.0,0,0,0,0,13400064,0.0,0.0,/home/dreamboat/npu_r12_verify/NPU_R12/work/one6_B1L21/case_062_n1_B/selected_plan.json,a99d18ff9ba63aa51e2a5d5b987b5be935fdfe27be930b2f133803df8b623792,a99d18ff9ba63aa51e2a5d5b987b5be935fdfe27be930b2f133803df8b623792,/home/dreamboat/npu_r12_verify/NPU_R12/work/one6_B1L21/case_062_n1_B/control/r7/control_r6/control_work/components_result.official.json,/home/dreamboat/npu_r12_verify/NPU_R12/work/one6_B1L21/case_062_n1_L2/control/r7/control_r6/control_work/components_result.official.json,f4d2b7ee10d4d815438ba3972b3cdfec22ce283d3d04d0276f5f3ef7ebbf1327,identical_final_plan
case_062,2,2854809,1572635,1572635,1572635,1.0,1.0,1.0,10856448,10856448,10856448,0,18828288,0.0,0.0,/home/dreamboat/npu_r12_verify/NPU_R12/work/par6_B/case_062_n2_B/selected_plan.json,6fd53d7817dbab0aa8a9fd513fede0684f3bcb093c3f5016fe83740a7cd40053,6fd53d7817dbab0aa8a9fd513fede0684f3bcb093c3f5016fe83740a7cd40053,/home/dreamboat/npu_r12_verify/NPU_R12/work/par6_B/case_062_n2_B/indexed_insertion/plan.meta.official.json,/home/dreamboat/npu_r12_verify/NPU_R12/work/par6_L2/case_062_n2_L2/indexed_insertion/plan.meta.official.json,b74a0dc2ff2e46982e768d3ba020be8f540f7a4044f0657cbc1a1ec9b56232bd,identical_final_plan
case_062,3,2854809,1083992,1083992,1083992,1.0,1.0,1.0,10865664,10865664,10865664,0,18832896,0.0,0.0,/home/dreamboat/npu_r12_verify/NPU_R12/work/par6_B/case_062_n3_B/selected_plan.json,294ef147fd6fd8359d6f1d912b30118dc186a9569a4153271a918bf28593e529,294ef147fd6fd8359d6f1d912b30118dc186a9569a4153271a918bf28593e529,/home/dreamboat/npu_r12_verify/NPU_R12/work/par6_B/case_062_n3_B/indexed_insertion/plan.meta.official.json,/home/dreamboat/npu_r12_verify/NPU_R12/work/par6_L2/case_062_n3_L2/indexed_insertion/plan.meta.official.json,a61b8085a807478b6adf856926e35c73e964bcca6b1ddeba4c34688941913c35,identical_final_plan
case_062,4,2854809,838854,838854,838854,1.0,1.0,1.0,10054656,10054656,10054656,0,18427392,0.0,0.0,/home/dreamboat/npu_r12_verify/NPU_R12/work/par6_B/case_062_n4_B/selected_plan.json,9663303bb11743739a272840b5fac57acc23650731edf42c2c55ac46b1f1a72f,9663303bb11743739a272840b5fac57acc23650731edf42c2c55ac46b1f1a72f,/home/dreamboat/npu_r12_verify/NPU_R12/work/par6_B/case_062_n4_B/control/r7/control_r6/control_work/migrate0_result.official.json,/home/dreamboat/npu_r12_verify/NPU_R12/work/par6_L2/case_062_n4_L2/control/r7/control_r6/control_work/migrate0_result.official.json,1569ef63a3570f17a10776583fd7cfe98c3de8e72098dea251f6cb2a56aae725,identical_final_plan
case_062,5,2854809,703542,703542,703542,1.0,1.0,1.0,10626048,10626048,10626048,0,18713088,0.0,0.0,/home/dreamboat/npu_r12_verify/NPU_R12/work/reproduce_B5_r12/case_062_n5_B/selected_plan.json,f7397538d88e90ac32a711b6413aa9042b6ff8af86a0da54c734ef3e4b95e5c8,f7397538d88e90ac32a711b6413aa9042b6ff8af86a0da54c734ef3e4b95e5c8,/home/dreamboat/npu_r12_verify/NPU_R12/work/reproduce_B5_r12/case_062_n5_B/control/r7/control_r6/control_work/migrate0_result.official.json,/home/dreamboat/npu_r12_verify/NPU_R12/work/par6_L2/case_062_n5_L2/control/r7/control_r6/control_work/migrate0_result.official.json,ae70eea4da020b50288df0f593eb237b65a2b91e9b9e449de51103e61b913bda,identical_final_plan
case_063,1,1070397,1070397,1070397,1070397,1.0,1.0,1.0,0,0,0,0,5019648,0.0,0.0,/home/dreamboat/npu_r12_verify/NPU_R12/work/one3_B1L21/case_063_n1_B/selected_plan.json,331c8f5b47db9debcd2735641b364798f511592b368f32114bc697f773b1ec45,331c8f5b47db9debcd2735641b364798f511592b368f32114bc697f773b1ec45,/home/dreamboat/npu_r12_verify/NPU_R12/work/one3_B1L21/case_063_n1_B/control/r7/control_r6/control_work/components_result.official.json,/home/dreamboat/npu_r12_verify/NPU_R12/work/one3_B1L21/case_063_n1_L2/control/r7/control_r6/control_work/components_result.official.json,25c08e0e49a32b1b096bdfbe1d0ea08123eae352a2398cea21d99d4e472ff0e2,identical_final_plan
case_063,2,1070397,575202,575202,575202,1.0,1.0,1.0,3323904,3323904,3323904,0,6681600,0.0,0.0,/home/dreamboat/npu_r12_verify/NPU_R12/work/par3_B/case_063_n2_B/selected_plan.json,5e0549e47218cd6322407b7bd6a7d2be83ff5f04186ee88a00c08bbbca34cfbe,5e0549e47218cd6322407b7bd6a7d2be83ff5f04186ee88a00c08bbbca34cfbe,/home/dreamboat/npu_r12_verify/NPU_R12/work/par3_B/case_063_n2_B/indexed_insertion/plan.meta.official.json,/home/dreamboat/npu_r12_verify/NPU_R12/work/par3_L2/case_063_n2_L2/indexed_insertion/plan.meta.official.json,3fc85d723ddd3e525a4e8cb81b3dc10953d0d4ab8bef4d604a9613b863b46878,identical_final_plan
case_063,3,1070397,396695,396695,396695,1.0,1.0,1.0,3133440,3133440,3133440,0,6586368,0.0,0.0,/home/dreamboat/npu_r12_verify/NPU_R12/work/par3_B/case_063_n3_B/selected_plan.json,894f65a64dc184449201b5d79418741f05eeab0a3132839adc5aec17ea43b7c2,894f65a64dc184449201b5d79418741f05eeab0a3132839adc5aec17ea43b7c2,/home/dreamboat/npu_r12_verify/NPU_R12/work/par3_B/case_063_n3_B/control/r7/control_r6/critical/critical_03_result.official.json,/home/dreamboat/npu_r12_verify/NPU_R12/work/par3_L2/case_063_n3_L2/control/r7/control_r6/critical/critical_03_result.official.json,dd5674c3c058713b8859f6abe3f622a298455707b5367e08d6f7f18908a356b9,identical_final_plan
case_063,4,1070397,313176,313176,313176,1.0,1.0,1.0,3538944,3538944,3538944,0,6789120,0.0,0.0,/home/dreamboat/npu_r12_verify/NPU_R12/work/par3_B/case_063_n4_B/selected_plan.json,aa26bacc9caa28c9986a7332a6c000de15aad81b4f873ff64056fa36a66b06f9,aa26bacc9caa28c9986a7332a6c000de15aad81b4f873ff64056fa36a66b06f9,/home/dreamboat/npu_r12_verify/NPU_R12/work/par3_B/case_063_n4_B/control/r7/control_r6/critical/critical_02_result.official.json,/home/dreamboat/npu_r12_verify/NPU_R12/work/par3_L2/case_063_n4_L2/control/r7/control_r6/critical/critical_02_result.official.json,e19a6e301e0650e31147d434ace0ce738d74fa3ebcaccccb927a50df07d89bb6,identical_final_plan
case_063,5,1070397,255854,255854,255854,1.0,1.0,1.0,3253248,3253248,3253248,0,6646272,0.0,0.0,/home/dreamboat/npu_r12_verify/NPU_R12/work/reproduce_B5_r12/case_063_n5_B/selected_plan.json,4134ca7882bfbca89205a3e7f76286ae18a51c26765bdf540812dea5c56c1428,4134ca7882bfbca89205a3e7f76286ae18a51c26765bdf540812dea5c56c1428,/home/dreamboat/npu_r12_verify/NPU_R12/work/reproduce_B5_r12/case_063_n5_B/control/r7/control_r6/critical/critical_00_result.official.json,/home/dreamboat/npu_r12_verify/NPU_R12/work/par3_L2/case_063_n5_L2/control/r7/control_r6/critical/critical_00_result.official.json,32d6b983a9f1afbe15b794d87b52ccd190088fda5f2b034b67c924983142ff3f,identical_final_plan
case_064,1,19116,17184,17184,17184,1.0,1.0,1.0,0,0,0,0,35622,0.0,0.0,/home/dreamboat/npu_r12_verify/NPU_R12/work/one2_B1L21/case_064_n1_B/selected_plan.json,8c9483f386ddf1ee6c303f5a2f9158f23c2d18a10526ad7d59c65fa187fd5850,8c9483f386ddf1ee6c303f5a2f9158f23c2d18a10526ad7d59c65fa187fd5850,/home/dreamboat/npu_r12_verify/NPU_R12/work/one2_B1L21/case_064_n1_B/indexed_insertion/plan.meta.official.json,/home/dreamboat/npu_r12_verify/NPU_R12/work/one2_B1L21/case_064_n1_L2/indexed_insertion/plan.meta.official.json,e94fe8756aaf6df4ce19ff259e99407c3bb0194f126d02d82ba93ae958cac8ff,identical_final_plan
case_064,2,19116,13417,13417,13417,1.0,1.0,1.0,95590,95590,95590,8486,79174,0.09680584074834588,0.09680584074834588,/home/dreamboat/npu_r12_verify/NPU_R12/work/par2_B/case_064_n2_B/selected_plan.json,6699084f5681c70188d228da3b2dd03667fc183783280910162f8f6e8cbbb116,6699084f5681c70188d228da3b2dd03667fc183783280910162f8f6e8cbbb116,/home/dreamboat/npu_r12_verify/NPU_R12/work/par2_B/case_064_n2_B/indexed_insertion/plan.meta.official.json,/home/dreamboat/npu_r12_verify/NPU_R12/work/par2_L2/case_064_n2_L2/indexed_insertion/plan.meta.official.json,1994ed28e5beaea1190b833cfe1f08b1cc2d567c4d41959e87d3f887c57cc787,identical_final_plan
case_064,3,19116,14105,14097,14097,1.0005674966304887,1.0005674966304887,1.0,126220,126220,126220,21114,84184,0.2005166289958024,0.2005166289958024,/home/dreamboat/npu_r12_verify/NPU_R12/work/par2_B/case_064_n3_B/selected_plan.json,87d1faff801209373bd8aa758e1176121fced531eb8087f78a1b873d0afc52e5,87d1faff801209373bd8aa758e1176121fced531eb8087f78a1b873d0afc52e5,/home/dreamboat/npu_r12_verify/NPU_R12/work/par2_B/case_064_n3_B/indexed_insertion/plan.meta.official.json,/home/dreamboat/npu_r12_verify/NPU_R12/work/par2_L2/case_064_n3_L2/indexed_insertion/plan.meta.official.json,2bb70d9dc61c8686ccc5cd0fa43323e70597f2fcb5a8ab5818dbc3a33cb06a59,identical_final_plan
case_064,4,19116,10614,10532,10532,1.007785795670338,1.007785795670338,1.0,152784,152784,152784,40206,84920,0.32132410530185573,0.32132410530185573,/home/dreamboat/npu_r12_verify/NPU_R12/work/par2_B/case_064_n4_B/selected_plan.json,7556d2c390df77c81f88621ee6b50799a93683d170bb63df6001df358d7287fa,7556d2c390df77c81f88621ee6b50799a93683d170bb63df6001df358d7287fa,/home/dreamboat/npu_r12_verify/NPU_R12/work/par2_B/case_064_n4_B/control/r7/control_r6/critical/critical_03_result.official.json,/home/dreamboat/npu_r12_verify/NPU_R12/work/par2_L2/case_064_n4_L2/control/r7/control_r6/critical/critical_03_result.official.json,dec907515f6178ac2d14eb0bf764599400e66c169df31913f2ad4336115c9de1,identical_final_plan
case_064,5,19116,8333,8292,8292,1.0049445248432223,1.0049445248432223,1.0,132948,132948,132948,34612,80614,0.3003835939805252,0.3003835939805252,/home/dreamboat/npu_r12_verify/NPU_R12/work/reproduce_B5_r12/case_064_n5_B/selected_plan.json,21c8d8856e26c354518007b23ad854c2ed977c105cbdecef64df1855b3545621,21c8d8856e26c354518007b23ad854c2ed977c105cbdecef64df1855b3545621,/home/dreamboat/npu_r12_verify/NPU_R12/work/reproduce_B5_r12/case_064_n5_B/indexed_insertion/plan.meta.official.json,/home/dreamboat/npu_r12_verify/NPU_R12/work/par2_L2/case_064_n5_L2/indexed_insertion/plan.meta.official.json,25c091b2d0fafe76cedad6058478b244fbd56da4c964b750104ce03f6890c040,identical_final_plan
case_065,1,53068,44156,44156,44156,1.0,1.0,1.0,0,0,0,0,299720,0.0,0.0,/home/dreamboat/npu_r12_verify/NPU_R12/work/one5_B1L21/case_065_n1_B/selected_plan.json,14ea7820d0b782dc248c9f41a2f7444f57af0adb54eed5e124c60f9f1b67ce2d,14ea7820d0b782dc248c9f41a2f7444f57af0adb54eed5e124c60f9f1b67ce2d,/home/dreamboat/npu_r12_verify/NPU_R12/work/one5_B1L21/case_065_n1_B/indexed_insertion/plan.meta.official.json,/home/dreamboat/npu_r12_verify/NPU_R12/work/one5_B1L21/case_065_n1_L2/indexed_insertion/plan.meta.official.json,40d0a9a241356c27db52de40caae523a5bf0a3b21895ff6fc664be7c6aebfbf5,identical_final_plan
case_065,2,53068,22021,22021,22021,1.0,1.0,1.0,13968,13968,13968,13968,299720,0.044528321134375555,0.044528321134375555,/home/dreamboat/npu_r12_verify/NPU_R12/work/par5_B/case_065_n2_B/selected_plan.json,4e01fa279125da21342c2ba53f4a9ee404d298b071617a3537033232e0834de1,4e01fa279125da21342c2ba53f4a9ee404d298b071617a3537033232e0834de1,/home/dreamboat/npu_r12_verify/NPU_R12/work/par5_B/case_065_n2_B/control/r7/control_r6/control_work/component_ordered_result.official.json,/home/dreamboat/npu_r12_verify/NPU_R12/work/par5_L2/case_065_n2_L2/control/r7/control_r6/control_work/component_ordered_result.official.json,1c858321520305d16d78e952605eae45a6afab226f9b5fd4c66d10d4aa5a77ba,identical_final_plan
case_065,3,53068,16963,16963,16963,1.0,1.0,1.0,27936,27936,27936,27936,299720,0.08526015088995777,0.08526015088995777,/home/dreamboat/npu_r12_verify/NPU_R12/work/par5_B/case_065_n3_B/selected_plan.json,3774fd985c2e6b8f3993c5def17b2aefd52c886e2233f3c675b438347295670b,3774fd985c2e6b8f3993c5def17b2aefd52c886e2233f3c675b438347295670b,/home/dreamboat/npu_r12_verify/NPU_R12/work/par5_B/case_065_n3_B/control/r7/control_r6/control_work/component_ordered_result.official.json,/home/dreamboat/npu_r12_verify/NPU_R12/work/par5_L2/case_065_n3_L2/control/r7/control_r6/control_work/component_ordered_result.official.json,191992fa0109863a3bb606c0db69d0a61d5022d23b954a7d699b1d8b60c4dbf6,identical_final_plan
case_065,4,53068,11769,11769,11769,1.0,1.0,1.0,41760,41760,41760,41760,299720,0.12229120299871149,0.12229120299871149,/home/dreamboat/npu_r12_verify/NPU_R12/work/par5_B/case_065_n4_B/selected_plan.json,c9879541ba875bd90f1b2e3dfaf56580131de08d0b86bad2fa69746aa88cd980,c9879541ba875bd90f1b2e3dfaf56580131de08d0b86bad2fa69746aa88cd980,/home/dreamboat/npu_r12_verify/NPU_R12/work/par5_B/case_065_n4_B/control/r7/control_r6/control_work/component_ordered_result.official.json,/home/dreamboat/npu_r12_verify/NPU_R12/work/par5_L2/case_065_n4_L2/control/r7/control_r6/control_work/component_ordered_result.official.json,406bb509612a7d450b865da35344a95aba0abf4fb18fb33f7bb28aca3c396a5f,identical_final_plan
case_065,5,53068,9558,9558,9558,1.0,1.0,1.0,55728,55728,55728,55728,299720,0.15678242668407194,0.15678242668407194,/home/dreamboat/npu_r12_verify/NPU_R12/work/reproduce_B5_r12/case_065_n5_B/selected_plan.json,8d11ff00f570a00cc1e39b02d42f3a5d5b09433103004911f179ee325b24edfd,8d11ff00f570a00cc1e39b02d42f3a5d5b09433103004911f179ee325b24edfd,/home/dreamboat/npu_r12_verify/NPU_R12/work/reproduce_B5_r12/case_065_n5_B/control/r7/control_r6/control_work/component_ordered_result.official.json,/home/dreamboat/npu_r12_verify/NPU_R12/work/par5_L2/case_065_n5_L2/control/r7/control_r6/control_work/component_ordered_result.official.json,4306d8d415a8fdaa9078bc03aaf2c674f5578b2dc5af8692ab551360e6244b68,identical_final_plan
case_066,1,359070,318124,318124,318124,1.0,1.0,1.0,75272,75272,75272,8,1064748,7.51345848250679e-06,7.51345848250679e-06,/home/dreamboat/npu_r12_verify/NPU_R12/work/one3_B1L21/case_066_n1_B/selected_plan.json,3399f1bc7194160b7ad9eec92c1ec9550d34dd308f3debe282d307d91ee1d3dd,3399f1bc7194160b7ad9eec92c1ec9550d34dd308f3debe282d307d91ee1d3dd,/home/dreamboat/npu_r12_verify/NPU_R12/work/one3_B1L21/case_066_n1_B/indexed_insertion/plan.meta.official.json,/home/dreamboat/npu_r12_verify/NPU_R12/work/one3_B1L21/case_066_n1_L2/indexed_insertion/plan.meta.official.json,458bb4a512ed7faa7e1763f2c29bf3f28834bb85889d26776a05e33710833cfc,identical_final_plan
case_066,2,359070,190462,189749,189749,1.003757595560451,1.003757595560451,1.0,3937564,3937564,3937564,243626,2971942,0.07576453055883128,0.07576453055883128,/home/dreamboat/npu_r12_verify/NPU_R12/work/par3_B/case_066_n2_B/selected_plan.json,497d5d560482374958018660bbd83b90ca7beb0b5caa035216bd07f3dd4172b6,497d5d560482374958018660bbd83b90ca7beb0b5caa035216bd07f3dd4172b6,/home/dreamboat/npu_r12_verify/NPU_R12/work/par3_B/case_066_n2_B/indexed_insertion/plan.meta.official.json,/home/dreamboat/npu_r12_verify/NPU_R12/work/par3_L2/case_066_n2_L2/indexed_insertion/plan.meta.official.json,f10c7d2a35906f751bd68d82245ad491d2facd58f4556041e77a7969cfd6c6af,identical_final_plan
case_066,3,359070,139098,137156,137156,1.0141590597567733,1.0141590597567733,1.0,3077354,3077354,3077354,680454,2342406,0.22510271729421805,0.22510271729421805,/home/dreamboat/npu_r12_verify/NPU_R12/work/par3_B/case_066_n3_B/selected_plan.json,5a6ecdc6be551438739040f9a52c05b8852d76848e57593c9eea7dfb46529d27,5a6ecdc6be551438739040f9a52c05b8852d76848e57593c9eea7dfb46529d27,/home/dreamboat/npu_r12_verify/NPU_R12/work/par3_B/case_066_n3_B/control/r7/control_r6/critical/critical_00_result.official.json,/home/dreamboat/npu_r12_verify/NPU_R12/work/par3_L2/case_066_n3_L2/control/r7/control_r6/critical/critical_00_result.official.json,fe75f3174c2c746a96094e4577546a9e5b94480d4cb10a618c60ccf0b99669de,identical_final_plan
case_066,4,359070,123721,120393,120237,1.0276428031530072,1.0289761055249216,1.0012974375608175,3938934,3938934,3943030,925210,2482444,0.271509372723874,0.26690135356164807,/home/dreamboat/npu_r12_verify/NPU_R12/work/par3_B/case_066_n4_B/selected_plan.json,2acbceb250660345f194e0c54b682e1aa31fcfc63453ba0e337c629bd64bdbf1,c7804dda61f9802bffd8cce7b63cc61e6d6235615ea1d00f82d15fc6f3a6c272,/home/dreamboat/npu_r12_verify/NPU_R12/work/par3_B/case_066_n4_B/control/r7/control_r6/critical/critical_00_result.official.json,/home/dreamboat/npu_r12_verify/NPU_R12/work/par3_L2/case_066_n4_L2/control/extra/B_plan_evaluated_in_L2.official.json,8aa9b3665bf3eca75c9e8fe7d4784cb90fe097282c81029c7853f1e5ddf9d6f2,existing_candidate
case_066,5,359070,119141,113123,110103,1.0531987305852921,1.0820867732940973,1.0274288620655205,4419676,4419676,4610524,951756,2765604,0.25603008586738973,0.27467659212192946,/home/dreamboat/npu_r12_verify/NPU_R12/work/reproduce_B5_r12/case_066_n5_B/selected_plan.json,e26e6f575e9e9636acb5f332f1fc6a5012308eb892a7118e788b29cd8607590b,d515d8f604b730ca405e994e5fde521b4b0e6568271d828dd9610e52a6beb91f,/home/dreamboat/npu_r12_verify/NPU_R12/work/reproduce_B5_r12/case_066_n5_B/control/r7/control_r6/critical/critical_00_result.official.json,/home/dreamboat/npu_r12_verify/NPU_R12/work/par3_L2/case_066_n5_L2/control/extra/B_plan_evaluated_in_L2.official.json,a0b4571879fbe52b65ed6d26644e58c02e4cd3bc0b6faf55f8d9854481cb959d,existing_candidate
case_067,1,63834834,63834834,63834834,61875727,1.0,1.031661963341457,1.031661963341457,264449408,264449408,197050368,0,267185920,0.0,0.8855879964301347,/home/dreamboat/npu_r12_verify/NPU_R12/work/one2_B1L21/case_067_n1_B/selected_plan.json,3d7b28f7529dd13bf9fad4bb4e65faaefaf658ac154aaf15ac7048834a56418a,bd5d13ec5c30428a021cf91079e5903f2393f76a4200ddda92442df4669c4504,/home/dreamboat/npu_r12_verify/NPU_R12/work/one2_B1L21/case_067_n1_B/control/r7/control_r6/control_work/component_batch512_result.official.json,/home/dreamboat/npu_r12_verify/NPU_R12/work/one2_B1L21/case_067_n1_L2/control/r7/control_r6/control_work/component_batch512_result.official.json,476f021d78a4ce1119c7794bf4d833197f3096bb925664b6d013dddc6f982faf,existing_candidate
case_067,2,63834834,31418001,30544074,30483124,1.0286119985172901,1.0306686742474296,1.0019994669837646,182202752,182202752,148560256,139094528,27035904,0.8372609781692496,0.7948551986104322,/home/dreamboat/npu_r12_verify/NPU_R12/work/par2_B/case_067_n2_B/selected_plan.json,820fb6921981cff8312c60df1b2a87cb3e291cc24a4285ba920b44f12da2e65f,f7f367ee2be7da20932e81dedfb9c3f437c3aa09f7f668d94a7f54a030430abb,/home/dreamboat/npu_r12_verify/NPU_R12/work/par2_B/case_067_n2_B/local_microbatch/affinity_window4.plan.meta.official.json,/home/dreamboat/npu_r12_verify/NPU_R12/work/par2_L2/case_067_n2_L2/local_microbatch/affinity_window4.plan.meta.official.json,b0bc5793fabad176d5e0327bb3454ec45ad382e7ab3192774bde7bf3e1093e19,existing_candidate
case_067,3,63834834,21034535,20361960,20274197,1.0330309557626083,1.037502743018626,1.0043288027634338,187518720,187518720,150320896,140972160,27753472,0.8355112280747006,0.7840825385890089,/home/dreamboat/npu_r12_verify/NPU_R12/work/par2_B/case_067_n3_B/selected_plan.json,05cba27afee5b47dccb942ff798b1e1b97b4fb4cd0ed009b782e5ed84bf10bee,ce5fd2b1e26bcf96583abc13b07a82784655adcea06178e751361d9e957e6d8a,/home/dreamboat/npu_r12_verify/NPU_R12/work/par2_B/case_067_n3_B/local_microbatch/affinity_window4.plan.meta.official.json,/home/dreamboat/npu_r12_verify/NPU_R12/work/par2_L2/case_067_n3_L2/local_microbatch/affinity_window4.plan.meta.official.json,40213a52d0cdb80abd1027d17230962cb6cabaef0fe3cb122df753ce7fdd824a,existing_candidate
case_067,4,63834834,16152614,15291889,15291889,1.056286375084203,1.056286375084203,1.0,154190976,154190976,154190976,105689728,28727168,0.7862830577489306,0.7862830577489306,/home/dreamboat/npu_r12_verify/NPU_R12/work/par2_B/case_067_n4_B/selected_plan.json,eee742cd455fcbcf2a545cb0f963a847c348eeeef37ef9ccffcaef1f9c1a63dd,eee742cd455fcbcf2a545cb0f963a847c348eeeef37ef9ccffcaef1f9c1a63dd,/home/dreamboat/npu_r12_verify/NPU_R12/work/par2_B/case_067_n4_B/local_microbatch/affinity_window8.plan.meta.official.json,/home/dreamboat/npu_r12_verify/NPU_R12/work/par2_L2/case_067_n4_L2/local_microbatch/affinity_window8.plan.meta.official.json,a3bee0cf57062dc498da44184807206700e08a3484951c47e70650863c720c1c,identical_final_plan
case_067,5,63834834,13054159,12257518,12257518,1.0649920318289559,1.0649920318289559,1.0,158705152,158705152,158705152,104906496,32281728,0.764690240468453,0.764690240468453,/home/dreamboat/npu_r12_verify/NPU_R12/work/reproduce_B5_r12/case_067_n5_B/selected_plan.json,7e8eb40736630260df62891a40268df525110237b6bf216f6ef326e4069b5ca1,7e8eb40736630260df62891a40268df525110237b6bf216f6ef326e4069b5ca1,/home/dreamboat/npu_r12_verify/NPU_R12/work/reproduce_B5_r12/case_067_n5_B/local_microbatch/affinity_window8.plan.meta.official.json,/home/dreamboat/npu_r12_verify/NPU_R12/work/par2_L2/case_067_n5_L2/local_microbatch/affinity_window8.plan.meta.official.json,3e060dff74f77cc842a4a035670b44dfbe73382bb11e5ec221b3aca3ffa4b75d,identical_final_plan
case_068,1,362095,328200,327848,327848,1.001073668285303,1.001073668285303,1.0,531976,531976,531976,107520,2952202,0.03514044740012328,0.03514044740012328,/home/dreamboat/npu_r12_verify/NPU_R12/work/one1_B1L21/case_068_n1_B/selected_plan.json,ae36ad0fba9ba0730a766658836217d4cb2e597e8dc6e1335ef74896cb63b569,ae36ad0fba9ba0730a766658836217d4cb2e597e8dc6e1335ef74896cb63b569,/home/dreamboat/npu_r12_verify/NPU_R12/work/one1_B1L21/case_068_n1_B/indexed_insertion/plan.meta.official.json,/home/dreamboat/npu_r12_verify/NPU_R12/work/one1_B1L21/case_068_n1_L2/indexed_insertion/plan.meta.official.json,d02d4b95f883be3e038c962815246cf390fed5017bccfb62543a53fc29dc2796,identical_final_plan
case_068,2,362095,200719,198360,198360,1.0118925186529542,1.0118925186529542,1.0,3519186,3519186,3519186,515414,4415940,0.1045177450249972,0.1045177450249972,/home/dreamboat/npu_r12_verify/NPU_R12/work/par1_B/case_068_n2_B/selected_plan.json,52ca6d57b98d6cc85de67edc1f10ac8071205476d93598f4bdc9c55abf84fbb7,52ca6d57b98d6cc85de67edc1f10ac8071205476d93598f4bdc9c55abf84fbb7,/home/dreamboat/npu_r12_verify/NPU_R12/work/par1_B/case_068_n2_B/indexed_insertion/plan.meta.official.json,/home/dreamboat/npu_r12_verify/NPU_R12/work/par1_L2/case_068_n2_L2/indexed_insertion/plan.meta.official.json,ab7bacf434cf9cb1a212d85212d533daa8c78bc95ebcb5b52a3125b8eaf29a3e,identical_final_plan
case_068,3,362095,167916,165344,160947,1.0155554480356106,1.0432999683125501,1.0273195523992371,3536102,3536102,5172720,1397036,4041374,0.2568831698970839,0.18492314556680647,/home/dreamboat/npu_r12_verify/NPU_R12/work/par1_B/case_068_n3_B/selected_plan.json,19c9a7edd09a01a35f03d70edd8dbd48c83bb280cbe01f0649d41c712fc40854,5f0643fb469f5a3cd01de56bade8b90096e05e071fcc946a559c957f96527555,/home/dreamboat/npu_r12_verify/NPU_R12/work/par1_B/case_068_n3_B/control/r7/control_r6/critical/critical_00_result.official.json,/home/dreamboat/npu_r12_verify/NPU_R12/work/par1_L2/case_068_n3_L2/control/extra/B_plan_evaluated_in_L2.official.json,b125cc17b1d3ef48df0b8284490e589934f6c12e3500a5ca99744cc69fd5da79,existing_candidate
case_068,4,362095,147382,138634,138618,1.063101403696063,1.0632241123086468,1.000115425125164,4076226,4076226,4065986,1139110,4588400,0.19888398274293717,0.20758384129016783,/home/dreamboat/npu_r12_verify/NPU_R12/work/par1_B/case_068_n4_B/selected_plan.json,f8f3c146b992078e2601484afea7c2c6fbb62639e66f8d83d83df1b200a8f80b,f8d6c17be0f6aeefeb8f3738a665500de94b0a6d4c853c7e22ad83099018e62b,/home/dreamboat/npu_r12_verify/NPU_R12/work/par1_B/case_068_n4_B/control/r7/control_r6/control_work/chainwave_result.official.json,/home/dreamboat/npu_r12_verify/NPU_R12/work/par1_L2/case_068_n4_L2/control/r7/control_r6/control_work/chainwave_result.official.json,edaeb3da1baa2ad1d353478f23956330a8eaa00c99a69772d0dafa55b1a22c69,existing_candidate
case_068,5,362095,141879,130785,130386,1.0848262415414611,1.0881459665915052,1.0030601444940408,4184738,4184738,4177634,1332438,4480222,0.2292303351649675,0.22786665353785815,/home/dreamboat/npu_r12_verify/NPU_R12/work/reproduce_B5_r12/case_068_n5_B/selected_plan.json,656d96d00fab2d072fab65d02d9f4386e7bebe8e71726147dec3ffaf662b63e5,00af6318da03728c738b0d58793945d141be25928711b105f431bac90a6774ac,/home/dreamboat/npu_r12_verify/NPU_R12/work/reproduce_B5_r12/case_068_n5_B/control/r7/control_r6/critical/critical_02_result.official.json,/home/dreamboat/npu_r12_verify/NPU_R12/work/par1_L2/case_068_n5_L2/control/extra/B_plan_evaluated_in_L2.official.json,568780bcd11b09f6e6f43eede78cbd87fb33cf02e028178c96f4b2071365eaa8,existing_candidate
case_069,1,25144,21597,21597,21597,1.0,1.0,1.0,0,0,0,0,113766,0.0,0.0,/home/dreamboat/npu_r12_verify/NPU_R12/work/one3_B1L21/case_069_n1_B/selected_plan.json,4e77cfa9282fa354993a3911b50fd58e8b2ffadf97fd98c09939e909b470cc12,4e77cfa9282fa354993a3911b50fd58e8b2ffadf97fd98c09939e909b470cc12,/home/dreamboat/npu_r12_verify/NPU_R12/work/one3_B1L21/case_069_n1_B/indexed_insertion/plan.meta.official.json,/home/dreamboat/npu_r12_verify/NPU_R12/work/one3_B1L21/case_069_n1_L2/indexed_insertion/plan.meta.official.json,f96dea28c15c24a5692d3b7eaac37c31446784fec1ea630912da742c4e877e18,identical_final_plan
case_069,2,25144,16133,16094,16094,1.0024232633279484,1.0024232633279484,1.0,233732,233732,233732,52994,206488,0.20422996585504968,0.20422996585504968,/home/dreamboat/npu_r12_verify/NPU_R12/work/par3_B/case_069_n2_B/selected_plan.json,ca3b876cfcb9015a81f5e2bfb630cb495bc51c935adb1663bd14beeabf96e9c6,ca3b876cfcb9015a81f5e2bfb630cb495bc51c935adb1663bd14beeabf96e9c6,/home/dreamboat/npu_r12_verify/NPU_R12/work/par3_B/case_069_n2_B/control/r7/control_r6/control_work/chainwave_result.official.json,/home/dreamboat/npu_r12_verify/NPU_R12/work/par3_L2/case_069_n2_L2/control/r7/control_r6/control_work/chainwave_result.official.json,6033cd517c4a1a203a0a22c92f98aeb96e088d4b3492ec059ee88bbc46243f9e,identical_final_plan
case_069,3,25144,14920,14474,14474,1.0308138731518586,1.0308138731518586,1.0,489770,489770,489770,96058,316838,0.2326445400294505,0.2326445400294505,/home/dreamboat/npu_r12_verify/NPU_R12/work/par3_B/case_069_n3_B/selected_plan.json,321ee17aaf8817dc6df4252123f5f61bfef3f1bca5471cc7234f349270b7a9fd,321ee17aaf8817dc6df4252123f5f61bfef3f1bca5471cc7234f349270b7a9fd,/home/dreamboat/npu_r12_verify/NPU_R12/work/par3_B/case_069_n3_B/control/r7/control_r6/critical/critical_00_result.official.json,/home/dreamboat/npu_r12_verify/NPU_R12/work/par3_L2/case_069_n3_L2/control/r7/control_r6/critical/critical_00_result.official.json,a9b9f8ab0962d993742b2bd7f007219cc53b19a2799929dba1b724371e332f43,identical_final_plan
case_069,4,25144,14483,12569,12569,1.1522794176147666,1.1522794176147666,1.0,503470,503470,503470,146668,295400,0.3317770116814608,0.3317770116814608,/home/dreamboat/npu_r12_verify/NPU_R12/work/par3_B/case_069_n4_B/selected_plan.json,170302ea4c23f98bc61f9afde2f4aba9ce5ff07958cd69841c4941e69e9ac53a,170302ea4c23f98bc61f9afde2f4aba9ce5ff07958cd69841c4941e69e9ac53a,/home/dreamboat/npu_r12_verify/NPU_R12/work/par3_B/case_069_n4_B/control/r7/control_r6/critical/critical_03_result.official.json,/home/dreamboat/npu_r12_verify/NPU_R12/work/par3_L2/case_069_n4_L2/control/r7/control_r6/critical/critical_03_result.official.json,4740ba796162975816c0e786ab5bdab140e52d93b4a689d051cf4338f3a2b583,identical_final_plan
case_069,5,25144,13698,13071,12569,1.0479687858618316,1.0898241705784073,1.03993953377357,465362,465362,503470,146190,259594,0.3602655600023658,0.3317770116814608,/home/dreamboat/npu_r12_verify/NPU_R12/work/reproduce_B5_r12/case_069_n5_B/selected_plan.json,3d439733b1a19c3a80ba7f3616932089d44b774a82c7a5140dd6f4089c444272,f5cd7516d9e5619e9428dfb41e0756ea59c1b839a691bab2cf6a8e95f5e778cc,/home/dreamboat/npu_r12_verify/NPU_R12/work/reproduce_B5_r12/case_069_n5_B/control/r7/control_r6/critical/critical_03_result.official.json,/home/dreamboat/npu_r12_verify/NPU_R12/work/par3_L2/case_069_n5_L2/control/extra/B_plan_evaluated_in_L2.official.json,72a720a9629aefafef32749989880fbd6b28efb47694795d73f5320883575eab,existing_candidate
case_070,1,117300,110849,110849,110849,1.0,1.0,1.0,0,0,0,0,419858,0.0,0.0,/home/dreamboat/npu_r12_verify/NPU_R12/work/one1_B1L21/case_070_n1_B/selected_plan.json,2fea2fa50647d2d44ebccc612b7d0de6cbdfd61753ff95f61f0fc335735c8070,2fea2fa50647d2d44ebccc612b7d0de6cbdfd61753ff95f61f0fc335735c8070,/home/dreamboat/npu_r12_verify/NPU_R12/work/one1_B1L21/case_070_n1_B/indexed_insertion/plan.meta.official.json,/home/dreamboat/npu_r12_verify/NPU_R12/work/one1_B1L21/case_070_n1_L2/indexed_insertion/plan.meta.official.json,6e22b64b8d5f6dc759cf79132f164a015c11a8329fc538b38b4ed689b38a7837,identical_final_plan
case_070,2,117300,58234,58234,58234,1.0,1.0,1.0,129536,129536,129536,104960,444434,0.19104686254309294,0.19104686254309294,/home/dreamboat/npu_r12_verify/NPU_R12/work/par1_B/case_070_n2_B/selected_plan.json,8d97875daa7f39b19dfb52f1820d0a0468581cd30e5af611520624f1ff50d133,8d97875daa7f39b19dfb52f1820d0a0468581cd30e5af611520624f1ff50d133,/home/dreamboat/npu_r12_verify/NPU_R12/work/par1_B/case_070_n2_B/control/r7/control_r6/control_work/components_result.official.json,/home/dreamboat/npu_r12_verify/NPU_R12/work/par1_L2/case_070_n2_L2/control/r7/control_r6/control_work/components_result.official.json,73765b0efe99936055b5e5643ea76cec699ce06e1c989ec5b05cfafed9dab0d1,identical_final_plan
case_070,3,117300,43439,41101,41101,1.0568842607235833,1.0568842607235833,1.0,1523108,1523108,1523108,400660,979026,0.29039940972076256,0.29039940972076256,/home/dreamboat/npu_r12_verify/NPU_R12/work/par1_B/case_070_n3_B/selected_plan.json,a0e6f96eeb410700fab013d409809fea8bf71de634b1568c148e32e469476e87,a0e6f96eeb410700fab013d409809fea8bf71de634b1568c148e32e469476e87,/home/dreamboat/npu_r12_verify/NPU_R12/work/par1_B/case_070_n3_B/indexed_insertion/plan.meta.official.json,/home/dreamboat/npu_r12_verify/NPU_R12/work/par1_L2/case_070_n3_L2/indexed_insertion/plan.meta.official.json,99b56375dbb55ef04d0e6be61d86395e4e52429866164f4457c087621039cb9c,identical_final_plan
case_070,4,117300,34658,34658,34658,1.0,1.0,1.0,360960,360960,360960,88576,692242,0.11344000778670574,0.11344000778670574,/home/dreamboat/npu_r12_verify/NPU_R12/work/par1_B/case_070_n4_B/selected_plan.json,cde88c28cc7956474f631b62c31b3b9e2ecc3a670ce30ca0d8b3297829463a81,cde88c28cc7956474f631b62c31b3b9e2ecc3a670ce30ca0d8b3297829463a81,/home/dreamboat/npu_r12_verify/NPU_R12/work/par1_B/case_070_n4_B/control/r7/control_r6/control_work/components_result.official.json,/home/dreamboat/npu_r12_verify/NPU_R12/work/par1_L2/case_070_n4_L2/control/r7/control_r6/control_work/components_result.official.json,3bd118247fca3bfe691d46483fb080fa3e963807ee136130887affc33b95d12e,identical_final_plan
case_070,5,117300,25840,25840,25840,1.0,1.0,1.0,462848,462848,462848,262144,620562,0.2969777026552442,0.2969777026552442,/home/dreamboat/npu_r12_verify/NPU_R12/work/reproduce_B5_r12/case_070_n5_B/selected_plan.json,0b3eef710c68a255bfcd5edbc1c155f22cb73a23254a3344058f20b0cb95ecd3,0b3eef710c68a255bfcd5edbc1c155f22cb73a23254a3344058f20b0cb95ecd3,/home/dreamboat/npu_r12_verify/NPU_R12/work/reproduce_B5_r12/case_070_n5_B/control/r7/control_r6/control_work/component_ordered_result.official.json,/home/dreamboat/npu_r12_verify/NPU_R12/work/par1_L2/case_070_n5_L2/control/r7/control_r6/control_work/component_ordered_result.official.json,387dae90371b451d3848cf1cebad693ea511067648297c511730bd8b455a082f,identical_final_plan
case_071,1,18919,15824,15824,15824,1.0,1.0,1.0,0,0,0,0,111462,0.0,0.0,/home/dreamboat/npu_r12_verify/NPU_R12/work/one1_B1L21/case_071_n1_B/selected_plan.json,45cf59975e98b4f9142971696c6322980dfdd97bfcc9b6a12693f27ed9e853d3,45cf59975e98b4f9142971696c6322980dfdd97bfcc9b6a12693f27ed9e853d3,/home/dreamboat/npu_r12_verify/NPU_R12/work/one1_B1L21/case_071_n1_B/indexed_insertion/plan.meta.official.json,/home/dreamboat/npu_r12_verify/NPU_R12/work/one1_B1L21/case_071_n1_L2/indexed_insertion/plan.meta.official.json,0879463fe04d54016c51e3ef4abd5fbe47a142a5da683dc89e6746acfee1724e,identical_final_plan
case_071,2,18919,12826,12813,12813,1.0010145945524078,1.0010145945524078,1.0,208452,208452,208452,71524,179926,0.2844462119705707,0.2844462119705707,/home/dreamboat/npu_r12_verify/NPU_R12/work/par1_B/case_071_n2_B/selected_plan.json,da7dcc23eeda21266297f4fbcfbd905a7e9a83678903f46931bbdfdc3c327dc3,da7dcc23eeda21266297f4fbcfbd905a7e9a83678903f46931bbdfdc3c327dc3,/home/dreamboat/npu_r12_verify/NPU_R12/work/par1_B/case_071_n2_B/control/r7/control_r6/critical/critical_00_result.official.json,/home/dreamboat/npu_r12_verify/NPU_R12/work/par1_L2/case_071_n2_L2/control/r7/control_r6/critical/critical_00_result.official.json,3d2379d9d957d16fc107b2f2fe4774ec4cb001eff1569d3de352a1bede02ee7f,identical_final_plan
case_071,3,18919,10782,10460,10460,1.0307839388145315,1.0307839388145315,1.0,235082,235082,235082,92458,183110,0.3355179120942925,0.3355179120942925,/home/dreamboat/npu_r12_verify/NPU_R12/work/par1_B/case_071_n3_B/selected_plan.json,ff6c3001beae6ab0be598c0a28d7eebe468cca9be869987692266a9ecbf0aa85,ff6c3001beae6ab0be598c0a28d7eebe468cca9be869987692266a9ecbf0aa85,/home/dreamboat/npu_r12_verify/NPU_R12/work/par1_B/case_071_n3_B/control/r7/control_r6/critical/critical_03_result.official.json,/home/dreamboat/npu_r12_verify/NPU_R12/work/par1_L2/case_071_n3_L2/control/r7/control_r6/critical/critical_00_result.official.json,7ccae8d5a7c2caf93adc5c3fb78377898323033162d4eae0992e9a53bf815ade,identical_final_plan
case_071,4,18919,10331,9237,9203,1.118436721879398,1.1225687275888296,1.0036944474627838,329486,329486,329390,93326,241014,0.27913501226296583,0.31018989386524354,/home/dreamboat/npu_r12_verify/NPU_R12/work/par1_B/case_071_n4_B/selected_plan.json,97cda4d46a71915d3c555349088a4fa7e1f2b00708ddeb949aeac541424105be,e077e5034e7e6083b4ab45b55b989e9a5164ed54f03398a788556ea5590c012f,/home/dreamboat/npu_r12_verify/NPU_R12/work/par1_B/case_071_n4_B/control/r7/control_r6/control_work/chainwave_result.official.json,/home/dreamboat/npu_r12_verify/NPU_R12/work/par1_L2/case_071_n4_L2/control/r7/control_r6/control_work/chainwave_result.official.json,d1707f603b8b801c7444600673d89425635d93346b1d03ac3d7b18900b187ece,existing_candidate
case_071,5,18919,10442,10229,9203,1.0208231498680223,1.1346300119526243,1.111485385200478,317010,317010,329390,91884,212460,0.3019083668480404,0.31018989386524354,/home/dreamboat/npu_r12_verify/NPU_R12/work/reproduce_B5_r12/case_071_n5_B/selected_plan.json,1b7c15bc0c9d27820c4f56a5dcb75c96cfa566df642573cfe3f1e714594c9a57,5a4a01dc06e54580f6b6c5c6680dcf5c841bb49bc973e7582f03e19131c44f15,/home/dreamboat/npu_r12_verify/NPU_R12/work/reproduce_B5_r12/case_071_n5_B/control/r7/control_r6/critical/critical_03_result.official.json,/home/dreamboat/npu_r12_verify/NPU_R12/work/par1_L2/case_071_n5_L2/control/extra/B_plan_evaluated_in_L2.official.json,6cbb796160436e54da6f3ecfe9e266224d6716164f5d030f21ddde43d4d38fd0,existing_candidate
case_072,1,23897828,23897828,23890756,23890756,1.000296014073393,1.000296014073393,1.0,108613680,108613680,108613680,3137536,116569150,0.026210198484652728,0.026210198484652728,/home/dreamboat/npu_r12_verify/NPU_R12/work/one4_B1L21/case_072_n1_B/selected_plan.json,b22d248d50d1745b31d8450a43037b856ad3bcc8abc010d4fb97adba27174940,b22d248d50d1745b31d8450a43037b856ad3bcc8abc010d4fb97adba27174940,/home/dreamboat/npu_r12_verify/NPU_R12/work/one4_B1L21/case_072_n1_B/control/r7/control_r6/control_work/components_result.official.json,/home/dreamboat/npu_r12_verify/NPU_R12/work/one4_B1L21/case_072_n1_L2/control/r7/control_r6/control_work/components_result.official.json,3839e1056ef12aab9f66e6e5222f50ae265213f2c4fa46027592492dc2f2b164,identical_final_plan
case_072,2,23897828,11836023,11826643,11826643,1.0007931244732762,1.0007931244732762,1.0,113724192,113724192,113724192,15499264,109317934,0.1241757085429846,0.1241757085429846,/home/dreamboat/npu_r12_verify/NPU_R12/work/par4_B/case_072_n2_B/selected_plan.json,507f78353ce9e620c628e8d762941b74302755deb6e90c82f284e5fadfe61c61,507f78353ce9e620c628e8d762941b74302755deb6e90c82f284e5fadfe61c61,/home/dreamboat/npu_r12_verify/NPU_R12/work/par4_B/case_072_n2_B/control/r7/control_r6/control_work/components_result.official.json,/home/dreamboat/npu_r12_verify/NPU_R12/work/par4_L2/case_072_n2_L2/control/r7/control_r6/control_work/components_result.official.json,760fa8e002784c7b9db40f11aac645caab8f45ba21444d7721284c024df62a00,identical_final_plan
case_072,3,23897828,7961454,7944880,7944880,1.0020861233901581,1.0020861233901581,1.0,82414368,82414368,82414368,13656064,79851310,0.14604264258346086,0.14604264258346086,/home/dreamboat/npu_r12_verify/NPU_R12/work/par4_B/case_072_n3_B/selected_plan.json,a053e98c453aea4723e2811d898ecbb6d2bf5e685460da681dc0e5dc0b26e921,a053e98c453aea4723e2811d898ecbb6d2bf5e685460da681dc0e5dc0b26e921,/home/dreamboat/npu_r12_verify/NPU_R12/work/par4_B/case_072_n3_B/control/r7/control_r6/control_work/component_ordered_result.official.json,/home/dreamboat/npu_r12_verify/NPU_R12/work/par4_L2/case_072_n3_L2/control/r7/control_r6/control_work/component_ordered_result.official.json,7a9941030ed9c6069d068f8e2cf30eedc4a2fb76cd68c0d2f707989627589c4b,identical_final_plan
case_072,4,23897828,5911772,5901949,5901949,1.0016643654494473,1.0016643654494473,1.0,85994272,85994272,85994272,18604032,78483246,0.1916217282350835,0.1916217282350835,/home/dreamboat/npu_r12_verify/NPU_R12/work/par4_B/case_072_n4_B/selected_plan.json,8f862d6cbaafb857022418f6185c6939cdbd66279b272569568785150d283313,8f862d6cbaafb857022418f6185c6939cdbd66279b272569568785150d283313,/home/dreamboat/npu_r12_verify/NPU_R12/work/par4_B/case_072_n4_B/control/r7/control_r6/control_work/component_ordered_result.official.json,/home/dreamboat/npu_r12_verify/NPU_R12/work/par4_L2/case_072_n4_L2/control/r7/control_r6/control_work/component_ordered_result.official.json,7a2c6a780b1708c59649491c95737d5e378af44e5be71df124c6d2fdb09d99a4,identical_final_plan
case_072,5,23897828,4831103,4826576,4817940,1.0009379319832528,1.0027320805157391,1.001792467320058,84918960,84918960,131343024,15884288,80127678,0.16544071183793904,0.19364808187928292,/home/dreamboat/npu_r12_verify/NPU_R12/work/reproduce_B5_r12/case_072_n5_B/selected_plan.json,6bc6ab0a4aa3c8074b110117b397ef99207a8b53cf339fcd61686e0176f48454,cabe7a8778cc818356885dbc28ee554da312761ef59250cb6b75c89d179b01f8,/home/dreamboat/npu_r12_verify/NPU_R12/work/reproduce_B5_r12/case_072_n5_B/control/r7/control_r6/control_work/component_ordered_result.official.json,/home/dreamboat/npu_r12_verify/NPU_R12/work/par4_L2/case_072_n5_L2/control/r7/control_r6/control_work/component_ordered_result.official.json,e4b29f5179df050aeb6b030e48a119e3f5b8705c8cb399ea94863c121a579d3d,existing_candidate
case_073,1,10081626,9839163,8702659,8702659,1.1305927303367855,1.1305927303367855,1.0,90447872,90447872,90447872,89691136,4259712,0.954660207005263,0.954660207005263,/home/dreamboat/npu_r12_verify/NPU_R12/work/one1_B1L21/case_073_n1_B/selected_plan.json,49476d7635cd75bf112f10e168933c364dd2b63b874dd76f83d2fed6b48f4578,49476d7635cd75bf112f10e168933c364dd2b63b874dd76f83d2fed6b48f4578,/home/dreamboat/npu_r12_verify/NPU_R12/work/one1_B1L21/case_073_n1_B/control/r7/control_r6/control_work/chainwave_result.official.json,/home/dreamboat/npu_r12_verify/NPU_R12/work/one1_B1L21/case_073_n1_L2/control/r7/control_r6/control_work/chainwave_result.official.json,b46f9bb52158d2054f2a0a571dd7ed070e5908593e2f7b1368ec7ebec7940049,identical_final_plan
case_073,2,10081626,5587533,4539269,4270350,1.2309323373433034,1.3084484878288665,1.0629735267601017,91806080,91806080,36216704,77170176,18139904,0.8096748633512846,0.787759014272457,/home/dreamboat/npu_r12_verify/NPU_R12/work/par1_B/case_073_n2_B/selected_plan.json,ce5b150e09b9850242a288bc536a12295805c1c7e4110c9e1a779883749f5a22,74a58dcd2bb367a144ded721f180355d83c6727653ee094f6873a175f7c6dc0f,/home/dreamboat/npu_r12_verify/NPU_R12/work/par1_B/case_073_n2_B/control/r7/control_r6/control_work/chainwave_result.official.json,/home/dreamboat/npu_r12_verify/NPU_R12/work/par1_L2/case_073_n2_L2/control/r7/control_r6/control_work/chainwave_result.official.json,12362c3272799917eeee68e85b220e29323c211d14c21dcfac3250d167da32e4,existing_candidate
case_073,3,10081626,4300595,3223907,3223907,1.333969931514774,1.333969931514774,1.0,93164288,93164288,93164288,84968448,11700864,0.8789598916355171,0.8789598916355171,/home/dreamboat/npu_r12_verify/NPU_R12/work/par1_B/case_073_n3_B/selected_plan.json,ae850875669c86265d97b16c732080cd9ac333bfc72ca45b2f7c592ca41b91f5,ae850875669c86265d97b16c732080cd9ac333bfc72ca45b2f7c592ca41b91f5,/home/dreamboat/npu_r12_verify/NPU_R12/work/par1_B/case_073_n3_B/control/r7/control_r6/control_work/chainwave_result.official.json,/home/dreamboat/npu_r12_verify/NPU_R12/work/par1_L2/case_073_n3_L2/control/r7/control_r6/control_work/chainwave_result.official.json,6b065531d4cdc168b866ee3115258dfc4a9bc1da594cc11963b7069b5b910d04,identical_final_plan
case_073,4,10081626,2507770,2194944,2194944,1.142521175938885,1.142521175938885,1.0,44120192,44120192,44120192,33360384,11168512,0.7491850685002386,0.7491850685002386,/home/dreamboat/npu_r12_verify/NPU_R12/work/par1_B/case_073_n4_B/selected_plan.json,65f8ff312e90627a97faefb21a0b92d427266a177abd181bb9b71033124cf109,65f8ff312e90627a97faefb21a0b92d427266a177abd181bb9b71033124cf109,/home/dreamboat/npu_r12_verify/NPU_R12/work/par1_B/case_073_n4_B/local_microbatch/affinity_window8.plan.meta.official.json,/home/dreamboat/npu_r12_verify/NPU_R12/work/par1_L2/case_073_n4_L2/local_microbatch/affinity_window8.plan.meta.official.json,152ea24501fbec83690e1bcf1c857c34f1faf067033f89c87125111bec979e7c,identical_final_plan
case_073,5,10081626,2034983,1806253,1805392,1.1266323156279878,1.1271696119180765,1.0004769047386939,37201408,37201408,74410240,23854976,13761024,0.6341709910676308,0.8293902762449845,/home/dreamboat/npu_r12_verify/NPU_R12/work/reproduce_B5_r12/case_073_n5_B/selected_plan.json,09d9efa3c6f7fefbfef4accd9a78290ac74d513ef72ded82a7c8609ddaf3d75b,84ad9f54b592d3a780b0a7036f75009c2a6cf80535181d1712881fef240e7f82,/home/dreamboat/npu_r12_verify/NPU_R12/work/reproduce_B5_r12/case_073_n5_B/local_microbatch/affinity_window8.plan.meta.official.json,/home/dreamboat/npu_r12_verify/NPU_R12/work/par1_L2/case_073_n5_L2/local_microbatch/affinity_window8.plan.meta.official.json,c15a221f692e39e82610bcf3449df2097531cdf7d4c2c5b0ee38955b2053415a,existing_candidate
case_074,1,1682239,1651943,1647335,1647335,1.0027972452476273,1.0027972452476273,1.0,5255176,5255176,5255176,2121728,6909980,0.2349199066223133,0.2349199066223133,/home/dreamboat/npu_r12_verify/NPU_R12/work/one2_B1L21/case_074_n1_B/selected_plan.json,1be6a606fc8bcec104c1bb1c77281ced9529af02aa98cc35b28632a7166a517a,1be6a606fc8bcec104c1bb1c77281ced9529af02aa98cc35b28632a7166a517a,/home/dreamboat/npu_r12_verify/NPU_R12/work/one2_B1L21/case_074_n1_B/control/extra/m1_ordered_2048.official.json,/home/dreamboat/npu_r12_verify/NPU_R12/work/one2_B1L21/case_074_n1_L2/control/extra/m1_ordered_2048.official.json,40ca695c92c5c9d3b4fcb9ca7a9199db2cfb8be0b782d777ec2027c0cbf2c6f5,identical_final_plan
case_074,2,1682239,803673,803065,803065,1.0007570993630652,1.0007570993630652,1.0,3747840,3747840,3747840,1945600,5578776,0.25857293681230176,0.25857293681230176,/home/dreamboat/npu_r12_verify/NPU_R12/work/par2_B/case_074_n2_B/selected_plan.json,6385d2ecb732c43241b2c3a266276d0e664b7ed0a0ced3c76ce3344f17efef0a,6385d2ecb732c43241b2c3a266276d0e664b7ed0a0ced3c76ce3344f17efef0a,/home/dreamboat/npu_r12_verify/NPU_R12/work/par2_B/case_074_n2_B/control/r7/control_r6/control_work/component_ordered_result.official.json,/home/dreamboat/npu_r12_verify/NPU_R12/work/par2_L2/case_074_n2_L2/control/r7/control_r6/control_work/component_ordered_result.official.json,702542beb8c7a5758150b3cd7ba1faa8f443a37fcbea97632494604ffba40b87,identical_final_plan
case_074,3,1682239,537857,537389,537389,1.000870877520753,1.000870877520753,1.0,4923392,4923392,4923392,2809856,5890072,0.3229746269164526,0.3229746269164526,/home/dreamboat/npu_r12_verify/NPU_R12/work/par2_B/case_074_n3_B/selected_plan.json,74e6fa4d08f5ccc851dc98747eb757bd4a4d56a84a47a02965607bfbe49d150c,74e6fa4d08f5ccc851dc98747eb757bd4a4d56a84a47a02965607bfbe49d150c,/home/dreamboat/npu_r12_verify/NPU_R12/work/par2_B/case_074_n3_B/control/r7/control_r6/control_work/component_ordered_result.official.json,/home/dreamboat/npu_r12_verify/NPU_R12/work/par2_L2/case_074_n3_L2/control/r7/control_r6/control_work/component_ordered_result.official.json,528ead5e31069f5ac6160f8fd52b376e5a6ef3c11a398c347efb67c4f4b9142f,identical_final_plan
case_074,4,1682239,406099,406017,406017,1.0002019619868134,1.0002019619868134,1.0,6230016,6230016,6230016,2846720,7159832,0.2844856050315833,0.2844856050315833,/home/dreamboat/npu_r12_verify/NPU_R12/work/par2_B/case_074_n4_B/selected_plan.json,759675a6b900723f01bdf342fa6a46b1a0470fe0b979c7ae0cdfd1df00fb9a64,759675a6b900723f01bdf342fa6a46b1a0470fe0b979c7ae0cdfd1df00fb9a64,/home/dreamboat/npu_r12_verify/NPU_R12/work/par2_B/case_074_n4_B/control/r7/control_r6/control_work/component_ordered_result.official.json,/home/dreamboat/npu_r12_verify/NPU_R12/work/par2_L2/case_074_n4_L2/control/r7/control_r6/control_work/component_ordered_result.official.json,6193e5028da8408a5974bc6a796f5cfa7b568ab98a2b69e669a8eca690a412ac,identical_final_plan
case_074,5,1682239,330183,330183,330183,1.0,1.0,1.0,7118848,7118848,7118848,2854912,8040472,0.26202949799658276,0.26202949799658276,/home/dreamboat/npu_r12_verify/NPU_R12/work/reproduce_B5_r12/case_074_n5_B/selected_plan.json,08e8671c96e4324b87b00d15616ddc95fd6492e3168485dc3121a3e7e500b470,08e8671c96e4324b87b00d15616ddc95fd6492e3168485dc3121a3e7e500b470,/home/dreamboat/npu_r12_verify/NPU_R12/work/reproduce_B5_r12/case_074_n5_B/control/r7/control_r6/control_work/component_ordered_result.official.json,/home/dreamboat/npu_r12_verify/NPU_R12/work/par2_L2/case_074_n5_L2/control/r7/control_r6/control_work/component_ordered_result.official.json,43da8de29a01ab22c34ca9737df598dec3f441664de7526315ebbac14a2ac00f,identical_final_plan
case_075,1,1441809,1334897,1334897,1334897,1.0,1.0,1.0,0,0,0,0,1819782,0.0,0.0,/home/dreamboat/npu_r12_verify/NPU_R12/work/one4_B1L21/case_075_n1_B/selected_plan.json,60a8bcbe36f0d6595f7391cece8bc6f2cbe4769b5499715cc98d669626023207,60a8bcbe36f0d6595f7391cece8bc6f2cbe4769b5499715cc98d669626023207,/home/dreamboat/npu_r12_verify/NPU_R12/work/one4_B1L21/case_075_n1_B/control/r7/control_r6/control_work/chainwave_result.official.json,/home/dreamboat/npu_r12_verify/NPU_R12/work/one4_B1L21/case_075_n1_L2/control/r7/control_r6/control_work/chainwave_result.official.json,2ed0204d90ec05bcdad2a06798ef8903397c780ba31631a9ebcbe05c63abfa44,identical_final_plan
case_075,2,1441809,728185,727824,727824,1.0004959990327331,1.0004959990327331,1.0,7124774,7124774,7124774,377986,5209562,0.06764791998207442,0.06764791998207442,/home/dreamboat/npu_r12_verify/NPU_R12/work/par4_B/case_075_n2_B/selected_plan.json,c7e5e598806fe3911da579666a4193bc57bc103f9bd00f58d5cb312bbe7682e2,c7e5e598806fe3911da579666a4193bc57bc103f9bd00f58d5cb312bbe7682e2,/home/dreamboat/npu_r12_verify/NPU_R12/work/par4_B/case_075_n2_B/indexed_insertion/plan.meta.official.json,/home/dreamboat/npu_r12_verify/NPU_R12/work/par4_L2/case_075_n2_L2/indexed_insertion/plan.meta.official.json,b7384970b4cea273fe51998ad2b1c6325f014cc1c70836120d937ba3c3f4975d,identical_final_plan
case_075,3,1441809,526421,524721,524721,1.003239816969399,1.003239816969399,1.0,12146060,12146060,12146060,1975050,6577352,0.23093512208616948,0.23093512208616948,/home/dreamboat/npu_r12_verify/NPU_R12/work/par4_B/case_075_n3_B/selected_plan.json,4a04f0d40bcbac4e584a00c8e595b2719cfd6c708de85089bac9cb19073c6b2c,4a04f0d40bcbac4e584a00c8e595b2719cfd6c708de85089bac9cb19073c6b2c,/home/dreamboat/npu_r12_verify/NPU_R12/work/par4_B/case_075_n3_B/indexed_insertion/plan.meta.official.json,/home/dreamboat/npu_r12_verify/NPU_R12/work/par4_L2/case_075_n3_L2/indexed_insertion/plan.meta.official.json,e4d9046999d642b20ce3bf7e72eb56922ea1bde172205bbbb6bd907adebd727e,identical_final_plan
case_075,4,1441809,425508,417743,417743,1.0185879835209686,1.0185879835209686,1.0,12171570,12171570,12171570,1985688,6640976,0.23018028753641037,0.23018028753641037,/home/dreamboat/npu_r12_verify/NPU_R12/work/par4_B/case_075_n4_B/selected_plan.json,65036f4424ef668b6bb2846fa4ab590c77f0659f26220d5d145cd2fe08da8f4c,65036f4424ef668b6bb2846fa4ab590c77f0659f26220d5d145cd2fe08da8f4c,/home/dreamboat/npu_r12_verify/NPU_R12/work/par4_B/case_075_n4_B/indexed_insertion/plan.meta.official.json,/home/dreamboat/npu_r12_verify/NPU_R12/work/par4_L2/case_075_n4_L2/indexed_insertion/plan.meta.official.json,24ed5c65ea412ebe082fe9f1b7d27197daeedb349fc6715c0d8c3e98a2956495,identical_final_plan
case_075,5,1441809,374967,355004,355004,1.0562331692037272,1.0562331692037272,1.0,12788022,12788022,12788022,3133168,6056252,0.34095383604188295,0.34095383604188295,/home/dreamboat/npu_r12_verify/NPU_R12/work/reproduce_B5_r12/case_075_n5_B/selected_plan.json,3a7f8e3b870259f02a9e4d4bd0937e8b612bb368478c89923a694fd10af4d7d2,3a7f8e3b870259f02a9e4d4bd0937e8b612bb368478c89923a694fd10af4d7d2,/home/dreamboat/npu_r12_verify/NPU_R12/work/reproduce_B5_r12/case_075_n5_B/indexed_insertion/plan.meta.official.json,/home/dreamboat/npu_r12_verify/NPU_R12/work/par4_L2/case_075_n5_L2/indexed_insertion/plan.meta.official.json,ea2265ab13a4dc816445b1c43801d9e1a966b1a0a1e30caa941812add425b10c,identical_final_plan
case_076,1,6185113,6185113,6183098,6183098,1.0003258884138664,1.0003258884138664,1.0,28280832,28280832,28280832,4347904,28201984,0.13357661937269952,0.13357661937269952,/home/dreamboat/npu_r12_verify/NPU_R12/work/one2_B1L21/case_076_n1_B/selected_plan.json,d251a84507bdcab38d2c6bbcd682bf32c71411ea7f91807684c9ed83625ea6cc,d251a84507bdcab38d2c6bbcd682bf32c71411ea7f91807684c9ed83625ea6cc,/home/dreamboat/npu_r12_verify/NPU_R12/work/one2_B1L21/case_076_n1_B/control/r7/control_r6/control_work/components_result.official.json,/home/dreamboat/npu_r12_verify/NPU_R12/work/one2_B1L21/case_076_n1_L2/control/r7/control_r6/control_work/components_result.official.json,c5899e7cb5f11216cc3c30a5409d528cc74b2e51999c51f56b8ced82e12b085b,identical_final_plan
case_076,2,6185113,3065214,3063843,3063843,1.0004474772369212,1.0004474772369212,1.0,31095808,31095808,31095808,9859072,25505792,0.27878156126940007,0.27878156126940007,/home/dreamboat/npu_r12_verify/NPU_R12/work/par2_B/case_076_n2_B/selected_plan.json,3a3224a0dd86e2d430ebd2366a8d31d9e829d5a170e928581005d0ebce5c2f46,3a3224a0dd86e2d430ebd2366a8d31d9e829d5a170e928581005d0ebce5c2f46,/home/dreamboat/npu_r12_verify/NPU_R12/work/par2_B/case_076_n2_B/control/r7/control_r6/control_work/components_result.official.json,/home/dreamboat/npu_r12_verify/NPU_R12/work/par2_L2/case_076_n2_L2/control/r7/control_r6/control_work/components_result.official.json,c43a8fe67918e52a15d9985af3d50b4709df0088b6e648065823d08dbfd50938,identical_final_plan
case_076,3,6185113,2050028,2047868,2047868,1.0010547554822868,1.0010547554822868,1.0,34332672,34332672,34332672,13006848,25594880,0.3369498899116641,0.3369498899116641,/home/dreamboat/npu_r12_verify/NPU_R12/work/par2_B/case_076_n3_B/selected_plan.json,b43866b3f70693778c3c77150198ace0a135024f157089d92364feb09e1dccdb,b43866b3f70693778c3c77150198ace0a135024f157089d92364feb09e1dccdb,/home/dreamboat/npu_r12_verify/NPU_R12/work/par2_B/case_076_n3_B/control/r7/control_r6/control_work/components_result.official.json,/home/dreamboat/npu_r12_verify/NPU_R12/work/par2_L2/case_076_n3_L2/control/r7/control_r6/control_work/components_result.official.json,b8c5a0f41a3ea823a9b38ebf370197e2bfaf1d7ef3f334319350127fae184eae,identical_final_plan
case_076,4,6185113,1540201,1536306,1536306,1.0025353022119292,1.0025353022119292,1.0,37442560,37442560,37442560,17399808,24311808,0.41714538223597,0.41714538223597,/home/dreamboat/npu_r12_verify/NPU_R12/work/par2_B/case_076_n4_B/selected_plan.json,1ee2685d2aaab78f166cc1b26a6b7118652905275dee42a09ef7da10881a218e,1ee2685d2aaab78f166cc1b26a6b7118652905275dee42a09ef7da10881a218e,/home/dreamboat/npu_r12_verify/NPU_R12/work/par2_B/case_076_n4_B/control/r7/control_r6/control_work/components_result.official.json,/home/dreamboat/npu_r12_verify/NPU_R12/work/par2_L2/case_076_n4_L2/control/r7/control_r6/control_work/components_result.official.json,739d7e9ed10b4b2070c451cb3691f7cf6cce88a3391fc4108a4add3c1a944d95,identical_final_plan
case_076,5,6185113,1240011,1232435,1232435,1.0061471801758308,1.0061471801758308,1.0,40553472,40553472,40553472,19993600,24828928,0.4460614091199854,0.4460614091199854,/home/dreamboat/npu_r12_verify/NPU_R12/work/reproduce_B5_r12/case_076_n5_B/selected_plan.json,0f6da1da1082e95d3f58503a1605fcdac340d1fe79de0af5f2215d23ee46fd3f,0f6da1da1082e95d3f58503a1605fcdac340d1fe79de0af5f2215d23ee46fd3f,/home/dreamboat/npu_r12_verify/NPU_R12/work/reproduce_B5_r12/case_076_n5_B/control/r7/control_r6/control_work/components_result.official.json,/home/dreamboat/npu_r12_verify/NPU_R12/work/par2_L2/case_076_n5_L2/control/r7/control_r6/control_work/components_result.official.json,19e9a689a1f5ef7877334da71e03089fdfb9f65ae1261cfb98e105b47bfaa165,identical_final_plan
case_077,1,495320,495320,495320,495320,1.0,1.0,1.0,0,0,0,0,2141260,0.0,0.0,/home/dreamboat/npu_r12_verify/NPU_R12/work/one4_B1L21/case_077_n1_B/selected_plan.json,ebebd5aff94340d5b7eba84c1cff879beb37b2870bbd8cf4a141ef8e1a92c1f8,ebebd5aff94340d5b7eba84c1cff879beb37b2870bbd8cf4a141ef8e1a92c1f8,/home/dreamboat/npu_r12_verify/NPU_R12/work/one4_B1L21/case_077_n1_B/control/r7/control_r6/control_work/components_result.official.json,/home/dreamboat/npu_r12_verify/NPU_R12/work/one4_B1L21/case_077_n1_L2/control/r7/control_r6/control_work/components_result.official.json,e76e5d3756c04eadf4a76b70a5e5a7ddba4b77545af31f8299cea419822f0ece,identical_final_plan
case_077,2,495320,250735,250735,250735,1.0,1.0,1.0,57344,57344,57344,57344,2141260,0.026082004763022353,0.026082004763022353,/home/dreamboat/npu_r12_verify/NPU_R12/work/par4_B/case_077_n2_B/selected_plan.json,f60de3decba3eb2428b8f12262bc78fbddef0a5ad6ad1affa793166154112d9a,f60de3decba3eb2428b8f12262bc78fbddef0a5ad6ad1affa793166154112d9a,/home/dreamboat/npu_r12_verify/NPU_R12/work/par4_B/case_077_n2_B/control/r7/control_r6/control_work/components_result.official.json,/home/dreamboat/npu_r12_verify/NPU_R12/work/par4_L2/case_077_n2_L2/control/r7/control_r6/control_work/components_result.official.json,ba45fd68cc63d787597e8cf9b7a2056ac794b92c74af512fc8517d629da2f2f6,identical_final_plan
case_077,3,495320,178739,178739,178739,1.0,1.0,1.0,114688,114688,114688,57344,2198604,0.025419025615838663,0.025419025615838663,/home/dreamboat/npu_r12_verify/NPU_R12/work/par4_B/case_077_n3_B/selected_plan.json,7e3e952c6cb560b9280ff45e53dda732d397c0217e2d0df89a0aaa773e5e6fe1,7e3e952c6cb560b9280ff45e53dda732d397c0217e2d0df89a0aaa773e5e6fe1,/home/dreamboat/npu_r12_verify/NPU_R12/work/par4_B/case_077_n3_B/control/r7/control_r6/control_work/components_result.official.json,/home/dreamboat/npu_r12_verify/NPU_R12/work/par4_L2/case_077_n3_L2/control/r7/control_r6/control_work/components_result.official.json,07fb8b6812e77389bdb37f3bcb5ac4257ee6ed065ab905a8c487bbe7dc0cbe8f,identical_final_plan
case_077,4,495320,144734,144734,144734,1.0,1.0,1.0,172032,172032,172032,114688,2198604,0.04957783107363878,0.04957783107363878,/home/dreamboat/npu_r12_verify/NPU_R12/work/par4_B/case_077_n4_B/selected_plan.json,e6b0a542a3cae9c7549e1022bd010162e079c116361bdcee9020e143fab63e24,e6b0a542a3cae9c7549e1022bd010162e079c116361bdcee9020e143fab63e24,/home/dreamboat/npu_r12_verify/NPU_R12/work/par4_B/case_077_n4_B/control/r7/control_r6/control_work/component_batch512_result.official.json,/home/dreamboat/npu_r12_verify/NPU_R12/work/par4_L2/case_077_n4_L2/control/r7/control_r6/control_work/component_batch512_result.official.json,cd5132a942c97f79d2ef81e489d393c5fc4021a83ffedbba2d923fa10e533798,identical_final_plan
case_077,5,495320,121081,121081,121081,1.0,1.0,1.0,172032,172032,172032,0,2313292,0.0,0.0,/home/dreamboat/npu_r12_verify/NPU_R12/work/reproduce_B5_r12/case_077_n5_B/selected_plan.json,d501e80cf0bbae3a408acb4ed5ca97242a98d94cf89527ebbc6f9d506a0d1912,d501e80cf0bbae3a408acb4ed5ca97242a98d94cf89527ebbc6f9d506a0d1912,/home/dreamboat/npu_r12_verify/NPU_R12/work/reproduce_B5_r12/case_077_n5_B/control/r7/control_r6/control_work/components_result.official.json,/home/dreamboat/npu_r12_verify/NPU_R12/work/par4_L2/case_077_n5_L2/control/r7/control_r6/control_work/components_result.official.json,dfc7043c442aff40410445e954d87a66351ea3e9f65968cbb6a74f07433ba7db,identical_final_plan
case_078,1,2296143,2095621,2095621,2095621,1.0,1.0,1.0,24576,24576,24576,0,2259072,0.0,0.0,/home/dreamboat/npu_r12_verify/NPU_R12/work/one2_B1L21/case_078_n1_B/selected_plan.json,7518d6843bbd3773bed9fd94b446ed932f984cbc8bcf833875e54a6369111930,7518d6843bbd3773bed9fd94b446ed932f984cbc8bcf833875e54a6369111930,/home/dreamboat/npu_r12_verify/NPU_R12/work/one2_B1L21/case_078_n1_B/control/r7/control_r6/control_work/chainwave_result.official.json,/home/dreamboat/npu_r12_verify/NPU_R12/work/one2_B1L21/case_078_n1_L2/control/r7/control_r6/control_work/chainwave_result.official.json,037e10189c23253841891142ec68121d001a72be13acef37fa7c9d7071328f0f,identical_final_plan
case_078,2,2296143,1051374,1051374,1051374,1.0,1.0,1.0,2148480,2148480,2148480,0,4395264,0.0,0.0,/home/dreamboat/npu_r12_verify/NPU_R12/work/par2_B/case_078_n2_B/selected_plan.json,e49d0f3fcab827ce5128442e68e204e10c4e6c9b1e2af53d37181ea4c0bfb2c8,e49d0f3fcab827ce5128442e68e204e10c4e6c9b1e2af53d37181ea4c0bfb2c8,/home/dreamboat/npu_r12_verify/NPU_R12/work/par2_B/case_078_n2_B/control/r7/control_r6/control_work/chainwave_result.official.json,/home/dreamboat/npu_r12_verify/NPU_R12/work/par2_L2/case_078_n2_L2/control/r7/control_r6/control_work/chainwave_result.official.json,8cd04e1b073049a37c096954ece854b449990c9fb933000757c431a6230a256f,identical_final_plan
case_078,3,2296143,720770,709786,709786,1.0154750868571654,1.0154750868571654,1.0,8054016,8054016,8054016,3224424,5197848,0.3828449140564446,0.3828449140564446,/home/dreamboat/npu_r12_verify/NPU_R12/work/par2_B/case_078_n3_B/selected_plan.json,57f7b973ac16640e6d551171e095ceb37b531d9c48da0edcec7ad4e79d873ac1,57f7b973ac16640e6d551171e095ceb37b531d9c48da0edcec7ad4e79d873ac1,/home/dreamboat/npu_r12_verify/NPU_R12/work/par2_B/case_078_n3_B/indexed_insertion/plan.meta.official.json,/home/dreamboat/npu_r12_verify/NPU_R12/work/par2_L2/case_078_n3_L2/indexed_insertion/plan.meta.official.json,d9162b67e7a5943a486fc35cd1757a16ccf4038077ec2867778b292fa6fc7ea7,identical_final_plan
case_078,4,2296143,568228,568228,568228,1.0,1.0,1.0,6445440,6445440,6445440,0,8692224,0.0,0.0,/home/dreamboat/npu_r12_verify/NPU_R12/work/par2_B/case_078_n4_B/selected_plan.json,c1f02cc0311bec3f5a7b7cbbff47a1786a3634d0992adccf9ad02028b23d0e56,c1f02cc0311bec3f5a7b7cbbff47a1786a3634d0992adccf9ad02028b23d0e56,/home/dreamboat/npu_r12_verify/NPU_R12/work/par2_B/case_078_n4_B/control/r7/control_r6/control_work/chainwave_result.official.json,/home/dreamboat/npu_r12_verify/NPU_R12/work/par2_L2/case_078_n4_L2/control/r7/control_r6/control_work/chainwave_result.official.json,80bab16e83e28edec4df8c973aa437a0166526a2d8f7a721bafd392f3af87a2d,identical_final_plan
case_078,5,2296143,481517,452545,452545,1.0640201526919975,1.0640201526919975,1.0,12822528,12822528,12822528,4644288,8310720,0.35849364199543526,0.35849364199543526,/home/dreamboat/npu_r12_verify/NPU_R12/work/reproduce_B5_r12/case_078_n5_B/selected_plan.json,a4b0a1078403c416809492d169dd51bf66f30ae77c4575ae9e3761d9c3f97693,a4b0a1078403c416809492d169dd51bf66f30ae77c4575ae9e3761d9c3f97693,/home/dreamboat/npu_r12_verify/NPU_R12/work/reproduce_B5_r12/case_078_n5_B/indexed_insertion/plan.meta.official.json,/home/dreamboat/npu_r12_verify/NPU_R12/work/par2_L2/case_078_n5_L2/indexed_insertion/plan.meta.official.json,6f0c4451b68dc77f452ff8e8b33b5a8424650d1bb5a9a6115418a7b39380e374,identical_final_plan
case_079,1,31052251,31052251,31052251,31052251,1.0,1.0,1.0,32448512,32448512,32448512,0,38260736,0.0,0.0,/home/dreamboat/npu_r12_verify/NPU_R12/work/one5_B1L21/case_079_n1_B/selected_plan.json,c7429985544f3d90c12124790829eeef8fcf7f7826af6cffb853ef315d51b39c,c7429985544f3d90c12124790829eeef8fcf7f7826af6cffb853ef315d51b39c,/home/dreamboat/npu_r12_verify/NPU_R12/work/one5_B1L21/case_079_n1_B/control/r7/control_r6/control_work/component_batch512_result.official.json,/home/dreamboat/npu_r12_verify/NPU_R12/work/one5_B1L21/case_079_n1_L2/control/r7/control_r6/control_work/component_batch512_result.official.json,abdc0021385a940884273a949e59b07d0c37b3304031ecb3210cc05585b62d17,identical_final_plan
case_079,2,31052251,15446486,15446486,15446486,1.0,1.0,1.0,31780864,31780864,31780864,0,37593088,0.0,0.0,/home/dreamboat/npu_r12_verify/NPU_R12/work/par5_B/case_079_n2_B/selected_plan.json,f601e5125b26a12a3d33afedab1d980fb871199bf20dcc4b7b87a57c6c473f1e,f601e5125b26a12a3d33afedab1d980fb871199bf20dcc4b7b87a57c6c473f1e,/home/dreamboat/npu_r12_verify/NPU_R12/work/par5_B/case_079_n2_B/control/r7/control_r6/control_work/component_batch512_result.official.json,/home/dreamboat/npu_r12_verify/NPU_R12/work/par5_L2/case_079_n2_L2/control/r7/control_r6/control_work/component_batch512_result.official.json,e33dbbd27e68e3fe9da242a80e2bb35df8473f1c305f1b443c918ca0a733923a,identical_final_plan
case_079,3,31052251,10140755,10140199,10140199,1.0000548312710629,1.0000548312710629,1.0,33890304,33890304,33890304,6146048,33556480,0.15480243474672445,0.15480243474672445,/home/dreamboat/npu_r12_verify/NPU_R12/work/par5_B/case_079_n3_B/selected_plan.json,2b0ad80c8643517c24d87e34e19cf9f1666b05cf4e31ed9f81275c2f8d68bbd0,2b0ad80c8643517c24d87e34e19cf9f1666b05cf4e31ed9f81275c2f8d68bbd0,/home/dreamboat/npu_r12_verify/NPU_R12/work/par5_B/case_079_n3_B/control/extra/m3_ordered_2048.official.json,/home/dreamboat/npu_r12_verify/NPU_R12/work/par5_L2/case_079_n3_L2/control/extra/m3_ordered_2048.official.json,2fc2629d5a6f3c725a320f9d5f698b965614b11b243de19b9800f9a16ec7a22b,identical_final_plan
case_079,4,31052251,7635624,7635624,7635624,1.0,1.0,1.0,30445568,30445568,30445568,0,36257792,0.0,0.0,/home/dreamboat/npu_r12_verify/NPU_R12/work/par5_B/case_079_n4_B/selected_plan.json,bea3a7194644d649c0435e060b191919eade0e87483a79da39aedd7034701dc5,bea3a7194644d649c0435e060b191919eade0e87483a79da39aedd7034701dc5,/home/dreamboat/npu_r12_verify/NPU_R12/work/par5_B/case_079_n4_B/control/r7/control_r6/control_work/component_batch512_result.official.json,/home/dreamboat/npu_r12_verify/NPU_R12/work/par5_L2/case_079_n4_L2/control/r7/control_r6/control_work/component_batch512_result.official.json,d6f73c104304ab2afdf7874f0c5d2879334aa3b59d78cd67ab3b7d52c65b4f14,identical_final_plan
case_079,5,31052251,6045667,6043668,6043668,1.0003307593997552,1.0003307593997552,1.0,31907840,31907840,31907840,8820736,28899328,0.23384732327071342,0.23384732327071342,/home/dreamboat/npu_r12_verify/NPU_R12/work/reproduce_B5_r12/case_079_n5_B/selected_plan.json,682555d5fd33729c5bdf22c14ca4c2ebe43fcba54c5b4e30282b7b87289c6fe8,682555d5fd33729c5bdf22c14ca4c2ebe43fcba54c5b4e30282b7b87289c6fe8,/home/dreamboat/npu_r12_verify/NPU_R12/work/reproduce_B5_r12/case_079_n5_B/control/r7/control_r6/control_work/component_ordered_result.official.json,/home/dreamboat/npu_r12_verify/NPU_R12/work/par5_L2/case_079_n5_L2/control/r7/control_r6/control_work/component_ordered_result.official.json,5286cdf2b71286fcf82d3c1a138ae66e02f7d64942739bdb1a050142582fee2c,identical_final_plan
case_080,1,292138,292138,291826,291826,1.0010691302351402,1.0010691302351402,1.0,548864,548864,548864,413696,2039808,0.1686143572621035,0.1686143572621035,/home/dreamboat/npu_r12_verify/NPU_R12/work/one6_B1L21/case_080_n1_B/selected_plan.json,ac164e995a70ec941f3dc5187eec8c42b30a4f521305e44accc650bdd9b73eae,ac164e995a70ec941f3dc5187eec8c42b30a4f521305e44accc650bdd9b73eae,/home/dreamboat/npu_r12_verify/NPU_R12/work/one6_B1L21/case_080_n1_B/control/r7/control_r6/control_work/components_result.official.json,/home/dreamboat/npu_r12_verify/NPU_R12/work/one6_B1L21/case_080_n1_L2/control/r7/control_r6/control_work/components_result.official.json,92e45b100a5fcb2fc5f3129eaf9321f9ebffeb2480d5da6da78f28034576ebc4,identical_final_plan
case_080,2,292138,145926,145674,145674,1.0017298900284197,1.0017298900284197,1.0,2191360,2191360,2191360,1785856,2310144,0.436,0.436,/home/dreamboat/npu_r12_verify/NPU_R12/work/par6_B/case_080_n2_B/selected_plan.json,da8c8fdc4eb45b7b4f9bd8aa5608faecb0652ca249eafb06a355f900db29807c,da8c8fdc4eb45b7b4f9bd8aa5608faecb0652ca249eafb06a355f900db29807c,/home/dreamboat/npu_r12_verify/NPU_R12/work/par6_B/case_080_n2_B/control/r7/control_r6/control_work/components_result.official.json,/home/dreamboat/npu_r12_verify/NPU_R12/work/par6_L2/case_080_n2_L2/control/r7/control_r6/control_work/components_result.official.json,1351e9834c37fb97b8ddbd24f4a41c1b0f00608d4aa242bd92b4553cfd68fc93,identical_final_plan
case_080,3,292138,100325,100325,100325,1.0,1.0,1.0,3047424,3047424,3047424,0,4952064,0.0,0.0,/home/dreamboat/npu_r12_verify/NPU_R12/work/par6_B/case_080_n3_B/selected_plan.json,f2884a7521f497df6be41793f90c6ec1c33e38899d3bce182a894c2f3e175ed2,f2884a7521f497df6be41793f90c6ec1c33e38899d3bce182a894c2f3e175ed2,/home/dreamboat/npu_r12_verify/NPU_R12/work/par6_B/case_080_n3_B/control/r7/control_r6/control_work/component_ordered_result.official.json,/home/dreamboat/npu_r12_verify/NPU_R12/work/par6_L2/case_080_n3_L2/control/r7/control_r6/control_work/component_ordered_result.official.json,7cc70f794e2bab5b734dc068005074bcd04d1b91a5bafe712910e77be03d5fcd,identical_final_plan
case_080,4,292138,100325,100325,90584,1.0,1.1075355471164885,1.1075355471164885,3047424,3047424,4190208,0,4952064,0.0,0.4583333333333333,/home/dreamboat/npu_r12_verify/NPU_R12/work/par6_B/case_080_n4_B/selected_plan.json,783d24fb93d8d5fb7633e3a144e041506ca6bcbc005e538d1d538155357df4f7,71236638c51b7ea445c3dccf0b2ba6eebd4d3b3f1a0116e1082be03b83ac1b8c,/home/dreamboat/npu_r12_verify/NPU_R12/work/par6_B/case_080_n4_B/control/extra/m3_components.official.json,/home/dreamboat/npu_r12_verify/closeout_q3_20260925_01/new_scores/case_080_n4_Bplan_L2/official.json,ffd2b15006ddc58f413c34af49d5e16cbd3cf29262957ae848744a232316c3bc,new_official_evaluation
case_080,5,292138,100325,100325,86025,1.0,1.166230746875908,1.166230746875908,3047424,3047424,4571136,0,4952064,0.0,0.3187855787476281,/home/dreamboat/npu_r12_verify/NPU_R12/work/reproduce_B5_r12/case_080_n5_B/selected_plan.json,0a4c426c412924331aa8636c67f3ec95e351e852541b3a598fb84fc92e2b1635,7e756a8bee47b367c72a674179ba0fef3463787c4cb61f5b0293a78491791d77,/home/dreamboat/npu_r12_verify/NPU_R12/work/reproduce_B5_r12/case_080_n5_B/control/extra/m3_components.official.json,/home/dreamboat/npu_r12_verify/closeout_q3_20260925_01/new_scores/case_080_n5_Bplan_L2/official.json,e99a6616fe1677d784f6ba4c6cc1bd0a4dae06741803319b9c12325260da1be3,new_official_evaluation
case_081,1,151795,151795,151795,151795,1.0,1.0,1.0,0,0,0,0,1044820,0.0,0.0,/home/dreamboat/npu_r12_verify/NPU_R12/work/one5_B1L21/case_081_n1_B/selected_plan.json,817287ed70fa7bc91016c1f44864af7fcebb7b917cbbb876bf9e7885099a7d4c,817287ed70fa7bc91016c1f44864af7fcebb7b917cbbb876bf9e7885099a7d4c,/home/dreamboat/npu_r12_verify/NPU_R12/work/one5_B1L21/case_081_n1_B/control/r7/control_r6/control_work/components_result.official.json,/home/dreamboat/npu_r12_verify/NPU_R12/work/one5_B1L21/case_081_n1_L2/control/r7/control_r6/control_work/components_result.official.json,0cd5f335fbcc9ea40dcf1bef0298a4f41e3598b958664ae44c3a73aa647ad397,identical_final_plan
case_081,2,151795,76860,76860,76860,1.0,1.0,1.0,0,0,0,0,1044820,0.0,0.0,/home/dreamboat/npu_r12_verify/NPU_R12/work/par5_B/case_081_n2_B/selected_plan.json,bcaa7622e5d88c81e1c2900fd0b3a5f2f6d6ec88ae724d03ef360e63b8e8243b,bcaa7622e5d88c81e1c2900fd0b3a5f2f6d6ec88ae724d03ef360e63b8e8243b,/home/dreamboat/npu_r12_verify/NPU_R12/work/par5_B/case_081_n2_B/control/r7/control_r6/control_work/components_result.official.json,/home/dreamboat/npu_r12_verify/NPU_R12/work/par5_L2/case_081_n2_L2/control/r7/control_r6/control_work/components_result.official.json,4e20da7d2e3c74343896ea44826877e62c262476157504c8a9baabae2c20c5e8,identical_final_plan
case_081,3,151795,51943,51943,51943,1.0,1.0,1.0,0,0,0,0,1044820,0.0,0.0,/home/dreamboat/npu_r12_verify/NPU_R12/work/par5_B/case_081_n3_B/selected_plan.json,f840e2ae900018f31630192231934a66b3c9992184c44bd84fac43207fa3bf81,f840e2ae900018f31630192231934a66b3c9992184c44bd84fac43207fa3bf81,/home/dreamboat/npu_r12_verify/NPU_R12/work/par5_B/case_081_n3_B/control/r7/control_r6/control_work/components_result.official.json,/home/dreamboat/npu_r12_verify/NPU_R12/work/par5_L2/case_081_n3_L2/control/r7/control_r6/control_work/components_result.official.json,e0610e54cdb72fa81238516aea0565b4b2a91135b82ef3c74947a08a54d3cf27,identical_final_plan
case_081,4,151795,39588,39588,39588,1.0,1.0,1.0,0,0,0,0,1044820,0.0,0.0,/home/dreamboat/npu_r12_verify/NPU_R12/work/par5_B/case_081_n4_B/selected_plan.json,5ffea793f2a4d23a7e569f43f670bdd42f459ac47946a028afa3c5d9e240bc6c,5ffea793f2a4d23a7e569f43f670bdd42f459ac47946a028afa3c5d9e240bc6c,/home/dreamboat/npu_r12_verify/NPU_R12/work/par5_B/case_081_n4_B/control/r7/control_r6/control_work/component_batch512_result.official.json,/home/dreamboat/npu_r12_verify/NPU_R12/work/par5_L2/case_081_n4_L2/control/r7/control_r6/control_work/component_batch512_result.official.json,e5976268ed3e28f0d0fb3860112e36aca6585545f42ce38480a19c783e973f4d,identical_final_plan
case_081,5,151795,30943,30943,30943,1.0,1.0,1.0,0,0,0,0,1044820,0.0,0.0,/home/dreamboat/npu_r12_verify/NPU_R12/work/reproduce_B5_r12/case_081_n5_B/selected_plan.json,e31d98e30de26260d538c8e60691d3d1d7e5532442819b6839437df1a4723a25,e31d98e30de26260d538c8e60691d3d1d7e5532442819b6839437df1a4723a25,/home/dreamboat/npu_r12_verify/NPU_R12/work/reproduce_B5_r12/case_081_n5_B/control/r7/control_r6/control_work/components_result.official.json,/home/dreamboat/npu_r12_verify/NPU_R12/work/par5_L2/case_081_n5_L2/control/r7/control_r6/control_work/components_result.official.json,2d637bd41cfc771d0110c5dbe4f9283005e89db1c267e38f87bc2c763f9e2096,identical_final_plan
case_082,1,721041,718790,717869,717869,1.0012829638833827,1.0012829638833827,1.0,597130,597130,597130,78730,825606,0.08705834999380761,0.08705834999380761,/home/dreamboat/npu_r12_verify/NPU_R12/work/one1_B1L21/case_082_n1_B/selected_plan.json,c8c3a37fb1c32c123c572c18f66bf0f4014d7d73b0fb89119f798d491103f8ce,c8c3a37fb1c32c123c572c18f66bf0f4014d7d73b0fb89119f798d491103f8ce,/home/dreamboat/npu_r12_verify/NPU_R12/work/one1_B1L21/case_082_n1_B/control/r7/control_r6/control_work/chainwave_result.official.json,/home/dreamboat/npu_r12_verify/NPU_R12/work/one1_B1L21/case_082_n1_L2/control/r7/control_r6/control_work/chainwave_result.official.json,a8c93f2f36378f75667d1dbab465948ac023c4b60130a1fb3cb1823f3e9e382a,identical_final_plan
case_082,2,721041,387499,387499,387499,1.0,1.0,1.0,3234278,3234278,3234278,106628,2146616,0.04732199442226408,0.04732199442226408,/home/dreamboat/npu_r12_verify/NPU_R12/work/par1_B/case_082_n2_B/selected_plan.json,2758ddd24e58f0818c271a5124b617cfa0961af542f7e798c8669f427b637e5c,2758ddd24e58f0818c271a5124b617cfa0961af542f7e798c8669f427b637e5c,/home/dreamboat/npu_r12_verify/NPU_R12/work/par1_B/case_082_n2_B/indexed_insertion/plan.meta.official.json,/home/dreamboat/npu_r12_verify/NPU_R12/work/par1_L2/case_082_n2_L2/indexed_insertion/plan.meta.official.json,3bd41761aa24e706d5901c1ea6503d8d4b618930462000e405c57ff4fd0f0f7e,identical_final_plan
case_082,3,721041,263881,263832,263832,1.0001857242487644,1.0001857242487644,1.0,2788460,2788460,2788460,373100,1772502,0.17389059107886737,0.17389059107886737,/home/dreamboat/npu_r12_verify/NPU_R12/work/par1_B/case_082_n3_B/selected_plan.json,061174191115c8b71d8861480502b8706c27fede20c7b862795b86e4235f5a00,061174191115c8b71d8861480502b8706c27fede20c7b862795b86e4235f5a00,/home/dreamboat/npu_r12_verify/NPU_R12/work/par1_B/case_082_n3_B/control/r7/control_r6/critical/critical_02_result.official.json,/home/dreamboat/npu_r12_verify/NPU_R12/work/par1_L2/case_082_n3_L2/control/r7/control_r6/critical/critical_02_result.official.json,39ec04a490ee9262fd27277a7cc891859a42a99e1c526595fa9fc7bd3d5a34db,identical_final_plan
case_082,4,721041,217255,210359,210359,1.0327820535370487,1.0327820535370487,1.0,6970608,6970608,6970608,1127550,3141960,0.2640935376659148,0.2640935376659148,/home/dreamboat/npu_r12_verify/NPU_R12/work/par1_B/case_082_n4_B/selected_plan.json,42f6e62dfa6b53636b2b4ae45529f09e6bd4fbaf6a8cfb96e6a9d0d4ba068d65,42f6e62dfa6b53636b2b4ae45529f09e6bd4fbaf6a8cfb96e6a9d0d4ba068d65,/home/dreamboat/npu_r12_verify/NPU_R12/work/par1_B/case_082_n4_B/indexed_insertion/plan.meta.official.json,/home/dreamboat/npu_r12_verify/NPU_R12/work/par1_L2/case_082_n4_L2/indexed_insertion/plan.meta.official.json,42cd32c50f8e7544c891fab5d4086ab13ac3b571710e9da7465b7a8376f89efd,identical_final_plan
case_082,5,721041,195543,194918,187467,1.0032064765696345,1.0430795820064331,1.0397456619031615,5194934,5194934,8565908,1323302,2199750,0.37561239516192213,0.3356988589645792,/home/dreamboat/npu_r12_verify/NPU_R12/work/reproduce_B5_r12/case_082_n5_B/selected_plan.json,a806c1890d4031206fbccc2fbc00a1fc79136745d3a9ff7fe23c9ea9a32f1313,0591fb51da79b504f4980444e84626f3de9a7184b113628f9a6f526c7f6506d9,/home/dreamboat/npu_r12_verify/NPU_R12/work/reproduce_B5_r12/case_082_n5_B/control/r7/control_r6/critical/critical_03_result.official.json,/home/dreamboat/npu_r12_verify/NPU_R12/work/par1_L2/case_082_n5_L2/control/r7/control_r6/critical/critical_03_result.official.json,18716e44834804223b3877d48f61eb23187fa09319a2bd586f1d112c83a6a6ba,existing_candidate
case_083,1,1057993,851601,851601,851601,1.0,1.0,1.0,262144,262144,262144,0,1315424,0.0,0.0,/home/dreamboat/npu_r12_verify/NPU_R12/work/one3_B1L21/case_083_n1_B/selected_plan.json,03d1aed5b03f00fea830b604c9524c4293c593b0087321d51d4251fef02d1f06,03d1aed5b03f00fea830b604c9524c4293c593b0087321d51d4251fef02d1f06,/home/dreamboat/npu_r12_verify/NPU_R12/work/one3_B1L21/case_083_n1_B/control/r7/control_r6/control_work/chainwave_result.official.json,/home/dreamboat/npu_r12_verify/NPU_R12/work/one3_B1L21/case_083_n1_L2/control/r7/control_r6/control_work/chainwave_result.official.json,c97a7654a1e93ff278f0bcb0bb657485a8f9dea423251b1b36a6fcebd21b9894,identical_final_plan
case_083,2,1057993,433315,433240,433240,1.0001731142092143,1.0001731142092143,1.0,930400,930400,930400,930112,1184640,0.43982083951215084,0.43982083951215084,/home/dreamboat/npu_r12_verify/NPU_R12/work/par3_B/case_083_n2_B/selected_plan.json,8570bf01ca1fa11d8f2dd7dde770ebb32068a44adf3550aca372f60197210208,8570bf01ca1fa11d8f2dd7dde770ebb32068a44adf3550aca372f60197210208,/home/dreamboat/npu_r12_verify/NPU_R12/work/par3_B/case_083_n2_B/control/r7/control_r6/control_work/chainwave_result.official.json,/home/dreamboat/npu_r12_verify/NPU_R12/work/par3_L2/case_083_n2_L2/control/r7/control_r6/control_work/chainwave_result.official.json,49aa9992c7db3febbb8cd308bb0591f718fa7702db9154d30d5760f6a3784db8,identical_final_plan
case_083,3,1057993,298003,298003,298003,1.0,1.0,1.0,1860800,1860800,1860800,930112,2115040,0.3054402538855203,0.3054402538855203,/home/dreamboat/npu_r12_verify/NPU_R12/work/par3_B/case_083_n3_B/selected_plan.json,8615156e8cef6fc148766f960d4f7c229f87e35636551e27cf447ef58542dc74,8615156e8cef6fc148766f960d4f7c229f87e35636551e27cf447ef58542dc74,/home/dreamboat/npu_r12_verify/NPU_R12/work/par3_B/case_083_n3_B/control/r7/control_r6/control_work/chainwave_result.official.json,/home/dreamboat/npu_r12_verify/NPU_R12/work/par3_L2/case_083_n3_L2/control/r7/control_r6/control_work/chainwave_result.official.json,65e72e8eedc91485d12608a7d13395e86b734154fe81b336f265c773c93fc2bb,identical_final_plan
case_083,4,1057993,219344,219344,219344,1.0,1.0,1.0,2791200,2791200,2791200,2790336,1185216,0.7018738529894717,0.7018738529894717,/home/dreamboat/npu_r12_verify/NPU_R12/work/par3_B/case_083_n4_B/selected_plan.json,5dcf303ec1550deaf9cb304462da3a43772a5eae2e86b77308f9fae4f6521a1f,5dcf303ec1550deaf9cb304462da3a43772a5eae2e86b77308f9fae4f6521a1f,/home/dreamboat/npu_r12_verify/NPU_R12/work/par3_B/case_083_n4_B/control/r7/control_r6/control_work/chainwave_result.official.json,/home/dreamboat/npu_r12_verify/NPU_R12/work/par3_L2/case_083_n4_L2/control/r7/control_r6/control_work/chainwave_result.official.json,fa23317ae59e45b7ac55684d470fddd785d0bc134ace09a7b47c831cf67eea06,identical_final_plan
case_083,5,1057993,191867,190890,190890,1.0051181308607051,1.0051181308607051,1.0,3721600,3721600,3721600,930112,3975840,0.18958848353999386,0.18958848353999386,/home/dreamboat/npu_r12_verify/NPU_R12/work/reproduce_B5_r12/case_083_n5_B/selected_plan.json,7c616f6fcbea0295ba08b2cca45ea37cf8a3083986b38d0ddbbd749d30c0c129,7c616f6fcbea0295ba08b2cca45ea37cf8a3083986b38d0ddbbd749d30c0c129,/home/dreamboat/npu_r12_verify/NPU_R12/work/reproduce_B5_r12/case_083_n5_B/control/r7/control_r6/control_work/chainwave_result.official.json,/home/dreamboat/npu_r12_verify/NPU_R12/work/par3_L2/case_083_n5_L2/control/r7/control_r6/control_work/chainwave_result.official.json,e31329c3336e0e4ddc1a8178f7402a01067df89dff20d41cdf7e69d33cceec50,identical_final_plan
case_084,1,2507412,2191327,2191327,2191327,1.0,1.0,1.0,29453952,29453952,29453952,0,29488554,0.0,0.0,/home/dreamboat/npu_r12_verify/NPU_R12/work/one3_B1L21/case_084_n1_B/selected_plan.json,1c3276ccdf845325637d66b130365c34f4874bc10a4688dc871a5b0a3e230edf,1c3276ccdf845325637d66b130365c34f4874bc10a4688dc871a5b0a3e230edf,/home/dreamboat/npu_r12_verify/NPU_R12/work/one3_B1L21/case_084_n1_B/control/r7/control_r6/control_work/chainwave_result.official.json,/home/dreamboat/npu_r12_verify/NPU_R12/work/one3_B1L21/case_084_n1_L2/control/r7/control_r6/control_work/chainwave_result.official.json,9fac63dac97455c8865518a242136d59bacf286eb3c2cc456d63d0e04295627e,identical_final_plan
case_084,2,2507412,1168951,1168951,1168951,1.0,1.0,1.0,28717440,28717440,28717440,0,28991274,0.0,0.0,/home/dreamboat/npu_r12_verify/NPU_R12/work/par3_B/case_084_n2_B/selected_plan.json,0d7742b63f0e48193bd83c9be902107d0ef02c1aaa18c4517c817ebee54d1f3b,0d7742b63f0e48193bd83c9be902107d0ef02c1aaa18c4517c817ebee54d1f3b,/home/dreamboat/npu_r12_verify/NPU_R12/work/par3_B/case_084_n2_B/control/r7/control_r6/control_work/chainwave_result.official.json,/home/dreamboat/npu_r12_verify/NPU_R12/work/par3_L2/case_084_n2_L2/control/r7/control_r6/control_work/chainwave_result.official.json,af7e824394e2e6520a01e74ba3d1e8393b6971c145faa672eee5bc6f14ee72c0,identical_final_plan
case_084,3,2507412,836220,836220,836220,1.0,1.0,1.0,0,0,0,0,9927786,0.0,0.0,/home/dreamboat/npu_r12_verify/NPU_R12/work/par3_B/case_084_n3_B/selected_plan.json,5729cc6667b1ba2dea255bee3dc8ab00bc8735ad41dfe6132488980ddac2889c,5729cc6667b1ba2dea255bee3dc8ab00bc8735ad41dfe6132488980ddac2889c,/home/dreamboat/npu_r12_verify/NPU_R12/work/par3_B/case_084_n3_B/control/r7/control_r6/control_work/component_batch512_result.official.json,/home/dreamboat/npu_r12_verify/NPU_R12/work/par3_L2/case_084_n3_L2/control/r7/control_r6/control_work/component_batch512_result.official.json,fe9fc751a31aa679d29eb0b9a6690bb70a01341c6e37e96c73c712b782825c2a,identical_final_plan
case_084,4,2507412,629028,629028,629028,1.0,1.0,1.0,0,0,0,0,9927786,0.0,0.0,/home/dreamboat/npu_r12_verify/NPU_R12/work/par3_B/case_084_n4_B/selected_plan.json,5aca5dd30fc30cebe7af9dc308de1d970dcd6b9de3c5805a141540899776e189,5aca5dd30fc30cebe7af9dc308de1d970dcd6b9de3c5805a141540899776e189,/home/dreamboat/npu_r12_verify/NPU_R12/work/par3_B/case_084_n4_B/control/r7/control_r6/control_work/component_batch512_result.official.json,/home/dreamboat/npu_r12_verify/NPU_R12/work/par3_L2/case_084_n4_L2/control/r7/control_r6/control_work/component_batch512_result.official.json,b2a88c84b697246f0bf07aa7f528232e60ffa7dd0f27eae57865c44413845701,identical_final_plan
case_084,5,2507412,503472,503472,503472,1.0,1.0,1.0,0,0,0,0,9927786,0.0,0.0,/home/dreamboat/npu_r12_verify/NPU_R12/work/reproduce_B5_r12/case_084_n5_B/selected_plan.json,be8495761ed37edad83deb414fd10217a9e65c178fb9e1cb20598980b7f68632,be8495761ed37edad83deb414fd10217a9e65c178fb9e1cb20598980b7f68632,/home/dreamboat/npu_r12_verify/NPU_R12/work/reproduce_B5_r12/case_084_n5_B/control/r7/control_r6/control_work/component_batch512_result.official.json,/home/dreamboat/npu_r12_verify/NPU_R12/work/par3_L2/case_084_n5_L2/control/r7/control_r6/control_work/component_batch512_result.official.json,c07358f71817f83dd151be6d3a76a0a793445b57948d191452208989d76bf7a7,identical_final_plan
case_085,1,3187899,3187899,3187899,3187899,1.0,1.0,1.0,0,0,0,0,1655942,0.0,0.0,/home/dreamboat/npu_r12_verify/NPU_R12/work/one4_B1L21/case_085_n1_B/selected_plan.json,9b8ad9b3cbd6f0a1243f1e70c9ddc5f073fa13ae44bc081fc57c90b5b6e5f792,9b8ad9b3cbd6f0a1243f1e70c9ddc5f073fa13ae44bc081fc57c90b5b6e5f792,/home/dreamboat/npu_r12_verify/NPU_R12/work/one4_B1L21/case_085_n1_B/control/r7/control_r6/control_work/components_result.official.json,/home/dreamboat/npu_r12_verify/NPU_R12/work/one4_B1L21/case_085_n1_L2/control/r7/control_r6/control_work/components_result.official.json,119e0cfa552ca6f5d06c077f30c278e2985f1dddfbf5ee3138c2f70ff7ba48ff,identical_final_plan
case_085,2,3187899,1810774,1810773,1810773,1.0000005522503372,1.0000005522503372,1.0,9335690,9335690,9335690,327738,6217334,0.05007400988102194,0.05007400988102194,/home/dreamboat/npu_r12_verify/NPU_R12/work/par4_B/case_085_n2_B/selected_plan.json,3d466a757218c73325bdff507d23090cafcf3bc3ed773a338de2a730cc4fdd30,3d466a757218c73325bdff507d23090cafcf3bc3ed773a338de2a730cc4fdd30,/home/dreamboat/npu_r12_verify/NPU_R12/work/par4_B/case_085_n2_B/control/r7/control_r6/control_work/chainwave_result.official.json,/home/dreamboat/npu_r12_verify/NPU_R12/work/par4_L2/case_085_n2_L2/control/r7/control_r6/control_work/chainwave_result.official.json,52aa0a7484c9cee88df012f2e415cc702ced2dc9ff94ed0bb2a6be00b5458f00,identical_final_plan
case_085,3,3187899,1228758,1224333,1224333,1.003614212799949,1.003614212799949,1.0,29372396,29372396,29372396,2905818,14036520,0.17151221986009252,0.17151221986009252,/home/dreamboat/npu_r12_verify/NPU_R12/work/par4_B/case_085_n3_B/selected_plan.json,056fad514f3408eb978daddc8dbdb00bafd953f806ebc7a840589141fc1b5c8a,056fad514f3408eb978daddc8dbdb00bafd953f806ebc7a840589141fc1b5c8a,/home/dreamboat/npu_r12_verify/NPU_R12/work/par4_B/case_085_n3_B/indexed_insertion/plan.meta.official.json,/home/dreamboat/npu_r12_verify/NPU_R12/work/par4_L2/case_085_n3_L2/indexed_insertion/plan.meta.official.json,9b592dcbae62c1e21141b2e73703e0e2c44d21fd21e0506215929671770f4fec,identical_final_plan
case_085,4,3187899,938020,923869,923869,1.0153171066460722,1.0153171066460722,1.0,29385842,29385842,29385842,3809510,13131938,0.22486330566312868,0.22486330566312868,/home/dreamboat/npu_r12_verify/NPU_R12/work/par4_B/case_085_n4_B/selected_plan.json,b4609bf989d85c642a9568e1b0833f63a5b99e5669a698244f100670d2477121,b4609bf989d85c642a9568e1b0833f63a5b99e5669a698244f100670d2477121,/home/dreamboat/npu_r12_verify/NPU_R12/work/par4_B/case_085_n4_B/indexed_insertion/plan.meta.official.json,/home/dreamboat/npu_r12_verify/NPU_R12/work/par4_L2/case_085_n4_L2/indexed_insertion/plan.meta.official.json,049f6e9e451eaa9cadebc22512036c1e74b9f65d22bca6bf6232c03a3e50ac21,identical_final_plan
case_085,5,3187899,822333,817718,813738,1.0056437549375212,1.010562367739985,1.0048910091454497,22587672,22587672,40853464,4939000,9162534,0.350245583211018,0.32588414584113595,/home/dreamboat/npu_r12_verify/NPU_R12/work/reproduce_B5_r12/case_085_n5_B/selected_plan.json,6148fb26a13b7ce68b7c403c8a178453c6e87e23b38e8fb1cfaef94763242e4b,034cbf4532688f967e59f1c82b422aaf087080456a5c828d1e7603d8df929233,/home/dreamboat/npu_r12_verify/NPU_R12/work/reproduce_B5_r12/case_085_n5_B/control/r7/control_r6/control_work/chainwave_result.official.json,/home/dreamboat/npu_r12_verify/NPU_R12/work/par4_L2/case_085_n5_L2/control/r7/control_r6/control_work/chainwave_result.official.json,c35e695f7778e2f803a4edbb50ec618570ffb06a1172957748c20820bd1390a3,existing_candidate
case_086,1,118403,105557,105557,105557,1.0,1.0,1.0,155146,155146,155146,10,398694,2.5081263293069546e-05,2.5081263293069546e-05,/home/dreamboat/npu_r12_verify/NPU_R12/work/one5_B1L21/case_086_n1_B/selected_plan.json,a43ffcaba33a3faf9917d95752c891ea12d49b7257240b684d10a10a152e1bae,a43ffcaba33a3faf9917d95752c891ea12d49b7257240b684d10a10a152e1bae,/home/dreamboat/npu_r12_verify/NPU_R12/work/one5_B1L21/case_086_n1_B/indexed_insertion/plan.meta.official.json,/home/dreamboat/npu_r12_verify/NPU_R12/work/one5_B1L21/case_086_n1_L2/indexed_insertion/plan.meta.official.json,a3810192398adc3eb557e11cdbe369587fe39374223a1e3639b22a3e4f270042,identical_final_plan
case_086,2,118403,67521,67520,67520,1.0000148104265403,1.0000148104265403,1.0,1185860,1185860,1185860,117506,907192,0.11467378681328548,0.11467378681328548,/home/dreamboat/npu_r12_verify/NPU_R12/work/par5_B/case_086_n2_B/selected_plan.json,49e3186442579a399a769964e39a95f1a79424cd9ac27b0438afdad6868f8c3d,49e3186442579a399a769964e39a95f1a79424cd9ac27b0438afdad6868f8c3d,/home/dreamboat/npu_r12_verify/NPU_R12/work/par5_B/case_086_n2_B/control/r7/control_r6/critical/critical_00_result.official.json,/home/dreamboat/npu_r12_verify/NPU_R12/work/par5_L2/case_086_n2_L2/control/r7/control_r6/critical/critical_00_result.official.json,fb19163b494b0850f5b46def8b79079b82f5523dedd880b16b56c76ced92256b,identical_final_plan
case_086,3,118403,60328,59919,59919,1.0068258816068358,1.0068258816068358,1.0,1851498,1851498,1851498,250858,1130518,0.18160008571163824,0.18160008571163824,/home/dreamboat/npu_r12_verify/NPU_R12/work/par5_B/case_086_n3_B/selected_plan.json,ff40fdd157dca8ad4c2ddb7aec70fad05e8f55a8561733c3a20ebeb718038b63,ff40fdd157dca8ad4c2ddb7aec70fad05e8f55a8561733c3a20ebeb718038b63,/home/dreamboat/npu_r12_verify/NPU_R12/work/par5_B/case_086_n3_B/control/r7/control_r6/critical/critical_02_result.official.json,/home/dreamboat/npu_r12_verify/NPU_R12/work/par5_L2/case_086_n3_L2/control/extra/B_plan_evaluated_in_L2.official.json,bb95bddf021053f3c15fbbf90d1f51b876e317a4e4619165b1618dbf74917db7,identical_final_plan
case_086,4,118403,55557,52040,51263,1.0675826287471175,1.0837641183699744,1.0151571308741196,2269390,2269390,2266894,517164,1166520,0.3071621515676338,0.32039970614038216,/home/dreamboat/npu_r12_verify/NPU_R12/work/par5_B/case_086_n4_B/selected_plan.json,aafd4db7e00122153ef485fe91d63b0b5582c143fa3db8b154efd32723aab929,cd784ea7fa16e3d0a66be8130edaf54ac17fce0d3167c1bc8c33270bc22632e7,/home/dreamboat/npu_r12_verify/NPU_R12/work/par5_B/case_086_n4_B/control/r7/control_r6/critical/critical_02_result.official.json,/home/dreamboat/npu_r12_verify/NPU_R12/work/par5_L2/case_086_n4_L2/control/extra/B_plan_evaluated_in_L2.official.json,a130bb9f29fefec940c2440621bcb48e53c2ca7b757e4ac2ead75899c4377390,existing_candidate
case_086,5,118403,55557,52040,51263,1.0675826287471175,1.0837641183699744,1.0151571308741196,2269390,2269390,2266894,517164,1166520,0.3071621515676338,0.32039970614038216,/home/dreamboat/npu_r12_verify/NPU_R12/work/reproduce_B5_r12/case_086_n5_B/selected_plan.json,7118f180f7d4fa280b9e516d5ff58b63b5f3795156074e110f99fe73a772a9e9,f0e5a67102ed5e972bc2d345403e171f81b5aa5fefd96dea20790e7bc61fb62e,/home/dreamboat/npu_r12_verify/NPU_R12/work/reproduce_B5_r12/case_086_n5_B/control/r7/control_r6/critical/critical_02_result.official.json,/home/dreamboat/npu_r12_verify/NPU_R12/work/par5_L2/case_086_n5_L2/control/extra/B_plan_evaluated_in_L2.official.json,dc93d0c9a2662de5b57dde23fd6c3613e7aa5bba83a0bd0653e6c982629738e7,existing_candidate
case_087,1,3974071,3974071,3969779,3969779,1.0010811684982968,1.0010811684982968,1.0,7902720,7902720,7902720,2534400,11287004,0.18336776784760794,0.18336776784760794,/home/dreamboat/npu_r12_verify/NPU_R12/work/one5_B1L21/case_087_n1_B/selected_plan.json,29946f7d5e4acf97a69d28aa0d718c66a521eb820fae74d5385e1cc98af42a0a,29946f7d5e4acf97a69d28aa0d718c66a521eb820fae74d5385e1cc98af42a0a,/home/dreamboat/npu_r12_verify/NPU_R12/work/one5_B1L21/case_087_n1_B/control/r7/control_r6/control_work/components_result.official.json,/home/dreamboat/npu_r12_verify/NPU_R12/work/one5_B1L21/case_087_n1_L2/control/r7/control_r6/control_work/components_result.official.json,826eceb9e3d1bb40375187bbc70663cb4a3c40c6b58f7ab3d20aee09e928c558,identical_final_plan
case_087,2,3974071,1987606,1984150,1984150,1.001741803795076,1.001741803795076,1.0,10142208,10142208,10142208,4746240,11314652,0.29551534248533645,0.29551534248533645,/home/dreamboat/npu_r12_verify/NPU_R12/work/par5_B/case_087_n2_B/selected_plan.json,d5156ca2a77b1d8120aa93eaabe6f36fc14f6cd3836292f2d44ae8b33ee29650,d5156ca2a77b1d8120aa93eaabe6f36fc14f6cd3836292f2d44ae8b33ee29650,/home/dreamboat/npu_r12_verify/NPU_R12/work/par5_B/case_087_n2_B/control/r7/control_r6/control_work/components_result.official.json,/home/dreamboat/npu_r12_verify/NPU_R12/work/par5_L2/case_087_n2_L2/control/r7/control_r6/control_work/components_result.official.json,7ad6e2799e125d81efaa750e580fb6fee5c30674d4d65c9a4b4515184b456c92,identical_final_plan
case_087,3,3974071,1371815,1371815,1371815,1.0,1.0,1.0,5465088,5465088,5465088,2511360,8872412,0.22060877536900775,0.22060877536900775,/home/dreamboat/npu_r12_verify/NPU_R12/work/par5_B/case_087_n3_B/selected_plan.json,3fe1eb3498713f5a2d222ed717c17b6a28da14a03df1c433c4d32c1cb0710a66,3fe1eb3498713f5a2d222ed717c17b6a28da14a03df1c433c4d32c1cb0710a66,/home/dreamboat/npu_r12_verify/NPU_R12/work/par5_B/case_087_n3_B/control/r7/control_r6/control_work/component_ordered_result.official.json,/home/dreamboat/npu_r12_verify/NPU_R12/work/par5_L2/case_087_n3_L2/control/r7/control_r6/control_work/component_ordered_result.official.json,deffc458c98e43f33efb4371ea90adcb761686ee30f40010933ac1e8e3215d11,identical_final_plan
case_087,4,3974071,1069325,1069325,1069325,1.0,1.0,1.0,7133184,7133184,7133184,2990592,10061276,0.2291313396672415,0.2291313396672415,/home/dreamboat/npu_r12_verify/NPU_R12/work/par5_B/case_087_n4_B/selected_plan.json,0eb19f3d1f3664a4d35e13deedeaaf4313e97fbc16f343ed1491bc64cef6322b,0eb19f3d1f3664a4d35e13deedeaaf4313e97fbc16f343ed1491bc64cef6322b,/home/dreamboat/npu_r12_verify/NPU_R12/work/par5_B/case_087_n4_B/control/r7/control_r6/control_work/component_ordered_result.official.json,/home/dreamboat/npu_r12_verify/NPU_R12/work/par5_L2/case_087_n4_L2/control/r7/control_r6/control_work/component_ordered_result.official.json,30b1f6726d5f8e6f15bf70c2ba9567f39beb8ec87c0a44a2af91cf2af4c64a76,identical_final_plan
case_087,5,3974071,885221,885221,885221,1.0,1.0,1.0,8050176,8050176,8050176,2962944,11005916,0.21211065183558286,0.21211065183558286,/home/dreamboat/npu_r12_verify/NPU_R12/work/reproduce_B5_r12/case_087_n5_B/selected_plan.json,baa7466364768ae181768c319d3385a52024187ee81bffe4b0439a4b2bff7a9c,baa7466364768ae181768c319d3385a52024187ee81bffe4b0439a4b2bff7a9c,/home/dreamboat/npu_r12_verify/NPU_R12/work/reproduce_B5_r12/case_087_n5_B/control/r7/control_r6/control_work/component_ordered_result.official.json,/home/dreamboat/npu_r12_verify/NPU_R12/work/par5_L2/case_087_n5_L2/control/r7/control_r6/control_work/component_ordered_result.official.json,f7d38733d078ec1bc7c812bbf3ec7a68f94567ef98f6ba0c20c452c972df26f3,identical_final_plan
case_088,1,243623,219593,219539,219539,1.0002459699643345,1.0002459699643345,1.0,544128,544128,544128,25600,2088994,0.012106342872437925,0.012106342872437925,/home/dreamboat/npu_r12_verify/NPU_R12/work/one6_B1L21/case_088_n1_B/selected_plan.json,8e8071454505dcf586f07a08d10fd2a2880c1d25c9c91386ec77b1123b6e538c,8e8071454505dcf586f07a08d10fd2a2880c1d25c9c91386ec77b1123b6e538c,/home/dreamboat/npu_r12_verify/NPU_R12/work/one6_B1L21/case_088_n1_B/indexed_insertion/plan.meta.official.json,/home/dreamboat/npu_r12_verify/NPU_R12/work/one6_B1L21/case_088_n1_L2/indexed_insertion/plan.meta.official.json,d5aa3e086f2f9fc49744806ec5be4e3ffed86c7457af569e11650cc7cbf81ca2,identical_final_plan
case_088,2,243623,134265,133573,133573,1.0051806877138343,1.0051806877138343,1.0,2582030,2582030,2582030,374470,3043078,0.10957271119527802,0.10957271119527802,/home/dreamboat/npu_r12_verify/NPU_R12/work/par6_B/case_088_n2_B/selected_plan.json,8cfeeaad5b0efb3dc1974c4dbf3e3034fc96df18eb49c9272be165bc15539662,8cfeeaad5b0efb3dc1974c4dbf3e3034fc96df18eb49c9272be165bc15539662,/home/dreamboat/npu_r12_verify/NPU_R12/work/par6_B/case_088_n2_B/indexed_insertion/plan.meta.official.json,/home/dreamboat/npu_r12_verify/NPU_R12/work/par6_L2/case_088_n2_L2/indexed_insertion/plan.meta.official.json,7fa005e66666f767f5a69a64390c5200cbaf50c31c83acf144cbd30f981cb49a,identical_final_plan
case_088,3,243623,117498,114232,112104,1.028590937740738,1.0481160351102548,1.0189823735103118,2337262,2337262,4023768,997066,2663508,0.27237968690156245,0.19866928573665818,/home/dreamboat/npu_r12_verify/NPU_R12/work/par6_B/case_088_n3_B/selected_plan.json,bd88129ecf0d0cdcc08baf5c6662198c89324238211f47f16c8dea694270787d,be4aaa4a70f515218a2f6d6470881cfeaec5c07da8236c4930eaeb4740c6386b,/home/dreamboat/npu_r12_verify/NPU_R12/work/par6_B/case_088_n3_B/control/r7/control_r6/critical/critical_02_result.official.json,/home/dreamboat/npu_r12_verify/NPU_R12/work/par6_L2/case_088_n3_L2/control/extra/B_plan_evaluated_in_L2.official.json,a949ac1d347d55c9254a3302326243e55cdcdd5cf4919c9a2b5c7a3dbb07dddb,existing_candidate
case_088,4,243623,98539,94102,91991,1.0471509638477396,1.0711808763900816,1.022947897076888,2683862,2683862,2712598,772446,3078166,0.2006034365446324,0.20629230171817978,/home/dreamboat/npu_r12_verify/NPU_R12/work/par6_B/case_088_n4_B/selected_plan.json,bfd20db12c296916198123727e69c4ed25215170df11731c53013c2de3b1ac30,612e39ada8f9388d9ff288e275e0ebf2c311eefddc35e52d5f74d3d0692d7bf9,/home/dreamboat/npu_r12_verify/NPU_R12/work/par6_B/case_088_n4_B/control/r7/control_r6/critical/critical_00_result.official.json,/home/dreamboat/npu_r12_verify/NPU_R12/work/par6_L2/case_088_n4_L2/control/r7/control_r6/critical/critical_01_result.official.json,d09704e369c70203db4ff69e5de5fe77960fc79602361391f8659b645d851aa6,existing_candidate
case_088,5,243623,98539,94102,91991,1.0471509638477396,1.0711808763900816,1.022947897076888,2683862,2683862,2712598,772446,3078166,0.2006034365446324,0.20629230171817978,/home/dreamboat/npu_r12_verify/NPU_R12/work/reproduce_B5_r12/case_088_n5_B/selected_plan.json,a3c323b78cc9bae8223c01315e24b03e70a6fc15f3ad199c9730ecad764fe52e,fb6c3f915c4953224d19fc8030809b965b22fdfbed7a235152cf0a7eebcb8bbc,/home/dreamboat/npu_r12_verify/NPU_R12/work/reproduce_B5_r12/case_088_n5_B/control/r7/control_r6/critical/critical_00_result.official.json,/home/dreamboat/npu_r12_verify/NPU_R12/work/par6_L2/case_088_n5_L2/control/r7/control_r6/critical/critical_01_result.official.json,6e0d513732fb2edb606f33321650eab2503a2f9d637f3d9be7bc20218247f0a9,existing_candidate
case_089,1,693092,659152,659152,659152,1.0,1.0,1.0,0,0,0,0,402560,0.0,0.0,/home/dreamboat/npu_r12_verify/NPU_R12/work/one3_B1L21/case_089_n1_B/selected_plan.json,34e4e47b7e637dd5ea06a362c4d9f7507c6730b9be1bdf91a6a10bb06daaa4ee,34e4e47b7e637dd5ea06a362c4d9f7507c6730b9be1bdf91a6a10bb06daaa4ee,/home/dreamboat/npu_r12_verify/NPU_R12/work/one3_B1L21/case_089_n1_B/control/r7/control_r6/control_work/chainwave_result.official.json,/home/dreamboat/npu_r12_verify/NPU_R12/work/one3_B1L21/case_089_n1_L2/control/r7/control_r6/control_work/chainwave_result.official.json,0bbaddd8c9bf260853f9860c6757d0f4a2fa099d4e6df1e1ae5e27ef2b877950,identical_final_plan
case_089,2,693092,329430,329430,329430,1.0,1.0,1.0,238720,238720,238720,0,641280,0.0,0.0,/home/dreamboat/npu_r12_verify/NPU_R12/work/par3_B/case_089_n2_B/selected_plan.json,312c4302e2838b3128b33cacc5695675d3e7dceb766528f8ee10316f13fbd37c,312c4302e2838b3128b33cacc5695675d3e7dceb766528f8ee10316f13fbd37c,/home/dreamboat/npu_r12_verify/NPU_R12/work/par3_B/case_089_n2_B/control/r7/control_r6/control_work/chainwave_result.official.json,/home/dreamboat/npu_r12_verify/NPU_R12/work/par3_L2/case_089_n2_L2/control/r7/control_r6/control_work/chainwave_result.official.json,43166b1d48f4ce0ac19be0c72133a316b531959fef6a76d66b19565b43a41f6d,identical_final_plan
case_089,3,693092,229298,229298,229298,1.0,1.0,1.0,477440,477440,477440,238648,641352,0.2711909090909091,0.2711909090909091,/home/dreamboat/npu_r12_verify/NPU_R12/work/par3_B/case_089_n3_B/selected_plan.json,f92bd8c5478663a1b385a40ead679b7eba82f9f503ced744040dda0aca2342ea,f92bd8c5478663a1b385a40ead679b7eba82f9f503ced744040dda0aca2342ea,/home/dreamboat/npu_r12_verify/NPU_R12/work/par3_B/case_089_n3_B/control/r7/control_r6/control_work/chainwave_result.official.json,/home/dreamboat/npu_r12_verify/NPU_R12/work/par3_L2/case_089_n3_L2/control/r7/control_r6/control_work/chainwave_result.official.json,55e4f1eef169ddb664ff69153c792ef7c2e243b85e6d1d6979157c67e455174a,identical_final_plan
case_089,4,693092,165616,165616,165616,1.0,1.0,1.0,716160,716160,716160,0,1118720,0.0,0.0,/home/dreamboat/npu_r12_verify/NPU_R12/work/par3_B/case_089_n4_B/selected_plan.json,66c922fad583c1813189eb861fcbe7b6a5add0fc8978d8fc38f36e2e90c15508,66c922fad583c1813189eb861fcbe7b6a5add0fc8978d8fc38f36e2e90c15508,/home/dreamboat/npu_r12_verify/NPU_R12/work/par3_B/case_089_n4_B/control/r7/control_r6/control_work/chainwave_result.official.json,/home/dreamboat/npu_r12_verify/NPU_R12/work/par3_L2/case_089_n4_L2/control/r7/control_r6/control_work/chainwave_result.official.json,bc9212bc61bed30a5c791c06d732fd159f645e1df720ccdecdc8b0913f857a1d,identical_final_plan
case_089,5,693092,133338,133338,133338,1.0,1.0,1.0,954880,954880,954880,0,1357440,0.0,0.0,/home/dreamboat/npu_r12_verify/NPU_R12/work/reproduce_B5_r12/case_089_n5_B/selected_plan.json,1572fb641252c87d66195e4ac1b2dd83eb72d325d7d00001b7d60b09c38c32d5,1572fb641252c87d66195e4ac1b2dd83eb72d325d7d00001b7d60b09c38c32d5,/home/dreamboat/npu_r12_verify/NPU_R12/work/reproduce_B5_r12/case_089_n5_B/control/r7/control_r6/control_work/chainwave_result.official.json,/home/dreamboat/npu_r12_verify/NPU_R12/work/par3_L2/case_089_n5_L2/control/r7/control_r6/control_work/chainwave_result.official.json,235406ce34a86d871d090d8e8cf75958279cbe78f10530694b14e9b562741580,identical_final_plan
case_090,1,1178363,882630,882630,882630,1.0,1.0,1.0,0,0,0,0,2188416,0.0,0.0,/home/dreamboat/npu_r12_verify/NPU_R12/work/one6_B1L21/case_090_n1_B/selected_plan.json,0c957da4334bc59f28a2e509664f0bfe18cdd27dbbee2b062186bfab6ee27b16,0c957da4334bc59f28a2e509664f0bfe18cdd27dbbee2b062186bfab6ee27b16,/home/dreamboat/npu_r12_verify/NPU_R12/work/one6_B1L21/case_090_n1_B/indexed_insertion/plan.meta.official.json,/home/dreamboat/npu_r12_verify/NPU_R12/work/one6_B1L21/case_090_n1_L2/indexed_insertion/plan.meta.official.json,72d2ba0847fbd20470cc6144df756e977e7b3ddae5c25b3e486d16b3aa14a0c4,identical_final_plan
case_090,2,1178363,454440,456431,456431,0.9956378948844403,0.9956378948844403,1.0,2341200,2341200,2341200,1608120,2823192,0.36289929483638256,0.36289929483638256,/home/dreamboat/npu_r12_verify/NPU_R12/work/par6_B/case_090_n2_B/selected_plan.json,945430b6cc40b8ecca266615487ce0caf9f77fefe7aec49cf686774c9b6aa384,945430b6cc40b8ecca266615487ce0caf9f77fefe7aec49cf686774c9b6aa384,/home/dreamboat/npu_r12_verify/NPU_R12/work/par6_B/case_090_n2_B/control/r7/control_r6/critical/critical_00_result.official.json,/home/dreamboat/npu_r12_verify/NPU_R12/work/par6_L2/case_090_n2_L2/control/r7/control_r6/critical/critical_00_result.official.json,d3e4150027476895ea107d377533abef92faa83d3c9137e5b4d1d6a963aafafe,identical_final_plan
case_090,3,1178363,337795,324619,312336,1.0405891214007805,1.0815115772757544,1.0393262384099176,4490496,4490496,4409088,3584808,2997336,0.5446261886704393,0.6038853830349281,/home/dreamboat/npu_r12_verify/NPU_R12/work/par6_B/case_090_n3_B/selected_plan.json,699fd98062c2de10e2a6dd37238d7961040f5397e1cc4e99000f8360182f3eeb,7d6bde50c04ce621cecc0bbdfcf3b230acd22c910d36bbb65ad2987efe6c0c0f,/home/dreamboat/npu_r12_verify/NPU_R12/work/par6_B/case_090_n3_B/control/r7/control_r6/control_work/chainwave_result.official.json,/home/dreamboat/npu_r12_verify/NPU_R12/work/par6_L2/case_090_n3_L2/control/r7/control_r6/control_work/chainwave_result.official.json,c0bcb99398ec0307d2f0afa1648d81e4a65764462dbb7a2e5bbe7037a51afdcc,existing_candidate
case_090,4,1178363,295164,251921,248631,1.171653018208089,1.187156871025737,1.0132324609561962,6514560,6514560,6515328,4033224,4635192,0.4652780854079915,0.4652574750830565,/home/dreamboat/npu_r12_verify/NPU_R12/work/par6_B/case_090_n4_B/selected_plan.json,d281cd29b7439d4167d1c7cab2e2bfab95e1e2eab50190a1237d6c93aa6596e4,8f59bcf48eae06bff835f046bb1f8c5e794c4be9207f0e5a0d878ce633ac26ad,/home/dreamboat/npu_r12_verify/NPU_R12/work/par6_B/case_090_n4_B/control/r7/control_r6/critical/critical_03_result.official.json,/home/dreamboat/npu_r12_verify/NPU_R12/work/par6_L2/case_090_n4_L2/control/extra/B_plan_evaluated_in_L2.official.json,9df5d0685c7b9dfcf9ec21aadd49f8c820073f28a754d02f19371920d807df09,existing_candidate
case_090,5,1178363,274650,273577,248631,1.003922113335551,1.1046490582429382,1.1003334258398993,8606208,8606208,6515328,505512,10282968,0.046856647090229575,0.4652574750830565,/home/dreamboat/npu_r12_verify/NPU_R12/work/reproduce_B5_r12/case_090_n5_B/selected_plan.json,3193dc790321d2d3c91cd8883166d28eb2d838eafbd16111909a5a0076fe597c,6b4ee2917c428bf8be682bb44506bac09370e0b858c64f24a9215f6a5e7070ef,/home/dreamboat/npu_r12_verify/NPU_R12/work/reproduce_B5_r12/case_090_n5_B/control/r7/control_r6/control_work/migrate0_result.official.json,/home/dreamboat/npu_r12_verify/NPU_R12/work/par6_L2/case_090_n5_L2/control/r7/control_r6/control_work/migrate0_result.official.json,23a4ca4b4a1f4b7bdae2a34aab424128dde459022ffa7b16a59de3ab175d1790,existing_candidate
case_091,1,9186769,9186769,9168820,9168820,1.001957612866214,1.001957612866214,1.0,53947008,53947008,53947008,6374016,54108672,0.10538579237748164,0.10538579237748164,/home/dreamboat/npu_r12_verify/NPU_R12/work/one3_B1L21/case_091_n1_B/selected_plan.json,1190ac1122cac6a54fc2810f976f0590d871b99c4d3084ae1605d70c271a1f55,1190ac1122cac6a54fc2810f976f0590d871b99c4d3084ae1605d70c271a1f55,/home/dreamboat/npu_r12_verify/NPU_R12/work/one3_B1L21/case_091_n1_B/control/r7/control_r6/control_work/components_result.official.json,/home/dreamboat/npu_r12_verify/NPU_R12/work/one3_B1L21/case_091_n1_L2/control/r7/control_r6/control_work/components_result.official.json,616175a1475045c1428a7ba3f4114bfdd72b5bf0be000d50eb655a65229a264d,identical_final_plan
case_091,2,9186769,4571759,4569395,4569395,1.0005173551422015,1.0005173551422015,1.0,57904096,57904096,57904096,11590464,52849312,0.17986505725904448,0.17986505725904448,/home/dreamboat/npu_r12_verify/NPU_R12/work/par3_B/case_091_n2_B/selected_plan.json,3ca69de9ab8c8e3df29ff4dd912cacb8135f41fe1f43cae134fa6544532b9986,3ca69de9ab8c8e3df29ff4dd912cacb8135f41fe1f43cae134fa6544532b9986,/home/dreamboat/npu_r12_verify/NPU_R12/work/par3_B/case_091_n2_B/control/r7/control_r6/control_work/components_result.official.json,/home/dreamboat/npu_r12_verify/NPU_R12/work/par3_L2/case_091_n2_L2/control/r7/control_r6/control_work/components_result.official.json,4da776ed4d298cc4144a0856a6db8a5a6f52a1c63d729d9b5a9c5bb075c0c8b8,identical_final_plan
case_091,3,9186769,3053553,3044780,3070819,1.002881324759096,0.9943773957370982,0.9915205031621858,33286976,33286976,64602944,11336512,28486144,0.2846749347908889,0.24462705379288754,/home/dreamboat/npu_r12_verify/NPU_R12/work/par3_B/case_091_n3_B/selected_plan.json,8918e6f9f32e2088d8662209dfb9ad68512f1b204183d2dfd37ecd29c59d23cc,edb005ee952a4eca00f923c538a71f0fe5a52b1dbf84f1de3af4827df6e94f04,/home/dreamboat/npu_r12_verify/NPU_R12/work/par3_B/case_091_n3_B/control/r7/control_r6/control_work/component_ordered_result.official.json,/home/dreamboat/npu_r12_verify/closeout_q3_20260925_01/new_scores/case_091_n3_Bplan_L2/official.json,b871a3eb372e5cbe09ff8f50c3a5a31d32778598fd3ad85ed3a65e9263964526,new_official_evaluation
case_091,4,9186769,2290698,2290222,2307637,1.0002078401133165,0.9926595907415248,0.9924533191312152,35909280,35909280,69360288,10464704,31980256,0.24654762308646302,0.2804179531645212,/home/dreamboat/npu_r12_verify/NPU_R12/work/par3_B/case_091_n4_B/selected_plan.json,ddb78bc937ff0b313a1142e8e548b0b2d8c313acebd7f79fd81ab983fc88531a,858480a9d089eaa241c2c93a1834f79c771ecce65ae9ee732bef7cb9797c7014,/home/dreamboat/npu_r12_verify/NPU_R12/work/par3_B/case_091_n4_B/control/r7/control_r6/control_work/component_ordered_result.official.json,/home/dreamboat/npu_r12_verify/closeout_q3_20260925_01/new_scores/case_091_n4_Bplan_L2/official.json,da29d99e09fe14b2e3b2af6b22b3530944135e7eedc3176f06310e127f41a040,new_official_evaluation
case_091,5,9186769,1848187,1848050,1848050,1.000074132193393,1.000074132193393,1.0,39725056,39725056,39725056,11180768,35079968,0.2416902316469846,0.2416902316469846,/home/dreamboat/npu_r12_verify/NPU_R12/work/reproduce_B5_r12/case_091_n5_B/selected_plan.json,78efb35f7d29c2c33d59a45793d7f793e232c76ef3afef87741708bf64490175,78efb35f7d29c2c33d59a45793d7f793e232c76ef3afef87741708bf64490175,/home/dreamboat/npu_r12_verify/NPU_R12/work/reproduce_B5_r12/case_091_n5_B/control/r7/control_r6/control_work/component_ordered_result.official.json,/home/dreamboat/npu_r12_verify/NPU_R12/work/par3_L2/case_091_n5_L2/control/r7/control_r6/control_work/component_ordered_result.official.json,16bb6cbbde47c7012632b04c077ae9c1f171ce0ae16b1732a448faab25238267,identical_final_plan
case_092,1,4815554,4373417,4358155,4333631,1.0035019406147785,1.0091807539682083,1.005658995885898,29294592,29294592,66000096,1056768,17498720,0.05695177620766428,0.7935495964003455,/home/dreamboat/npu_r12_verify/NPU_R12/work/one6_B1L21/case_092_n1_B/selected_plan.json,e9f7eae32dd0b22b1303b808664c0880c84d27878cde98c21d7d18c78f16cd2d,ec4b0e905872022945551bc256f02a23d7c91910461f01becb550d2e4a84ec9c,/home/dreamboat/npu_r12_verify/NPU_R12/work/one6_B1L21/case_092_n1_B/control/r7/control_r6/control_work/chainwave_result.official.json,/home/dreamboat/npu_r12_verify/NPU_R12/work/one6_B1L21/case_092_n1_L2/control/r7/control_r6/control_work/chainwave_result.official.json,61597fe47836f9b72e95be39f57011999e1a82eb4ccbbcabcda49f41d0b04f97,existing_candidate
case_092,2,4815554,2162750,2161490,2161490,1.0005829312187426,1.0005829312187426,1.0,16642656,16642656,16642656,98304,11150528,0.008739040639952664,0.008739040639952664,/home/dreamboat/npu_r12_verify/NPU_R12/work/par6_B/case_092_n2_B/selected_plan.json,8717c8dad8c8c651a6153bb0315fb6ee902ac039494d871c561d203d4ba46278,8717c8dad8c8c651a6153bb0315fb6ee902ac039494d871c561d203d4ba46278,/home/dreamboat/npu_r12_verify/NPU_R12/work/par6_B/case_092_n2_B/control/r7/control_r6/control_work/chainwave_result.official.json,/home/dreamboat/npu_r12_verify/NPU_R12/work/par6_L2/case_092_n2_L2/control/r7/control_r6/control_work/chainwave_result.official.json,79760fe97877518b78062c7ba6674a1e2bca3abccd29d0cd451fdc38e65a9907,identical_final_plan
case_092,3,4815554,1418789,1421140,1421140,0.9983456943017578,0.9983456943017578,1.0,10675392,10675392,10675392,930112,7431648,0.11123399858403016,0.11123399858403016,/home/dreamboat/npu_r12_verify/NPU_R12/work/par6_B/case_092_n3_B/selected_plan.json,f52c750ecaafd7797459968e93a3e97f2b0d5c0ad05f147262f16045dd7f2277,f52c750ecaafd7797459968e93a3e97f2b0d5c0ad05f147262f16045dd7f2277,/home/dreamboat/npu_r12_verify/NPU_R12/work/par6_B/case_092_n3_B/control/r7/control_r6/control_work/chainwave_result.official.json,/home/dreamboat/npu_r12_verify/NPU_R12/work/par6_L2/case_092_n3_L2/control/r7/control_r6/control_work/chainwave_result.official.json,a0574b22d7138e37c2d94fe9f6cd66ff46ff116fc871c65fba556c8039d71675,identical_final_plan
case_092,4,4815554,1033609,1018349,1018349,1.0149850395100304,1.0149850395100304,1.0,6788896,6788896,6788896,1860224,5023488,0.27023559381914874,0.27023559381914874,/home/dreamboat/npu_r12_verify/NPU_R12/work/par6_B/case_092_n4_B/selected_plan.json,f0a8b71936d6abf44cd9ffc6284fbf8a568ec1b1598446c1b271c0448759e85b,f0a8b71936d6abf44cd9ffc6284fbf8a568ec1b1598446c1b271c0448759e85b,/home/dreamboat/npu_r12_verify/NPU_R12/work/par6_B/case_092_n4_B/control/r7/control_r6/control_work/chainwave_result.official.json,/home/dreamboat/npu_r12_verify/NPU_R12/work/par6_L2/case_092_n4_L2/control/r7/control_r6/control_work/chainwave_result.official.json,48bd5c94be4686395c739e1b3f6387214c65dffaf35d83773cffebe2346a50e5,identical_final_plan
case_092,5,4815554,814597,816728,816728,0.997390808200527,0.997390808200527,1.0,4606336,4606336,4606336,1270400,4987232,0.20301609298852985,0.20301609298852985,/home/dreamboat/npu_r12_verify/NPU_R12/work/reproduce_B5_r12/case_092_n5_B/selected_plan.json,11b59e166f04e644526939af92a058001be9ea881d2039a0f1ac847d8e7a7aad,11b59e166f04e644526939af92a058001be9ea881d2039a0f1ac847d8e7a7aad,/home/dreamboat/npu_r12_verify/NPU_R12/work/reproduce_B5_r12/case_092_n5_B/control/r7/control_r6/control_work/chainwave_result.official.json,/home/dreamboat/npu_r12_verify/NPU_R12/work/par6_L2/case_092_n5_L2/control/r7/control_r6/control_work/chainwave_result.official.json,2d1bcfef2238900052c703dc91fa2c569a8a43218e45549a69fefac7f31a01c9,identical_final_plan
case_093,1,74205,74205,74205,74205,1.0,1.0,1.0,0,0,0,0,573440,0.0,0.0,/home/dreamboat/npu_r12_verify/NPU_R12/work/one3_B1L21/case_093_n1_B/selected_plan.json,fed673116eec092fb7dc3f03ccd7a7fce4a838851a75908650d1dde8ff42a4fa,fed673116eec092fb7dc3f03ccd7a7fce4a838851a75908650d1dde8ff42a4fa,/home/dreamboat/npu_r12_verify/NPU_R12/work/one3_B1L21/case_093_n1_B/control/r7/control_r6/control_work/components_result.official.json,/home/dreamboat/npu_r12_verify/NPU_R12/work/one3_B1L21/case_093_n1_L2/control/r7/control_r6/control_work/components_result.official.json,7ae357bc764d9ade2d9ad6c9561d05816fe549e492d579b85216dc0d2ec5b2fb,identical_final_plan
case_093,2,74205,37827,37827,37827,1.0,1.0,1.0,8192,8192,8192,0,581632,0.0,0.0,/home/dreamboat/npu_r12_verify/NPU_R12/work/par3_B/case_093_n2_B/selected_plan.json,d7592e5c94aa602ccbfbdcd528f570f39f3f317c88160c7621b9459efbb2a5d6,d7592e5c94aa602ccbfbdcd528f570f39f3f317c88160c7621b9459efbb2a5d6,/home/dreamboat/npu_r12_verify/NPU_R12/work/par3_B/case_093_n2_B/control/r7/control_r6/control_work/components_result.official.json,/home/dreamboat/npu_r12_verify/NPU_R12/work/par3_L2/case_093_n2_L2/control/r7/control_r6/control_work/components_result.official.json,7e4a4c78b1445e504cb1cd87637967ce2b3f5d20b63cc8627a92bfa8003c8587,identical_final_plan
case_093,3,74205,25103,25103,25103,1.0,1.0,1.0,16384,16384,16384,0,589824,0.0,0.0,/home/dreamboat/npu_r12_verify/NPU_R12/work/par3_B/case_093_n3_B/selected_plan.json,fd10f4f82062f4262791ce81521beb26c8bb9ad105b50e11ccafa5b571b87859,fd10f4f82062f4262791ce81521beb26c8bb9ad105b50e11ccafa5b571b87859,/home/dreamboat/npu_r12_verify/NPU_R12/work/par3_B/case_093_n3_B/control/r7/control_r6/control_work/components_result.official.json,/home/dreamboat/npu_r12_verify/NPU_R12/work/par3_L2/case_093_n3_L2/control/r7/control_r6/control_work/components_result.official.json,d721c98c757c9f15583231823ede1290f7eea984ff79d732baff7ff7cd9bf976,identical_final_plan
case_093,4,74205,19779,19779,19779,1.0,1.0,1.0,24576,24576,24576,0,598016,0.0,0.0,/home/dreamboat/npu_r12_verify/NPU_R12/work/par3_B/case_093_n4_B/selected_plan.json,61123485c4781301ef8a0a859acbfd0342fb8db44b2751d2d8ab12cd4a8d0110,61123485c4781301ef8a0a859acbfd0342fb8db44b2751d2d8ab12cd4a8d0110,/home/dreamboat/npu_r12_verify/NPU_R12/work/par3_B/case_093_n4_B/control/r7/control_r6/control_work/component_ordered_result.official.json,/home/dreamboat/npu_r12_verify/NPU_R12/work/par3_L2/case_093_n4_L2/control/r7/control_r6/control_work/component_ordered_result.official.json,320672424d2c77bfe2f3f13c9c9fe861f49a247833f31c77cf02f1f810e54c7c,identical_final_plan
case_093,5,74205,15876,15876,15876,1.0,1.0,1.0,32768,32768,32768,0,606208,0.0,0.0,/home/dreamboat/npu_r12_verify/NPU_R12/work/reproduce_B5_r12/case_093_n5_B/selected_plan.json,8c003af8fbe0d6f4ecc6c743ad68031c0c0077a83a758fd28dabb4f0de7d8fc4,8c003af8fbe0d6f4ecc6c743ad68031c0c0077a83a758fd28dabb4f0de7d8fc4,/home/dreamboat/npu_r12_verify/NPU_R12/work/reproduce_B5_r12/case_093_n5_B/control/r7/control_r6/control_work/component_ordered_result.official.json,/home/dreamboat/npu_r12_verify/NPU_R12/work/par3_L2/case_093_n5_L2/control/r7/control_r6/control_work/component_ordered_result.official.json,3f6e6bb0c4f40868036c34279d39703bfc5c02d4036540b2644f73ae7de5e79a,identical_final_plan
case_094,1,94892,84874,84874,84874,1.0,1.0,1.0,458752,458752,458752,24576,688416,0.03446882994479601,0.03446882994479601,/home/dreamboat/npu_r12_verify/NPU_R12/work/one4_B1L21/case_094_n1_B/selected_plan.json,c94ed5c49e67c6edb80c65633e1b3de1a60c3a4e494ba64f9e8b933cd39d7734,c94ed5c49e67c6edb80c65633e1b3de1a60c3a4e494ba64f9e8b933cd39d7734,/home/dreamboat/npu_r12_verify/NPU_R12/work/one4_B1L21/case_094_n1_B/indexed_insertion/plan.meta.official.json,/home/dreamboat/npu_r12_verify/NPU_R12/work/one4_B1L21/case_094_n1_L2/indexed_insertion/plan.meta.official.json,193efbb4136e737c2fe935edfef893273eba446e6a9dc84a48ecc2b4f2c138b3,identical_final_plan
case_094,2,94892,48430,48430,48430,1.0,1.0,1.0,106272,106272,106272,106272,471328,0.18398891966759004,0.18398891966759004,/home/dreamboat/npu_r12_verify/NPU_R12/work/par4_B/case_094_n2_B/selected_plan.json,b28a1cc8b148cf1b0d8b40a3a1699c632b317e982cc4c959127c21e5a3c96e8c,b28a1cc8b148cf1b0d8b40a3a1699c632b317e982cc4c959127c21e5a3c96e8c,/home/dreamboat/npu_r12_verify/NPU_R12/work/par4_B/case_094_n2_B/control/r7/control_r6/control_work/component_ordered_result.official.json,/home/dreamboat/npu_r12_verify/NPU_R12/work/par4_L2/case_094_n2_L2/control/r7/control_r6/control_work/component_ordered_result.official.json,be3ccb0e7b5ba74920f466240bca5865111fcc76a830fae1f2ccd19da2a3ee49,identical_final_plan
case_094,3,94892,35024,35039,35039,0.999571905590913,0.999571905590913,1.0,737860,737860,737860,122432,815906,0.13047750384189918,0.13047750384189918,/home/dreamboat/npu_r12_verify/NPU_R12/work/par4_B/case_094_n3_B/selected_plan.json,d5edd367a136fb29b5c6c3c373ef3d27c3d2905ba9687c6050ee5d2576c71ee8,d5edd367a136fb29b5c6c3c373ef3d27c3d2905ba9687c6050ee5d2576c71ee8,/home/dreamboat/npu_r12_verify/NPU_R12/work/par4_B/case_094_n3_B/control/r7/control_r6/critical/critical_00_result.official.json,/home/dreamboat/npu_r12_verify/NPU_R12/work/par4_L2/case_094_n3_L2/control/r7/control_r6/critical/critical_00_result.official.json,6169e964005206ae9bffc86c8165d5f487d7bd1b81c139d32bb0fce243bdec91,identical_final_plan
case_094,4,94892,27182,26940,26940,1.0089829250185598,1.0089829250185598,1.0,318816,318816,318816,313920,476224,0.3972946703385712,0.3972946703385712,/home/dreamboat/npu_r12_verify/NPU_R12/work/par4_B/case_094_n4_B/selected_plan.json,1457411dccd5151ecdf866a3ad866b401b5b3c24395ef55d0426683e8fdbb74a,1457411dccd5151ecdf866a3ad866b401b5b3c24395ef55d0426683e8fdbb74a,/home/dreamboat/npu_r12_verify/NPU_R12/work/par4_B/case_094_n4_B/control/r7/control_r6/control_work/component_ordered_result.official.json,/home/dreamboat/npu_r12_verify/NPU_R12/work/par4_L2/case_094_n4_L2/control/r7/control_r6/control_work/component_ordered_result.official.json,fc0138ff4e5e0bae68c88af2876904caf72d94283e313d5ae1abda670fbfd481,identical_final_plan
case_094,5,94892,20297,20152,20152,1.007195315601429,1.007195315601429,1.0,259200,259200,259200,87840,642688,0.12024179771343467,0.12024179771343467,/home/dreamboat/npu_r12_verify/NPU_R12/work/reproduce_B5_r12/case_094_n5_B/selected_plan.json,7b916e86714fbed1cc2879e08ae159e75a629e9bcc838fbb925895cf5824567d,7b916e86714fbed1cc2879e08ae159e75a629e9bcc838fbb925895cf5824567d,/home/dreamboat/npu_r12_verify/NPU_R12/work/reproduce_B5_r12/case_094_n5_B/control/r7/control_r6/control_work/component_ordered_result.official.json,/home/dreamboat/npu_r12_verify/NPU_R12/work/par4_L2/case_094_n5_L2/control/r7/control_r6/control_work/component_ordered_result.official.json,db06fe966a12ce59c02ef76f97a6d36cd559906019af8fcff0931d325ab194b9,identical_final_plan
case_095,1,2084853,2084853,2084853,2084853,1.0,1.0,1.0,0,0,0,0,8516508,0.0,0.0,/home/dreamboat/npu_r12_verify/NPU_R12/work/one4_B1L21/case_095_n1_B/selected_plan.json,85928873dccff668f9ab0933d127bfcb55c3d2023fa6a0ddc47502d486a28caf,85928873dccff668f9ab0933d127bfcb55c3d2023fa6a0ddc47502d486a28caf,/home/dreamboat/npu_r12_verify/NPU_R12/work/one4_B1L21/case_095_n1_B/control/r7/control_r6/control_work/component_batch512_result.official.json,/home/dreamboat/npu_r12_verify/NPU_R12/work/one4_B1L21/case_095_n1_L2/control/r7/control_r6/control_work/component_batch512_result.official.json,db3990b7c607b37ec8858db25b75d915fdaaded30e94cdcfab99d35e4483d771,identical_final_plan
case_095,2,2084853,1042890,1042890,1042890,1.0,1.0,1.0,0,0,0,0,8516508,0.0,0.0,/home/dreamboat/npu_r12_verify/NPU_R12/work/par4_B/case_095_n2_B/selected_plan.json,dda49d4dd589f36e73116ada0d0b528e2f03e0b278d83bad56be19176f3944c6,dda49d4dd589f36e73116ada0d0b528e2f03e0b278d83bad56be19176f3944c6,/home/dreamboat/npu_r12_verify/NPU_R12/work/par4_B/case_095_n2_B/control/r7/control_r6/control_work/component_batch512_result.official.json,/home/dreamboat/npu_r12_verify/NPU_R12/work/par4_L2/case_095_n2_L2/control/r7/control_r6/control_work/component_batch512_result.official.json,bb68a590ac87fd7bd1454e3219f6d3c86e3511d4ea9bf6b8622a3ca3b1294bb6,identical_final_plan
case_095,3,2084853,695775,695775,695775,1.0,1.0,1.0,0,0,0,0,8516508,0.0,0.0,/home/dreamboat/npu_r12_verify/NPU_R12/work/par4_B/case_095_n3_B/selected_plan.json,4ed5a55121d62f97b65b1b0e33b5d4df05d2ec3134591402cb4e030a6efa3c77,4ed5a55121d62f97b65b1b0e33b5d4df05d2ec3134591402cb4e030a6efa3c77,/home/dreamboat/npu_r12_verify/NPU_R12/work/par4_B/case_095_n3_B/control/r7/control_r6/control_work/component_batch512_result.official.json,/home/dreamboat/npu_r12_verify/NPU_R12/work/par4_L2/case_095_n3_L2/control/r7/control_r6/control_work/component_batch512_result.official.json,3da96f2d5b141a464fd9b19277819e19f0064a5ef8da2171ecf07553af5d28d4,identical_final_plan
case_095,4,2084853,524422,524422,524422,1.0,1.0,1.0,0,0,0,0,8516508,0.0,0.0,/home/dreamboat/npu_r12_verify/NPU_R12/work/par4_B/case_095_n4_B/selected_plan.json,e7eefbfd2dba8e6a4af37466717ae538e2b1d8a4180a0c09969ba0528f49e8e0,e7eefbfd2dba8e6a4af37466717ae538e2b1d8a4180a0c09969ba0528f49e8e0,/home/dreamboat/npu_r12_verify/NPU_R12/work/par4_B/case_095_n4_B/control/r7/control_r6/control_work/component_batch512_result.official.json,/home/dreamboat/npu_r12_verify/NPU_R12/work/par4_L2/case_095_n4_L2/control/r7/control_r6/control_work/component_batch512_result.official.json,70dc00640339e37df3292fe3d602ba7dc1fa8d8bcbc2a16d4bed315a7a11eeb7,identical_final_plan
case_095,5,2084853,420852,420852,420852,1.0,1.0,1.0,0,0,0,0,8516508,0.0,0.0,/home/dreamboat/npu_r12_verify/NPU_R12/work/reproduce_B5_r12/case_095_n5_B/selected_plan.json,48ac5e6b84b747c682b73d8cd6b6432837591511b7e7b36c9790e1fd5051034d,48ac5e6b84b747c682b73d8cd6b6432837591511b7e7b36c9790e1fd5051034d,/home/dreamboat/npu_r12_verify/NPU_R12/work/reproduce_B5_r12/case_095_n5_B/control/r7/control_r6/control_work/component_batch512_result.official.json,/home/dreamboat/npu_r12_verify/NPU_R12/work/par4_L2/case_095_n5_L2/control/r7/control_r6/control_work/component_batch512_result.official.json,2cdce4c613af237ee55cb3dbb3758978c7230f3add616eafc5f0f31e23062120,identical_final_plan
case_096,1,84194,75393,75393,75393,1.0,1.0,1.0,107552,107552,107552,4096,261988,0.0153936350926775,0.0153936350926775,/home/dreamboat/npu_r12_verify/NPU_R12/work/one3_B1L21/case_096_n1_B/selected_plan.json,bd51a75641c9709df39dddb5184798368bca9c3f03e6a5bbf00e4efb76cbe869,bd51a75641c9709df39dddb5184798368bca9c3f03e6a5bbf00e4efb76cbe869,/home/dreamboat/npu_r12_verify/NPU_R12/work/one3_B1L21/case_096_n1_B/indexed_insertion/plan.meta.official.json,/home/dreamboat/npu_r12_verify/NPU_R12/work/one3_B1L21/case_096_n1_L2/indexed_insertion/plan.meta.official.json,51c336cdd188af1dcd0ce9956e8a17c80868c690caffb70a96d3b6b60c8da3f2,identical_final_plan
case_096,2,84194,41837,40991,40991,1.0206386767827085,1.0206386767827085,1.0,719692,719692,719692,113472,531802,0.17585087885146464,0.17585087885146464,/home/dreamboat/npu_r12_verify/NPU_R12/work/par3_B/case_096_n2_B/selected_plan.json,7d6c8d93656667c6f9149797b5a2553b70d8baae1569c1c0aa06a5236aeba61d,7d6c8d93656667c6f9149797b5a2553b70d8baae1569c1c0aa06a5236aeba61d,/home/dreamboat/npu_r12_verify/NPU_R12/work/par3_B/case_096_n2_B/indexed_insertion/plan.meta.official.json,/home/dreamboat/npu_r12_verify/NPU_R12/work/par3_L2/case_096_n2_L2/indexed_insertion/plan.meta.official.json,7ba98c5b109b9ea6e7c5121b5230ef216558d9bd2e50332ad5ca1af5b2212de2,identical_final_plan
case_096,3,84194,30611,30611,30252,1.0,1.0118669840010577,1.0118669840010577,67392,67392,934048,67392,210260,0.2427211041159437,0.2648618739449944,/home/dreamboat/npu_r12_verify/NPU_R12/work/par3_B/case_096_n3_B/selected_plan.json,09097a6e1b3ac976a8ba6a12755e66ae0d8aca3b1d2be7a156db19d2cff0d190,dc4d2cc66f72b12d1d1065f8ad93ac73eb50299a84d47c60d6cbddc6b3697b75,/home/dreamboat/npu_r12_verify/NPU_R12/work/par3_B/case_096_n3_B/control/r7/control_r6/control_work/component_ordered_result.official.json,/home/dreamboat/npu_r12_verify/NPU_R12/work/par3_L2/case_096_n3_L2/control/r7/control_r6/control_work/component_ordered_result.official.json,a346d0f8b77f4e90c6da124fb6ea38b32c4f82e145d0fc88f4c4203dde14930c,existing_candidate
case_096,4,84194,26984,26984,26984,1.0,1.0,1.0,78336,78336,78336,78336,210260,0.2714382735727453,0.2714382735727453,/home/dreamboat/npu_r12_verify/NPU_R12/work/par3_B/case_096_n4_B/selected_plan.json,d3a8c64b6eae729ae6f5d68ea8cd30249c6cbbbfe69904c5ab3c9e2ec0c46227,d3a8c64b6eae729ae6f5d68ea8cd30249c6cbbbfe69904c5ab3c9e2ec0c46227,/home/dreamboat/npu_r12_verify/NPU_R12/work/par3_B/case_096_n4_B/control/r7/control_r6/control_work/component_ordered_result.official.json,/home/dreamboat/npu_r12_verify/NPU_R12/work/par3_L2/case_096_n4_L2/control/r7/control_r6/control_work/component_ordered_result.official.json,82587aedc3205f2a6b5f826c39b55092f362f9dd810eb694311bb68cd81426f1,identical_final_plan
case_096,5,84194,25183,24363,24363,1.0336575955342118,1.0336575955342118,1.0,623148,623148,623148,270098,426872,0.3875317445514154,0.3875317445514154,/home/dreamboat/npu_r12_verify/NPU_R12/work/reproduce_B5_r12/case_096_n5_B/selected_plan.json,6671b96d3e477ed450199249b3ef9c3aa364a1754aa6281609ffe3d6347dbd49,6671b96d3e477ed450199249b3ef9c3aa364a1754aa6281609ffe3d6347dbd49,/home/dreamboat/npu_r12_verify/NPU_R12/work/reproduce_B5_r12/case_096_n5_B/control/r7/control_r6/critical/critical_00_result.official.json,/home/dreamboat/npu_r12_verify/NPU_R12/work/par3_L2/case_096_n5_L2/control/r7/control_r6/critical/critical_00_result.official.json,1c4b21d7af000fc41f6d87d778497675927870b54ae268ef4ccd7708fe19265e,identical_final_plan
case_097,1,11491509,11491509,11491509,11491509,1.0,1.0,1.0,10584064,10584064,10584064,0,14843904,0.0,0.0,/home/dreamboat/npu_r12_verify/NPU_R12/work/one1_B1L21/case_097_n1_B/selected_plan.json,21e87c9a6bdc39139c8f50206ce8a85fc7d8816a4f0325aae040dca5011be414,21e87c9a6bdc39139c8f50206ce8a85fc7d8816a4f0325aae040dca5011be414,/home/dreamboat/npu_r12_verify/NPU_R12/work/one1_B1L21/case_097_n1_B/control/r7/control_r6/control_work/component_batch512_result.official.json,/home/dreamboat/npu_r12_verify/NPU_R12/work/one1_B1L21/case_097_n1_L2/control/r7/control_r6/control_work/component_batch512_result.official.json,f09b0b6947580debab40e8f96f7bc57d69e0831fc2a30c938fa4dc3ed3c4d17f,identical_final_plan
case_097,2,11491509,5617602,5617602,5617602,1.0,1.0,1.0,11796480,11796480,11796480,0,16056320,0.0,0.0,/home/dreamboat/npu_r12_verify/NPU_R12/work/par1_B/case_097_n2_B/selected_plan.json,f13c1f1a4be8ad934331a08dffc70918acbcdf30e8b70f3a4d71d3dba10a44bc,f13c1f1a4be8ad934331a08dffc70918acbcdf30e8b70f3a4d71d3dba10a44bc,/home/dreamboat/npu_r12_verify/NPU_R12/work/par1_B/case_097_n2_B/control/r7/control_r6/control_work/component_batch512_result.official.json,/home/dreamboat/npu_r12_verify/NPU_R12/work/par1_L2/case_097_n2_L2/control/r7/control_r6/control_work/component_batch512_result.official.json,f0bdd69ff6361d2c8a1726029f5f3400fbbdaa1f8e6f49d1991ef45023f3b25c,identical_final_plan
case_097,3,11491509,3660459,3660338,3660338,1.0000330570564795,1.0000330570564795,1.0,16031744,16031744,16031744,4458496,15833088,0.2197214372224465,0.2197214372224465,/home/dreamboat/npu_r12_verify/NPU_R12/work/par1_B/case_097_n3_B/selected_plan.json,e1209bc3bd7b8e4b7b9d48ff5d8cbb61258c8ceb912cfb07270fb49f9c60afc5,e1209bc3bd7b8e4b7b9d48ff5d8cbb61258c8ceb912cfb07270fb49f9c60afc5,/home/dreamboat/npu_r12_verify/NPU_R12/work/par1_B/case_097_n3_B/control/r7/control_r6/control_work/components_result.official.json,/home/dreamboat/npu_r12_verify/NPU_R12/work/par1_L2/case_097_n3_L2/control/r7/control_r6/control_work/components_result.official.json,8c0400ca887ebd82e4e5a0ceabdccf1e8ec8f892d3eff6c4a9ed166761b4cdbf,identical_final_plan
case_097,4,11491509,2626908,2626908,2626908,1.0,1.0,1.0,14221312,14221312,14221312,770048,17711104,0.041666666666666664,0.041666666666666664,/home/dreamboat/npu_r12_verify/NPU_R12/work/par1_B/case_097_n4_B/selected_plan.json,d1b7ab53e9bdfa50b46e6873c9529dbcbe552d7c0a3c03f4a8dac562c2f5a89c,d1b7ab53e9bdfa50b46e6873c9529dbcbe552d7c0a3c03f4a8dac562c2f5a89c,/home/dreamboat/npu_r12_verify/NPU_R12/work/par1_B/case_097_n4_B/control/r7/control_r6/control_work/components_result.official.json,/home/dreamboat/npu_r12_verify/NPU_R12/work/par1_L2/case_097_n4_L2/control/r7/control_r6/control_work/components_result.official.json,edbdc01cea430ea129d269150ba71a6bda7ad1e0dc8064022515dbde37f9e2ed,identical_final_plan
case_097,5,11491509,2102348,2102250,2102250,1.0000466167201807,1.0000466167201807,1.0,21311488,21311488,21311488,6270976,19300352,0.24523466282236103,0.24523466282236103,/home/dreamboat/npu_r12_verify/NPU_R12/work/reproduce_B5_r12/case_097_n5_B/selected_plan.json,7daf2cc7fe5a79ca16acbf5c45400d6e3cd2cbe5ea2532f6fc6687452e9d7097,7daf2cc7fe5a79ca16acbf5c45400d6e3cd2cbe5ea2532f6fc6687452e9d7097,/home/dreamboat/npu_r12_verify/NPU_R12/work/reproduce_B5_r12/case_097_n5_B/control/r7/control_r6/control_work/components_result.official.json,/home/dreamboat/npu_r12_verify/NPU_R12/work/par1_L2/case_097_n5_L2/control/r7/control_r6/control_work/components_result.official.json,17e4cb92151c72e072a1d857b6a86578931370ff634486c2e3551959f287f452,identical_final_plan
case_098,1,177430,176171,175431,175431,1.0042181826473087,1.0042181826473087,1.0,852332,852332,852332,147456,1050350,0.12310507711599374,0.12310507711599374,/home/dreamboat/npu_r12_verify/NPU_R12/work/one3_B1L21/case_098_n1_B/selected_plan.json,d98dd76206bfbd73b2ad80e7653b036a64616df560846bd90db4dcd28804b2e7,d98dd76206bfbd73b2ad80e7653b036a64616df560846bd90db4dcd28804b2e7,/home/dreamboat/npu_r12_verify/NPU_R12/work/one3_B1L21/case_098_n1_B/indexed_insertion/plan.meta.official.json,/home/dreamboat/npu_r12_verify/NPU_R12/work/one3_B1L21/case_098_n1_L2/indexed_insertion/plan.meta.official.json,19f752a367b605c65027502bb9784bbe95fe4d3bc0ed8e6a6c4fc11a894a341c,identical_final_plan
case_098,2,177430,89551,89551,89551,1.0,1.0,1.0,0,0,0,0,697912,0.0,0.0,/home/dreamboat/npu_r12_verify/NPU_R12/work/par3_B/case_098_n2_B/selected_plan.json,03079db9c100e2ea2614db3656ddaa2b44c1288897d6b83862d1762747d7591c,03079db9c100e2ea2614db3656ddaa2b44c1288897d6b83862d1762747d7591c,/home/dreamboat/npu_r12_verify/NPU_R12/work/par3_B/case_098_n2_B/control/r7/control_r6/control_work/component_batch512_result.official.json,/home/dreamboat/npu_r12_verify/NPU_R12/work/par3_L2/case_098_n2_L2/control/r7/control_r6/control_work/component_batch512_result.official.json,62bc3a30431951a780b2689095132f43730b32dcd8c7a6d2183d4417f8d767a0,identical_final_plan
case_098,3,177430,65715,64713,64144,1.0154837513328079,1.0244917685208281,1.0088706660014966,852966,852966,1619618,422948,912398,0.31673289169997887,0.31048572711308625,/home/dreamboat/npu_r12_verify/NPU_R12/work/par3_B/case_098_n3_B/selected_plan.json,c481732911d6f90cb8b68c23183d1855dabaa141a977e91139cf3c1f8d53a0b0,24cfc04e5ea4b11a7003ba0e417d870c90464edba9bab260f4fa8c2446404fe5,/home/dreamboat/npu_r12_verify/NPU_R12/work/par3_B/case_098_n3_B/control/r7/control_r6/critical/critical_03_result.official.json,/home/dreamboat/npu_r12_verify/NPU_R12/work/par3_L2/case_098_n3_L2/control/extra/B_plan_evaluated_in_L2.official.json,55c57b186ea35f7166c45b8a97d9bc521f93389b1bf192c8aadc2427ab51d7fc,existing_candidate
case_098,4,177430,52186,50721,50584,1.028883499930995,1.0316700933101377,1.0027083662818284,1249322,1249322,1806012,624172,1001510,0.38394470751352355,0.328176985714768,/home/dreamboat/npu_r12_verify/NPU_R12/work/par3_B/case_098_n4_B/selected_plan.json,c3c75c9b2615d179b246cfb418d68aac69363b159906a1741c0f5f607212808b,5b2b4bb636b8752be7ad9a22c963baf8c48e677c2d660a3436d733af70ea3f30,/home/dreamboat/npu_r12_verify/NPU_R12/work/par3_B/case_098_n4_B/control/r7/control_r6/critical/critical_03_result.official.json,/home/dreamboat/npu_r12_verify/NPU_R12/work/par3_L2/case_098_n4_L2/control/r7/control_r6/critical/critical_03_result.official.json,140567a5a32b3daadd9043b2560338b8d9865def6d4fa08b6669a3e9affe442b,existing_candidate
case_098,5,177430,50844,46288,46116,1.0984272381610785,1.1025240697371845,1.0037297250412005,1517236,1517236,1533620,848972,1031496,0.45146846423337167,0.45620638826856286,/home/dreamboat/npu_r12_verify/NPU_R12/work/reproduce_B5_r12/case_098_n5_B/selected_plan.json,903084e5d2ede3c09ce8a44eb6c36a41e5b84f691712b95aaddcbe16662d93a8,8057e34385e0c47b7545adebfde9129877eab289e62b434caa2fae33dd31febe,/home/dreamboat/npu_r12_verify/NPU_R12/work/reproduce_B5_r12/case_098_n5_B/control/r7/control_r6/critical/critical_03_result.official.json,/home/dreamboat/npu_r12_verify/NPU_R12/work/par3_L2/case_098_n5_L2/control/extra/B_plan_evaluated_in_L2.official.json,5956a445acc97b2bae1f34f7095fcbc8f71d7f407bfe51b032734e4c57b278b6,existing_candidate
case_099,1,1622999,1622999,1618902,1618902,1.002530727616619,1.002530727616619,1.0,5484544,5484544,5484544,2023424,5994752,0.25235465023466686,0.25235465023466686,/home/dreamboat/npu_r12_verify/NPU_R12/work/one6_B1L21/case_099_n1_B/selected_plan.json,44a086e847125835d47619714526dabc9de2df8d8705203552e1da597fe6c842,44a086e847125835d47619714526dabc9de2df8d8705203552e1da597fe6c842,/home/dreamboat/npu_r12_verify/NPU_R12/work/one6_B1L21/case_099_n1_B/control/r7/control_r6/control_work/components_result.official.json,/home/dreamboat/npu_r12_verify/NPU_R12/work/one6_B1L21/case_099_n1_L2/control/r7/control_r6/control_work/components_result.official.json,a6856887510e071e92fa422dc9624b3bb60987470e27f9612a368f493aee6e51,identical_final_plan
case_099,2,1622999,811243,807032,807032,1.0052178847926725,1.0052178847926725,1.0,7319552,7319552,7319552,4354048,5499136,0.44189248876302323,0.44189248876302323,/home/dreamboat/npu_r12_verify/NPU_R12/work/par6_B/case_099_n2_B/selected_plan.json,d9460a833438b0f65d210fc2cc6bbebd238c7597886c84384f3e6cd4cea7af9d,d9460a833438b0f65d210fc2cc6bbebd238c7597886c84384f3e6cd4cea7af9d,/home/dreamboat/npu_r12_verify/NPU_R12/work/par6_B/case_099_n2_B/control/r7/control_r6/control_work/components_result.official.json,/home/dreamboat/npu_r12_verify/NPU_R12/work/par6_L2/case_099_n2_L2/control/r7/control_r6/control_work/components_result.official.json,1a916c58b2b3eecb7e05ddd31cc4d5ead7440f77e63657b0e7359310eb63ef9b,identical_final_plan
case_099,3,1622999,544403,540586,540586,1.0070608561819951,1.0070608561819951,1.0,8798208,8798208,8798208,5783552,5548288,0.5103806619225122,0.5103806619225122,/home/dreamboat/npu_r12_verify/NPU_R12/work/par6_B/case_099_n3_B/selected_plan.json,c0c4374d0fbee880e7193c59ccd48e9b2e5fb8c21f64b80fc2c43cedfbf41dc0,c0c4374d0fbee880e7193c59ccd48e9b2e5fb8c21f64b80fc2c43cedfbf41dc0,/home/dreamboat/npu_r12_verify/NPU_R12/work/par6_B/case_099_n3_B/control/r7/control_r6/control_work/components_result.official.json,/home/dreamboat/npu_r12_verify/NPU_R12/work/par6_L2/case_099_n3_L2/control/r7/control_r6/control_work/components_result.official.json,a487b97022492ae8c856863a68cb478b7d24101337a7a8653ed74ef3996820da,identical_final_plan
case_099,4,1622999,405655,403542,403542,1.0052361340331366,1.0052361340331366,1.0,9764864,9764864,9764864,6819840,5478656,0.5545263420828043,0.5545263420828043,/home/dreamboat/npu_r12_verify/NPU_R12/work/par6_B/case_099_n4_B/selected_plan.json,f17a8d1e4b8627cc4ce7af66d6fd2f19ec4a974cca7c681e89289050bd1a6717,f17a8d1e4b8627cc4ce7af66d6fd2f19ec4a974cca7c681e89289050bd1a6717,/home/dreamboat/npu_r12_verify/NPU_R12/work/par6_B/case_099_n4_B/control/r7/control_r6/control_work/components_result.official.json,/home/dreamboat/npu_r12_verify/NPU_R12/work/par6_L2/case_099_n4_L2/control/r7/control_r6/control_work/components_result.official.json,8184605d47146f30428377e2e6492abe695d62fe41a4f0c6d39ec8a29b157914,identical_final_plan
case_099,5,1622999,324321,324289,327276,1.0000986774142817,0.9909709236240971,0.9908731468240873,7065600,7065600,10698752,4194304,5404928,0.4369416219964264,0.544487221652576,/home/dreamboat/npu_r12_verify/NPU_R12/work/reproduce_B5_r12/case_099_n5_B/selected_plan.json,f2220ced86b6a4ef23e58286854dccf0bae31cee3c9a7a95ce79eb4426165b1c,9270da3640bb47666a33228133920e82ecf316b7ca5a7c032300e55c53df438b,/home/dreamboat/npu_r12_verify/NPU_R12/work/reproduce_B5_r12/case_099_n5_B/control/r7/control_r6/control_work/component_ordered_result.official.json,/home/dreamboat/npu_r12_verify/closeout_q3_20260925_01/new_scores/case_099_n5_Bplan_L2/official.json,f32d981c0b1056b87e58f97fc270f9c7707851408db42f18497684bef7280ec1,new_official_evaluation
case_100,1,151223,141463,141463,141463,1.0,1.0,1.0,0,0,0,0,436006,0.0,0.0,/home/dreamboat/npu_r12_verify/NPU_R12/work/one4_B1L21/case_100_n1_B/selected_plan.json,6501cd587d080aff495bd1ff36181814ce92f2e225b96380da890ff23f31460b,6501cd587d080aff495bd1ff36181814ce92f2e225b96380da890ff23f31460b,/home/dreamboat/npu_r12_verify/NPU_R12/work/one4_B1L21/case_100_n1_B/control/r7/control_r6/control_work/component_ordered_result.official.json,/home/dreamboat/npu_r12_verify/NPU_R12/work/one4_B1L21/case_100_n1_L2/control/r7/control_r6/control_work/component_ordered_result.official.json,b38fa62bb7592f2ec01cdda0d70237e205c0ea6a4ef5fe04a3210e21c825b610,identical_final_plan
case_100,2,151223,74200,73335,73335,1.0117951864730348,1.0117951864730348,1.0,1161942,1161942,1161942,364802,848912,0.300566690340558,0.300566690340558,/home/dreamboat/npu_r12_verify/NPU_R12/work/par4_B/case_100_n2_B/selected_plan.json,7814be65994e892651fdd36f3da19609065ec9aaa0697417971fb7910d423c48,7814be65994e892651fdd36f3da19609065ec9aaa0697417971fb7910d423c48,/home/dreamboat/npu_r12_verify/NPU_R12/work/par4_B/case_100_n2_B/indexed_insertion/plan.meta.official.json,/home/dreamboat/npu_r12_verify/NPU_R12/work/par4_L2/case_100_n2_L2/indexed_insertion/plan.meta.official.json,3450ebbe6fd919b4d46c3886d71d4a8679885e02c9b93694e81d0d757dc8fbf1,identical_final_plan
case_100,3,151223,54371,51556,51556,1.0546008224067034,1.0546008224067034,1.0,1640268,1640268,1640268,549170,957218,0.36456079044708267,0.36456079044708267,/home/dreamboat/npu_r12_verify/NPU_R12/work/par4_B/case_100_n3_B/selected_plan.json,f8bffff23c0c8865b0dcac9b402b04a83d54bc9f91ca1565c3a60eda0d94d6b5,f8bffff23c0c8865b0dcac9b402b04a83d54bc9f91ca1565c3a60eda0d94d6b5,/home/dreamboat/npu_r12_verify/NPU_R12/work/par4_B/case_100_n3_B/indexed_insertion/plan.meta.official.json,/home/dreamboat/npu_r12_verify/NPU_R12/work/par4_L2/case_100_n3_L2/indexed_insertion/plan.meta.official.json,7859385b67288ba44cc60966e2cea1decb74d48a3241af9db9d4c7cf5aa356c6,identical_final_plan
case_100,4,151223,50324,45240,45240,1.1123784261715297,1.1123784261715297,1.0,1961860,1961860,1961860,673108,1052700,0.3900248463328482,0.3900248463328482,/home/dreamboat/npu_r12_verify/NPU_R12/work/par4_B/case_100_n4_B/selected_plan.json,b4b578963c8feb80eac6470b9e94b263a39746f6c3f743f7ebf8053acddd53d7,b4b578963c8feb80eac6470b9e94b263a39746f6c3f743f7ebf8053acddd53d7,/home/dreamboat/npu_r12_verify/NPU_R12/work/par4_B/case_100_n4_B/indexed_insertion/plan.meta.official.json,/home/dreamboat/npu_r12_verify/NPU_R12/work/par4_L2/case_100_n4_L2/indexed_insertion/plan.meta.official.json,de0fd78d3c289828bd5eefcfb595757cdacbd2994988dff341169361de5c8b60,identical_final_plan
case_100,5,151223,47130,41936,38158,1.1238553987027853,1.2351276272341318,1.099009382043084,1112288,1112288,2170338,504142,785610,0.3908828984176803,0.40603445915635933,/home/dreamboat/npu_r12_verify/NPU_R12/work/reproduce_B5_r12/case_100_n5_B/selected_plan.json,d7931daeb3fefa2bd31cd019921f91b7c0fa88304e62b05492803be2bceef55e,5a76202ef8c445745f1e1ef1796000277915b574c7aba3b75f8f126828b7fd3f,/home/dreamboat/npu_r12_verify/NPU_R12/work/reproduce_B5_r12/case_100_n5_B/control/r7/control_r6/control_work/chainwave_result.official.json,/home/dreamboat/npu_r12_verify/NPU_R12/work/par4_L2/case_100_n5_L2/control/r7/control_r6/control_work/chainwave_result.official.json,a1e1f1f4365da97c62fa830a37be0c0a9d8e9039b414a125626e03ab817302c3,existing_candidate
