case,cores,scene,budget_seconds,wall_seconds,plan,report,raw,raw_sha256,makespan,added_copy_bytes,partition_added_copy_bytes,spill_added_copy_bytes,hit_bytes,miss_bytes,hit_rate,plan_sha256,fixed_singlecore,speedup
case_001,2,A,600.0,3.2564453840000027,/home/dreamboat/npu_r12_verify/NPU_R12/work/par6_A/case_001_n2_A/selected_plan.json,/home/dreamboat/npu_r12_verify/NPU_R12/work/par6_A/case_001_n2_A/report.json,/home/dreamboat/npu_r12_verify/NPU_R12/work/par6_A/case_001_n2_A/control/r7/control_r6/control_work/components_result.official.json,8528e99c68b49ef67ff8d72aada914232d7c55ebce448e8673e0812725728d50,116868,1152,1152,0,,,,ded4801bde790507d6b2d67b607be90c580caa9539f05441253f35582516723d,233110,1.9946435294520313
case_002,2,A,600.0,15.100464774000002,/home/dreamboat/npu_r12_verify/NPU_R12/work/par2_A/case_002_n2_A/selected_plan.json,/home/dreamboat/npu_r12_verify/NPU_R12/work/par2_A/case_002_n2_A/report.json,/home/dreamboat/npu_r12_verify/NPU_R12/work/par2_A/case_002_n2_A/control/r7/bands/band4_result.official.json,48754250ed6099b884baffe12fbc22c7d36d15476a4fe85325ce373cc4f09bee,140236,82944,82944,0,,,,0157b68f485d219be80658e0ad59a37fbc849030e6e88ca41670c73444f90ff2,261945,1.8678869905017257
case_003,2,A,600.0,363.748121293,/home/dreamboat/npu_r12_verify/NPU_R12/work/par1_A/case_003_n2_A/selected_plan.json,/home/dreamboat/npu_r12_verify/NPU_R12/work/par1_A/case_003_n2_A/report.json,/home/dreamboat/npu_r12_verify/NPU_R12/work/par1_A/case_003_n2_A/control/r7/reassign/reassign_local_result.official.json,42c9d6b210d932c8e3851ee066908c2d3a5f14d237d2e03419aa7ba87cfed630,393827,6729464,6729464,0,,,,245d7300862bab300c4dd33e47f1263a369be7514ebf2c9375c96baaa6ddb974,602212,1.5291282720585435
case_004,2,A,600.0,4.824221446999999,/home/dreamboat/npu_r12_verify/NPU_R12/work/par4_A/case_004_n2_A/selected_plan.json,/home/dreamboat/npu_r12_verify/NPU_R12/work/par4_A/case_004_n2_A/report.json,/home/dreamboat/npu_r12_verify/NPU_R12/work/par4_A/case_004_n2_A/control/r7/control_r6/control_work/components_result.official.json,c7ec80c24268bf5eb10a202aca8a25724551f2e384c536cdba97f3264418bdc7,199074,110592,110592,0,,,,a5125e07d3d7b1fa4aeb218f1e466571bb57f83c05c8405c64b597f1fc6ca499,392357,1.9709103147573264
case_005,2,A,600.0,33.61457749799999,/home/dreamboat/npu_r12_verify/NPU_R12/work/par6_A/case_005_n2_A/selected_plan.json,/home/dreamboat/npu_r12_verify/NPU_R12/work/par6_A/case_005_n2_A/report.json,/home/dreamboat/npu_r12_verify/NPU_R12/work/par6_A/case_005_n2_A/control/r7/bands/band8_result.official.json,689b67e397e6fff56386b465eea9b8592148e5b9e69b117fb9edf767c82942c7,80999,2049178,2049178,0,,,,bfc2c8a687fe35dffbeaaff1861ff40095922810450d80d76d2ae0e6563c5744,95618,1.1804837096754282
case_006,2,A,600.0,5.472999516999991,/home/dreamboat/npu_r12_verify/NPU_R12/work/par4_A/case_006_n2_A/selected_plan.json,/home/dreamboat/npu_r12_verify/NPU_R12/work/par4_A/case_006_n2_A/report.json,/home/dreamboat/npu_r12_verify/NPU_R12/work/par4_A/case_006_n2_A/control/r7/control_r6/control_work/components_result.official.json,cdd05f38cfb80c50e2b6ba344a6f53f7a23c82a581a97f7bbe4e7c853e10dfdc,43033,56200,43904,12296,,,,c80eb517d2071657e7951c965d95d2080d632129ccc0c14479b923ed5db74511,82837,1.924964562080264
case_007,2,A,600.0,28.79309308399999,/home/dreamboat/npu_r12_verify/NPU_R12/work/par4_A/case_007_n2_A/selected_plan.json,/home/dreamboat/npu_r12_verify/NPU_R12/work/par4_A/case_007_n2_A/report.json,/home/dreamboat/npu_r12_verify/NPU_R12/work/par4_A/case_007_n2_A/control/r7/control_r6/control_work/components_result.official.json,b43d7c26253f20efc49dfe07a5f61b3e1cb9da5de46aa28b6cd5a02d67dc5cb0,507494,27648,27648,0,,,,8023a3376055cfa0dae9b3e0afead172b0149059b21ec4106686f1515eecffe5,1012562,1.9952196479170197
case_008,2,A,600.0,3.417711787999906,/home/dreamboat/npu_r12_verify/NPU_R12/work/par1_A/case_008_n2_A/selected_plan.json,/home/dreamboat/npu_r12_verify/NPU_R12/work/par1_A/case_008_n2_A/report.json,/home/dreamboat/npu_r12_verify/NPU_R12/work/par1_A/case_008_n2_A/control/r7/control_r6/control_work/components_result.official.json,b472bde74544265ff1719dab519ecc04b0a8c89a4eaf434a982079dec6e013ea,244266,0,0,0,,,,038a0b5eea29eb253f0c1e0310b8c314f6ddc3954cb65ba5b2113e409ddbb449,487605,1.9962049568912579
case_009,2,A,600.0,104.93016516200001,/home/dreamboat/npu_r12_verify/NPU_R12/work/par5_A/case_009_n2_A/selected_plan.json,/home/dreamboat/npu_r12_verify/NPU_R12/work/par5_A/case_009_n2_A/report.json,/home/dreamboat/npu_r12_verify/NPU_R12/work/par5_A/case_009_n2_A/control/r7/control_r6/control_work/component_batch512_result.official.json,1a4b7d3fd76669c4c652ba5d0ce90d43bb2152dfbecb4b814019584dba8622c8,92198,0,0,0,,,,6acabeb50889f8b64080546496f53b6dc997eea074a72850bfaaaaded3b88905,153261,1.66230286991041
case_010,2,A,600.0,3.8415480229998593,/home/dreamboat/npu_r12_verify/NPU_R12/work/par1_A/case_010_n2_A/selected_plan.json,/home/dreamboat/npu_r12_verify/NPU_R12/work/par1_A/case_010_n2_A/report.json,/home/dreamboat/npu_r12_verify/NPU_R12/work/par1_A/case_010_n2_A/control/r7/control_r6/control_work/components_result.official.json,aa6fb9c62861868fc696daaed85f4980d7455f2053b80ce78e9c276aa2bfa892,45626,48384,48384,0,,,,602b846f2a5030fce0272c8f925c9f307ee8c0df55c4b81c3553011cf565e5e3,86969,1.9061280848638933
case_011,2,A,600.0,1.4236508070000014,/home/dreamboat/npu_r12_verify/NPU_R12/work/par6_A/case_011_n2_A/selected_plan.json,/home/dreamboat/npu_r12_verify/NPU_R12/work/par6_A/case_011_n2_A/report.json,/home/dreamboat/npu_r12_verify/NPU_R12/work/par6_A/case_011_n2_A/control/r7/control_r6/control_work/components_result.official.json,67fbb028973195a0f99cabe7ee4923393ff7014cdbf3156c324cc721dc06b08c,92646,180224,180224,0,,,,4ecb5c130b3c7b90f332546eb65fceaae5345b6cad1a470adfe05c78b9531f92,184697,1.9935777043801135
case_012,2,A,600.0,5.703982617000008,/home/dreamboat/npu_r12_verify/NPU_R12/work/par6_A/case_012_n2_A/selected_plan.json,/home/dreamboat/npu_r12_verify/NPU_R12/work/par6_A/case_012_n2_A/report.json,/home/dreamboat/npu_r12_verify/NPU_R12/work/par6_A/case_012_n2_A/control/r7/control_r6/control_work/components_result.official.json,dd78b11f668224e9e90b2abbf531ddfd335e8755a01771c4f6a8542e160882e6,30094,28800,28800,0,,,,f020137a48a27e9467fa3489ea0b2fa2d7eff3fb97fefc6bf88d64fee8d6b88d,59088,1.9634478633614674
case_013,2,A,600.0,4.730541576000007,/home/dreamboat/npu_r12_verify/NPU_R12/work/par4_A/case_013_n2_A/selected_plan.json,/home/dreamboat/npu_r12_verify/NPU_R12/work/par4_A/case_013_n2_A/report.json,/home/dreamboat/npu_r12_verify/NPU_R12/work/par4_A/case_013_n2_A/control/r7/control_r6/control_work/components_result.official.json,98074616a9b99e3584a52877c32fb41224158eea747aed32c6df84e36d82860c,132198,8192,8192,0,,,,2f801c8e97ee4c6253d07750763424f8e90298a101f803cdc06ac6edb9e6b3f0,263949,1.9966187083011846
case_014,2,A,600.0,196.99443695600007,/home/dreamboat/npu_r12_verify/NPU_R12/work/par1_A/case_014_n2_A/selected_plan.json,/home/dreamboat/npu_r12_verify/NPU_R12/work/par1_A/case_014_n2_A/report.json,/home/dreamboat/npu_r12_verify/NPU_R12/work/par1_A/case_014_n2_A/control/r7/control_r6/control_work/component_batch512_result.official.json,e1202396d80983d1761d782bc9a87334e8d58e632d0e1033613d0d31848e65e1,8759857,71556024,65209176,6346848,,,,c36b9c3a6bbbb5215339f9287a13d4e8837477921d39eafae865f89577dbf151,17698626,2.0204240776989852
case_015,2,A,600.0,6.447916400999986,/home/dreamboat/npu_r12_verify/NPU_R12/work/par4_A/case_015_n2_A/selected_plan.json,/home/dreamboat/npu_r12_verify/NPU_R12/work/par4_A/case_015_n2_A/report.json,/home/dreamboat/npu_r12_verify/NPU_R12/work/par4_A/case_015_n2_A/control/r7/control_r6/control_work/components_result.official.json,f265718def5e5d6a79c15218fc589d54dd86cc1bce51a550efedb9d89b40b15f,92321,224536,109824,114712,,,,f9633b4533a34009518cf745760111c14ca2c5fb2c34c41676b46ef5985df310,177362,1.921144701638847
case_016,2,A,600.0,376.954948251,/home/dreamboat/npu_r12_verify/NPU_R12/work/par5_A/case_016_n2_A/selected_plan.json,/home/dreamboat/npu_r12_verify/NPU_R12/work/par5_A/case_016_n2_A/report.json,/home/dreamboat/npu_r12_verify/NPU_R12/work/par5_A/case_016_n2_A/control/r7/control_r6/control_work/chainwave_result.official.json,1ecda03832599d66279be2a1eef64405834727d7246300f86c8a3625a3850aaa,4646180,119566328,119566328,0,,,,c021efb1054047f5554f1ad609321aef6ddf8dca5fc4f78682dcb87536cc9c51,7715523,1.6606164634172589
case_017,2,A,600.0,14.233873302999996,/home/dreamboat/npu_r12_verify/NPU_R12/work/par3_A/case_017_n2_A/selected_plan.json,/home/dreamboat/npu_r12_verify/NPU_R12/work/par3_A/case_017_n2_A/report.json,/home/dreamboat/npu_r12_verify/NPU_R12/work/par3_A/case_017_n2_A/control/r7/reassign/reassign_local_result.official.json,18ff5c2935fd7fd2b33d4ce821719b0a19da63e692856581442dc3a0c59e15f6,84055,161280,161280,0,,,,54bb7c1b60f1e2090e1b47d61b8953715b52374e6380f57d6c7e5f2ed47ba856,162810,1.9369460472309796
case_018,2,A,600.0,32.23275996999999,/home/dreamboat/npu_r12_verify/NPU_R12/work/par2_A/case_018_n2_A/selected_plan.json,/home/dreamboat/npu_r12_verify/NPU_R12/work/par2_A/case_018_n2_A/report.json,/home/dreamboat/npu_r12_verify/NPU_R12/work/par2_A/case_018_n2_A/control/r7/reassign/reassign_observed_result.official.json,cdef83be0562065709d7b9649e7bb2e903b9b05b7cbd75ce53f5dc70ef749f36,503411,2835456,2683904,151552,,,,05b3dedc780f2f067c4ac44bd4809639c693674ee5c41e388927c3d2d49ec456,1004367,1.995123269058483
case_019,2,A,600.0,4.10461476399999,/home/dreamboat/npu_r12_verify/NPU_R12/work/par2_A/case_019_n2_A/selected_plan.json,/home/dreamboat/npu_r12_verify/NPU_R12/work/par2_A/case_019_n2_A/report.json,/home/dreamboat/npu_r12_verify/NPU_R12/work/par2_A/case_019_n2_A/control/r7/control_r6/control_work/components_result.official.json,a4f025a6db910721ab7ade2ac318ad2a83dda7c60112f0b5d9ad6a0be65df1ff,43224,27168,27168,0,,,,9b88fddc81086ddbd244aaee97feae3815b3780b70c62c08e6a9d004ab089e19,81144,1.8772903942254304
case_020,2,A,600.0,20.197605669999973,/home/dreamboat/npu_r12_verify/NPU_R12/work/par2_A/case_020_n2_A/selected_plan.json,/home/dreamboat/npu_r12_verify/NPU_R12/work/par2_A/case_020_n2_A/report.json,/home/dreamboat/npu_r12_verify/NPU_R12/work/par2_A/case_020_n2_A/control/r7/control_r6/control_work/components_result.official.json,92875c66b3f6c4a3c168ee92ad5b4f9a735b0134c0b05e52827d78bfdfd91835,266580,0,0,0,,,,d0800f6e76efe73521cc4de213ff7b02896d1b427f3ac163f47324c7c210d6bd,532746,1.9984469952734638
case_021,2,A,600.0,46.32539701599998,/home/dreamboat/npu_r12_verify/NPU_R12/work/par3_A/case_021_n2_A/selected_plan.json,/home/dreamboat/npu_r12_verify/NPU_R12/work/par3_A/case_021_n2_A/report.json,/home/dreamboat/npu_r12_verify/NPU_R12/work/par3_A/case_021_n2_A/control/r7/control_r6/control_work/component_batch512_result.official.json,d9cef97d265ef60d4689acd7a764cf25b42e7e6b807c8b41d919ae46508f8bfb,3156352,5427200,4608000,819200,,,,5a3c6be3b2757126c7ef53377a4f47d139c037c1e968a9de9df701a80d9a84f8,6567937,2.0808632877448394
case_022,2,A,600.0,6.433612752999977,/home/dreamboat/npu_r12_verify/NPU_R12/work/par2_A/case_022_n2_A/selected_plan.json,/home/dreamboat/npu_r12_verify/NPU_R12/work/par2_A/case_022_n2_A/report.json,/home/dreamboat/npu_r12_verify/NPU_R12/work/par2_A/case_022_n2_A/control/r7/control_r6/control_work/components_result.official.json,79b7e0aa816d30a80e6aac293c754ca665f7ca787a09d87fbf35af52a41f311b,28881,6912,6912,0,,,,32bb4417f509b9c05e592227883203b996994b8bfe4ee51a60a6d84354d8949f,56780,1.9659984072573664
case_023,2,A,600.0,4.401436959999955,/home/dreamboat/npu_r12_verify/NPU_R12/work/par5_A/case_023_n2_A/selected_plan.json,/home/dreamboat/npu_r12_verify/NPU_R12/work/par5_A/case_023_n2_A/report.json,/home/dreamboat/npu_r12_verify/NPU_R12/work/par5_A/case_023_n2_A/control/r7/control_r6/control_work/components_result.official.json,6b29532f6e85b2e8a9b8a7b9161aeaf3b982b12000718a3d2537042b61c7a5be,61424,84096,84096,0,,,,f7ba075ec3da448f4fdb43dad10285911cef89cf42ae4e8e607b948b6c821f15,122614,1.9961904141703568
case_024,2,A,600.0,66.94586500100002,/home/dreamboat/npu_r12_verify/NPU_R12/work/par6_A/case_024_n2_A/selected_plan.json,/home/dreamboat/npu_r12_verify/NPU_R12/work/par6_A/case_024_n2_A/report.json,/home/dreamboat/npu_r12_verify/NPU_R12/work/par6_A/case_024_n2_A/control/r7/control_r6/control_work/chainwave_result.official.json,3e7e19cfda711dd7bbd9cb889bc0aad2015f1820aa7463946272fb5492a15176,1539668,39331088,39331088,0,,,,15bb5c7dbcec131c165eb3d563559e762d9d5618f88cd4378122dcb48239628b,2555343,1.6596714356601554
case_025,2,A,600.0,372.06520877799994,/home/dreamboat/npu_r12_verify/NPU_R12/work/par6_A/case_025_n2_A/selected_plan.json,/home/dreamboat/npu_r12_verify/NPU_R12/work/par6_A/case_025_n2_A/report.json,/home/dreamboat/npu_r12_verify/NPU_R12/work/par6_A/case_025_n2_A/control/r7/control_r6/control_work/component_batch2048_result.official.json,c245b8b4b3b3d85e9557612c47b7b61a6a94680179811a993897cc5c583e4f27,2434032,248832,248832,0,,,,ebac8ff910d53963249a8703656ab6d02c5180a21fe45554f29dfb348e9979f1,4863026,1.997930183333662
case_026,2,A,600.0,4.478325739999946,/home/dreamboat/npu_r12_verify/NPU_R12/work/par5_A/case_026_n2_A/selected_plan.json,/home/dreamboat/npu_r12_verify/NPU_R12/work/par5_A/case_026_n2_A/report.json,/home/dreamboat/npu_r12_verify/NPU_R12/work/par5_A/case_026_n2_A/control/r7/control_r6/control_work/components_result.official.json,3aef3b7159bf9e0f963b3f5b94dc369625b0d4eabac7f0768a6d6dd61026db91,58112,288,288,0,,,,4636f9e9521f99709a0110b454386e0344218d65897e67c915b601d369d5780c,99203,1.707100082599119
case_027,2,A,600.0,5.643864381000185,/home/dreamboat/npu_r12_verify/NPU_R12/work/par1_A/case_027_n2_A/selected_plan.json,/home/dreamboat/npu_r12_verify/NPU_R12/work/par1_A/case_027_n2_A/report.json,/home/dreamboat/npu_r12_verify/NPU_R12/work/par1_A/case_027_n2_A/control/r7/control_r6/control_work/components_result.official.json,59c993a3e1eb1bc3a2c161fe5afa0bff4086d88658e46528aab238940cff501d,1120962,1744896,1105920,638976,,,,54813853f30cd4a3d520782628bc30e1e04b648ad0cc4b62b182d445c625ba2b,2363952,2.10886006840553
case_028,2,A,600.0,476.07232232900003,/home/dreamboat/npu_r12_verify/NPU_R12/work/par3_A/case_028_n2_A/selected_plan.json,/home/dreamboat/npu_r12_verify/NPU_R12/work/par3_A/case_028_n2_A/report.json,/home/dreamboat/npu_r12_verify/NPU_R12/work/par3_A/case_028_n2_A/control/r7/control_r6/control_work/chainwave_result.official.json,b41d9a31eba047852e16ab375c1571d94468a2f5cbed437959183993ff25319c,20541851,99676800,99676800,0,,,,10d794a506ae1fb101d55ce02c388a17d1f932090001decd0a474682549dfc70,43836040,2.133986854446564
case_029,2,A,600.0,3.525019211000199,/home/dreamboat/npu_r12_verify/NPU_R12/work/par1_A/case_029_n2_A/selected_plan.json,/home/dreamboat/npu_r12_verify/NPU_R12/work/par1_A/case_029_n2_A/report.json,/home/dreamboat/npu_r12_verify/NPU_R12/work/par1_A/case_029_n2_A/control/r7/control_r6/control_work/components_result.official.json,cb664965b2f075433a999f62d6778b8923874a9bdde98bc79b621e17675f6fd9,19740,0,0,0,,,,27598fd36a659febca74d323bc8e5e1ee3d6032aba7742bc9e6db254b60e68c0,37555,1.9024822695035462
case_030,2,A,600.0,14.486272320999888,/home/dreamboat/npu_r12_verify/NPU_R12/work/par5_A/case_030_n2_A/selected_plan.json,/home/dreamboat/npu_r12_verify/NPU_R12/work/par5_A/case_030_n2_A/report.json,/home/dreamboat/npu_r12_verify/NPU_R12/work/par5_A/case_030_n2_A/control/r7/control_r6/control_work/component_batch512_result.official.json,1f8e4d1de1cd5f9a839dc2f1546792f96196e4151cbdc8945bd28fd880321cb4,1394193,7370752,7370752,0,,,,069cc6a731de908435e67a88c92821865fdaa33a5278fac4451a56380f3cd9a6,2808034,2.014092740388167
case_031,2,A,600.0,88.05076323599997,/home/dreamboat/npu_r12_verify/NPU_R12/work/par1_A/case_031_n2_A/selected_plan.json,/home/dreamboat/npu_r12_verify/NPU_R12/work/par1_A/case_031_n2_A/report.json,/home/dreamboat/npu_r12_verify/NPU_R12/work/par1_A/case_031_n2_A/control/r7/reassign/reassign_local_result.official.json,55344b9ac306475f99341ab6cbfb16a2d1c63d540244bd4f2671a9cbf957775e,706033,4379136,4164096,215040,,,,3f239f76e91500bf94a87c15491bdbfde8b46526ade64b154a449dccdfcd4531,1414369,2.0032618871922416
case_032,2,A,600.0,4.47060957399998,/home/dreamboat/npu_r12_verify/NPU_R12/work/par2_A/case_032_n2_A/selected_plan.json,/home/dreamboat/npu_r12_verify/NPU_R12/work/par2_A/case_032_n2_A/report.json,/home/dreamboat/npu_r12_verify/NPU_R12/work/par2_A/case_032_n2_A/control/r7/control_r6/control_work/components_result.official.json,6107712867912862fdc585f3c18e1b5bbb190a05395b1523db59ec64ac462785,21706,6216,6216,0,,,,af1583b7342edf9166e47a11376d624bbc9664c71dd17ba1bd1dc9b587c8115a,41443,1.9092877545379159
case_033,2,A,600.0,70.65300417399999,/home/dreamboat/npu_r12_verify/NPU_R12/work/par4_A/case_033_n2_A/selected_plan.json,/home/dreamboat/npu_r12_verify/NPU_R12/work/par4_A/case_033_n2_A/report.json,/home/dreamboat/npu_r12_verify/NPU_R12/work/par4_A/case_033_n2_A/control/r7/control_r6/control_work/components_result.official.json,be93cd7c5dd9a3ea322ece99bb338f2eae6be0e8873ce0910049a119f9a41345,904907,6645792,2059296,4586496,,,,c2c4bf311b4a45259b6a8da2257efd2599ede1f9f95ac2de231d4cc3a0987467,1774196,1.960639049095653
case_034,2,A,600.0,29.797801178999862,/home/dreamboat/npu_r12_verify/NPU_R12/work/par6_A/case_034_n2_A/selected_plan.json,/home/dreamboat/npu_r12_verify/NPU_R12/work/par6_A/case_034_n2_A/report.json,/home/dreamboat/npu_r12_verify/NPU_R12/work/par6_A/case_034_n2_A/control/r7/reassign/reassign_observed_result.official.json,26791c750aa3387be691cc432a70ca80a42edfd132e95b39ac9894a1e69e7a94,415383,1998336,1801728,196608,,,,046ca8b09ea95ebde591655fba9c8ba9e1cc928fbd226db515918676add47e0e,842996,2.029442707092009
case_035,2,A,600.0,42.30143475799969,/home/dreamboat/npu_r12_verify/NPU_R12/work/par1_A/case_035_n2_A/selected_plan.json,/home/dreamboat/npu_r12_verify/NPU_R12/work/par1_A/case_035_n2_A/report.json,/home/dreamboat/npu_r12_verify/NPU_R12/work/par1_A/case_035_n2_A/control/r7/control_r6/control_work/component_batch512_result.official.json,7ce631e1563e71f95f25c0a899344fdfd3827a9a4ce38daa5fccbe5364c8714d,95406,0,0,0,,,,a127ac5475a8d364ded41fae57a94eb45908bddfc25e70dbfb545320d81d8b6b,169571,1.7773620107750037
case_036,2,A,600.0,10.038676852000208,/home/dreamboat/npu_r12_verify/NPU_R12/work/par3_A/case_036_n2_A/selected_plan.json,/home/dreamboat/npu_r12_verify/NPU_R12/work/par3_A/case_036_n2_A/report.json,/home/dreamboat/npu_r12_verify/NPU_R12/work/par3_A/case_036_n2_A/control/r7/control_r6/control_work/components_result.official.json,81e16cd196878ee52205bbd21f38f3aa7d3e38a595ba7151d0794bee022dfceb,466068,1152,1152,0,,,,ac34e96061f44c8342b528828e7119ab973bd14ce983cb7ec48c3f38e76da874,931510,1.998656848356892
case_037,2,A,600.0,1.0717701379999198,/home/dreamboat/npu_r12_verify/NPU_R12/work/par1_A/case_037_n2_A/selected_plan.json,/home/dreamboat/npu_r12_verify/NPU_R12/work/par1_A/case_037_n2_A/report.json,/home/dreamboat/npu_r12_verify/NPU_R12/work/par1_A/case_037_n2_A/control/r7/control_r6/control_work/components_result.official.json,d41603a23cafeb3a1da360bbfa86753ac043a803748b38eb8ff1f19fa2a83f32,105374,204800,204800,0,,,,bfc3552fe3f6e5361b11fe4cbb33f10c6ef82fa6342f78aa5cfbefca22882820,210001,1.992910964754114
case_038,2,A,600.0,36.10862031200031,/home/dreamboat/npu_r12_verify/NPU_R12/work/par5_A/case_038_n2_A/selected_plan.json,/home/dreamboat/npu_r12_verify/NPU_R12/work/par5_A/case_038_n2_A/report.json,/home/dreamboat/npu_r12_verify/NPU_R12/work/par5_A/case_038_n2_A/control/r7/control_r6/control_work/components_result.official.json,746345076662932791422c5b287b3e82ba79a0d98dffd3597c950ed049146111,681518,6790656,2517504,4273152,,,,b8f3b450589fe64dabf6d9d57a76f77c8659d113178ac2fb6b67f034621938e7,1364555,2.002228847954126
case_039,2,A,600.0,34.88970028699998,/home/dreamboat/npu_r12_verify/NPU_R12/work/par2_A/case_039_n2_A/selected_plan.json,/home/dreamboat/npu_r12_verify/NPU_R12/work/par2_A/case_039_n2_A/report.json,/home/dreamboat/npu_r12_verify/NPU_R12/work/par2_A/case_039_n2_A/control/r7/control_r6/control_work/components_result.official.json,aa212738c6bdcd81a6ae0f5ea26e689718d6aa025e22e6d8755af07a92857a63,708561,11067392,4202496,6864896,,,,9bd1953d143c293564062a7845a08486c5fd657bd042ecff471da61e6fab4510,1435262,2.025601183243221
case_040,2,A,600.0,27.728713615999823,/home/dreamboat/npu_r12_verify/NPU_R12/work/par1_A/case_040_n2_A/selected_plan.json,/home/dreamboat/npu_r12_verify/NPU_R12/work/par1_A/case_040_n2_A/report.json,/home/dreamboat/npu_r12_verify/NPU_R12/work/par1_A/case_040_n2_A/control/r7/control_r6/control_work/components_result.official.json,196b5f13e6dba7b369407d58ebf26d4739238b178a9a68ada0a7d49ee48b17b6,143799,53760,53760,0,,,,7d1750990d8f53964b2c77a7f3750cdc2e894c9c73fc04391d0dc6e353adf925,253454,1.762557458674956
case_041,2,A,600.0,23.41039169199985,/home/dreamboat/npu_r12_verify/NPU_R12/work/par1_A/case_041_n2_A/selected_plan.json,/home/dreamboat/npu_r12_verify/NPU_R12/work/par1_A/case_041_n2_A/report.json,/home/dreamboat/npu_r12_verify/NPU_R12/work/par1_A/case_041_n2_A/control/r7/control_r6/control_work/component_batch512_result.official.json,aa0be7d11761e944dede5104674799aecb8a7c82c2c37c9fc9c7f3b0caa73464,2965113,22579200,22164480,414720,,,,74fd546c667ea542244d25983cd09373684255eaeb6a8a2ba89311943e313563,6003957,2.0248661686755276
case_042,2,A,600.0,58.09938190399998,/home/dreamboat/npu_r12_verify/NPU_R12/work/par2_A/case_042_n2_A/selected_plan.json,/home/dreamboat/npu_r12_verify/NPU_R12/work/par2_A/case_042_n2_A/report.json,/home/dreamboat/npu_r12_verify/NPU_R12/work/par2_A/case_042_n2_A/control/r7/control_r6/control_work/component_batch512_result.official.json,89824ace089cc5b557d23ad8e62989d56722edf71d0fa8a39d169a728fb866f3,835375,6967584,6967584,0,,,,cad33cdf4051e21d207338b0c829535a81c237cf33d12ce389a57e2afe4dffed,1686740,2.0191411042944787
case_043,2,A,600.0,196.59491304300002,/home/dreamboat/npu_r12_verify/NPU_R12/work/par4_A/case_043_n2_A/selected_plan.json,/home/dreamboat/npu_r12_verify/NPU_R12/work/par4_A/case_043_n2_A/report.json,/home/dreamboat/npu_r12_verify/NPU_R12/work/par4_A/case_043_n2_A/control/r7/control_r6/control_work/components_result.official.json,adda558ac5639fa3e9f08347615b724ddf5500bb9539a4be596275f5eb619f6f,355614,556040,506880,49160,,,,65348238a65721f87cdd7b0aa0f1aaf1dc8bb821d69c554cd4bff8b9d8c35ce4,677656,1.905594267942207
case_044,2,A,600.0,7.529937761999918,/home/dreamboat/npu_r12_verify/NPU_R12/work/par5_A/case_044_n2_A/selected_plan.json,/home/dreamboat/npu_r12_verify/NPU_R12/work/par5_A/case_044_n2_A/report.json,/home/dreamboat/npu_r12_verify/NPU_R12/work/par5_A/case_044_n2_A/control/r7/control_r6/control_work/chainwave_result.official.json,d4c193b8b63e3e552fd3c9552e9ac2047929e1322e648324aac23ffae80415e0,78699,2014560,2014560,0,,,,2965712498820f9eb7034ffae1f6af2ab21eebcd7c42960647eaa0edc0ccceeb,154407,1.9619944344909084
case_045,2,A,600.0,2.995356486999981,/home/dreamboat/npu_r12_verify/NPU_R12/work/par4_A/case_045_n2_A/selected_plan.json,/home/dreamboat/npu_r12_verify/NPU_R12/work/par4_A/case_045_n2_A/report.json,/home/dreamboat/npu_r12_verify/NPU_R12/work/par4_A/case_045_n2_A/control/r7/control_r6/control_work/components_result.official.json,2f84ac238808bc578348d95b101d3a9096d1c154eb4b1368b608433d2f33f6b0,63059,0,0,0,,,,b850f72635589788dcdcb783d6ec7df7f6093b0484aa8a71aabc6cfc41874fae,125614,1.99200748505368
case_046,2,A,600.0,4.770883273999971,/home/dreamboat/npu_r12_verify/NPU_R12/work/par5_A/case_046_n2_A/selected_plan.json,/home/dreamboat/npu_r12_verify/NPU_R12/work/par5_A/case_046_n2_A/report.json,/home/dreamboat/npu_r12_verify/NPU_R12/work/par5_A/case_046_n2_A/control/extra/m2_ordered_0.official.json,cbbc3def6aa4ba4b3bcf20381af6777741288f5f6f8424637003199f337eff55,158876,6512800,6512800,0,,,,39b6e3dde0c486567c6ce722fafb21af75c544488a66dff713bfd2c677674c99,276455,1.7400677257735593
case_047,2,A,600.0,306.65452767500005,/home/dreamboat/npu_r12_verify/NPU_R12/work/par2_A/case_047_n2_A/selected_plan.json,/home/dreamboat/npu_r12_verify/NPU_R12/work/par2_A/case_047_n2_A/report.json,/home/dreamboat/npu_r12_verify/NPU_R12/work/par2_A/case_047_n2_A/control/r7/reassign/reassign_observed_result.official.json,421ac3f088113c36aa8c5067b4e7544de698133cddc119030027d4bde52470fc,245880,3820950,3820950,0,,,,afc20693e19bfd3897e39e4136391cd3ee8b85d022dc7465815aeba7832a3d46,326508,1.327916056612982
case_048,2,A,600.0,16.18496187000028,/home/dreamboat/npu_r12_verify/NPU_R12/work/par5_A/case_048_n2_A/selected_plan.json,/home/dreamboat/npu_r12_verify/NPU_R12/work/par5_A/case_048_n2_A/report.json,/home/dreamboat/npu_r12_verify/NPU_R12/work/par5_A/case_048_n2_A/control/r7/bands/band8_result.official.json,c33af55dc88c064f39c7acbcc3592711014165dfe04118794d67e122fd1b8c4b,169359,853830,853830,0,,,,15cc40f9720f0c8dc796a141d644609897510c99526258b7e51effc4559e25d1,222220,1.312123949716283
case_049,2,A,600.0,68.83626943599984,/home/dreamboat/npu_r12_verify/NPU_R12/work/par5_A/case_049_n2_A/selected_plan.json,/home/dreamboat/npu_r12_verify/NPU_R12/work/par5_A/case_049_n2_A/report.json,/home/dreamboat/npu_r12_verify/NPU_R12/work/par5_A/case_049_n2_A/control/r7/reassign/reassign_observed_result.official.json,1f032d365cf1b68e7af5aa22079f23054494ac1c249bfc8d54c83c0ffdf23e30,148351,1784066,1784066,0,,,,4bdd08b1b17c4551cf589c0ea699d24675eac8440cc7f6aa9a240d1dfc27eae9,196276,1.3230514118543184
case_050,2,A,600.0,64.23055314199996,/home/dreamboat/npu_r12_verify/NPU_R12/work/par2_A/case_050_n2_A/selected_plan.json,/home/dreamboat/npu_r12_verify/NPU_R12/work/par2_A/case_050_n2_A/report.json,/home/dreamboat/npu_r12_verify/NPU_R12/work/par2_A/case_050_n2_A/control/r7/control_r6/control_work/components_result.official.json,a0cc470532ccb1b0803fc8f8f76d8bdf1669a4236765e7d7277333e3f9e47059,108121,3456,3456,0,,,,d4fe2e7526df2dee50b929a477d17a9af0e9fd17fedb9ef382018ba252d3320e,149690,1.3844674022622803
case_051,2,A,600.0,6.0358465750000505,/home/dreamboat/npu_r12_verify/NPU_R12/work/par6_A/case_051_n2_A/selected_plan.json,/home/dreamboat/npu_r12_verify/NPU_R12/work/par6_A/case_051_n2_A/report.json,/home/dreamboat/npu_r12_verify/NPU_R12/work/par6_A/case_051_n2_A/control/r7/control_r6/control_work/chainwave_result.official.json,8d8ef2c16c22fb6fed63bcbc3c7d39e0cf2d2aac9aa5c57a26034af37166e407,367112,9046218,9046218,0,,,,d8a6b7af640750f1fa497d4629241200c86901ed8cf12326df01e83af6300fbd,607628,1.6551570093050623
case_052,2,A,600.0,4.975405013,/home/dreamboat/npu_r12_verify/NPU_R12/work/par2_A/case_052_n2_A/selected_plan.json,/home/dreamboat/npu_r12_verify/NPU_R12/work/par2_A/case_052_n2_A/report.json,/home/dreamboat/npu_r12_verify/NPU_R12/work/par2_A/case_052_n2_A/control/r7/control_r6/control_work/components_result.official.json,2ee7b26e1d47bda746fba5f8c01461705295666e554a5ebfc8db06c1ca1f0bed,91267,102912,102912,0,,,,88165e8be5c605ad28e5de0047bd9f725cb379035f832d0c8e76b0166629ea85,180301,1.9755333252983005
case_053,2,A,600.0,440.17014773599976,/home/dreamboat/npu_r12_verify/NPU_R12/work/par6_A/case_053_n2_A/selected_plan.json,/home/dreamboat/npu_r12_verify/NPU_R12/work/par6_A/case_053_n2_A/report.json,/home/dreamboat/npu_r12_verify/NPU_R12/work/par6_A/case_053_n2_A/control/r7/control_r6/control_work/component_batch512_result.official.json,cad8431e530444fb09e3d7db231f500e30fe7356c55aadd3903dc089b97da28e,770010,7237216,3899392,3337824,,,,f53237c6d169c4da40deeab73f0921db9355f0cb7e99cbe4b59fa7de911424de,1472686,1.9125543824106181
case_054,2,A,600.0,430.0601000900001,/home/dreamboat/npu_r12_verify/NPU_R12/work/par4_A/case_054_n2_A/selected_plan.json,/home/dreamboat/npu_r12_verify/NPU_R12/work/par4_A/case_054_n2_A/report.json,/home/dreamboat/npu_r12_verify/NPU_R12/work/par4_A/case_054_n2_A/control/r7/reassign/reassign_observed_result.official.json,b018901fb35d056bdc623fae7f99f8bcea531c0739809ebf6977a90574279a70,515425,6850874,6515514,335360,,,,02c3922df0b9909991a24d0ae44dbbfcd9ab016c4add99b88ee22cb3fdd18cb4,815051,1.5813183295338797
case_055,2,A,600.0,5.933192093999878,/home/dreamboat/npu_r12_verify/NPU_R12/work/par5_A/case_055_n2_A/selected_plan.json,/home/dreamboat/npu_r12_verify/NPU_R12/work/par5_A/case_055_n2_A/report.json,/home/dreamboat/npu_r12_verify/NPU_R12/work/par5_A/case_055_n2_A/control/r7/control_r6/control_work/component_batch512_result.official.json,bf2bf94cb1b6e850fab8865ce1f7851e9f2bf8b859bceda648683c2542b0eca9,57941,57856,57856,0,,,,9402db0934740bd0b0e96e073cd9f4bea5387ca341904ef157c57cfd5e96e8bc,118835,2.0509656374587943
case_056,2,A,600.0,124.06294443199977,/home/dreamboat/npu_r12_verify/NPU_R12/work/par3_A/case_056_n2_A/selected_plan.json,/home/dreamboat/npu_r12_verify/NPU_R12/work/par3_A/case_056_n2_A/report.json,/home/dreamboat/npu_r12_verify/NPU_R12/work/par3_A/case_056_n2_A/control/r7/reassign/reassign_observed_result.official.json,88ed728f54c08ca23d248b6b2d8e02aba3746a3a0f39cab93a231de59749088f,213386,2922520,2922520,0,,,,75cb4dbe05c92e739b8b9cffe859360a0b55023b17f524de62902362d4af8a9f,277285,1.299452635130702
case_057,2,A,600.0,5.6169758610003555,/home/dreamboat/npu_r12_verify/NPU_R12/work/par3_A/case_057_n2_A/selected_plan.json,/home/dreamboat/npu_r12_verify/NPU_R12/work/par3_A/case_057_n2_A/report.json,/home/dreamboat/npu_r12_verify/NPU_R12/work/par3_A/case_057_n2_A/control/r7/reassign/reassign_observed_result.official.json,774ed17c9fd40003bafdebba16d56eee96e8906550b8a66bb2d8078ed77e247a,32042,70272,70272,0,,,,8ba3f4d7021b6220b9d69dc8259645d96867c629c3f381473e1d50c2ff80e963,59726,1.8639910117970164
case_058,2,A,600.0,23.622434283000075,/home/dreamboat/npu_r12_verify/NPU_R12/work/par2_A/case_058_n2_A/selected_plan.json,/home/dreamboat/npu_r12_verify/NPU_R12/work/par2_A/case_058_n2_A/report.json,/home/dreamboat/npu_r12_verify/NPU_R12/work/par2_A/case_058_n2_A/control/r7/control_r6/control_work/component_batch512_result.official.json,c0bd233ab9ad18b32938a02e6954071860b2120dde56ab69f98106ee9b6da319,2200935,43794432,43794432,0,,,,df98d6cd55b84cd857555cefc7586c390a889055e37f2e5eddfae2cc7c6cbb57,4539717,2.0626311090513805
case_059,2,A,600.0,3.3453303820001565,/home/dreamboat/npu_r12_verify/NPU_R12/work/par5_A/case_059_n2_A/selected_plan.json,/home/dreamboat/npu_r12_verify/NPU_R12/work/par5_A/case_059_n2_A/report.json,/home/dreamboat/npu_r12_verify/NPU_R12/work/par5_A/case_059_n2_A/control/r7/control_r6/control_work/components_result.official.json,b090a22ad8cefd153bd480c9149d4a724d5150de9373b6ab40b0a6e201f9d5f5,369318,360448,360448,0,,,,3200d155277f10d0cb598b97cddd545f1722a17666c056bcced9e6901583d5cd,829473,2.2459587672412393
case_060,2,A,600.0,47.76407424400031,/home/dreamboat/npu_r12_verify/NPU_R12/work/par6_A/case_060_n2_A/selected_plan.json,/home/dreamboat/npu_r12_verify/NPU_R12/work/par6_A/case_060_n2_A/report.json,/home/dreamboat/npu_r12_verify/NPU_R12/work/par6_A/case_060_n2_A/control/r7/reassign/reassign_observed_result.official.json,688680aec6308d85bca750ade4bcf049086d1502039aa21126a5dfb6ecbf7364,458745,8150032,8141840,8192,,,,ee5567253e94cd56f47a994190c54b474abd128e68f96ab76df858f2ad536d97,888789,1.9374358303632737
case_061,2,A,600.0,5.9984996570001385,/home/dreamboat/npu_r12_verify/NPU_R12/work/par4_A/case_061_n2_A/selected_plan.json,/home/dreamboat/npu_r12_verify/NPU_R12/work/par4_A/case_061_n2_A/report.json,/home/dreamboat/npu_r12_verify/NPU_R12/work/par4_A/case_061_n2_A/control/r7/control_r6/control_work/components_result.official.json,8af2c375d3e151e8396765aed5e532dbdb6d21dc556d46e77836ed521e6177de,39298,34560,34560,0,,,,9a5376794d172f599f3fca41856993c1e0b26e3089fef76f54627b3c270a117e,77191,1.9642475444042953
case_062,2,A,600.0,349.5646039389999,/home/dreamboat/npu_r12_verify/NPU_R12/work/par6_A/case_062_n2_A/selected_plan.json,/home/dreamboat/npu_r12_verify/NPU_R12/work/par6_A/case_062_n2_A/report.json,/home/dreamboat/npu_r12_verify/NPU_R12/work/par6_A/case_062_n2_A/indexed_insertion/plan.meta.official.json,107192147a148b6b1071108c7449f94d0b67426d13e31a6a94fbd591ba4aec5d,1976451,13393920,13393920,0,,,,e56f1bee9db79411426dc30bce056330d05370d37ca763e864ed5f75d8df8953,2854809,1.4444117258662117
case_063,2,A,600.0,101.55013092200033,/home/dreamboat/npu_r12_verify/NPU_R12/work/par3_A/case_063_n2_A/selected_plan.json,/home/dreamboat/npu_r12_verify/NPU_R12/work/par3_A/case_063_n2_A/report.json,/home/dreamboat/npu_r12_verify/NPU_R12/work/par3_A/case_063_n2_A/control/r7/bands/band4_result.official.json,4a15cccb8534378965724c8fbc77a6231b1d7fe0673500f9ef1ea08ed68bbbd5,558373,337920,337920,0,,,,28187ede47b28b554c37964ca36e9277cd138cf4032ce399767477097dae6fbb,1070397,1.9169927629022177
case_064,2,A,600.0,6.1687528100001146,/home/dreamboat/npu_r12_verify/NPU_R12/work/par2_A/case_064_n2_A/selected_plan.json,/home/dreamboat/npu_r12_verify/NPU_R12/work/par2_A/case_064_n2_A/report.json,/home/dreamboat/npu_r12_verify/NPU_R12/work/par2_A/case_064_n2_A/control/r7/bands/band16_result.official.json,291fa40a6599e7763ef15a60948820161dd16f9f507c1d6b281cc3590dae6a0e,18283,65662,65662,0,,,,6ba51603a936fee340be5647168658769ba70fb2e7aca5fe9ee975ca97335d98,19116,1.0455614505278128
case_065,2,A,600.0,3.129231925000113,/home/dreamboat/npu_r12_verify/NPU_R12/work/par5_A/case_065_n2_A/selected_plan.json,/home/dreamboat/npu_r12_verify/NPU_R12/work/par5_A/case_065_n2_A/report.json,/home/dreamboat/npu_r12_verify/NPU_R12/work/par5_A/case_065_n2_A/control/r7/control_r6/control_work/components_result.official.json,1a8c54936294d6bd0dbc4c4aa785b35904d1e00b00743db97f77012ad2b265f0,26972,13968,13968,0,,,,601c591de9d84a51a9fcb7e94ac47b2cb3643cd7bac51223a88cab4d80c9bd89,53068,1.9675218745365564
case_066,2,A,600.0,90.2992677430002,/home/dreamboat/npu_r12_verify/NPU_R12/work/par3_A/case_066_n2_A/selected_plan.json,/home/dreamboat/npu_r12_verify/NPU_R12/work/par3_A/case_066_n2_A/report.json,/home/dreamboat/npu_r12_verify/NPU_R12/work/par3_A/case_066_n2_A/control/r7/reassign/reassign_observed_result.official.json,fa39b07f36170125950d6f1f725ae9d0a27fc7d4cf0bd493fe53a3c7d0dc4a21,226476,1953158,1953158,0,,,,07ef387ce8a38bdf2a12025d7ad325871511c98a103f37ee571ece631efd471b,359070,1.585466009643406
case_067,2,A,600.0,198.43394731200033,/home/dreamboat/npu_r12_verify/NPU_R12/work/par2_A/case_067_n2_A/selected_plan.json,/home/dreamboat/npu_r12_verify/NPU_R12/work/par2_A/case_067_n2_A/report.json,/home/dreamboat/npu_r12_verify/NPU_R12/work/par2_A/case_067_n2_A/control/r7/reassign/reassign_local_result.official.json,41fc0524a308a53ec12d9542a0374373a5ebb94ae15072c7de100bb9f0bca39c,32438342,272726272,272726272,0,,,,4db463ba6c2e9d5db2195b271b799fa0a018eb3981a7deca691ca2d8c9cc3749,63834834,1.9678821439147538
case_068,2,A,600.0,89.13904684599993,/home/dreamboat/npu_r12_verify/NPU_R12/work/par1_A/case_068_n2_A/selected_plan.json,/home/dreamboat/npu_r12_verify/NPU_R12/work/par1_A/case_068_n2_A/report.json,/home/dreamboat/npu_r12_verify/NPU_R12/work/par1_A/case_068_n2_A/control/r7/reassign/reassign_observed_result.official.json,9846c7579cfbfb63e28fccbb37c5bc179fc16a3a5a74ce91a90101682950bae8,260340,2598030,2598030,0,,,,e5eb6f0cf9c08c837b54ea59df59be90158696ffa4f6db6571f222aacd69be4c,362095,1.3908542674963509
case_069,2,A,600.0,5.095669373999954,/home/dreamboat/npu_r12_verify/NPU_R12/work/par3_A/case_069_n2_A/selected_plan.json,/home/dreamboat/npu_r12_verify/NPU_R12/work/par3_A/case_069_n2_A/report.json,/home/dreamboat/npu_r12_verify/NPU_R12/work/par3_A/case_069_n2_A/control/r7/reassign/reassign_local_result.official.json,72e7923c248ed56469f97682ef3e45fd053437e5132cbdf0e521e458dc5fdc0e,21197,532364,532364,0,,,,3c814bc920ebc183bad0316b864a1107b3a3c89df3951c26757277f297ea07ff,25144,1.1862055951313866
case_070,2,A,600.0,5.210670283000127,/home/dreamboat/npu_r12_verify/NPU_R12/work/par1_A/case_070_n2_A/selected_plan.json,/home/dreamboat/npu_r12_verify/NPU_R12/work/par1_A/case_070_n2_A/report.json,/home/dreamboat/npu_r12_verify/NPU_R12/work/par1_A/case_070_n2_A/control/r7/control_r6/control_work/components_result.official.json,d129a0c8ddadf99bb63560e3cd7386d8b5b7c03c11ba4a69fa1fdcea19ae92ac,58234,129536,129536,0,,,,8d97875daa7f39b19dfb52f1820d0a0468581cd30e5af611520624f1ff50d133,117300,2.014287186179895
case_071,2,A,600.0,4.234017756999947,/home/dreamboat/npu_r12_verify/NPU_R12/work/par1_A/case_071_n2_A/selected_plan.json,/home/dreamboat/npu_r12_verify/NPU_R12/work/par1_A/case_071_n2_A/report.json,/home/dreamboat/npu_r12_verify/NPU_R12/work/par1_A/case_071_n2_A/control/r7/bands/band8_result.official.json,9b43af8a060079c2b90bace7183e098d2eb7d878641dfd09f8bfdb9c1b557b54,16232,375274,375274,0,,,,fda8bdb3c945979f8dee8b52927e44648941ffe463ea508bef9ba0c2486310fa,18919,1.165537210448497
case_072,2,A,600.0,185.24195414799988,/home/dreamboat/npu_r12_verify/NPU_R12/work/par4_A/case_072_n2_A/selected_plan.json,/home/dreamboat/npu_r12_verify/NPU_R12/work/par4_A/case_072_n2_A/report.json,/home/dreamboat/npu_r12_verify/NPU_R12/work/par4_A/case_072_n2_A/control/r7/control_r6/control_work/component_batch512_result.official.json,94d8a24cb1236fbd3b99035ce967816b928975cc22f0ac504fe63f58452613f7,11713796,99330848,91967832,7363016,,,,ba11b2a4273defc0437877d0e6728f742ba541102d5ec36269d2d1b76fc76562,23897828,2.040143775766626
case_073,2,A,600.0,54.099128907999784,/home/dreamboat/npu_r12_verify/NPU_R12/work/par1_A/case_073_n2_A/selected_plan.json,/home/dreamboat/npu_r12_verify/NPU_R12/work/par1_A/case_073_n2_A/report.json,/home/dreamboat/npu_r12_verify/NPU_R12/work/par1_A/case_073_n2_A/control/r7/control_r6/control_work/chainwave_result.official.json,fb2c915558e62e426357de42ce4c194c117ddcabbda2b75f7a60d7fb3980dfb1,5304875,98703232,11409280,87293952,,,,ce5b150e09b9850242a288bc536a12295805c1c7e4110c9e1a779883749f5a22,10081626,1.900445533589387
case_074,2,A,600.0,45.80221197899982,/home/dreamboat/npu_r12_verify/NPU_R12/work/par2_A/case_074_n2_A/selected_plan.json,/home/dreamboat/npu_r12_verify/NPU_R12/work/par2_A/case_074_n2_A/report.json,/home/dreamboat/npu_r12_verify/NPU_R12/work/par2_A/case_074_n2_A/control/r7/reassign/reassign_observed_result.official.json,32dbc27161c0f7873702a196c27ffa4fc5f4879212e1e1c3c85c5805e13baa8f,832726,5910536,5160960,749576,,,,c8f5202bf99505ab2336303faa7898a285e40ec7ed4cf1b30ba5c9e7272cc10b,1682239,2.0201590919462102
case_075,2,A,600.0,111.63521839500027,/home/dreamboat/npu_r12_verify/NPU_R12/work/par4_A/case_075_n2_A/selected_plan.json,/home/dreamboat/npu_r12_verify/NPU_R12/work/par4_A/case_075_n2_A/report.json,/home/dreamboat/npu_r12_verify/NPU_R12/work/par4_A/case_075_n2_A/control/r7/bands/band4_result.official.json,952d20fc764d1f4ed889b9e871077261878e97414e3c1fde2af256ecd7228f20,844156,8130090,8130090,0,,,,d27d658419fac2bcdae1cc2039c6db05c40141202f50e1e8be0db2962c153608,1441809,1.7079888077559124
case_076,2,A,600.0,58.25146666699993,/home/dreamboat/npu_r12_verify/NPU_R12/work/par2_A/case_076_n2_A/selected_plan.json,/home/dreamboat/npu_r12_verify/NPU_R12/work/par2_A/case_076_n2_A/report.json,/home/dreamboat/npu_r12_verify/NPU_R12/work/par2_A/case_076_n2_A/control/r7/control_r6/control_work/component_batch512_result.official.json,2959fdfa7856db01ba797afc5ba5e1c9477dab6c64334d7e670be809d654f780,3046650,33976320,33976320,0,,,,adfe6026f12f26389e1c3c95e92903d17ebf4184b659cdafc3948fb64ddca766,6185113,2.0301357228431227
case_077,2,A,600.0,83.1754224639999,/home/dreamboat/npu_r12_verify/NPU_R12/work/par4_A/case_077_n2_A/selected_plan.json,/home/dreamboat/npu_r12_verify/NPU_R12/work/par4_A/case_077_n2_A/report.json,/home/dreamboat/npu_r12_verify/NPU_R12/work/par4_A/case_077_n2_A/control/r7/control_r6/control_work/components_result.official.json,0893b57e8cd7c56e8fddba6e9d07123f567c0f467e22d4623ed67abbcc29f771,250735,57344,57344,0,,,,f60de3decba3eb2428b8f12262bc78fbddef0a5ad6ad1affa793166154112d9a,495320,1.9754721119907472
case_078,2,A,600.0,5.736491806999766,/home/dreamboat/npu_r12_verify/NPU_R12/work/par2_A/case_078_n2_A/selected_plan.json,/home/dreamboat/npu_r12_verify/NPU_R12/work/par2_A/case_078_n2_A/report.json,/home/dreamboat/npu_r12_verify/NPU_R12/work/par2_A/case_078_n2_A/control/extra/m2_ordered_0.official.json,dcf35a992b2518460500084906add0285e6b63329e441692dfb82cfc370fd2f6,1080972,15039360,15039360,0,,,,90eef93f379684f0f4225cbfbaf36c3a15f8cf789d2067159afd957d20ffd059,2296143,2.1241466013920807
case_079,2,A,600.0,144.15743241600012,/home/dreamboat/npu_r12_verify/NPU_R12/work/par5_A/case_079_n2_A/selected_plan.json,/home/dreamboat/npu_r12_verify/NPU_R12/work/par5_A/case_079_n2_A/report.json,/home/dreamboat/npu_r12_verify/NPU_R12/work/par5_A/case_079_n2_A/control/r7/control_r6/control_work/component_batch512_result.official.json,6ab684424b494cd735b59b982ee37142c8d7e829e94fb1ebc31d4b79cb09c23c,14738594,47714304,47714304,0,,,,f601e5125b26a12a3d33afedab1d980fb871199bf20dcc4b7b87a57c6c473f1e,31052251,2.106866570854723
case_080,2,A,600.0,1.6758231249996243,/home/dreamboat/npu_r12_verify/NPU_R12/work/par6_A/case_080_n2_A/selected_plan.json,/home/dreamboat/npu_r12_verify/NPU_R12/work/par6_A/case_080_n2_A/report.json,/home/dreamboat/npu_r12_verify/NPU_R12/work/par6_A/case_080_n2_A/control/r7/control_r6/control_work/components_result.official.json,db6aeed34656377de6516357b7dd1320977e6eb1aabe2ba3787d5b7fd8f7d4c2,145926,2191360,1904640,286720,,,,da8c8fdc4eb45b7b4f9bd8aa5608faecb0652ca249eafb06a355f900db29807c,292138,2.0019598974822856
case_081,2,A,600.0,6.145306007999807,/home/dreamboat/npu_r12_verify/NPU_R12/work/par5_A/case_081_n2_A/selected_plan.json,/home/dreamboat/npu_r12_verify/NPU_R12/work/par5_A/case_081_n2_A/report.json,/home/dreamboat/npu_r12_verify/NPU_R12/work/par5_A/case_081_n2_A/control/r7/control_r6/control_work/components_result.official.json,6d5ade9baacb96ade172510cecc97794f912a6eb69b8bc5e86ff6a5f2bc2738d,76860,0,0,0,,,,bcaa7622e5d88c81e1c2900fd0b3a5f2f6d6ec88ae724d03ef360e63b8e8243b,151795,1.9749544626593807
case_082,2,A,600.0,37.40799420499934,/home/dreamboat/npu_r12_verify/NPU_R12/work/par1_A/case_082_n2_A/selected_plan.json,/home/dreamboat/npu_r12_verify/NPU_R12/work/par1_A/case_082_n2_A/report.json,/home/dreamboat/npu_r12_verify/NPU_R12/work/par1_A/case_082_n2_A/control/r7/reassign/reassign_local_result.official.json,a9192dd46663263523db10282a13492d50c73809351cf2e2d55d0f886e17263d,450921,4435418,4325850,109568,,,,3c5b711fca131aed9062a4ccb304e77b157d42220af7b478a4350cdb2bfb8cbb,721041,1.5990406301769047
case_083,2,A,600.0,18.304295828999784,/home/dreamboat/npu_r12_verify/NPU_R12/work/par3_A/case_083_n2_A/selected_plan.json,/home/dreamboat/npu_r12_verify/NPU_R12/work/par3_A/case_083_n2_A/report.json,/home/dreamboat/npu_r12_verify/NPU_R12/work/par3_A/case_083_n2_A/control/r7/control_r6/control_work/chainwave_result.official.json,b95a8a376871904ec16e11997164ee364ad1dcc2418105f4c812cbebbc537c56,537673,13151840,13151840,0,,,,8570bf01ca1fa11d8f2dd7dde770ebb32068a44adf3550aca372f60197210208,1057993,1.9677257366466234
case_084,2,A,600.0,260.4283085410002,/home/dreamboat/npu_r12_verify/NPU_R12/work/par3_A/case_084_n2_A/selected_plan.json,/home/dreamboat/npu_r12_verify/NPU_R12/work/par3_A/case_084_n2_A/report.json,/home/dreamboat/npu_r12_verify/NPU_R12/work/par3_A/case_084_n2_A/control/r7/control_r6/control_work/chainwave_result.official.json,7c885a4f6c8632f4f7a001d5f4dbc69f75105480035ad2bce1fe97100a7d1b57,1013056,30190464,30190464,0,,,,0d7742b63f0e48193bd83c9be902107d0ef02c1aaa18c4517c817ebee54d1f3b,2507412,2.475097131846611
case_085,2,A,600.0,435.95267305200014,/home/dreamboat/npu_r12_verify/NPU_R12/work/par4_A/case_085_n2_A/selected_plan.json,/home/dreamboat/npu_r12_verify/NPU_R12/work/par4_A/case_085_n2_A/report.json,/home/dreamboat/npu_r12_verify/NPU_R12/work/par4_A/case_085_n2_A/control/r7/reassign/reassign_local_result.official.json,fddecbf9ed966647ea3f2e16adc53cd8b362819ea35a37507d6daa4e25a6125d,2105594,40692846,40692846,0,,,,7d32435d033437aa8cd56faa283ae545dd1e66ef31201d1aca9a5470ab63b2b2,3187899,1.5140140976845489
case_086,2,A,600.0,36.95544874400002,/home/dreamboat/npu_r12_verify/NPU_R12/work/par5_A/case_086_n2_A/selected_plan.json,/home/dreamboat/npu_r12_verify/NPU_R12/work/par5_A/case_086_n2_A/report.json,/home/dreamboat/npu_r12_verify/NPU_R12/work/par5_A/case_086_n2_A/control/r7/reassign/reassign_local_result.official.json,3aec368144bf91255e83dbad62e664f7a5eaaa9059a541d2369994319d0a16ba,99674,2656640,2578304,78336,,,,93cc173185b32b708a39150535ebd8606939d8314cf887ec5bb5a0cd8bf1add0,118403,1.1879025623532717
case_087,2,A,1800.0,819.1332882120005,/home/dreamboat/npu_r12_verify/NPU_R12/work/retry087_A23/case_087_n2_A/selected_plan.json,/home/dreamboat/npu_r12_verify/NPU_R12/work/retry087_A23/case_087_n2_A/report.json,/home/dreamboat/npu_r12_verify/NPU_R12/work/retry087_A23/case_087_n2_A/control/r7/reassign/reassign_local_result.official.json,f8749e1cec1cbcb64cc837bf45e47bddf8713d4b29cc05b6000e5335ec7be097,2093249,35193224,34995080,198144,,,,970663292dd1fada7fc0d04b17d7f41170968673328987abb90e2b20b65b0051,3974071,1.898518045392593
case_088,2,A,600.0,36.70351042600032,/home/dreamboat/npu_r12_verify/NPU_R12/work/par6_A/case_088_n2_A/selected_plan.json,/home/dreamboat/npu_r12_verify/NPU_R12/work/par6_A/case_088_n2_A/report.json,/home/dreamboat/npu_r12_verify/NPU_R12/work/par6_A/case_088_n2_A/control/r7/reassign/reassign_observed_result.official.json,d55cee958017751eedd76fe94913757a6581856eab6e415edecbecb7b45d29d7,173654,1860972,1860972,0,,,,75792baf65b3d2b60c7b76d15018eaa6ef9a41625a075cace673252b2e77124f,243623,1.402921902173287
case_089,2,A,600.0,37.927372827,/home/dreamboat/npu_r12_verify/NPU_R12/work/par3_A/case_089_n2_A/selected_plan.json,/home/dreamboat/npu_r12_verify/NPU_R12/work/par3_A/case_089_n2_A/report.json,/home/dreamboat/npu_r12_verify/NPU_R12/work/par3_A/case_089_n2_A/control/r7/control_r6/control_work/components_result.official.json,b9a77968fd19f9c93f9a8afb6be0533786f7239478df25d57994acddea9ef948,346832,238720,238720,0,,,,002e0689720b060fe1553243813e0021fbac4b747e7041c893702c914fe62aef,693092,1.998350786547954
case_090,2,A,600.0,11.26306826400014,/home/dreamboat/npu_r12_verify/NPU_R12/work/par6_A/case_090_n2_A/selected_plan.json,/home/dreamboat/npu_r12_verify/NPU_R12/work/par6_A/case_090_n2_A/report.json,/home/dreamboat/npu_r12_verify/NPU_R12/work/par6_A/case_090_n2_A/control/r7/control_r6/control_work/chainwave_result.official.json,0ce447f4142102ec1ffcc787f53325e3d79e3f1bdfce7a6b7418e74076c643cd,513438,4145280,4145280,0,,,,acc024e64df3c4ec7ce38c08657d4f9d43f21a76458818a0c271eb77e19dfc01,1178363,2.2950443870535486
case_091,2,A,600.0,52.47691126999962,/home/dreamboat/npu_r12_verify/NPU_R12/work/par3_A/case_091_n2_A/selected_plan.json,/home/dreamboat/npu_r12_verify/NPU_R12/work/par3_A/case_091_n2_A/report.json,/home/dreamboat/npu_r12_verify/NPU_R12/work/par3_A/case_091_n2_A/control/r7/control_r6/control_work/component_batch512_result.official.json,d363887fef959575ff52e545b189058696697acd00f806efd33a0bd9f32c8136,4529311,56506336,55075840,1430496,,,,36de564db1801d414ae3d3c1cfaad6aec49f87a5d71aa71f956e660bac7194ac,9186769,2.028292824228674
case_092,2,A,600.0,244.12335663500016,/home/dreamboat/npu_r12_verify/NPU_R12/work/par6_A/case_092_n2_A/selected_plan.json,/home/dreamboat/npu_r12_verify/NPU_R12/work/par6_A/case_092_n2_A/report.json,/home/dreamboat/npu_r12_verify/NPU_R12/work/par6_A/case_092_n2_A/control/r7/control_r6/control_work/chainwave_result.official.json,e5167839bd47d37ce855922024d52601461f642dce2fb9b452fd3a983e201bc6,2498492,56912480,56912480,0,,,,8717c8dad8c8c651a6153bb0315fb6ee902ac039494d871c561d203d4ba46278,4815554,1.927384198148323
case_093,2,A,600.0,1.1339542169998822,/home/dreamboat/npu_r12_verify/NPU_R12/work/par3_A/case_093_n2_A/selected_plan.json,/home/dreamboat/npu_r12_verify/NPU_R12/work/par3_A/case_093_n2_A/report.json,/home/dreamboat/npu_r12_verify/NPU_R12/work/par3_A/case_093_n2_A/control/r7/control_r6/control_work/components_result.official.json,796e2cd1b76c69bafcd81e619ba3dc61743407075b58b9be3d3b236591bf19da,37827,8192,8192,0,,,,d7592e5c94aa602ccbfbdcd528f570f39f3f317c88160c7621b9459efbb2a5d6,74205,1.9616940280751844
case_094,2,A,600.0,1.5516274290002912,/home/dreamboat/npu_r12_verify/NPU_R12/work/par4_A/case_094_n2_A/selected_plan.json,/home/dreamboat/npu_r12_verify/NPU_R12/work/par4_A/case_094_n2_A/report.json,/home/dreamboat/npu_r12_verify/NPU_R12/work/par4_A/case_094_n2_A/control/r7/control_r6/control_work/components_result.official.json,a54312bb62f57c77ae9edc834f97899a47a785dd5154544a42d659c1a9b17773,49398,106272,106272,0,,,,9380f99371085f9d7e160843c9a2f3122abb2ba00a81f04c3bb793c7fc86cf3b,94892,1.920968460261549
case_095,2,A,600.0,14.570517451000342,/home/dreamboat/npu_r12_verify/NPU_R12/work/par4_A/case_095_n2_A/selected_plan.json,/home/dreamboat/npu_r12_verify/NPU_R12/work/par4_A/case_095_n2_A/report.json,/home/dreamboat/npu_r12_verify/NPU_R12/work/par4_A/case_095_n2_A/control/r7/control_r6/control_work/components_result.official.json,c69b19f54508b1cc81dbcf7e8cf0d13032f75f00ec4298228e50b8241d6d529e,1042890,0,0,0,,,,709842f350c2a1dadfdfd14877a4526d3d16783aa8da445241ea4d14e23ff65a,2084853,1.9991111238960964
case_096,2,A,600.0,6.581825995999679,/home/dreamboat/npu_r12_verify/NPU_R12/work/par3_A/case_096_n2_A/selected_plan.json,/home/dreamboat/npu_r12_verify/NPU_R12/work/par3_A/case_096_n2_A/report.json,/home/dreamboat/npu_r12_verify/NPU_R12/work/par3_A/case_096_n2_A/control/r7/control_r6/control_work/component_batch512_result.official.json,5e0e925d9406432f526f6a157ecdb98e2feece5a24d08b5ff43601b7e0a7e0d5,47089,66240,66240,0,,,,161d4747e875963a5a931df01a83ed05b67f5beb37cd26131bdd5a487507a137,84194,1.7879759604153835
case_097,2,A,600.0,117.62811885100018,/home/dreamboat/npu_r12_verify/NPU_R12/work/par1_A/case_097_n2_A/selected_plan.json,/home/dreamboat/npu_r12_verify/NPU_R12/work/par1_A/case_097_n2_A/report.json,/home/dreamboat/npu_r12_verify/NPU_R12/work/par1_A/case_097_n2_A/control/r7/control_r6/control_work/component_batch512_result.official.json,5b328fb4211b5b3d92d10307394603b1a04f3ce165ecf50f154a3a0c97362347,5161740,14483456,14483456,0,,,,f13c1f1a4be8ad934331a08dffc70918acbcdf30e8b70f3a4d71d3dba10a44bc,11491509,2.2262859035906497
case_098,2,A,600.0,5.442864597000153,/home/dreamboat/npu_r12_verify/NPU_R12/work/par3_A/case_098_n2_A/selected_plan.json,/home/dreamboat/npu_r12_verify/NPU_R12/work/par3_A/case_098_n2_A/report.json,/home/dreamboat/npu_r12_verify/NPU_R12/work/par3_A/case_098_n2_A/control/r7/control_r6/control_work/component_batch512_result.official.json,9d8926d14f81196efe691fbe23d868c089d89bda9581aa89b1366ac62b0e8855,89551,0,0,0,,,,03079db9c100e2ea2614db3656ddaa2b44c1288897d6b83862d1762747d7591c,177430,1.9813290750522048
case_099,2,A,600.0,83.41899215400008,/home/dreamboat/npu_r12_verify/NPU_R12/work/par6_A/case_099_n2_A/selected_plan.json,/home/dreamboat/npu_r12_verify/NPU_R12/work/par6_A/case_099_n2_A/report.json,/home/dreamboat/npu_r12_verify/NPU_R12/work/par6_A/case_099_n2_A/control/r7/control_r6/control_work/components_result.official.json,4a42b8f203c85d589a2eeb2fb08d6064c941c313dc7dec96bd6038f7e1dd5b40,811243,7319552,1904640,5414912,,,,d9460a833438b0f65d210fc2cc6bbebd238c7597886c84384f3e6cd4cea7af9d,1622999,2.0006323629294798
case_100,2,A,600.0,7.179217076999521,/home/dreamboat/npu_r12_verify/NPU_R12/work/par4_A/case_100_n2_A/selected_plan.json,/home/dreamboat/npu_r12_verify/NPU_R12/work/par4_A/case_100_n2_A/report.json,/home/dreamboat/npu_r12_verify/NPU_R12/work/par4_A/case_100_n2_A/control/r7/reassign/reassign_observed_result.official.json,c611d5490f20275ab39adcca7313493e1baa4ca9b7a2aab365441ea620c3f2ed,82771,763960,763960,0,,,,b350cd36219175aa2f3598438bd61aba69152f14a0ed2df01a14aa2367a8947e,151223,1.827004627224511
case_001,3,A,600.0,2.903315323000001,/home/dreamboat/npu_r12_verify/NPU_R12/work/par6_A/case_001_n3_A/selected_plan.json,/home/dreamboat/npu_r12_verify/NPU_R12/work/par6_A/case_001_n3_A/report.json,/home/dreamboat/npu_r12_verify/NPU_R12/work/par6_A/case_001_n3_A/control/r7/control_r6/control_work/components_result.official.json,18b1830e57cd7cd49f198f7a28734b253aa47f27f938db7b118f4aed089673eb,78545,2304,2304,0,,,,fc5f779390effbd7bbe09887052c446d55028c9e7e4fe533a435f4496f944a17,233110,2.9678528232223567
case_002,3,A,600.0,10.959633122000014,/home/dreamboat/npu_r12_verify/NPU_R12/work/par2_A/case_002_n3_A/selected_plan.json,/home/dreamboat/npu_r12_verify/NPU_R12/work/par2_A/case_002_n3_A/report.json,/home/dreamboat/npu_r12_verify/NPU_R12/work/par2_A/case_002_n3_A/control/r7/bands/band4_result.official.json,b97c616dfa551e312469d6c485797a497bdfacb1077697ab762d341208ee8691,98023,82944,82944,0,,,,9effb2ecb1623d88f1b2b9324231b72a22e4f6f9a13e29c3a7784df6fc4d3c6b,261945,2.6722809952766187
case_003,3,A,600.0,209.63828401699993,/home/dreamboat/npu_r12_verify/NPU_R12/work/par1_A/case_003_n3_A/selected_plan.json,/home/dreamboat/npu_r12_verify/NPU_R12/work/par1_A/case_003_n3_A/report.json,/home/dreamboat/npu_r12_verify/NPU_R12/work/par1_A/case_003_n3_A/control/r7/reassign/reassign_observed_result.official.json,781ecc3b5a68fbfac590f901e665d13bdeb60531ce1ddb6792559c5eb04c7f03,321535,6729464,6729464,0,,,,48918de89db5f332a3f59a37bc28d35df4c59a87183452505bc971094a4fd8e9,602212,1.8729282970749686
case_004,3,A,600.0,4.2393392449999965,/home/dreamboat/npu_r12_verify/NPU_R12/work/par4_A/case_004_n3_A/selected_plan.json,/home/dreamboat/npu_r12_verify/NPU_R12/work/par4_A/case_004_n3_A/report.json,/home/dreamboat/npu_r12_verify/NPU_R12/work/par4_A/case_004_n3_A/control/r7/control_r6/control_work/components_result.official.json,9a977645e2e1e1a3b5df52bd27377302ca714499b3d806ebdc3d39c60fabe62f,134043,221184,221184,0,,,,f44e0158c37ab264c4ee29fa380a615d6b83a82f6eb4bdffa34c11954ed80bca,392357,2.927098020784375
case_005,3,A,600.0,39.87690030499999,/home/dreamboat/npu_r12_verify/NPU_R12/work/par6_A/case_005_n3_A/selected_plan.json,/home/dreamboat/npu_r12_verify/NPU_R12/work/par6_A/case_005_n3_A/report.json,/home/dreamboat/npu_r12_verify/NPU_R12/work/par6_A/case_005_n3_A/control/r7/bands/band4_result.official.json,85b045b81e1993c7ea3c9d73d8a12a8d8271032fa6cded5ce525327320a5ec35,72553,2483610,2483610,0,,,,50a580ccc0faf4b10d1b0db6affb9a69077a0bb137137aae29f76c17a204ac04,95618,1.3179055311289678
case_006,3,A,600.0,4.74568897799999,/home/dreamboat/npu_r12_verify/NPU_R12/work/par4_A/case_006_n3_A/selected_plan.json,/home/dreamboat/npu_r12_verify/NPU_R12/work/par4_A/case_006_n3_A/report.json,/home/dreamboat/npu_r12_verify/NPU_R12/work/par4_A/case_006_n3_A/control/extra/m3_ordered_0.official.json,ded9d10eda49089236f11535988148eadbbb37fda59084b4d8b40ecb9d626963,30917,91264,91264,0,,,,67dba7be87f6dc900ee9569846d8689bbab68998f54f6a8b936a4ffc3e530a26,82837,2.67933499369279
case_007,3,A,600.0,17.789446469000012,/home/dreamboat/npu_r12_verify/NPU_R12/work/par4_A/case_007_n3_A/selected_plan.json,/home/dreamboat/npu_r12_verify/NPU_R12/work/par4_A/case_007_n3_A/report.json,/home/dreamboat/npu_r12_verify/NPU_R12/work/par4_A/case_007_n3_A/control/r7/control_r6/control_work/components_result.official.json,5b5129850c8dfdea7148da07f0d34a1ea5555b4677850987616d9faa52a46b13,338094,55296,55296,0,,,,7007ea164be56d15d5d24bce305cc20a68862fa3e776dadc792fda99a69fcbe7,1012562,2.994912657426633
case_008,3,A,600.0,4.088786643000049,/home/dreamboat/npu_r12_verify/NPU_R12/work/par1_A/case_008_n3_A/selected_plan.json,/home/dreamboat/npu_r12_verify/NPU_R12/work/par1_A/case_008_n3_A/report.json,/home/dreamboat/npu_r12_verify/NPU_R12/work/par1_A/case_008_n3_A/control/r7/control_r6/control_work/components_result.official.json,0d1bd44531fd798e9ab6af97a29a3b1fc01ab04fd8ee8250666c41e181b0d4eb,163359,0,0,0,,,,1bd24c4f167321a2e232e34e1c052f92ac67c8a63a90044ec5920a0b52cba500,487605,2.984867684057811
case_009,3,A,600.0,138.34354832999998,/home/dreamboat/npu_r12_verify/NPU_R12/work/par5_A/case_009_n3_A/selected_plan.json,/home/dreamboat/npu_r12_verify/NPU_R12/work/par5_A/case_009_n3_A/report.json,/home/dreamboat/npu_r12_verify/NPU_R12/work/par5_A/case_009_n3_A/control/extra/m2_components.official.json,7a40e2a2aa0d75b043e2f37df9730f2c7585250c24934bf3d36879b1e8a25fdc,92198,0,0,0,,,,04bece48ec92d1dfa8eb619f4b9c3c96baefa0d48d24db64b81b2efb2792774d,153261,1.66230286991041
case_010,3,A,600.0,4.549502043999837,/home/dreamboat/npu_r12_verify/NPU_R12/work/par1_A/case_010_n3_A/selected_plan.json,/home/dreamboat/npu_r12_verify/NPU_R12/work/par1_A/case_010_n3_A/report.json,/home/dreamboat/npu_r12_verify/NPU_R12/work/par1_A/case_010_n3_A/control/r7/control_r6/control_work/components_result.official.json,19902ae4c13093b7b84d64c9ec58aa4e079aab6235213b90aae5b477736cebcd,30856,48384,48384,0,,,,e8eda427def996dc687386a839c03aaeca5bf11a4243e62e0a0958a2891e42cc,86969,2.8185442053409386
case_011,3,A,600.0,3.378878570999973,/home/dreamboat/npu_r12_verify/NPU_R12/work/par6_A/case_011_n3_A/selected_plan.json,/home/dreamboat/npu_r12_verify/NPU_R12/work/par6_A/case_011_n3_A/report.json,/home/dreamboat/npu_r12_verify/NPU_R12/work/par6_A/case_011_n3_A/control/r7/control_r6/control_work/components_result.official.json,e77e13ff108117bed21a732007625526ac5b77ce35e49b482746fc6ff4072598,69625,1081344,1081344,0,,,,877ab24000a74e355e6efdabcbb1d105b714a87d07877e608c6ade8612184706,184697,2.6527396768402154
case_012,3,A,600.0,4.482481913000015,/home/dreamboat/npu_r12_verify/NPU_R12/work/par6_A/case_012_n3_A/selected_plan.json,/home/dreamboat/npu_r12_verify/NPU_R12/work/par6_A/case_012_n3_A/report.json,/home/dreamboat/npu_r12_verify/NPU_R12/work/par6_A/case_012_n3_A/control/r7/control_r6/control_work/components_result.official.json,443de6df2ac03792f9feccbd48ff8991d2a306dd134494d288b71d38bf12751e,21894,20160,20160,0,,,,68ad81dc4dd9d0e9ccbee6ab7b6cd7f0bce5d404c4be948c7ad329da900034a1,59088,2.6988215949575225
case_013,3,A,600.0,3.5937007930000107,/home/dreamboat/npu_r12_verify/NPU_R12/work/par4_A/case_013_n3_A/selected_plan.json,/home/dreamboat/npu_r12_verify/NPU_R12/work/par4_A/case_013_n3_A/report.json,/home/dreamboat/npu_r12_verify/NPU_R12/work/par4_A/case_013_n3_A/control/r7/control_r6/control_work/components_result.official.json,75ca6a1e52cfc07d263b9b79e8829144d40152987d4232bef43b201014f73511,88351,16384,16384,0,,,,5a9a08eada9e30de4c315562072f3381aba38ed6d4f65ec4962ed9289bc404f7,263949,2.98750438591527
case_014,3,A,600.0,102.71339657399994,/home/dreamboat/npu_r12_verify/NPU_R12/work/par1_A/case_014_n3_A/selected_plan.json,/home/dreamboat/npu_r12_verify/NPU_R12/work/par1_A/case_014_n3_A/report.json,/home/dreamboat/npu_r12_verify/NPU_R12/work/par1_A/case_014_n3_A/control/r7/control_r6/control_work/component_batch512_result.official.json,a9868722d5fe364d24368011e73953858e333f1342551d85bfaa82b8df55f472,5865918,71375016,65861808,5513208,,,,5695cc64d5253098818ce6874739b55e6cde57419346f4aa4338fb61665c61e5,17698626,3.0171962853896015
case_015,3,A,600.0,5.782596964999982,/home/dreamboat/npu_r12_verify/NPU_R12/work/par4_A/case_015_n3_A/selected_plan.json,/home/dreamboat/npu_r12_verify/NPU_R12/work/par4_A/case_015_n3_A/report.json,/home/dreamboat/npu_r12_verify/NPU_R12/work/par4_A/case_015_n3_A/control/r7/control_r6/control_work/components_result.official.json,5f28391443edd936ff739324c3ebea552f2f4f9f6fca19340bd9a3a1990849fa,61168,290056,208128,81928,,,,8e90dcf76176a6e80e30a18147665499560c9340e793d7bdb166523ac41e3f06,177362,2.8995880198796757
case_016,3,A,600.0,426.54469604400015,/home/dreamboat/npu_r12_verify/NPU_R12/work/par5_A/case_016_n3_A/selected_plan.json,/home/dreamboat/npu_r12_verify/NPU_R12/work/par5_A/case_016_n3_A/report.json,/home/dreamboat/npu_r12_verify/NPU_R12/work/par5_A/case_016_n3_A/control/r7/control_r6/control_work/chainwave_result.official.json,8f020dff588a709760fa7de3d508fd13dfde2ce9575df90e5baba75c66499cfa,3793761,119566936,119566936,0,,,,6bc74d987136336dde11aa73dadf06161132f4188911dcf42185d2a62f149e44,7715523,2.0337398692221256
case_017,3,A,600.0,15.217711383999998,/home/dreamboat/npu_r12_verify/NPU_R12/work/par3_A/case_017_n3_A/selected_plan.json,/home/dreamboat/npu_r12_verify/NPU_R12/work/par3_A/case_017_n3_A/report.json,/home/dreamboat/npu_r12_verify/NPU_R12/work/par3_A/case_017_n3_A/control/r7/control_r6/control_work/components_result.official.json,d7123dfa30879c46ba6d1e44d93d0580e399d77af23489aaba397d970bffc9c9,58959,175104,175104,0,,,,2fbf432870d6aee84f6d2a23f7d549c307f8f09576ca49b1a943d63c69e7adf9,162810,2.7614104716837122
case_018,3,A,600.0,25.766057323000013,/home/dreamboat/npu_r12_verify/NPU_R12/work/par2_A/case_018_n3_A/selected_plan.json,/home/dreamboat/npu_r12_verify/NPU_R12/work/par2_A/case_018_n3_A/report.json,/home/dreamboat/npu_r12_verify/NPU_R12/work/par2_A/case_018_n3_A/control/r7/control_r6/control_work/components_result.official.json,7748430fed3ca1aeeb4cac880481bad371b54a6b7ae48b1a889e17db1d25ae83,339838,4075904,2474368,1601536,,,,244b5ea759ce855441b9e978355d3b4c1a8e5c46f513603ec643ec069853bb79,1004367,2.9554287631165437
case_019,3,A,600.0,4.513828602999979,/home/dreamboat/npu_r12_verify/NPU_R12/work/par2_A/case_019_n3_A/selected_plan.json,/home/dreamboat/npu_r12_verify/NPU_R12/work/par2_A/case_019_n3_A/report.json,/home/dreamboat/npu_r12_verify/NPU_R12/work/par2_A/case_019_n3_A/control/r7/control_r6/control_work/components_result.official.json,14c78cf7d10c790f2f1c23cc96e83f02295ad00d00df3e18831c50fa97be83d2,30852,24576,24576,0,,,,cdaf90ff9f49d73948eedc0e7f1cb2dc968e1df7cd1c0aa2afdefe6b3a587eac,81144,2.6301050175029173
case_020,3,A,600.0,10.937230623999994,/home/dreamboat/npu_r12_verify/NPU_R12/work/par2_A/case_020_n3_A/selected_plan.json,/home/dreamboat/npu_r12_verify/NPU_R12/work/par2_A/case_020_n3_A/report.json,/home/dreamboat/npu_r12_verify/NPU_R12/work/par2_A/case_020_n3_A/control/r7/control_r6/control_work/components_result.official.json,721c911deca10a2259bf1d74fc1159cf659dc26c852064e7e25488e043a99712,177950,0,0,0,,,,d8052f191c8fe9ead343f97f8b2047348408413cf6a73aac8184b065bd7115df,532746,2.993796010115201
case_021,3,A,600.0,48.06151675699999,/home/dreamboat/npu_r12_verify/NPU_R12/work/par3_A/case_021_n3_A/selected_plan.json,/home/dreamboat/npu_r12_verify/NPU_R12/work/par3_A/case_021_n3_A/report.json,/home/dreamboat/npu_r12_verify/NPU_R12/work/par3_A/case_021_n3_A/control/r7/control_r6/control_work/component_batch512_result.official.json,eeab795f3bc6f3804077dddfe580d0a161ce9cde0cea5f2d53599af07745d02e,2106282,6707200,6707200,0,,,,bb7c64bf7e50b7e94848312cb8368615c77be0e3f684feedd9bd8605825b77a2,6567937,3.118260992592635
case_022,3,A,600.0,4.238367136000022,/home/dreamboat/npu_r12_verify/NPU_R12/work/par2_A/case_022_n3_A/selected_plan.json,/home/dreamboat/npu_r12_verify/NPU_R12/work/par2_A/case_022_n3_A/report.json,/home/dreamboat/npu_r12_verify/NPU_R12/work/par2_A/case_022_n3_A/control/r7/control_r6/control_work/components_result.official.json,1730571c4245e1138b23747edc2f6840ffe216a82c0f1760896dffb0c2cc5a1f,19370,13824,13824,0,,,,5dc389bb7bb09f21ff32e85bad1e5801ce9d1c0ff8ccf89b6f49cc83d77305c6,56780,2.9313371192565825
case_023,3,A,600.0,4.295918313000129,/home/dreamboat/npu_r12_verify/NPU_R12/work/par5_A/case_023_n3_A/selected_plan.json,/home/dreamboat/npu_r12_verify/NPU_R12/work/par5_A/case_023_n3_A/report.json,/home/dreamboat/npu_r12_verify/NPU_R12/work/par5_A/case_023_n3_A/control/r7/control_r6/control_work/components_result.official.json,4c67fffb9cc9676e7f8e5091300cccaddb2d0102a945e47d87c7f93fae665ce0,41720,196896,196896,0,,,,44ea8fa23775ef6401c41a2010291959812fcfec0c849691d9dd2f9c82700ba9,122614,2.938974113135187
case_024,3,A,600.0,70.48567271500002,/home/dreamboat/npu_r12_verify/NPU_R12/work/par6_A/case_024_n3_A/selected_plan.json,/home/dreamboat/npu_r12_verify/NPU_R12/work/par6_A/case_024_n3_A/report.json,/home/dreamboat/npu_r12_verify/NPU_R12/work/par6_A/case_024_n3_A/control/r7/control_r6/control_work/chainwave_result.official.json,1c20a993213a5133f7a05ecaa312e88af1509cc83278e76d12ab2f5a90b7af6b,1256817,39331288,39331288,0,,,,d39e3d4fa6031214db7197c1ffe9d7df092e4f3508b1229847ec6f4a27694d1e,2555343,2.0331862156543075
case_025,3,A,600.0,374.073407502,/home/dreamboat/npu_r12_verify/NPU_R12/work/par6_A/case_025_n3_A/selected_plan.json,/home/dreamboat/npu_r12_verify/NPU_R12/work/par6_A/case_025_n3_A/report.json,/home/dreamboat/npu_r12_verify/NPU_R12/work/par6_A/case_025_n3_A/control/r7/control_r6/control_work/component_batch2048_result.official.json,1a098c5fd13c60765a7e22a07ad2a572cecdc3a1a75f1e1e3bbb266cd216885b,1624426,304128,304128,0,,,,a37ce261a8b284c635ee7fe7973390ca7af70d719a487948c63ff7f0427f3936,4863026,2.9936888476298704
case_026,3,A,600.0,3.8731533779996425,/home/dreamboat/npu_r12_verify/NPU_R12/work/par5_A/case_026_n3_A/selected_plan.json,/home/dreamboat/npu_r12_verify/NPU_R12/work/par5_A/case_026_n3_A/report.json,/home/dreamboat/npu_r12_verify/NPU_R12/work/par5_A/case_026_n3_A/control/extra/m3_ordered_0.official.json,e14a5a3444af661e74232c84063dabc1ff057a37c9573e47116732883079fbb2,41276,217872,217872,0,,,,15b0e97d9a5951470fc03da75484fa0d6f894ca61cf784bd5b9262cd88e30694,99203,2.4034063378234327
case_027,3,A,600.0,13.69230874599998,/home/dreamboat/npu_r12_verify/NPU_R12/work/par1_A/case_027_n3_A/selected_plan.json,/home/dreamboat/npu_r12_verify/NPU_R12/work/par1_A/case_027_n3_A/report.json,/home/dreamboat/npu_r12_verify/NPU_R12/work/par1_A/case_027_n3_A/control/r7/control_r6/control_work/components_result.official.json,973ba0088b16681d67d869264e5755d786159bb4a6d3c1c2dbac5b54e334ad2f,837049,3686400,3686400,0,,,,3de2df83a0a2d27a1da0cbaba1b85b934547ed4fb27c3e3e92e484b61a0dc15a,2363952,2.8241500796249683
case_028,3,A,600.0,493.14349591300015,/home/dreamboat/npu_r12_verify/NPU_R12/work/par3_A/case_028_n3_A/selected_plan.json,/home/dreamboat/npu_r12_verify/NPU_R12/work/par3_A/case_028_n3_A/report.json,/home/dreamboat/npu_r12_verify/NPU_R12/work/par3_A/case_028_n3_A/control/r7/control_r6/control_work/chainwave_result.official.json,8b6dc7c7c7e8a6f45bb8e107b6a01b6ad022997f8e3b59dec44ba2106d4b9844,14076015,98668800,98300160,368640,,,,ad49845b7dae51f9f3f3ec0b6a8efaced175f428f6f82ee6f5abdc7a8cb222e5,43836040,3.114236522197511
case_029,3,A,600.0,1.677438445000007,/home/dreamboat/npu_r12_verify/NPU_R12/work/par1_A/case_029_n3_A/selected_plan.json,/home/dreamboat/npu_r12_verify/NPU_R12/work/par1_A/case_029_n3_A/report.json,/home/dreamboat/npu_r12_verify/NPU_R12/work/par1_A/case_029_n3_A/control/r7/control_r6/control_work/components_result.official.json,a3fcd841697391051c6b9ae44372163a2e383df3896b14e38c7118b05f4d4563,12743,0,0,0,,,,6956c982e7847a66c3bee9ebf1aac01ccdaccce335482f56fd9d7a107888a585,37555,2.9471082162756024
case_030,3,A,600.0,16.71052132399973,/home/dreamboat/npu_r12_verify/NPU_R12/work/par5_A/case_030_n3_A/selected_plan.json,/home/dreamboat/npu_r12_verify/NPU_R12/work/par5_A/case_030_n3_A/report.json,/home/dreamboat/npu_r12_verify/NPU_R12/work/par5_A/case_030_n3_A/control/r7/control_r6/control_work/component_batch512_result.official.json,aee5b2a91e906d64d235a86282ed10485010f098103df2a0822da4529584f639,931629,8237056,8229888,7168,,,,8762882b4d219d47bb30046595254142bdc9b96e29db17fe1f33a588febe694f,2808034,3.0141118406576006
case_031,3,A,600.0,76.91788612900018,/home/dreamboat/npu_r12_verify/NPU_R12/work/par1_A/case_031_n3_A/selected_plan.json,/home/dreamboat/npu_r12_verify/NPU_R12/work/par1_A/case_031_n3_A/report.json,/home/dreamboat/npu_r12_verify/NPU_R12/work/par1_A/case_031_n3_A/control/r7/control_r6/control_work/components_result.official.json,b55a806ef94b33db7945a869b81f21de430997dbe1b0bee532d31e516d1cd766,485202,7348224,3462144,3886080,,,,c07029962766379be4fcb99ff4b1cfcf737b9956c61aa8273be74e55cb7ef28e,1414369,2.9150106553559136
case_032,3,A,600.0,4.281975391000003,/home/dreamboat/npu_r12_verify/NPU_R12/work/par2_A/case_032_n3_A/selected_plan.json,/home/dreamboat/npu_r12_verify/NPU_R12/work/par2_A/case_032_n3_A/report.json,/home/dreamboat/npu_r12_verify/NPU_R12/work/par2_A/case_032_n3_A/control/r7/control_r6/control_work/components_result.official.json,aba4eaeb0d0cf122cbdf16bca5ed8acc4ac26b52648a4003df2b07cb31441861,15674,12360,12360,0,,,,2ed392d91d05abe43f7d8d31f5e8322bc82320b2e65d4fb0f1d82f5444fa1129,41443,2.6440602271277274
case_033,3,A,600.0,41.889291023,/home/dreamboat/npu_r12_verify/NPU_R12/work/par4_A/case_033_n3_A/selected_plan.json,/home/dreamboat/npu_r12_verify/NPU_R12/work/par4_A/case_033_n3_A/report.json,/home/dreamboat/npu_r12_verify/NPU_R12/work/par4_A/case_033_n3_A/control/r7/control_r6/control_work/components_result.official.json,39d0fda42e36326dee0aad66e8ca858dcf22790f506f70cbe53d0ff8a4eda123,607519,6972480,3952704,3019776,,,,3b3c7b059c82f8feb1ed7445d7f149631b6d6265a9beb2ca22e4e2eeebfc0e06,1774196,2.9203959053132493
case_034,3,A,600.0,23.393232391000083,/home/dreamboat/npu_r12_verify/NPU_R12/work/par6_A/case_034_n3_A/selected_plan.json,/home/dreamboat/npu_r12_verify/NPU_R12/work/par6_A/case_034_n3_A/report.json,/home/dreamboat/npu_r12_verify/NPU_R12/work/par6_A/case_034_n3_A/control/r7/control_r6/control_work/components_result.official.json,4d611861477085a6c9bbbbd1be834768edf994ff1977df009bd310c9d947928c,287578,2645504,2341888,303616,,,,2850a76f543046242e8a7f270d92be852b4700af761fa872f837fc87d2c57269,842996,2.931364708009653
case_035,3,A,600.0,60.92683924399989,/home/dreamboat/npu_r12_verify/NPU_R12/work/par1_A/case_035_n3_A/selected_plan.json,/home/dreamboat/npu_r12_verify/NPU_R12/work/par1_A/case_035_n3_A/report.json,/home/dreamboat/npu_r12_verify/NPU_R12/work/par1_A/case_035_n3_A/control/extra/m2_components.official.json,ea4cb23369d0ced0254bc8ff78b0c42e02b276b423e50005b4600d4cdef928f8,95406,0,0,0,,,,3f8baeba2c463dc02cccbde8cf604e48a6ae24aadcd990cc1b60461ca6b13729,169571,1.7773620107750037
case_036,3,A,600.0,8.130816395999773,/home/dreamboat/npu_r12_verify/NPU_R12/work/par3_A/case_036_n3_A/selected_plan.json,/home/dreamboat/npu_r12_verify/NPU_R12/work/par3_A/case_036_n3_A/report.json,/home/dreamboat/npu_r12_verify/NPU_R12/work/par3_A/case_036_n3_A/control/r7/control_r6/control_work/components_result.official.json,910d8366e9f4603cdcfff9a4a62488446ddee5d250f8a9ac0ec9a28409699459,311345,2304,2304,0,,,,da1517a51e4ababc072c81ea8ad54a893f5193304ff3f7c4ffbcca2d3eff0536,931510,2.991890025534375
case_037,3,A,600.0,2.4978446860000076,/home/dreamboat/npu_r12_verify/NPU_R12/work/par1_A/case_037_n3_A/selected_plan.json,/home/dreamboat/npu_r12_verify/NPU_R12/work/par1_A/case_037_n3_A/report.json,/home/dreamboat/npu_r12_verify/NPU_R12/work/par1_A/case_037_n3_A/control/r7/control_r6/control_work/components_result.official.json,736a7a985244d2a926cd100ffdc32bf965f26917dc153da7427fcb1a4169487f,74038,1064960,1064960,0,,,,94ce95fc874c335de96c7545355b447f1860d96f9ead9e36e66e928c38ac7865,210001,2.836394824279424
case_038,3,A,600.0,104.04342081799996,/home/dreamboat/npu_r12_verify/NPU_R12/work/par5_A/case_038_n3_A/selected_plan.json,/home/dreamboat/npu_r12_verify/NPU_R12/work/par5_A/case_038_n3_A/report.json,/home/dreamboat/npu_r12_verify/NPU_R12/work/par5_A/case_038_n3_A/control/r7/control_r6/control_work/component_batch512_result.official.json,833dca36199404ea8da8823bd0525be98e6f8f2a0fb3b289882c1fde00a518f9,461018,7045632,6974976,70656,,,,28250fc5c37cb9325c609ff8c4c2ddf28bf48267aeae59777d93db0ece4cbf00,1364555,2.9598735841116834
case_039,3,A,600.0,46.88881779600001,/home/dreamboat/npu_r12_verify/NPU_R12/work/par2_A/case_039_n3_A/selected_plan.json,/home/dreamboat/npu_r12_verify/NPU_R12/work/par2_A/case_039_n3_A/report.json,/home/dreamboat/npu_r12_verify/NPU_R12/work/par2_A/case_039_n3_A/control/r7/control_r6/control_work/components_result.official.json,11c3b1f30408a2ea21240597efffa3e73285011cb12c69aaa4faab491edcc3b6,485565,14323712,8404992,5918720,,,,257533d8fce9e4aa079c9e9474a6e96b681c696eb712b2af9953ce44b48b0683,1435262,2.9558596686334475
case_040,3,A,600.0,19.899798977000046,/home/dreamboat/npu_r12_verify/NPU_R12/work/par1_A/case_040_n3_A/selected_plan.json,/home/dreamboat/npu_r12_verify/NPU_R12/work/par1_A/case_040_n3_A/report.json,/home/dreamboat/npu_r12_verify/NPU_R12/work/par1_A/case_040_n3_A/control/r7/control_r6/control_work/components_result.official.json,020734a18f92ee31a794178aa1a775716844ed2f5c428276faef06254cdd4568,110105,0,0,0,,,,98d23c325f7d3bab56cce0659c419bb2cb4f295703a5481c4c477c38b7ff0a89,253454,2.301929975932065
case_041,3,A,600.0,26.920995198000128,/home/dreamboat/npu_r12_verify/NPU_R12/work/par1_A/case_041_n3_A/selected_plan.json,/home/dreamboat/npu_r12_verify/NPU_R12/work/par1_A/case_041_n3_A/report.json,/home/dreamboat/npu_r12_verify/NPU_R12/work/par1_A/case_041_n3_A/control/r7/control_r6/control_work/component_batch512_result.official.json,eb310035332057bc03336b0cd57139f2258f617f69bc73c053d15bc21eca4e9e,1976739,25559040,24827904,731136,,,,15f23ec39463014046a222f19c636701151af338ecf56fb1df8e1b8f5be875cc,6003957,3.037303862573663
case_042,3,A,600.0,25.581739682000034,/home/dreamboat/npu_r12_verify/NPU_R12/work/par2_A/case_042_n3_A/selected_plan.json,/home/dreamboat/npu_r12_verify/NPU_R12/work/par2_A/case_042_n3_A/report.json,/home/dreamboat/npu_r12_verify/NPU_R12/work/par2_A/case_042_n3_A/control/r7/control_r6/control_work/components_result.official.json,8c1801f317260579d73ae38381782389d0c0b890e08c4a7183ac882c0d0563ba,571947,8251680,3950880,4300800,,,,eb9003d0a015fa5ddb9a96e94e105c2702fffc7dc624eb583861108b448b093d,1686740,2.9491194114139945
case_043,3,A,600.0,180.052771453,/home/dreamboat/npu_r12_verify/NPU_R12/work/par4_A/case_043_n3_A/selected_plan.json,/home/dreamboat/npu_r12_verify/NPU_R12/work/par4_A/case_043_n3_A/report.json,/home/dreamboat/npu_r12_verify/NPU_R12/work/par4_A/case_043_n3_A/control/r7/control_r6/control_work/components_result.official.json,202cfe9831d91ee21733ce21748b5077bbc8a2930f4157b898525f1001508094,268777,233480,184320,49160,,,,f6b934fe49aeddde1dda8b742d86b45a784e6700876da319475524f7fb71df77,677656,2.521257399256633
case_044,3,A,600.0,8.600350017999972,/home/dreamboat/npu_r12_verify/NPU_R12/work/par5_A/case_044_n3_A/selected_plan.json,/home/dreamboat/npu_r12_verify/NPU_R12/work/par5_A/case_044_n3_A/report.json,/home/dreamboat/npu_r12_verify/NPU_R12/work/par5_A/case_044_n3_A/control/r7/control_r6/core/active2_chainwave_result.official.json,d73eec3f7c30906b3e5d9b96fcfa4fad7ae7ae44d8bba6597f34ff3983ad8f40,78699,2014560,2014560,0,,,,2783606dea483a92e039c771523d95dce8a03743768cfc07d22a2d09898fd687,154407,1.9619944344909084
case_045,3,A,600.0,2.691859200999943,/home/dreamboat/npu_r12_verify/NPU_R12/work/par4_A/case_045_n3_A/selected_plan.json,/home/dreamboat/npu_r12_verify/NPU_R12/work/par4_A/case_045_n3_A/report.json,/home/dreamboat/npu_r12_verify/NPU_R12/work/par4_A/case_045_n3_A/control/r7/control_r6/control_work/components_result.official.json,4887a32d7e1233204736f6fc7e5d6a37c8a60693d8c8eb3f05b2d141373acd23,42601,0,0,0,,,,8f5d3910c09954763dd4e9c48e0565af95a5f722caaddfe78c6886d5816ccdf6,125614,2.94861622966597
case_046,3,A,600.0,5.652180031000171,/home/dreamboat/npu_r12_verify/NPU_R12/work/par5_A/case_046_n3_A/selected_plan.json,/home/dreamboat/npu_r12_verify/NPU_R12/work/par5_A/case_046_n3_A/report.json,/home/dreamboat/npu_r12_verify/NPU_R12/work/par5_A/case_046_n3_A/control/r7/control_r6/control_work/components_result.official.json,e2ff323f5570373fbf78d3d35dbc63bcbc15d8c1e32448b9530e74de2df3d0b6,142176,4021280,1860800,2160480,,,,8bf76a553898913e37878c7ff24f3e096a69b668402c5a027918def077dd9e3a,276455,1.9444561670042764
case_047,3,A,600.0,399.86214139599997,/home/dreamboat/npu_r12_verify/NPU_R12/work/par2_A/case_047_n3_A/selected_plan.json,/home/dreamboat/npu_r12_verify/NPU_R12/work/par2_A/case_047_n3_A/report.json,/home/dreamboat/npu_r12_verify/NPU_R12/work/par2_A/case_047_n3_A/control/r7/reassign/reassign_observed_result.official.json,2226e03e30cb415317ea81d81b9e5a4256d855f56895b91d8a227bc55aa667c4,187273,3820950,3820950,0,,,,775935c6315a669bd282d46be71294baa6730f63cfb2f5327127394025431834,326508,1.7434867813299302
case_048,3,A,600.0,19.323944039000253,/home/dreamboat/npu_r12_verify/NPU_R12/work/par5_A/case_048_n3_A/selected_plan.json,/home/dreamboat/npu_r12_verify/NPU_R12/work/par5_A/case_048_n3_A/report.json,/home/dreamboat/npu_r12_verify/NPU_R12/work/par5_A/case_048_n3_A/control/r7/reassign/reassign_observed_result.official.json,d595acb21573e4e731f0555e0a3ea249af79c1cd263a119d3b9e1b2a2601342e,145022,1253562,1253562,0,,,,34aef070930208e0fc31de5ac502c900504e2769fcf402335c8370c82d09a090,222220,1.5323192343230683
case_049,3,A,600.0,54.380755775000125,/home/dreamboat/npu_r12_verify/NPU_R12/work/par5_A/case_049_n3_A/selected_plan.json,/home/dreamboat/npu_r12_verify/NPU_R12/work/par5_A/case_049_n3_A/report.json,/home/dreamboat/npu_r12_verify/NPU_R12/work/par5_A/case_049_n3_A/control/r7/reassign/reassign_observed_result.official.json,baae0d24ac05c86b7e8f59e4a3994fb5435e200362e4812e3fe17eb97bc67c00,124128,1784066,1784066,0,,,,bd5e13ad5eae363f1bc7307427e57f870f7a40a33f459c373fdd463add762b12,196276,1.5812387213199277
case_050,3,A,600.0,27.671859460000178,/home/dreamboat/npu_r12_verify/NPU_R12/work/par2_A/case_050_n3_A/selected_plan.json,/home/dreamboat/npu_r12_verify/NPU_R12/work/par2_A/case_050_n3_A/report.json,/home/dreamboat/npu_r12_verify/NPU_R12/work/par2_A/case_050_n3_A/control/r7/reassign/reassign_observed_result.official.json,f051e55ac0293baa3f56f8d7ad36f4af83168b544d68be14945682b1e45f8131,85329,1219726,1219726,0,,,,bf7fea7e17dba425e7346472404dc80795112c70193bb3a7c220f0cde522b7ea,149690,1.7542687714610508
case_051,3,A,600.0,6.283268770999939,/home/dreamboat/npu_r12_verify/NPU_R12/work/par6_A/case_051_n3_A/selected_plan.json,/home/dreamboat/npu_r12_verify/NPU_R12/work/par6_A/case_051_n3_A/report.json,/home/dreamboat/npu_r12_verify/NPU_R12/work/par6_A/case_051_n3_A/control/r7/control_r6/control_work/chainwave_result.official.json,42754fc718ee1ada8dd8404aabeae45d0fafdb410da67a49109987edd64136eb,299245,9046264,9046264,0,,,,7c236b2671534d49c91e7db7b762caee3c497e329d2b0082d158a6d631c56ccd,607628,2.030536851075206
case_052,3,A,600.0,4.098712268999861,/home/dreamboat/npu_r12_verify/NPU_R12/work/par2_A/case_052_n3_A/selected_plan.json,/home/dreamboat/npu_r12_verify/NPU_R12/work/par2_A/case_052_n3_A/report.json,/home/dreamboat/npu_r12_verify/NPU_R12/work/par2_A/case_052_n3_A/control/r7/control_r6/control_work/components_result.official.json,259edb413312ff167d0ab090d2fbc7837924ff92ee9eae57a714c8fb636476fe,65207,181248,181248,0,,,,1eb980954b7090ebb58325d5371a6e5cf89693e38c315523977a89370764e4a3,180301,2.7650558989065592
case_053,3,A,600.0,325.8962150420002,/home/dreamboat/npu_r12_verify/NPU_R12/work/par6_A/case_053_n3_A/selected_plan.json,/home/dreamboat/npu_r12_verify/NPU_R12/work/par6_A/case_053_n3_A/report.json,/home/dreamboat/npu_r12_verify/NPU_R12/work/par6_A/case_053_n3_A/control/r7/control_r6/control_work/components_result.official.json,0577b83ab357d36ec75d22468554431c1d5ef9a9df8f62469bfc3119585a6394,546106,5882944,1114624,4768320,,,,074fb59f4170d6e4b78b47b90eceb57d38eec8b33807f9e4c9e7ef6b638cbcab,1472686,2.6967035703691224
case_054,3,A,600.0,250.0653637570001,/home/dreamboat/npu_r12_verify/NPU_R12/work/par4_A/case_054_n3_A/selected_plan.json,/home/dreamboat/npu_r12_verify/NPU_R12/work/par4_A/case_054_n3_A/report.json,/home/dreamboat/npu_r12_verify/NPU_R12/work/par4_A/case_054_n3_A/control/r7/reassign/reassign_local_result.official.json,fb367d18e00aeae9b847eb73e184f686799f8e4d2139de05bcee7a8be2037e93,391890,6850874,6515514,335360,,,,db20548f779c869ac41face686aa8b4244c8dec4a43e5e26e91a0c68b1e3c364,815051,2.079795350736176
case_055,3,A,600.0,7.720954797000104,/home/dreamboat/npu_r12_verify/NPU_R12/work/par5_A/case_055_n3_A/selected_plan.json,/home/dreamboat/npu_r12_verify/NPU_R12/work/par5_A/case_055_n3_A/report.json,/home/dreamboat/npu_r12_verify/NPU_R12/work/par5_A/case_055_n3_A/control/r7/control_r6/control_work/components_result.official.json,9b15e13f01f551770c147ecdda90a5c9f3f6fdc7f4688290fd84a6df244327c3,43655,115712,115712,0,,,,3768838e71dee1a0317ef6df89cbbc5074d420df1cff6c140601601a1c3a4ef4,118835,2.7221395029206277
case_056,3,A,600.0,137.61087656000018,/home/dreamboat/npu_r12_verify/NPU_R12/work/par3_A/case_056_n3_A/selected_plan.json,/home/dreamboat/npu_r12_verify/NPU_R12/work/par3_A/case_056_n3_A/report.json,/home/dreamboat/npu_r12_verify/NPU_R12/work/par3_A/case_056_n3_A/control/r7/reassign/reassign_observed_result.official.json,a3628afbbe7fb67871cc3131e907e1a3169736c019b2b1e516a1480d0871744d,180659,2922520,2922520,0,,,,8ebe7b27c9e80c7936a4e3092c2caf458f16816fc39bf7ccd06a8cc159db0458,277285,1.534852955014696
case_057,3,A,600.0,4.980374628999925,/home/dreamboat/npu_r12_verify/NPU_R12/work/par3_A/case_057_n3_A/selected_plan.json,/home/dreamboat/npu_r12_verify/NPU_R12/work/par3_A/case_057_n3_A/report.json,/home/dreamboat/npu_r12_verify/NPU_R12/work/par3_A/case_057_n3_A/control/r7/reassign/reassign_observed_result.official.json,9192a39eadbd8134e2cd11c23bef29520550e0c23116f53324934c07c6d1510e,21762,70272,70272,0,,,,c11795dbab5c875be14b6965f9ce9b5d5c166558359c936900ddf8d916abdda8,59726,2.7445087767668412
case_058,3,A,600.0,172.59980591700014,/home/dreamboat/npu_r12_verify/NPU_R12/work/par2_A/case_058_n3_A/selected_plan.json,/home/dreamboat/npu_r12_verify/NPU_R12/work/par2_A/case_058_n3_A/report.json,/home/dreamboat/npu_r12_verify/NPU_R12/work/par2_A/case_058_n3_A/control/r7/control_r6/control_work/component_batch2048_result.official.json,09edee0bd95c98ad2760478233142dc0790ce760c4a96749190bd0ec60c0def6,1532101,32858112,14868480,17989632,,,,39e50f286f706e8f158230e88376ba402f372a5f93000c11caa61f81d34eaabd,4539717,2.9630664035856644
case_059,3,A,600.0,9.878047998999591,/home/dreamboat/npu_r12_verify/NPU_R12/work/par5_A/case_059_n3_A/selected_plan.json,/home/dreamboat/npu_r12_verify/NPU_R12/work/par5_A/case_059_n3_A/report.json,/home/dreamboat/npu_r12_verify/NPU_R12/work/par5_A/case_059_n3_A/control/r7/control_r6/control_work/component_batch512_result.official.json,b1c6f5cabb1987ef0bddcc1a1d2294adc8afd368ffbb306e6aba4e0954c4c0bc,254768,2748416,2748416,0,,,,db340a82cdd16c6a06f8013726aa3ee08b3f47112bdece3b8254acc5b421d540,829473,3.2557974313885576
case_060,3,A,600.0,58.08914064600003,/home/dreamboat/npu_r12_verify/NPU_R12/work/par6_A/case_060_n3_A/selected_plan.json,/home/dreamboat/npu_r12_verify/NPU_R12/work/par6_A/case_060_n3_A/report.json,/home/dreamboat/npu_r12_verify/NPU_R12/work/par6_A/case_060_n3_A/control/r7/reassign/reassign_observed_result.official.json,0af2543f18b7bce2c510db72aa5d01a4adb9ee93f5a1733802671490a61166d7,308169,8150032,8141840,8192,,,,3c5127898d0fb832fee7f210a671449edcc8cbfe5ce45d353b8a28cab2ea5c52,888789,2.8840960641725806
case_061,3,A,600.0,4.318005170000106,/home/dreamboat/npu_r12_verify/NPU_R12/work/par4_A/case_061_n3_A/selected_plan.json,/home/dreamboat/npu_r12_verify/NPU_R12/work/par4_A/case_061_n3_A/report.json,/home/dreamboat/npu_r12_verify/NPU_R12/work/par4_A/case_061_n3_A/control/r7/control_r6/control_work/components_result.official.json,ae1816dbefdf259c2a7f8024a96895c3f8b408f6b1dd0de84ce4034bf8fc4783,28342,43008,43008,0,,,,d1235ba9e734257bda3c798c3d8898e940c1ad826d720d62a632ee3b91b379c7,77191,2.723555147837132
case_062,3,A,600.0,335.0998832290006,/home/dreamboat/npu_r12_verify/NPU_R12/work/par6_A/case_062_n3_A/selected_plan.json,/home/dreamboat/npu_r12_verify/NPU_R12/work/par6_A/case_062_n3_A/report.json,/home/dreamboat/npu_r12_verify/NPU_R12/work/par6_A/case_062_n3_A/indexed_insertion/plan.meta.official.json,e618a357efd4853dcaa1359faa3ab635618e8e62bbacc3f5f305e8de54526675,1593547,13393920,13393920,0,,,,fcd4ccb18c94757729b468991e808308ae965a32e7b4fa7a9af1bcf84d56f588,2854809,1.7914808913700067
case_063,3,A,600.0,103.80552862200011,/home/dreamboat/npu_r12_verify/NPU_R12/work/par3_A/case_063_n3_A/selected_plan.json,/home/dreamboat/npu_r12_verify/NPU_R12/work/par3_A/case_063_n3_A/report.json,/home/dreamboat/npu_r12_verify/NPU_R12/work/par3_A/case_063_n3_A/control/r7/bands/band4_result.official.json,d9e780677cef95e82bd38f973f18093f434cb551ec20ea1213babb81efeef80b,377834,337920,337920,0,,,,63aad70dee382d9a0adaf077f381fdb7620fccc14522ae96970ea507fc397f14,1070397,2.83298220911829
case_064,3,A,600.0,7.563333185999909,/home/dreamboat/npu_r12_verify/NPU_R12/work/par2_A/case_064_n3_A/selected_plan.json,/home/dreamboat/npu_r12_verify/NPU_R12/work/par2_A/case_064_n3_A/report.json,/home/dreamboat/npu_r12_verify/NPU_R12/work/par2_A/case_064_n3_A/control/r7/reassign/reassign_observed_result.official.json,556712663772011680736d8f7d4203c73990d19fd8d9957ea6281886bdf1f996,17170,65662,65662,0,,,,fe0e70b40227b131b6049c4f08644928204a8f0b9fedefebad82354c7676f2b1,19116,1.1133372160745487
case_065,3,A,600.0,3.1878028520000043,/home/dreamboat/npu_r12_verify/NPU_R12/work/par5_A/case_065_n3_A/selected_plan.json,/home/dreamboat/npu_r12_verify/NPU_R12/work/par5_A/case_065_n3_A/report.json,/home/dreamboat/npu_r12_verify/NPU_R12/work/par5_A/case_065_n3_A/control/r7/control_r6/control_work/components_result.official.json,e9356e8b6834aaf678b2965175348ba59a5a515db1a5bc067e8c7f953a92cb01,17918,27936,27936,0,,,,57d39a89720c4abe2f6786987b41d1789365d7b817c8526a9b8f46b1c843cb2f,53068,2.961714477062172
case_066,3,A,600.0,79.7655155589996,/home/dreamboat/npu_r12_verify/NPU_R12/work/par3_A/case_066_n3_A/selected_plan.json,/home/dreamboat/npu_r12_verify/NPU_R12/work/par3_A/case_066_n3_A/report.json,/home/dreamboat/npu_r12_verify/NPU_R12/work/par3_A/case_066_n3_A/control/r7/reassign/reassign_local_result.official.json,c5dec1154bbdade8e8184d6af9b4a742d68de33d8c9d95e4f90f42076b531148,185361,2890070,2890070,0,,,,cb23ffc6beac82e5bd7e636eb0130d6bb1c1b89a140bc9b2b7f9a503def97df5,359070,1.9371388803469987
case_067,3,A,600.0,174.945709179,/home/dreamboat/npu_r12_verify/NPU_R12/work/par2_A/case_067_n3_A/selected_plan.json,/home/dreamboat/npu_r12_verify/NPU_R12/work/par2_A/case_067_n3_A/report.json,/home/dreamboat/npu_r12_verify/NPU_R12/work/par2_A/case_067_n3_A/control/r7/reassign/reassign_local_result.official.json,c259ad0fc8c1f7a571434024c3a6263e8a03fd96f375cb8f3f3f44cb4ca05113,22543931,298754304,298754304,0,,,,1efcbb4c59c0e0148dcc3e6b3b7775d84611b231c0bbdb895325df18e54bc39d,63834834,2.831575114384443
case_068,3,A,600.0,94.17619994200004,/home/dreamboat/npu_r12_verify/NPU_R12/work/par1_A/case_068_n3_A/selected_plan.json,/home/dreamboat/npu_r12_verify/NPU_R12/work/par1_A/case_068_n3_A/report.json,/home/dreamboat/npu_r12_verify/NPU_R12/work/par1_A/case_068_n3_A/control/r7/reassign/reassign_observed_result.official.json,8deb0715257e31596b7576e7ca3ad799079ef4884d5d867b00a8edd36645ac24,221224,2598030,2598030,0,,,,069e4eb08d3a9bcf0f9a913459f2de4eaf04d4dc5d0cb3f30ed2177324ff6ad9,362095,1.6367799153798865
case_069,3,A,600.0,6.469463106999683,/home/dreamboat/npu_r12_verify/NPU_R12/work/par3_A/case_069_n3_A/selected_plan.json,/home/dreamboat/npu_r12_verify/NPU_R12/work/par3_A/case_069_n3_A/report.json,/home/dreamboat/npu_r12_verify/NPU_R12/work/par3_A/case_069_n3_A/control/r7/reassign/reassign_observed_result.official.json,af301f1b5f7b302393f8f1de23884e6b1f096d37fc26fd37e638ced60b8b801e,19700,532364,532364,0,,,,6e4793845fa2c908e4698d6f36c1c4a485a9f9cd26893033993b167eb4a94711,25144,1.2763451776649746
case_070,3,A,600.0,5.27267838600028,/home/dreamboat/npu_r12_verify/NPU_R12/work/par1_A/case_070_n3_A/selected_plan.json,/home/dreamboat/npu_r12_verify/NPU_R12/work/par1_A/case_070_n3_A/report.json,/home/dreamboat/npu_r12_verify/NPU_R12/work/par1_A/case_070_n3_A/control/r7/control_r6/control_work/components_result.official.json,799a4253ecca1d410d2ab887e2feab71d1235069261ef8d0a38df81ccc18f7f0,45660,259072,259072,0,,,,11e22cecb42fe29658a164f8fada0554b92029ee5547eeee5d5c35383c343a58,117300,2.568988173455979
case_071,3,A,600.0,4.585605786000087,/home/dreamboat/npu_r12_verify/NPU_R12/work/par1_A/case_071_n3_A/selected_plan.json,/home/dreamboat/npu_r12_verify/NPU_R12/work/par1_A/case_071_n3_A/report.json,/home/dreamboat/npu_r12_verify/NPU_R12/work/par1_A/case_071_n3_A/control/r7/bands/band8_result.official.json,347ad7035e4f9849c44caa5e660962420db6c17d3ff3090d6d4d9309efa89f4c,14889,375274,375274,0,,,,ff9db3674c613083b07c7baf5fc42f1505f9e14847b724c5b3a3345f04d30b69,18919,1.2706696218684934
case_072,3,A,600.0,599.3102825309998,/home/dreamboat/npu_r12_verify/NPU_R12/work/par4_A/case_072_n3_A/selected_plan.json,/home/dreamboat/npu_r12_verify/NPU_R12/work/par4_A/case_072_n3_A/report.json,/home/dreamboat/npu_r12_verify/NPU_R12/work/par4_A/case_072_n3_A/control/r7/reassign/reassign_observed_result.official.json,3c86b45212e9c2b8be1142cce85949ec269d2e682ba0c105713d3011b389dfd5,7870089,177263132,177263132,0,,,,bd8d79dec8d7e8133063e1893b911027291f9a09ed023e0be88ac7f9998509c2,23897828,3.0365384686246877
case_073,3,A,600.0,61.82881328199983,/home/dreamboat/npu_r12_verify/NPU_R12/work/par1_A/case_073_n3_A/selected_plan.json,/home/dreamboat/npu_r12_verify/NPU_R12/work/par1_A/case_073_n3_A/report.json,/home/dreamboat/npu_r12_verify/NPU_R12/work/par1_A/case_073_n3_A/control/r7/control_r6/control_work/chainwave_result.official.json,393f6569e5d10ee7c3055301b3b05843c7cec846c5efddc41356e9d68e319368,4427074,100065536,15130880,84934656,,,,ae850875669c86265d97b16c732080cd9ac333bfc72ca45b2f7c592ca41b91f5,10081626,2.277266203365925
case_074,3,A,600.0,29.4754127340002,/home/dreamboat/npu_r12_verify/NPU_R12/work/par2_A/case_074_n3_A/selected_plan.json,/home/dreamboat/npu_r12_verify/NPU_R12/work/par2_A/case_074_n3_A/report.json,/home/dreamboat/npu_r12_verify/NPU_R12/work/par2_A/case_074_n3_A/control/r7/control_r6/control_work/components_result.official.json,37e0bd1121429b64c2191fe1ad19eaec18fe52b5310f4aba61988ebc31af6507,548347,7626752,4571136,3055616,,,,3c4b4c7bf0f7a4050dde89994bcd243a2b5a35c89b5c4acd32fa016c91ffcb2b,1682239,3.06783660711192
case_075,3,A,600.0,133.6292731069998,/home/dreamboat/npu_r12_verify/NPU_R12/work/par4_A/case_075_n3_A/selected_plan.json,/home/dreamboat/npu_r12_verify/NPU_R12/work/par4_A/case_075_n3_A/report.json,/home/dreamboat/npu_r12_verify/NPU_R12/work/par4_A/case_075_n3_A/control/r7/reassign/reassign_observed_result.official.json,436aca7c4be9d06f1c59457c7d55c9259152ab854d09a34d69d0b54675725f3f,639599,8130090,8130090,0,,,,b25d059c2508d8c876e4dafcea20d1b2cecea8bcd418b3e7e4b75496d5bd8e0b,1441809,2.2542389841134836
case_076,3,A,600.0,60.587164739999935,/home/dreamboat/npu_r12_verify/NPU_R12/work/par2_A/case_076_n3_A/selected_plan.json,/home/dreamboat/npu_r12_verify/NPU_R12/work/par2_A/case_076_n3_A/report.json,/home/dreamboat/npu_r12_verify/NPU_R12/work/par2_A/case_076_n3_A/control/r7/control_r6/control_work/component_batch512_result.official.json,40b160618c13b5833a615ede1026a6d3aa36d85485b06814f7e6bb70d09d5658,2033956,33654784,33654784,0,,,,940211ea53f0db1659b457af9abd11acbf96507cabb333ded5077f81ed0ae637,6185113,3.0409276306862094
case_077,3,A,600.0,33.77464822499951,/home/dreamboat/npu_r12_verify/NPU_R12/work/par4_A/case_077_n3_A/selected_plan.json,/home/dreamboat/npu_r12_verify/NPU_R12/work/par4_A/case_077_n3_A/report.json,/home/dreamboat/npu_r12_verify/NPU_R12/work/par4_A/case_077_n3_A/control/r7/control_r6/control_work/components_result.official.json,be56060757d915ff1d60ff47991ea0a233ebbabb9ad2410ed1b836b7418e69f3,178739,114688,114688,0,,,,7e3e952c6cb560b9280ff45e53dda732d397c0217e2d0df89a0aaa773e5e6fe1,495320,2.771191513883372
case_078,3,A,600.0,6.513541450000048,/home/dreamboat/npu_r12_verify/NPU_R12/work/par2_A/case_078_n3_A/selected_plan.json,/home/dreamboat/npu_r12_verify/NPU_R12/work/par2_A/case_078_n3_A/report.json,/home/dreamboat/npu_r12_verify/NPU_R12/work/par2_A/case_078_n3_A/control/r7/reassign/reassign_observed_result.official.json,94c4cd04d01cab6aa30165d297d063df42210c6a4a2aece430ac7d90e9b4d5e4,763089,15825792,15825792,0,,,,bcc644372df630e4c8deb5d7db6118090cec7f9a1d7fe6a65c43bf63b24492a2,2296143,3.009010744487209
case_079,3,A,600.0,149.24910673900013,/home/dreamboat/npu_r12_verify/NPU_R12/work/par5_A/case_079_n3_A/selected_plan.json,/home/dreamboat/npu_r12_verify/NPU_R12/work/par5_A/case_079_n3_A/report.json,/home/dreamboat/npu_r12_verify/NPU_R12/work/par5_A/case_079_n3_A/control/r7/control_r6/control_work/component_batch512_result.official.json,8d91e0c731cf3d6a87a4fdfce243f14a317a1cb76d474e92177a943689ee0d7c,9939977,43948032,43456512,491520,,,,c70c6a03e97c8c745a0a856fd080e75ef171e103c52ae80610c74e514bf5e7c7,31052251,3.123976141997109
case_080,3,A,600.0,2.3533414040002754,/home/dreamboat/npu_r12_verify/NPU_R12/work/par6_A/case_080_n3_A/selected_plan.json,/home/dreamboat/npu_r12_verify/NPU_R12/work/par6_A/case_080_n3_A/report.json,/home/dreamboat/npu_r12_verify/NPU_R12/work/par6_A/case_080_n3_A/control/r7/control_r6/control_work/components_result.official.json,24ab5bb11bb1a3d4eb2b172738b8b19bcef9512818cf0ce6db77083b74acaeef,100325,3047424,3047424,0,,,,a0208e4401856390a239a990b09e9293842b3269aa42537b4bdcd64d3316085c,292138,2.9119162721156244
case_081,3,A,600.0,4.611482053000145,/home/dreamboat/npu_r12_verify/NPU_R12/work/par5_A/case_081_n3_A/selected_plan.json,/home/dreamboat/npu_r12_verify/NPU_R12/work/par5_A/case_081_n3_A/report.json,/home/dreamboat/npu_r12_verify/NPU_R12/work/par5_A/case_081_n3_A/control/r7/control_r6/control_work/components_result.official.json,0f615b890ad2ac6d745bdaabb395662146dc1ea8ef25fde37b5206acef8d62f7,51943,0,0,0,,,,f840e2ae900018f31630192231934a66b3c9992184c44bd84fac43207fa3bf81,151795,2.9223379473653814
case_082,3,A,600.0,43.20011162499941,/home/dreamboat/npu_r12_verify/NPU_R12/work/par1_A/case_082_n3_A/selected_plan.json,/home/dreamboat/npu_r12_verify/NPU_R12/work/par1_A/case_082_n3_A/report.json,/home/dreamboat/npu_r12_verify/NPU_R12/work/par1_A/case_082_n3_A/control/r7/reassign/reassign_observed_result.official.json,f02945f4830a81d05b1b92f9d2952b3eb4c86a43537c0d04b52e112820ca1feb,355841,8998170,8998170,0,,,,7fc72826ae2102e18043e5b22346e6ad163e2b298e4db2007cacc8579884b9ac,721041,2.026301072670097
case_083,3,A,600.0,14.352872664000188,/home/dreamboat/npu_r12_verify/NPU_R12/work/par3_A/case_083_n3_A/selected_plan.json,/home/dreamboat/npu_r12_verify/NPU_R12/work/par3_A/case_083_n3_A/report.json,/home/dreamboat/npu_r12_verify/NPU_R12/work/par3_A/case_083_n3_A/control/r7/control_r6/control_work/chainwave_result.official.json,52453e6d27120e89cef910ea8445771823477e491ebfa8b2564f860850c029a2,414361,14082240,14082240,0,,,,8615156e8cef6fc148766f960d4f7c229f87e35636551e27cf447ef58542dc74,1057993,2.553312208436605
case_084,3,A,600.0,265.49175078200005,/home/dreamboat/npu_r12_verify/NPU_R12/work/par3_A/case_084_n3_A/selected_plan.json,/home/dreamboat/npu_r12_verify/NPU_R12/work/par3_A/case_084_n3_A/report.json,/home/dreamboat/npu_r12_verify/NPU_R12/work/par3_A/case_084_n3_A/control/r7/control_r6/control_work/chainwave_result.official.json,fd3338a565e894f2fee9f7919387459ae5fa39d4ce522fd3d469e3ae7e620198,762658,30190464,30190464,0,,,,4623577527b17a1af49c393937ed4592a2291d0a5a6d9591140ae9f218f63c86,2507412,3.287727919985105
case_085,3,A,600.0,399.0523772010001,/home/dreamboat/npu_r12_verify/NPU_R12/work/par4_A/case_085_n3_A/selected_plan.json,/home/dreamboat/npu_r12_verify/NPU_R12/work/par4_A/case_085_n3_A/report.json,/home/dreamboat/npu_r12_verify/NPU_R12/work/par4_A/case_085_n3_A/control/r7/control_r6/control_work/chainwave_result.official.json,fafbedc63d75476abec08c272e61f1b0a9dfef55b1530c3d9a3c59623e82411a,1593477,43297606,43297606,0,,,,9bad948718a8b21a7a5ffb49e95c041b152c97cb3116e02290be6b86219d62ab,3187899,2.0005930427612073
case_086,3,A,600.0,43.98298119299989,/home/dreamboat/npu_r12_verify/NPU_R12/work/par5_A/case_086_n3_A/selected_plan.json,/home/dreamboat/npu_r12_verify/NPU_R12/work/par5_A/case_086_n3_A/report.json,/home/dreamboat/npu_r12_verify/NPU_R12/work/par5_A/case_086_n3_A/control/r7/reassign/reassign_observed_result.official.json,86612c74185cc8cea2cbe44cc7b6cd2127bbdace53bce307bd39ae28edbb8124,92319,2656640,2578304,78336,,,,62e4a42dbcde0e0b9fcf63809a493c5eec38fe4812c2c08edb1b1e5fa4725135,118403,1.2825420552648967
case_087,3,A,1800.0,752.9736457970002,/home/dreamboat/npu_r12_verify/NPU_R12/work/retry087_A23/case_087_n3_A/selected_plan.json,/home/dreamboat/npu_r12_verify/NPU_R12/work/retry087_A23/case_087_n3_A/report.json,/home/dreamboat/npu_r12_verify/NPU_R12/work/retry087_A23/case_087_n3_A/control/r7/reassign/reassign_local_result.official.json,551fe6fea491e17fdd782074ab31e0ba0539eafea1555fe4162c9973b6ce3078,1483711,35193224,34995080,198144,,,,ce9893b2fbf99f2d9b59e5372c2fbe29d49d4ada1c0f6d6dd1f7061fb3758f5f,3974071,2.678467033000362
case_088,3,A,600.0,29.164674118999756,/home/dreamboat/npu_r12_verify/NPU_R12/work/par6_A/case_088_n3_A/selected_plan.json,/home/dreamboat/npu_r12_verify/NPU_R12/work/par6_A/case_088_n3_A/report.json,/home/dreamboat/npu_r12_verify/NPU_R12/work/par6_A/case_088_n3_A/control/r7/reassign/reassign_observed_result.official.json,b23cca64b7ae92bf8918ff60630fbf89a42126734505a7472c7827578d62ee50,146818,1860972,1860972,0,,,,69355d341b629f19c8cc99858f12604cdd765aaa3fe18f51e54a2a8fd3d84d93,243623,1.659353757713632
case_089,3,A,600.0,21.03757045600014,/home/dreamboat/npu_r12_verify/NPU_R12/work/par3_A/case_089_n3_A/selected_plan.json,/home/dreamboat/npu_r12_verify/NPU_R12/work/par3_A/case_089_n3_A/report.json,/home/dreamboat/npu_r12_verify/NPU_R12/work/par3_A/case_089_n3_A/control/r7/control_r6/control_work/components_result.official.json,7ac34b032fadd175fedae6fc2899aa5950f5645185617928285f9798d8a25a7d,243614,477440,477440,0,,,,e7abfac362f1079163cdd2fd55d8e6cae37c8aa83eadf18b5c094a2e32862d61,693092,2.8450417463692563
case_090,3,A,600.0,6.766421320999143,/home/dreamboat/npu_r12_verify/NPU_R12/work/par6_A/case_090_n3_A/selected_plan.json,/home/dreamboat/npu_r12_verify/NPU_R12/work/par6_A/case_090_n3_A/report.json,/home/dreamboat/npu_r12_verify/NPU_R12/work/par6_A/case_090_n3_A/control/r7/control_r6/control_work/chainwave_result.official.json,e6934aeca948ecb0820e0688835a4641769f82a1b7d51a18b47ebfada695f9d4,397500,6293760,6293760,0,,,,33ff80099e6db1bc221be6d1859178910763fb5e26337dc2bd9a8d095938752a,1178363,2.964435220125786
case_091,3,A,600.0,50.6867108360002,/home/dreamboat/npu_r12_verify/NPU_R12/work/par3_A/case_091_n3_A/selected_plan.json,/home/dreamboat/npu_r12_verify/NPU_R12/work/par3_A/case_091_n3_A/report.json,/home/dreamboat/npu_r12_verify/NPU_R12/work/par3_A/case_091_n3_A/control/r7/control_r6/control_work/component_batch512_result.official.json,39e42ca30f67cf371f0c4d954a43a6a1d23d56687eb77754cad57c5f189b01a3,3036878,55158080,54204416,953664,,,,37d8e6a593256c22d05f1c5cbde81d2daa730a019205092cf0d0f41a334ea3c9,9186769,3.025070154283445
case_092,3,A,600.0,177.13180695400024,/home/dreamboat/npu_r12_verify/NPU_R12/work/par6_A/case_092_n3_A/selected_plan.json,/home/dreamboat/npu_r12_verify/NPU_R12/work/par6_A/case_092_n3_A/report.json,/home/dreamboat/npu_r12_verify/NPU_R12/work/par6_A/case_092_n3_A/control/r7/control_r6/control_work/chainwave_result.official.json,b014ebbfcb196184ef7c948d81257ca20846f4ebd6fd299466baaef7bcde3a62,1841420,57842880,57842880,0,,,,f52c750ecaafd7797459968e93a3e97f2b0d5c0ad05f147262f16045dd7f2277,4815554,2.61513071434002
case_093,3,A,600.0,1.0504719139998997,/home/dreamboat/npu_r12_verify/NPU_R12/work/par3_A/case_093_n3_A/selected_plan.json,/home/dreamboat/npu_r12_verify/NPU_R12/work/par3_A/case_093_n3_A/report.json,/home/dreamboat/npu_r12_verify/NPU_R12/work/par3_A/case_093_n3_A/control/r7/control_r6/control_work/components_result.official.json,b9d85918175078bce1d85973b1df151e04deaf99ff073c3baa4bc058ebb5dbe9,25103,16384,16384,0,,,,fd10f4f82062f4262791ce81521beb26c8bb9ad105b50e11ccafa5b571b87859,74205,2.956021192686133
case_094,3,A,600.0,2.8963241390001713,/home/dreamboat/npu_r12_verify/NPU_R12/work/par4_A/case_094_n3_A/selected_plan.json,/home/dreamboat/npu_r12_verify/NPU_R12/work/par4_A/case_094_n3_A/report.json,/home/dreamboat/npu_r12_verify/NPU_R12/work/par4_A/case_094_n3_A/control/r7/control_r6/control_work/components_result.official.json,751c9f3da423b3e398e6a53bc0b18961fc6453b1283c95fba48eeb6c42b22ca4,39889,212544,212544,0,,,,ecb727426b864510c0b88fa653288cd46d9b07c5301c6b35198fb02164c89675,94892,2.37890145152799
case_095,3,A,600.0,20.753433898000367,/home/dreamboat/npu_r12_verify/NPU_R12/work/par4_A/case_095_n3_A/selected_plan.json,/home/dreamboat/npu_r12_verify/NPU_R12/work/par4_A/case_095_n3_A/report.json,/home/dreamboat/npu_r12_verify/NPU_R12/work/par4_A/case_095_n3_A/control/r7/control_r6/control_work/components_result.official.json,cf1a059f698e687cdcfbf37119033dbb6fafd71797b7f0f3dcf63fcc79eb1b61,695775,0,0,0,,,,6ddb5dbdf175a33f6f35ccedfe05bfdad24d060eae5621c4a54bc35b05769ae2,2084853,2.9964471273040854
case_096,3,A,600.0,6.75600821199987,/home/dreamboat/npu_r12_verify/NPU_R12/work/par3_A/case_096_n3_A/selected_plan.json,/home/dreamboat/npu_r12_verify/NPU_R12/work/par3_A/case_096_n3_A/report.json,/home/dreamboat/npu_r12_verify/NPU_R12/work/par3_A/case_096_n3_A/control/r7/control_r6/control_work/components_result.official.json,73819d71effe77158e57d21e0222dcb34c7e86af3724911da348b7460da4dc01,30832,67392,67392,0,,,,bf396a87b68106418140e692e8f0ec9cf3d97cffd6a440a3a5ba709120892e5b,84194,2.7307343020238712
case_097,3,A,600.0,179.62273300299967,/home/dreamboat/npu_r12_verify/NPU_R12/work/par1_A/case_097_n3_A/selected_plan.json,/home/dreamboat/npu_r12_verify/NPU_R12/work/par1_A/case_097_n3_A/report.json,/home/dreamboat/npu_r12_verify/NPU_R12/work/par1_A/case_097_n3_A/control/extra/m3_ordered_0.official.json,36a115df94295939b97cb9236043e4e3d6969ab3361d661499b412deab16b6a0,3577028,29818880,29818880,0,,,,f4f847b35e78e378e1f4d0b9c915396143020b529e0a58f7b19bb9c5995f1b22,11491509,3.2125856996366817
case_098,3,A,600.0,9.429387477000091,/home/dreamboat/npu_r12_verify/NPU_R12/work/par3_A/case_098_n3_A/selected_plan.json,/home/dreamboat/npu_r12_verify/NPU_R12/work/par3_A/case_098_n3_A/report.json,/home/dreamboat/npu_r12_verify/NPU_R12/work/par3_A/case_098_n3_A/control/r7/reassign/reassign_observed_result.official.json,7698121158050da3d041626fdfea703e0c2455a1dbb5b05ca394151820c004c5,82660,1602190,1602190,0,,,,9e35de7a386aa4c5bb8433a7e9d8e59c6ba4c5d9674c58180e33aea3b9776ad2,177430,2.146503750302444
case_099,3,A,600.0,31.214729003000684,/home/dreamboat/npu_r12_verify/NPU_R12/work/par6_A/case_099_n3_A/selected_plan.json,/home/dreamboat/npu_r12_verify/NPU_R12/work/par6_A/case_099_n3_A/report.json,/home/dreamboat/npu_r12_verify/NPU_R12/work/par6_A/case_099_n3_A/control/r7/control_r6/control_work/components_result.official.json,724a056b624343c73af2127067e58ec56ca7c42356cdc793d3d8af0fdad2a96d,544403,8798208,3809280,4988928,,,,c0c4374d0fbee880e7193c59ccd48e9b2e5fb8c21f64b80fc2c43cedfbf41dc0,1622999,2.981245511137889
case_100,3,A,600.0,6.064069315000779,/home/dreamboat/npu_r12_verify/NPU_R12/work/par4_A/case_100_n3_A/selected_plan.json,/home/dreamboat/npu_r12_verify/NPU_R12/work/par4_A/case_100_n3_A/report.json,/home/dreamboat/npu_r12_verify/NPU_R12/work/par4_A/case_100_n3_A/control/extra/m3_ordered_0.official.json,b303eddaa5e3a3d3ee249396f2f01553d9140ea671d57fc508fb245e5afa809b,57566,534528,534528,0,,,,358f15f8b0922f7b5791c59b181b8b25c2ae8494ecca6a10cbdc6a6610b82fa7,151223,2.6269499357259494
case_001,4,A,600.0,2.4029930779999944,/home/dreamboat/npu_r12_verify/NPU_R12/work/par6_A/case_001_n4_A/selected_plan.json,/home/dreamboat/npu_r12_verify/NPU_R12/work/par6_A/case_001_n4_A/report.json,/home/dreamboat/npu_r12_verify/NPU_R12/work/par6_A/case_001_n4_A/control/r7/control_r6/control_work/components_result.official.json,1bbba1b0e75d1fb51b35793716e318ff838336bfabfe79d7304f908b87e56c96,58984,3456,3456,0,,,,56a83f06de40a136315fa9e41b1a9d8b458a6292d618d1a042b6c9d45577aa8f,233110,3.952088702020887
case_002,4,A,600.0,10.359188688000003,/home/dreamboat/npu_r12_verify/NPU_R12/work/par2_A/case_002_n4_A/selected_plan.json,/home/dreamboat/npu_r12_verify/NPU_R12/work/par2_A/case_002_n4_A/report.json,/home/dreamboat/npu_r12_verify/NPU_R12/work/par2_A/case_002_n4_A/control/r7/bands/band4_result.official.json,17495265c2a89e4bde7a8df14419ef0a37e4b4efac78149a9c1a6404c484f505,76865,82944,82944,0,,,,c5dc968587a80fdb3d07a2148c82aba352de2a7a8fb7666f5c8cfb661d0c36e9,261945,3.407857932739218
case_003,4,A,600.0,213.48325904700005,/home/dreamboat/npu_r12_verify/NPU_R12/work/par1_A/case_003_n4_A/selected_plan.json,/home/dreamboat/npu_r12_verify/NPU_R12/work/par1_A/case_003_n4_A/report.json,/home/dreamboat/npu_r12_verify/NPU_R12/work/par1_A/case_003_n4_A/control/r7/reassign/reassign_observed_result.official.json,aef6fcf0d4d19057bd6463db3f1dfee8c784af5b8f8df18266a533a5af2dbff3,287598,6729464,6729464,0,,,,d7ad1b6ae585e1b7d9e65fc683d12bf5bea78b832288981173389f5d5c9ae516,602212,2.0939366754984388
case_004,4,A,600.0,2.773693086999998,/home/dreamboat/npu_r12_verify/NPU_R12/work/par4_A/case_004_n4_A/selected_plan.json,/home/dreamboat/npu_r12_verify/NPU_R12/work/par4_A/case_004_n4_A/report.json,/home/dreamboat/npu_r12_verify/NPU_R12/work/par4_A/case_004_n4_A/control/r7/control_r6/control_work/components_result.official.json,855c603072488b00df6bd61a32fc212726215fc27161b3b4c7d1332d258d7493,104188,331776,331776,0,,,,9a33d1076529df21d1e937dbb0c970c91ad3662f6c8d591b40038dc60ee3e4f6,392357,3.765855952700887
case_005,4,A,600.0,44.42615013299999,/home/dreamboat/npu_r12_verify/NPU_R12/work/par6_A/case_005_n4_A/selected_plan.json,/home/dreamboat/npu_r12_verify/NPU_R12/work/par6_A/case_005_n4_A/report.json,/home/dreamboat/npu_r12_verify/NPU_R12/work/par6_A/case_005_n4_A/control/r7/reassign/reassign_observed_result.official.json,0d63a30ae5d29fd088f6a3fffbbe18ab58b0d38aa01722bc9a9d60d1f51971be,70248,2483610,2483610,0,,,,1dc8da895b90bce93681430d74282653475cc25af2f4dabb0bfcaaf8bf2a3843,95618,1.361149071859697
case_006,4,A,600.0,4.7518683419999945,/home/dreamboat/npu_r12_verify/NPU_R12/work/par4_A/case_006_n4_A/selected_plan.json,/home/dreamboat/npu_r12_verify/NPU_R12/work/par4_A/case_006_n4_A/report.json,/home/dreamboat/npu_r12_verify/NPU_R12/work/par4_A/case_006_n4_A/control/r7/reassign/reassign_observed_result.official.json,7901e877d38623407a65dd6ff64bbd5da32df2c2cf8adb31898af24363d2596d,27895,664560,664560,0,,,,c0bf76878ac36e1857ab3fd7a95a554341ea432fcca62b3f25a12164c116f97c,82837,2.9696002867897473
case_007,4,A,600.0,11.104184862000011,/home/dreamboat/npu_r12_verify/NPU_R12/work/par4_A/case_007_n4_A/selected_plan.json,/home/dreamboat/npu_r12_verify/NPU_R12/work/par4_A/case_007_n4_A/report.json,/home/dreamboat/npu_r12_verify/NPU_R12/work/par4_A/case_007_n4_A/control/r7/control_r6/control_work/components_result.official.json,0db553cf3e3a9f3d5a1788499ae6f4545269cde04fc5c813d9f2f541a9bfae5c,254398,82944,82944,0,,,,dc0b30a2ad2404835da1e709c29900f6017a9f2eca23089b14587f86ba8d2fda,1012562,3.980227831979811
case_008,4,A,600.0,5.457261219999964,/home/dreamboat/npu_r12_verify/NPU_R12/work/par1_A/case_008_n4_A/selected_plan.json,/home/dreamboat/npu_r12_verify/NPU_R12/work/par1_A/case_008_n4_A/report.json,/home/dreamboat/npu_r12_verify/NPU_R12/work/par1_A/case_008_n4_A/control/r7/control_r6/control_work/components_result.official.json,cbee73a093c1b99b1112a660718b3c0dfac5367160e7e8b1fa57fb906bb8062e,123060,0,0,0,,,,e0ce639ed5f244bf4b84f9fec5a3d0dc5ed95bc648c74c8d90abea09e8475f44,487605,3.962335446123842
case_009,4,A,600.0,187.540357787,/home/dreamboat/npu_r12_verify/NPU_R12/work/par5_A/case_009_n4_A/selected_plan.json,/home/dreamboat/npu_r12_verify/NPU_R12/work/par5_A/case_009_n4_A/report.json,/home/dreamboat/npu_r12_verify/NPU_R12/work/par5_A/case_009_n4_A/control/r7/reassign/reassign_observed_result.official.json,cfa9cddf8daad26385e5c76b523476090fc8354bc9b9e89882152b6c4a98cef7,81530,928212,928212,0,,,,c7bd6f7d3520650dce810944120cb338b342abccf4d5ba89ed3ce7ad985057a3,153261,1.879811112473936
case_010,4,A,600.0,4.701024824000115,/home/dreamboat/npu_r12_verify/NPU_R12/work/par1_A/case_010_n4_A/selected_plan.json,/home/dreamboat/npu_r12_verify/NPU_R12/work/par1_A/case_010_n4_A/report.json,/home/dreamboat/npu_r12_verify/NPU_R12/work/par1_A/case_010_n4_A/control/r7/reassign/reassign_local_result.official.json,86776879d472f8bfa04c81df53a6cdf7e9ebc43774dcbeadde9a05b455c711ff,27800,715508,715508,0,,,,ac493ac4ff7f8c0837987f5fba4464437027021e472e73e0298c685df8d991ac,86969,3.128381294964029
case_011,4,A,600.0,1.5463799899999913,/home/dreamboat/npu_r12_verify/NPU_R12/work/par6_A/case_011_n4_A/selected_plan.json,/home/dreamboat/npu_r12_verify/NPU_R12/work/par6_A/case_011_n4_A/report.json,/home/dreamboat/npu_r12_verify/NPU_R12/work/par6_A/case_011_n4_A/control/r7/control_r6/control_work/components_result.official.json,6f7b35ba6c4065fcc8ad63ccce84213d4d12443a1150f3efb723320d6da94d2f,46880,540672,540672,0,,,,574cdfd45de313c66e773051e777a65c2707e5efd7fc1cd6391d6ed702f5d9c8,184697,3.9397824232081913
case_012,4,A,600.0,5.036141570999973,/home/dreamboat/npu_r12_verify/NPU_R12/work/par6_A/case_012_n4_A/selected_plan.json,/home/dreamboat/npu_r12_verify/NPU_R12/work/par6_A/case_012_n4_A/report.json,/home/dreamboat/npu_r12_verify/NPU_R12/work/par6_A/case_012_n4_A/control/r7/control_r6/control_work/components_result.official.json,41000f6fc660f293477fde36567e59b1ea800cf9d524dccffca82059dc44ba99,17853,21888,21888,0,,,,7bfb13ad5445440cf5928b08dea731ea084339f863b748962e073c3108011c39,59088,3.309695849437069
case_013,4,A,600.0,3.6726652790000003,/home/dreamboat/npu_r12_verify/NPU_R12/work/par4_A/case_013_n4_A/selected_plan.json,/home/dreamboat/npu_r12_verify/NPU_R12/work/par4_A/case_013_n4_A/report.json,/home/dreamboat/npu_r12_verify/NPU_R12/work/par4_A/case_013_n4_A/control/r7/control_r6/control_work/components_result.official.json,0e9e4ecfca4749e2a4096ee1182628f931d6c78f209d5253ef74bc7cd53272a8,66982,24576,24576,0,,,,21281493d5fc3a33f49e948553f4c3f4dc372fdbcb58ea52a74bd5cdba2b9413,263949,3.9405959810098237
case_014,4,A,600.0,543.430107611,/home/dreamboat/npu_r12_verify/NPU_R12/work/par1_A/case_014_n4_A/selected_plan.json,/home/dreamboat/npu_r12_verify/NPU_R12/work/par1_A/case_014_n4_A/report.json,/home/dreamboat/npu_r12_verify/NPU_R12/work/par1_A/case_014_n4_A/control/r7/control_r6/control_work/component_batch512_result.official.json,c5ef541fa92e09f28ba97b12b27cf2587690bf9ad10336f321fd4a3cb87e4e16,4447779,75533208,69313032,6220176,,,,94c1861288f372e7bbc252b09ab039d0ff6e62e5ccb55cd4f2bbae9e7bf24702,17698626,3.9792053517047496
case_015,4,A,600.0,7.394099122,/home/dreamboat/npu_r12_verify/NPU_R12/work/par4_A/case_015_n4_A/selected_plan.json,/home/dreamboat/npu_r12_verify/NPU_R12/work/par4_A/case_015_n4_A/report.json,/home/dreamboat/npu_r12_verify/NPU_R12/work/par4_A/case_015_n4_A/control/r7/reassign/reassign_observed_result.official.json,8039534dc0250a6eedec329518bd05d32a1dd93a357febc47124184c67524930,51205,1081932,1081932,0,,,,7ff4c231f93dce04032b549db4d0507882fa597d8543502e20cc81b195634848,177362,3.463763304364808
case_016,4,A,600.0,483.63809694500014,/home/dreamboat/npu_r12_verify/NPU_R12/work/par5_A/case_016_n4_A/selected_plan.json,/home/dreamboat/npu_r12_verify/NPU_R12/work/par5_A/case_016_n4_A/report.json,/home/dreamboat/npu_r12_verify/NPU_R12/work/par5_A/case_016_n4_A/control/r7/control_r6/control_work/chainwave_result.official.json,d903859659643b982a8ff5b5e70f7d0dae5a114c771311d1278a9af31c66921a,3592965,119567544,119567544,0,,,,88a63046360a266eecc7d21bc5aa2a2c0fa42f1827d134581badcc51d6be96da,7715523,2.147397205372165
case_017,4,A,600.0,11.416748557000005,/home/dreamboat/npu_r12_verify/NPU_R12/work/par3_A/case_017_n4_A/selected_plan.json,/home/dreamboat/npu_r12_verify/NPU_R12/work/par3_A/case_017_n4_A/report.json,/home/dreamboat/npu_r12_verify/NPU_R12/work/par3_A/case_017_n4_A/control/r7/control_r6/control_work/components_result.official.json,1505f1c9c58e5c637b34302d69d30b839ddd6a24475e9f98373b5bccb9c8fbb2,48848,260352,260352,0,,,,6dd261caf636709859032783f5119f25e545ca555d9c2f6295058431fb7e83d1,162810,3.3329921388797903
case_018,4,A,600.0,23.53747549000002,/home/dreamboat/npu_r12_verify/NPU_R12/work/par2_A/case_018_n4_A/selected_plan.json,/home/dreamboat/npu_r12_verify/NPU_R12/work/par2_A/case_018_n4_A/report.json,/home/dreamboat/npu_r12_verify/NPU_R12/work/par2_A/case_018_n4_A/control/r7/control_r6/control_work/components_result.official.json,7c3d8836c6b2c6006e807ba6794b38389eb87716fad454be373eb7de0b78666d,258063,4914944,3755776,1159168,,,,80dd887c21240659a0b4aea964471244300388edfbd6fdb0040835cdd7dd59e0,1004367,3.8919449901768175
case_019,4,A,600.0,4.046147347999977,/home/dreamboat/npu_r12_verify/NPU_R12/work/par2_A/case_019_n4_A/selected_plan.json,/home/dreamboat/npu_r12_verify/NPU_R12/work/par2_A/case_019_n4_A/report.json,/home/dreamboat/npu_r12_verify/NPU_R12/work/par2_A/case_019_n4_A/control/r7/control_r6/control_work/components_result.official.json,037fb626c0a39eb6629eb63e910b78a7f97a8ac40263b56c49715d58596c7fda,24099,51744,51744,0,,,,3676f1c1ae82dcc693c690771959cd2ab44ae521a7a625d070ff2b6d264d5c60,81144,3.3671106684924688
case_020,4,A,600.0,9.977153071000032,/home/dreamboat/npu_r12_verify/NPU_R12/work/par2_A/case_020_n4_A/selected_plan.json,/home/dreamboat/npu_r12_verify/NPU_R12/work/par2_A/case_020_n4_A/report.json,/home/dreamboat/npu_r12_verify/NPU_R12/work/par2_A/case_020_n4_A/control/r7/control_r6/control_work/components_result.official.json,2e0d216df91e79dc375e900bb9aff6b494af6ee2e1a55594901fd01dfd27269e,133704,0,0,0,,,,701ed04395ef07726a9ae3dce6a4f9d1153d61224b8266755d17496379e54463,532746,3.984518039849219
case_021,4,A,600.0,5.573141308000004,/home/dreamboat/npu_r12_verify/NPU_R12/work/par3_A/case_021_n4_A/selected_plan.json,/home/dreamboat/npu_r12_verify/NPU_R12/work/par3_A/case_021_n4_A/report.json,/home/dreamboat/npu_r12_verify/NPU_R12/work/par3_A/case_021_n4_A/control/r7/control_r6/control_work/components_result.official.json,ee887a5d621107e6e65f1879c64fa1f47e062acec910e8aa93b70589c2cd08ec,1550324,4608000,4608000,0,,,,21517db0b884e3d2da2c7d6e27c0f3669d6db80b1f32cd1072df6f2c72d4a4f9,6567937,4.236493145948847
case_022,4,A,600.0,7.283181647999982,/home/dreamboat/npu_r12_verify/NPU_R12/work/par2_A/case_022_n4_A/selected_plan.json,/home/dreamboat/npu_r12_verify/NPU_R12/work/par2_A/case_022_n4_A/report.json,/home/dreamboat/npu_r12_verify/NPU_R12/work/par2_A/case_022_n4_A/control/r7/control_r6/control_work/components_result.official.json,db9a80b71783ab361da7f36a39065b19014cd3c7e938ea80c0546943dbe77011,14641,13824,13824,0,,,,6594bb03446934eed324204640480c573eaea98674248f3eabf6b855712d2e83,56780,3.8781503995628714
case_023,4,A,600.0,3.659751559000142,/home/dreamboat/npu_r12_verify/NPU_R12/work/par5_A/case_023_n4_A/selected_plan.json,/home/dreamboat/npu_r12_verify/NPU_R12/work/par5_A/case_023_n4_A/report.json,/home/dreamboat/npu_r12_verify/NPU_R12/work/par5_A/case_023_n4_A/control/r7/control_r6/control_work/components_result.official.json,c9f6f680c734d8f96813a98395eedf0ebe1355275a9caa7961a53f58a1d1c7fe,30522,207552,207552,0,,,,6713f3015421c5a94b78a768c2f364aeb5a03a964041c41237b22d19927ed3fb,122614,4.0172334709389945
case_024,4,A,600.0,92.53734833200002,/home/dreamboat/npu_r12_verify/NPU_R12/work/par6_A/case_024_n4_A/selected_plan.json,/home/dreamboat/npu_r12_verify/NPU_R12/work/par6_A/case_024_n4_A/report.json,/home/dreamboat/npu_r12_verify/NPU_R12/work/par6_A/case_024_n4_A/control/r7/control_r6/control_work/chainwave_result.official.json,37b9e13b0d8791a57f5aa88b86e5fce7822e9ab30e5cb966cf3c8a5da8ba97fd,1189845,39331488,39331488,0,,,,96aa1ebac08501358afc41710c3d74eadcff1e4e980a28d743f20e6cdb42e37f,2555343,2.1476267917249725
case_025,4,A,600.0,259.9369615190001,/home/dreamboat/npu_r12_verify/NPU_R12/work/par6_A/case_025_n4_A/selected_plan.json,/home/dreamboat/npu_r12_verify/NPU_R12/work/par6_A/case_025_n4_A/report.json,/home/dreamboat/npu_r12_verify/NPU_R12/work/par6_A/case_025_n4_A/control/r7/control_r6/control_work/component_batch2048_result.official.json,956ee6787b2bb9ad5e821a449af969d05ebbc81434393dbd263079c042db4dbe,1219420,304128,304128,0,,,,83ff3b982438f3742b7be30d64681a61c08737261c6a7dc35bd92c0c67f13a67,4863026,3.9879828115005496
case_026,4,A,600.0,5.004360875999737,/home/dreamboat/npu_r12_verify/NPU_R12/work/par5_A/case_026_n4_A/selected_plan.json,/home/dreamboat/npu_r12_verify/NPU_R12/work/par5_A/case_026_n4_A/report.json,/home/dreamboat/npu_r12_verify/NPU_R12/work/par5_A/case_026_n4_A/control/extra/m4_ordered_0.official.json,3d2e93e08a4face13f65b3232f2a15b99c8365f3be7a61bd1cfebae27e561a2b,41219,217872,217872,0,,,,2d4072cc76cd4e48499871ab8195800f78f5cf387dfaebfd40f84fd1af1482ef,99203,2.4067299061112593
case_027,4,A,600.0,2.3401728160001767,/home/dreamboat/npu_r12_verify/NPU_R12/work/par1_A/case_027_n4_A/selected_plan.json,/home/dreamboat/npu_r12_verify/NPU_R12/work/par1_A/case_027_n4_A/report.json,/home/dreamboat/npu_r12_verify/NPU_R12/work/par1_A/case_027_n4_A/control/r7/control_r6/control_work/components_result.official.json,796a4a565265948308fe869611fab6c54c57adbb288c24fdb1a7dc19a126d353,559196,3317760,3317760,0,,,,7aeeaadab1b02388397fafb9e11734225a91c99ffe70605f15f3b559b863831c,2363952,4.227412213249022
case_028,4,A,600.0,546.2975589500002,/home/dreamboat/npu_r12_verify/NPU_R12/work/par3_A/case_028_n4_A/selected_plan.json,/home/dreamboat/npu_r12_verify/NPU_R12/work/par3_A/case_028_n4_A/report.json,/home/dreamboat/npu_r12_verify/NPU_R12/work/par3_A/case_028_n4_A/control/r7/reassign/reassign_local_result.official.json,f4c9ede12189ef2593e744f714bc6871f9bae1cb209afca3b1ad8806b0abafbb,10461460,103033728,103033728,0,,,,0ad1d56db5b61949584eecc84e54586083231ff3fbf58051f7296e191263493c,43836040,4.190241132690848
case_029,4,A,600.0,2.601760328000182,/home/dreamboat/npu_r12_verify/NPU_R12/work/par1_A/case_029_n4_A/selected_plan.json,/home/dreamboat/npu_r12_verify/NPU_R12/work/par1_A/case_029_n4_A/report.json,/home/dreamboat/npu_r12_verify/NPU_R12/work/par1_A/case_029_n4_A/control/r7/control_r6/control_work/components_result.official.json,116a098b285b29940431784994cbcf625416f53518eb0841acfd45769ffac5dc,11028,0,0,0,,,,53f0cbf4c168a3fb62e842600c46baedf4e5f270f81441a4fdda3cdcd1fb66d2,37555,3.405422560754443
case_030,4,A,600.0,17.689250024000103,/home/dreamboat/npu_r12_verify/NPU_R12/work/par5_A/case_030_n4_A/selected_plan.json,/home/dreamboat/npu_r12_verify/NPU_R12/work/par5_A/case_030_n4_A/report.json,/home/dreamboat/npu_r12_verify/NPU_R12/work/par5_A/case_030_n4_A/control/r7/control_r6/control_work/component_batch512_result.official.json,f24e7c7a1b5209a58cbc0eca3004afbefe7024028e94cc6e6bd5a135ed1d8518,698657,9418752,9364480,54272,,,,f09c0bc138670ef140f37b88409d52490847be73f08d4b423617e41e48421ddb,2808034,4.019188242585417
case_031,4,A,600.0,76.4348233400001,/home/dreamboat/npu_r12_verify/NPU_R12/work/par1_A/case_031_n4_A/selected_plan.json,/home/dreamboat/npu_r12_verify/NPU_R12/work/par1_A/case_031_n4_A/report.json,/home/dreamboat/npu_r12_verify/NPU_R12/work/par1_A/case_031_n4_A/control/r7/reassign/reassign_local_result.official.json,54d809318e63f26bab46e120d044b725228d7c4b6049ccf0ce73e4674ae4e426,392550,14062336,14062336,0,,,,3f795ea013f8f3f5d7d8c90b5dfb8214c23ef53c721dac8121896e67a8b40178,1414369,3.603028913514202
case_032,4,A,600.0,5.964518792999968,/home/dreamboat/npu_r12_verify/NPU_R12/work/par2_A/case_032_n4_A/selected_plan.json,/home/dreamboat/npu_r12_verify/NPU_R12/work/par2_A/case_032_n4_A/report.json,/home/dreamboat/npu_r12_verify/NPU_R12/work/par2_A/case_032_n4_A/control/r7/bands/band8_result.official.json,87e9a8d4987ddd1dbfd14291d69ea58f2fe9a5240009fb0275d1d2941856780a,12763,129188,129188,0,,,,b4861412eed9e011a2d2df8ce30ebf247a2b77f81c447f85a1f9e5c1761bf48b,41443,3.2471205829350467
case_033,4,A,600.0,33.54501923299995,/home/dreamboat/npu_r12_verify/NPU_R12/work/par4_A/case_033_n4_A/selected_plan.json,/home/dreamboat/npu_r12_verify/NPU_R12/work/par4_A/case_033_n4_A/report.json,/home/dreamboat/npu_r12_verify/NPU_R12/work/par4_A/case_033_n4_A/control/r7/bands/band16_result.official.json,b0b99e5c7a1ce9f3e44ab9c652b6da302bf46396b15a5951ff2abf1c6a414214,461610,12826272,12826272,0,,,,ddfee4507a396e8fb05c841480999ef726af422074630e40419b0bb8084c4a4a,1774196,3.8434955915166484
case_034,4,A,600.0,27.380825801000128,/home/dreamboat/npu_r12_verify/NPU_R12/work/par6_A/case_034_n4_A/selected_plan.json,/home/dreamboat/npu_r12_verify/NPU_R12/work/par6_A/case_034_n4_A/report.json,/home/dreamboat/npu_r12_verify/NPU_R12/work/par6_A/case_034_n4_A/control/r7/reassign/reassign_local_result.official.json,c266dfa144c59e36a502243d113e010e306d2c513dff864e3964d01e180ffb93,230925,6690304,6690304,0,,,,b88426bb5ed903e3617bdaaa1e1115bf9a2b2a9c9c508ccffcaedae25ec49256,842996,3.6505185666341884
case_035,4,A,600.0,64.92006988100002,/home/dreamboat/npu_r12_verify/NPU_R12/work/par1_A/case_035_n4_A/selected_plan.json,/home/dreamboat/npu_r12_verify/NPU_R12/work/par1_A/case_035_n4_A/report.json,/home/dreamboat/npu_r12_verify/NPU_R12/work/par1_A/case_035_n4_A/control/r7/bands/band16_result.official.json,4dacd16ae7720e0168e4c82dafed5419e32708ef95c0a465a29665393619d126,90516,469248,469248,0,,,,178fd2306fff81fb8877adf964b8fb863ea522f305651b347281ee7a0a90cc54,169571,1.8733815016129745
case_036,4,A,600.0,9.061816799999633,/home/dreamboat/npu_r12_verify/NPU_R12/work/par3_A/case_036_n4_A/selected_plan.json,/home/dreamboat/npu_r12_verify/NPU_R12/work/par3_A/case_036_n4_A/report.json,/home/dreamboat/npu_r12_verify/NPU_R12/work/par3_A/case_036_n4_A/control/r7/control_r6/control_work/components_result.official.json,0f9bdf9fba1b52dca2d66ad3797f862230d4be10fbcb070378db0de9f4b1fa48,233584,3456,3456,0,,,,3bc0806b99ac5538acd099c98550e6a6ca436209679c7044d3a1a3f57fb8bb65,931510,3.987901568600589
case_037,4,A,600.0,1.0347832349998498,/home/dreamboat/npu_r12_verify/NPU_R12/work/par1_A/case_037_n4_A/selected_plan.json,/home/dreamboat/npu_r12_verify/NPU_R12/work/par1_A/case_037_n4_A/report.json,/home/dreamboat/npu_r12_verify/NPU_R12/work/par1_A/case_037_n4_A/control/r7/control_r6/control_work/components_result.official.json,f9abd4574b07efba2a5e420243d6555ca68fe44b54ac5416c1395623c87b6c1c,53320,614400,614400,0,,,,6205ab7146d3662892f7b3f56c9168a6645a73f194d1baa7644fda4ed7bb9fa6,210001,3.938503375843961
case_038,4,A,600.0,78.49302502,/home/dreamboat/npu_r12_verify/NPU_R12/work/par5_A/case_038_n4_A/selected_plan.json,/home/dreamboat/npu_r12_verify/NPU_R12/work/par5_A/case_038_n4_A/report.json,/home/dreamboat/npu_r12_verify/NPU_R12/work/par5_A/case_038_n4_A/control/r7/control_r6/control_work/components_result.official.json,499588866e2a0b7c51977f9df3adde5c92c92e32316bdb5f8a60eb9e3a0b3929,345206,9295872,6514176,2781696,,,,8d913266b1811e7724cc6abac704daf11e2ae4a709891f95b6eb093a4682ca15,1364555,3.9528716186856543
case_039,4,A,600.0,61.723235356999965,/home/dreamboat/npu_r12_verify/NPU_R12/work/par2_A/case_039_n4_A/selected_plan.json,/home/dreamboat/npu_r12_verify/NPU_R12/work/par2_A/case_039_n4_A/report.json,/home/dreamboat/npu_r12_verify/NPU_R12/work/par2_A/case_039_n4_A/control/r7/reassign/reassign_observed_result.official.json,f5a9f7b8f0a3c371bcefeafeabeefbe4d5bdadabba1c10d0ca9253a88232d07c,392896,16388096,16031744,356352,,,,3968794ca242a22a0cf32e74d582281e7f5b4e47396d16b69932dbd1ed21f901,1435262,3.6530328636585763
case_040,4,A,600.0,28.23748534599963,/home/dreamboat/npu_r12_verify/NPU_R12/work/par1_A/case_040_n4_A/selected_plan.json,/home/dreamboat/npu_r12_verify/NPU_R12/work/par1_A/case_040_n4_A/report.json,/home/dreamboat/npu_r12_verify/NPU_R12/work/par1_A/case_040_n4_A/control/r7/reassign/reassign_observed_result.official.json,09149755918384c2440f54274c4eee064cff85cc5c78dd0941c7a7e188948562,98759,2075814,2075814,0,,,,301166b31065227cb8a431d4ba0db6d2096e4ee625ec7aa528328a1574bbce72,253454,2.5663888860762056
case_041,4,A,600.0,28.854070304999823,/home/dreamboat/npu_r12_verify/NPU_R12/work/par1_A/case_041_n4_A/selected_plan.json,/home/dreamboat/npu_r12_verify/NPU_R12/work/par1_A/case_041_n4_A/report.json,/home/dreamboat/npu_r12_verify/NPU_R12/work/par1_A/case_041_n4_A/control/r7/control_r6/control_work/component_batch512_result.official.json,d6d35937934174687ebf04878ddc7ac8ed2fc0354643cb646724528a025f5e66,1484401,26910720,26194944,715776,,,,3b7cc3fb062d0375da55e6989d99c01a9f34cb93dcd18cc7bd35467070160a5e,6003957,4.044700185462014
case_042,4,A,600.0,35.72477001999994,/home/dreamboat/npu_r12_verify/NPU_R12/work/par2_A/case_042_n4_A/selected_plan.json,/home/dreamboat/npu_r12_verify/NPU_R12/work/par2_A/case_042_n4_A/report.json,/home/dreamboat/npu_r12_verify/NPU_R12/work/par2_A/case_042_n4_A/control/r7/reassign/reassign_observed_result.official.json,280b28b7b4cbb77a8fde53dc0f3c68d41369e7f8cd11e5aa79e774c5ab602766,435238,7876896,7769376,107520,,,,c262ea96e6c7976ece0d768d24738181ac6f69c5ffd50fed86eaeac527a21715,1686740,3.8754428611472345
case_043,4,A,600.0,299.4957640649999,/home/dreamboat/npu_r12_verify/NPU_R12/work/par4_A/case_043_n4_A/selected_plan.json,/home/dreamboat/npu_r12_verify/NPU_R12/work/par4_A/case_043_n4_A/report.json,/home/dreamboat/npu_r12_verify/NPU_R12/work/par4_A/case_043_n4_A/control/r7/reassign/reassign_local_result.official.json,80ddd82ec5b98c97706f9d3dcdaee8bed1c2c61bc20e374bf0417e848a3d619c,261670,5285512,5251720,33792,,,,93182da74616a7b336907deb8abdd8da5815f1ec7d1de9c551df49c5f31110aa,677656,2.5897351626093936
case_044,4,A,600.0,10.593114549000347,/home/dreamboat/npu_r12_verify/NPU_R12/work/par5_A/case_044_n4_A/selected_plan.json,/home/dreamboat/npu_r12_verify/NPU_R12/work/par5_A/case_044_n4_A/report.json,/home/dreamboat/npu_r12_verify/NPU_R12/work/par5_A/case_044_n4_A/control/r7/control_r6/core/active2_chainwave_result.official.json,584a5d5e1923566b3b32bc38053d0784df4c445f6b041b7114c9a5438d7f02f7,78699,2014560,2014560,0,,,,95b5b1459e727517426d0d59cb5b9196297d3d9987893f68ba36e757ae567238,154407,1.9619944344909084
case_045,4,A,600.0,2.538401946999784,/home/dreamboat/npu_r12_verify/NPU_R12/work/par4_A/case_045_n4_A/selected_plan.json,/home/dreamboat/npu_r12_verify/NPU_R12/work/par4_A/case_045_n4_A/report.json,/home/dreamboat/npu_r12_verify/NPU_R12/work/par4_A/case_045_n4_A/control/r7/control_r6/control_work/components_result.official.json,e68501227592c2cf9b585f426aa05eca56feef713b0eb145f508a2c1a66a9ba8,31878,0,0,0,,,,8c832a8046f814d08e298056255f6a5d06994c576c2e374fa6a203cc838be529,125614,3.940460505677897
case_046,4,A,600.0,5.71855302799986,/home/dreamboat/npu_r12_verify/NPU_R12/work/par5_A/case_046_n4_A/selected_plan.json,/home/dreamboat/npu_r12_verify/NPU_R12/work/par5_A/case_046_n4_A/report.json,/home/dreamboat/npu_r12_verify/NPU_R12/work/par5_A/case_046_n4_A/control/r7/control_r6/control_work/components_result.official.json,2e43fb734488d7362d88297f636060c53ad49786fdd84a8971004cbfac5c951a,124612,4513952,2791200,1722752,,,,a058c2c9b163cb388cb7ea0d398f774f82560b79865e7205e7afc9b151e8445c,276455,2.218526305652746
case_047,4,A,600.0,303.64650095499996,/home/dreamboat/npu_r12_verify/NPU_R12/work/par2_A/case_047_n4_A/selected_plan.json,/home/dreamboat/npu_r12_verify/NPU_R12/work/par2_A/case_047_n4_A/report.json,/home/dreamboat/npu_r12_verify/NPU_R12/work/par2_A/case_047_n4_A/control/r7/reassign/reassign_observed_result.official.json,f98144a3d981716d2e03de05fb7f99b11bda3605e04b2c9b0fa72126b4102587,171560,3820950,3820950,0,,,,cd6cac47cd44dd27b5ea67d3c1b201429dee5dbf8d7b71b97d7d1bff614f8906,326508,1.9031709023082304
case_048,4,A,600.0,23.055419595999865,/home/dreamboat/npu_r12_verify/NPU_R12/work/par5_A/case_048_n4_A/selected_plan.json,/home/dreamboat/npu_r12_verify/NPU_R12/work/par5_A/case_048_n4_A/report.json,/home/dreamboat/npu_r12_verify/NPU_R12/work/par5_A/case_048_n4_A/control/r7/bands/band4_result.official.json,1f15d73647daf7ccaac97a7da0a404b946de0e783525d04c333ad7b484b7cff0,145292,1253562,1253562,0,,,,ed22d5882e21047ff611899351c53b1b2491103bef6265d5b9fa1293ee3c4366,222220,1.529471684607549
case_049,4,A,600.0,68.24441626399994,/home/dreamboat/npu_r12_verify/NPU_R12/work/par5_A/case_049_n4_A/selected_plan.json,/home/dreamboat/npu_r12_verify/NPU_R12/work/par5_A/case_049_n4_A/report.json,/home/dreamboat/npu_r12_verify/NPU_R12/work/par5_A/case_049_n4_A/control/r7/bands/band4_result.official.json,8829c84e68de4dcdfcbf082a46a971348db1b8c08de9c74341f834a0fb0939ab,115314,2743324,2743324,0,,,,0caf33a9ae386c04f9a781703c4d1d69b85b12542f2078e71f4cc92d83260a21,196276,1.702100352082141
case_050,4,A,600.0,34.18388089100017,/home/dreamboat/npu_r12_verify/NPU_R12/work/par2_A/case_050_n4_A/selected_plan.json,/home/dreamboat/npu_r12_verify/NPU_R12/work/par2_A/case_050_n4_A/report.json,/home/dreamboat/npu_r12_verify/NPU_R12/work/par2_A/case_050_n4_A/control/r7/reassign/reassign_observed_result.official.json,7628009235cc8cce4d93efde7cd98b54b741457dfaedee7e33aaef257e5561ee,74902,1219726,1219726,0,,,,d4113cc21e93ce8e89938bbbac7eadb877a87f5c3b0b3339243161241d1f25fd,149690,1.998478011268057
case_051,4,A,600.0,7.720960289999994,/home/dreamboat/npu_r12_verify/NPU_R12/work/par6_A/case_051_n4_A/selected_plan.json,/home/dreamboat/npu_r12_verify/NPU_R12/work/par6_A/case_051_n4_A/report.json,/home/dreamboat/npu_r12_verify/NPU_R12/work/par6_A/case_051_n4_A/control/r7/control_r6/control_work/chainwave_result.official.json,adafaa0975f5e8211544165285c8d7c6cfed94002f9d01fb5ba6cd8ccb597132,282785,9046310,9046310,0,,,,63cc6072e37e1f4fb0503921eeb6e60f70b88b8913ff7cee0523402a6cba1ae1,607628,2.148727832098591
case_052,4,A,600.0,5.804776996999863,/home/dreamboat/npu_r12_verify/NPU_R12/work/par2_A/case_052_n4_A/selected_plan.json,/home/dreamboat/npu_r12_verify/NPU_R12/work/par2_A/case_052_n4_A/report.json,/home/dreamboat/npu_r12_verify/NPU_R12/work/par2_A/case_052_n4_A/control/r7/control_r6/control_work/components_result.official.json,4d4ab4627bf7fd76124fb32ff0d2fe02173897540846064526f5d2f6d6fed420,50125,259584,259584,0,,,,19270b7013eb2c1aa82fad7ab32390c9e7a37b9a0ea735e1cd998a1780e531af,180301,3.5970274314214463
case_053,4,A,600.0,442.5807690790002,/home/dreamboat/npu_r12_verify/NPU_R12/work/par6_A/case_053_n4_A/selected_plan.json,/home/dreamboat/npu_r12_verify/NPU_R12/work/par6_A/case_053_n4_A/report.json,/home/dreamboat/npu_r12_verify/NPU_R12/work/par6_A/case_053_n4_A/control/r7/control_r6/control_work/components_result.official.json,93e0d03c54b0621c486b079bce35385e9bc3a0f0ea8ba077f66223ad649bbe4d,492232,6360992,2069504,4291488,,,,197cf6f4fc1b8db2fdc1118b5173c5428073adff78dedbd4c0019e492ecae4ed,1472686,2.991853434965626
case_054,4,A,600.0,295.04601848899983,/home/dreamboat/npu_r12_verify/NPU_R12/work/par4_A/case_054_n4_A/selected_plan.json,/home/dreamboat/npu_r12_verify/NPU_R12/work/par4_A/case_054_n4_A/report.json,/home/dreamboat/npu_r12_verify/NPU_R12/work/par4_A/case_054_n4_A/control/r7/reassign/reassign_observed_result.official.json,e323fdd60ef680dab99c1e5c467c7e85883651be1715af32d3e3e0443c7acc10,331031,6850874,6515514,335360,,,,4d91a87e9986bd7636c41737d186ee6549fe51c7d72d625baad3ad4c79cd9c1c,815051,2.4621591331325465
case_055,4,A,600.0,5.750681904999965,/home/dreamboat/npu_r12_verify/NPU_R12/work/par5_A/case_055_n4_A/selected_plan.json,/home/dreamboat/npu_r12_verify/NPU_R12/work/par5_A/case_055_n4_A/report.json,/home/dreamboat/npu_r12_verify/NPU_R12/work/par5_A/case_055_n4_A/control/r7/control_r6/control_work/components_result.official.json,c34464076d4c73e962950eae0016795c0d5e662ea59df4299b40da0b008f1b43,31823,115712,115712,0,,,,f904b8ff66b527afcd1092a4083e7faddb3c3b3510cff5c99e6a78a2c718e033,118835,3.7342488137510608
case_056,4,A,600.0,109.69328365000001,/home/dreamboat/npu_r12_verify/NPU_R12/work/par3_A/case_056_n4_A/selected_plan.json,/home/dreamboat/npu_r12_verify/NPU_R12/work/par3_A/case_056_n4_A/report.json,/home/dreamboat/npu_r12_verify/NPU_R12/work/par3_A/case_056_n4_A/control/r7/bands/band8_result.official.json,fc0b027f4fb04865a03ad9dcae52245b0bb16e85c338e7f8d6d75257e8216643,166455,2922520,2922520,0,,,,aca468bfeb0e626d4a58368103c2ab73b2d7ab78eb48992399a0eb90bf842259,277285,1.6658255985101078
case_057,4,A,600.0,3.616080425000291,/home/dreamboat/npu_r12_verify/NPU_R12/work/par3_A/case_057_n4_A/selected_plan.json,/home/dreamboat/npu_r12_verify/NPU_R12/work/par3_A/case_057_n4_A/report.json,/home/dreamboat/npu_r12_verify/NPU_R12/work/par3_A/case_057_n4_A/control/r7/reassign/reassign_observed_result.official.json,1b55d8ad169c7e6e3dcf8513518cd3230b343b1db73f13c656b81114b8f7674f,16879,70272,70272,0,,,,e8957658320668ec2493f13194210f79d8d4d148a2e91e1f9ce48c7ea96cbaf3,59726,3.5384797677587536
case_058,4,A,600.0,330.13006287300004,/home/dreamboat/npu_r12_verify/NPU_R12/work/par2_A/case_058_n4_A/selected_plan.json,/home/dreamboat/npu_r12_verify/NPU_R12/work/par2_A/case_058_n4_A/report.json,/home/dreamboat/npu_r12_verify/NPU_R12/work/par2_A/case_058_n4_A/control/r7/reassign/reassign_observed_result.official.json,8cf94a6cc1f50d9abd9c992accd93834f55bebb592061ba1e7a5979090e79a66,1184895,45551616,40955904,4595712,,,,31b976451db7952221bf82c53ec3478bf8f4e59ff20b2efe704c5be9c612aa3d,4539717,3.8313242945577457
case_059,4,A,600.0,3.179764788999819,/home/dreamboat/npu_r12_verify/NPU_R12/work/par5_A/case_059_n4_A/selected_plan.json,/home/dreamboat/npu_r12_verify/NPU_R12/work/par5_A/case_059_n4_A/report.json,/home/dreamboat/npu_r12_verify/NPU_R12/work/par5_A/case_059_n4_A/control/r7/control_r6/control_work/components_result.official.json,6ff2f46e686344fe18350b9c698d651c3da3b3b324dd39b5a9d6828f46dff403,185216,1081344,1081344,0,,,,474afcb87ef5fa1ea13bc8d062f0ff7e3ede641c94f0b58ff610c6724f5b695d,829473,4.478408992743607
case_060,4,A,600.0,47.93370993100007,/home/dreamboat/npu_r12_verify/NPU_R12/work/par6_A/case_060_n4_A/selected_plan.json,/home/dreamboat/npu_r12_verify/NPU_R12/work/par6_A/case_060_n4_A/report.json,/home/dreamboat/npu_r12_verify/NPU_R12/work/par6_A/case_060_n4_A/control/r7/reassign/reassign_observed_result.official.json,8637c392dd5ceac871790c386aef527784c3f3d9c8da5855d7a579078d89cfe1,232466,8150032,8141840,8192,,,,765738e8e197f6f056b209626b35e0b5c0829244a20a587523e0f36f9f2927e6,888789,3.823307494429293
case_061,4,A,600.0,7.0262070260000655,/home/dreamboat/npu_r12_verify/NPU_R12/work/par4_A/case_061_n4_A/selected_plan.json,/home/dreamboat/npu_r12_verify/NPU_R12/work/par4_A/case_061_n4_A/report.json,/home/dreamboat/npu_r12_verify/NPU_R12/work/par4_A/case_061_n4_A/control/r7/control_r6/control_work/components_result.official.json,b52d943509239b5fa069d35174eff2b18a7d0d6c2320ff96c86a352add0cd7d6,27170,62208,62208,0,,,,a4969f28390003fbd6d13a0452f76e07ea0bf88bcffc12b013dc764b4a7f5c5e,77191,2.841037909458962
case_062,4,A,600.0,440.5207058340002,/home/dreamboat/npu_r12_verify/NPU_R12/work/par6_A/case_062_n4_A/selected_plan.json,/home/dreamboat/npu_r12_verify/NPU_R12/work/par6_A/case_062_n4_A/report.json,/home/dreamboat/npu_r12_verify/NPU_R12/work/par6_A/case_062_n4_A/control/r7/reassign/reassign_observed_result.official.json,5d7167ab2828a96fc89648e08f9124667e20ddc2ad5d24dd49b1dea5aab34d57,764940,897024,897024,0,,,,6cb872561762b0c7bc6a36d123395b237f105464c1e479b1048dff32d4ba5ec1,2854809,3.732069181896619
case_063,4,A,600.0,121.3299733179997,/home/dreamboat/npu_r12_verify/NPU_R12/work/par3_A/case_063_n4_A/selected_plan.json,/home/dreamboat/npu_r12_verify/NPU_R12/work/par3_A/case_063_n4_A/report.json,/home/dreamboat/npu_r12_verify/NPU_R12/work/par3_A/case_063_n4_A/control/r7/bands/band4_result.official.json,fd9940746bf270a215e3a65bcb0ce2c0dd6b1541897402bba1e233ffc61c9610,290167,337920,337920,0,,,,b5d3db2321a9bee7ad92ceda98a72eb535069e7ebd573eca584fd3fcbcf02b06,1070397,3.688899840436714
case_064,4,A,600.0,8.587698170999829,/home/dreamboat/npu_r12_verify/NPU_R12/work/par2_A/case_064_n4_A/selected_plan.json,/home/dreamboat/npu_r12_verify/NPU_R12/work/par2_A/case_064_n4_A/report.json,/home/dreamboat/npu_r12_verify/NPU_R12/work/par2_A/case_064_n4_A/control/r7/reassign/reassign_observed_result.official.json,9834dd9933a527f59f403d99580199421617b3683d9486a8f590c30c4a94e0cb,16312,131982,131982,0,,,,796b33965b5939a189a7f0871090e8d630463224c4aad3025db1c7dd1603f837,19116,1.1718979892103973
case_065,4,A,600.0,3.252758785000424,/home/dreamboat/npu_r12_verify/NPU_R12/work/par5_A/case_065_n4_A/selected_plan.json,/home/dreamboat/npu_r12_verify/NPU_R12/work/par5_A/case_065_n4_A/report.json,/home/dreamboat/npu_r12_verify/NPU_R12/work/par5_A/case_065_n4_A/control/r7/control_r6/control_work/components_result.official.json,07dcd2d0d4f5dbdeac6aa45b4d34087c9f0f94a861ae63ea99be983ce1c2a763,14288,41760,41760,0,,,,66e6908c3955fecb8bdade0ca059473c18e371f7c42e675d7467257839cda43f,53068,3.7141657334826426
case_066,4,A,600.0,65.596779728,/home/dreamboat/npu_r12_verify/NPU_R12/work/par3_A/case_066_n4_A/selected_plan.json,/home/dreamboat/npu_r12_verify/NPU_R12/work/par3_A/case_066_n4_A/report.json,/home/dreamboat/npu_r12_verify/NPU_R12/work/par3_A/case_066_n4_A/control/r7/reassign/reassign_local_result.official.json,79ce65585e9bdfa370f0af491db45c36a06de1e67dec565d2e9f008c3878354b,167785,2890070,2890070,0,,,,97979f02a428a45cfaadcd26d62f9fdd409aab5f8edb9c6ee3ceb8f02becfd77,359070,2.1400601960842747
case_067,4,A,600.0,141.59517182199988,/home/dreamboat/npu_r12_verify/NPU_R12/work/par2_A/case_067_n4_A/selected_plan.json,/home/dreamboat/npu_r12_verify/NPU_R12/work/par2_A/case_067_n4_A/report.json,/home/dreamboat/npu_r12_verify/NPU_R12/work/par2_A/case_067_n4_A/control/r7/reassign/reassign_observed_result.official.json,b3a6ae35ea79c7ffeced283c158f55651b532f28e1dcf2c4060d00abc566a1ca,16545997,282468608,282468608,0,,,,2c0fea54622ce6daf732874d82448839b8bd6808002d6112b8672540fd10cdf0,63834834,3.8580228196584345
case_068,4,A,600.0,62.764961759000016,/home/dreamboat/npu_r12_verify/NPU_R12/work/par1_A/case_068_n4_A/selected_plan.json,/home/dreamboat/npu_r12_verify/NPU_R12/work/par1_A/case_068_n4_A/report.json,/home/dreamboat/npu_r12_verify/NPU_R12/work/par1_A/case_068_n4_A/control/r7/bands/band8_result.official.json,8cfd1f3a748e8762c943445ce969f31e3360cc3491ce04b68e1fc135fce4084d,197091,2598030,2598030,0,,,,93277f20aad244fbd55408310d563f803ef0dc062473afa90fb3ae52b239d9c8,362095,1.8371970308131778
case_069,4,A,600.0,7.567998806000105,/home/dreamboat/npu_r12_verify/NPU_R12/work/par3_A/case_069_n4_A/selected_plan.json,/home/dreamboat/npu_r12_verify/NPU_R12/work/par3_A/case_069_n4_A/report.json,/home/dreamboat/npu_r12_verify/NPU_R12/work/par3_A/case_069_n4_A/control/r7/bands/band8_result.official.json,00e3f96556579bc2d5f82974f54bdc7354442f608377acf778f19289e91b078c,18866,532364,532364,0,,,,9db99f9610ae9626d113a8fcc5ef74b1af4fcce7a1744d566ab1eb636837b62c,25144,1.3327679423301177
case_070,4,A,600.0,5.196678852999867,/home/dreamboat/npu_r12_verify/NPU_R12/work/par1_A/case_070_n4_A/selected_plan.json,/home/dreamboat/npu_r12_verify/NPU_R12/work/par1_A/case_070_n4_A/report.json,/home/dreamboat/npu_r12_verify/NPU_R12/work/par1_A/case_070_n4_A/control/r7/control_r6/control_work/components_result.official.json,87b35766956e0c628a469746c8a628503ff72e3a0322b782a74be4a58e3f0767,34658,360960,360960,0,,,,cde88c28cc7956474f631b62c31b3b9e2ecc3a670ce30ca0d8b3297829463a81,117300,3.384499971146633
case_071,4,A,600.0,5.120177943000272,/home/dreamboat/npu_r12_verify/NPU_R12/work/par1_A/case_071_n4_A/selected_plan.json,/home/dreamboat/npu_r12_verify/NPU_R12/work/par1_A/case_071_n4_A/report.json,/home/dreamboat/npu_r12_verify/NPU_R12/work/par1_A/case_071_n4_A/control/r7/reassign/reassign_local_result.official.json,1a14f3cc8139d25bfa8496e41313f6e1402c360e580b1e2760ed3c84a4d70beb,14434,375274,375274,0,,,,7fd16f6dbf9a50c1948c61e2f96d15cbf23d9ef3758f8312ec806da5f3b26d02,18919,1.3107246778439794
case_072,4,A,600.0,520.7212464089994,/home/dreamboat/npu_r12_verify/NPU_R12/work/par4_A/case_072_n4_A/selected_plan.json,/home/dreamboat/npu_r12_verify/NPU_R12/work/par4_A/case_072_n4_A/report.json,/home/dreamboat/npu_r12_verify/NPU_R12/work/par4_A/case_072_n4_A/control/r7/bands/band16_result.official.json,82a55c9701523dbec0fba2d35dd83add74a127e063575923d6a05d0b42f23e9b,5945430,177263132,177263132,0,,,,2f4fb74be161806d409c1aae19c9e8ef0c6147a4bcbd0174a0e6f63ea82bcb04,23897828,4.019528949125631
case_073,4,A,600.0,60.99218894700016,/home/dreamboat/npu_r12_verify/NPU_R12/work/par1_A/case_073_n4_A/selected_plan.json,/home/dreamboat/npu_r12_verify/NPU_R12/work/par1_A/case_073_n4_A/report.json,/home/dreamboat/npu_r12_verify/NPU_R12/work/par1_A/case_073_n4_A/control/r7/reassign/reassign_observed_result.official.json,ea20a1784365499ea697e778107f4c6fded49670ec0bdf1b339531c9532cf07b,3646155,144435968,144435968,0,,,,f23ed343a7e54299aaab9f29742dd72a4b756b28172426fa2d3f63f2becdea90,10081626,2.7650020363917607
case_074,4,A,600.0,22.331253325000034,/home/dreamboat/npu_r12_verify/NPU_R12/work/par2_A/case_074_n4_A/selected_plan.json,/home/dreamboat/npu_r12_verify/NPU_R12/work/par2_A/case_074_n4_A/report.json,/home/dreamboat/npu_r12_verify/NPU_R12/work/par2_A/case_074_n4_A/control/r7/reassign/reassign_observed_result.official.json,7dbdb6886eb9f0dff0830af49e59113de48fca6240a643ee07bdacaf3089e3a0,415984,7790592,7602176,188416,,,,bd06202db6db4bd47a49b5ffa2168816b1675844f7b714ab04c1ba431a1feeb4,1682239,4.04399928843417
case_075,4,A,600.0,159.64450960799968,/home/dreamboat/npu_r12_verify/NPU_R12/work/par4_A/case_075_n4_A/selected_plan.json,/home/dreamboat/npu_r12_verify/NPU_R12/work/par4_A/case_075_n4_A/report.json,/home/dreamboat/npu_r12_verify/NPU_R12/work/par4_A/case_075_n4_A/control/r7/bands/band4_result.official.json,9466da7d11b9e29ad9bce1819e0de271d6e826fd1c71d7cb7aa6fd8b86f9e099,552334,8130090,8130090,0,,,,a6360c1d0534f7709433a537c32d097f2fc1360f31a3dd6c435940738785d321,1441809,2.6103933489519022
case_076,4,A,600.0,69.49850088799985,/home/dreamboat/npu_r12_verify/NPU_R12/work/par2_A/case_076_n4_A/selected_plan.json,/home/dreamboat/npu_r12_verify/NPU_R12/work/par2_A/case_076_n4_A/report.json,/home/dreamboat/npu_r12_verify/NPU_R12/work/par2_A/case_076_n4_A/control/r7/control_r6/control_work/component_batch512_result.official.json,911363d92ffd8d76c9c18f40d9ea891cd9594178aa2ec14f1832d53be8b1ceb6,1526939,33742848,33742848,0,,,,fc99a1d55ede640a1f853af1050c46e04c628663038cd63f1ca89acf17a39dad,6185113,4.050661486804646
case_077,4,A,600.0,42.06796671700067,/home/dreamboat/npu_r12_verify/NPU_R12/work/par4_A/case_077_n4_A/selected_plan.json,/home/dreamboat/npu_r12_verify/NPU_R12/work/par4_A/case_077_n4_A/report.json,/home/dreamboat/npu_r12_verify/NPU_R12/work/par4_A/case_077_n4_A/control/r7/control_r6/control_work/components_result.official.json,39c67a9d09f40898e1811ca984170ca1263aac380a8d143976ec1923d3a610d8,144734,172032,172032,0,,,,598baf167fbdda5db7961907394d81fdb89197e5c39d3f4a3e61e1eb46f92054,495320,3.4222781101883455
case_078,4,A,600.0,5.7193197749998035,/home/dreamboat/npu_r12_verify/NPU_R12/work/par2_A/case_078_n4_A/selected_plan.json,/home/dreamboat/npu_r12_verify/NPU_R12/work/par2_A/case_078_n4_A/report.json,/home/dreamboat/npu_r12_verify/NPU_R12/work/par2_A/case_078_n4_A/control/extra/m4_ordered_0.official.json,bfe1d6da112ed7c32ead6debcf68209344aa256a50e5a5f788e7ea96a37cfd56,619540,15039360,15039360,0,,,,b459eef6cb29a723a681883efdd7709c169c4eb9981221301f62fd023bf0c96b,2296143,3.706206217516222
case_079,4,A,600.0,23.956501398,/home/dreamboat/npu_r12_verify/NPU_R12/work/par5_A/case_079_n4_A/selected_plan.json,/home/dreamboat/npu_r12_verify/NPU_R12/work/par5_A/case_079_n4_A/report.json,/home/dreamboat/npu_r12_verify/NPU_R12/work/par5_A/case_079_n4_A/control/r7/control_r6/control_work/component_batch512_result.official.json,e1794e1d2c4d0e05b3e353aa30f20989b8e961a55e1d2097d86cb1b88e449c41,7495240,44257280,37982208,6275072,,,,bea3a7194644d649c0435e060b191919eade0e87483a79da39aedd7034701dc5,31052251,4.142929512597329
case_080,4,A,600.0,3.137691828000243,/home/dreamboat/npu_r12_verify/NPU_R12/work/par6_A/case_080_n4_A/selected_plan.json,/home/dreamboat/npu_r12_verify/NPU_R12/work/par6_A/case_080_n4_A/report.json,/home/dreamboat/npu_r12_verify/NPU_R12/work/par6_A/case_080_n4_A/control/extra/m3_components.official.json,1e136c70fe07a549390b0f2a0c1aa83c98a7eac81ed1341b2894a227c3e0c6ca,100325,3047424,3047424,0,,,,783d24fb93d8d5fb7633e3a144e041506ca6bcbc005e538d1d538155357df4f7,292138,2.9119162721156244
case_081,4,A,600.0,7.603521195000212,/home/dreamboat/npu_r12_verify/NPU_R12/work/par5_A/case_081_n4_A/selected_plan.json,/home/dreamboat/npu_r12_verify/NPU_R12/work/par5_A/case_081_n4_A/report.json,/home/dreamboat/npu_r12_verify/NPU_R12/work/par5_A/case_081_n4_A/control/r7/control_r6/control_work/components_result.official.json,1fcaf772f6628d79f492ac224191ded715e5a69fcc9ba41bdbf723c592e5ae9e,39588,0,0,0,,,,a23e13791d074b6f455d26878ae5d4391e1b4abbed7cc9a3b66ca97d3ef13b3b,151795,3.834369000707285
case_082,4,A,600.0,56.87896128899956,/home/dreamboat/npu_r12_verify/NPU_R12/work/par1_A/case_082_n4_A/selected_plan.json,/home/dreamboat/npu_r12_verify/NPU_R12/work/par1_A/case_082_n4_A/report.json,/home/dreamboat/npu_r12_verify/NPU_R12/work/par1_A/case_082_n4_A/control/r7/reassign/reassign_local_result.official.json,bd0f0755d106e587436575506fcb015c3713333dc54efce3d1007ea2c91b00de,311867,9580494,9580494,0,,,,64b2f04257a3a494bba3aa0faa91f704e5c9d249945847dde45c1cc762e25378,721041,2.3120144164018637
case_083,4,A,600.0,20.083646101999875,/home/dreamboat/npu_r12_verify/NPU_R12/work/par3_A/case_083_n4_A/selected_plan.json,/home/dreamboat/npu_r12_verify/NPU_R12/work/par3_A/case_083_n4_A/report.json,/home/dreamboat/npu_r12_verify/NPU_R12/work/par3_A/case_083_n4_A/control/r7/control_r6/control_work/chainwave_result.official.json,2df46f250b993fe58876a37bae94aef53088dedbd36e9b0809507079ca06f721,390026,15012640,15012640,0,,,,5dcf303ec1550deaf9cb304462da3a43772a5eae2e86b77308f9fae4f6521a1f,1057993,2.712621722654387
case_084,4,A,600.0,110.50571205300002,/home/dreamboat/npu_r12_verify/NPU_R12/work/par3_A/case_084_n4_A/selected_plan.json,/home/dreamboat/npu_r12_verify/NPU_R12/work/par3_A/case_084_n4_A/report.json,/home/dreamboat/npu_r12_verify/NPU_R12/work/par3_A/case_084_n4_A/control/r7/control_r6/control_work/components_result.official.json,665dd40316ea0147ef6254af3cea022e6888f89c429bc3d871957475f6e677a2,629028,0,0,0,,,,99166e849d4120b2b895f04e05963e0973bd7b7837ffac8e5d5893aa2eb09c0a,2507412,3.986169137144928
case_085,4,A,600.0,465.8099268189999,/home/dreamboat/npu_r12_verify/NPU_R12/work/par4_A/case_085_n4_A/selected_plan.json,/home/dreamboat/npu_r12_verify/NPU_R12/work/par4_A/case_085_n4_A/report.json,/home/dreamboat/npu_r12_verify/NPU_R12/work/par4_A/case_085_n4_A/control/r7/reassign/reassign_local_result.official.json,3d25f74982169db7fd1899bab559cdef15c8a20eba1072576362160c0c69622e,1291419,42980512,42980512,0,,,,fe5e8c91c3ddcd66a423ea90eba9e4b8ccda02b6b352d2a8eb9d827bd425b306,3187899,2.4685241583095805
case_086,4,A,600.0,57.328472719000274,/home/dreamboat/npu_r12_verify/NPU_R12/work/par5_A/case_086_n4_A/selected_plan.json,/home/dreamboat/npu_r12_verify/NPU_R12/work/par5_A/case_086_n4_A/report.json,/home/dreamboat/npu_r12_verify/NPU_R12/work/par5_A/case_086_n4_A/control/r7/reassign/reassign_observed_result.official.json,c6f9665bf2613b7a4e1bdb7041aee8b30d3f222ad972a3796e563dbb2d0fdf17,84701,3103172,3083204,19968,,,,cd296ed61b81f461516f4ed24bd9105473d8c2037b2bd77ee1a76ede0f7aecdb,118403,1.3978937674879872
case_087,4,A,1800.0,910.730925964,/home/dreamboat/npu_r12_verify/NPU_R12/work/retry087b_A45/case_087_n4_A/selected_plan.json,/home/dreamboat/npu_r12_verify/NPU_R12/work/retry087b_A45/case_087_n4_A/report.json,/home/dreamboat/npu_r12_verify/NPU_R12/work/retry087b_A45/case_087_n4_A/control/r7/reassign/reassign_local_result.official.json,accb930028899c48b953bee3fa88583910e4f5262d4294747693a3d7ae72a03b,1204070,35193224,34995080,198144,,,,fdadb747c238d4523ff313d86b8bead8e923cf15dbda6f621eaf350174763e4b,3974071,3.3005315305588545
case_088,4,A,600.0,30.93747208199966,/home/dreamboat/npu_r12_verify/NPU_R12/work/par6_A/case_088_n4_A/selected_plan.json,/home/dreamboat/npu_r12_verify/NPU_R12/work/par6_A/case_088_n4_A/report.json,/home/dreamboat/npu_r12_verify/NPU_R12/work/par6_A/case_088_n4_A/control/r7/bands/band8_result.official.json,2eb636984f302a3c11bb2912a8269beff2c7b323950b9a4a5b481dfeb8674fa3,131635,1860972,1860972,0,,,,f3d0970f2b3a79b052f601d7cab778baf0403e037a8c4dbe59ec4f8494ea57e0,243623,1.8507463820412504
case_089,4,A,600.0,14.479813925000599,/home/dreamboat/npu_r12_verify/NPU_R12/work/par3_A/case_089_n4_A/selected_plan.json,/home/dreamboat/npu_r12_verify/NPU_R12/work/par3_A/case_089_n4_A/report.json,/home/dreamboat/npu_r12_verify/NPU_R12/work/par3_A/case_089_n4_A/control/r7/control_r6/control_work/components_result.official.json,67fead3aa0bf7928be87d975f70e87d00be992f9918a387c673c8a1b58904ff1,178160,716160,716160,0,,,,2be67c66aac6885ace6b83e180f2b20ab30ecbaaafa17a08b02c8f4591541fa0,693092,3.8902784014369107
case_090,4,A,600.0,8.913770150000346,/home/dreamboat/npu_r12_verify/NPU_R12/work/par6_A/case_090_n4_A/selected_plan.json,/home/dreamboat/npu_r12_verify/NPU_R12/work/par6_A/case_090_n4_A/report.json,/home/dreamboat/npu_r12_verify/NPU_R12/work/par6_A/case_090_n4_A/control/r7/control_r6/control_work/chainwave_result.official.json,ed3ab25e9bebbe9607b38ce6b97a191f0804d4fae5d75553ee281d21371517c1,346678,8442240,8442240,0,,,,64c96e550ff6bab2a876d6d84d49f57f8a56f94f3c5ca641231b5e012082eafe,1178363,3.3990129168854093
case_091,4,A,600.0,60.254726971999844,/home/dreamboat/npu_r12_verify/NPU_R12/work/par3_A/case_091_n4_A/selected_plan.json,/home/dreamboat/npu_r12_verify/NPU_R12/work/par3_A/case_091_n4_A/report.json,/home/dreamboat/npu_r12_verify/NPU_R12/work/par3_A/case_091_n4_A/control/r7/control_r6/control_work/component_batch512_result.official.json,a8b53dddd818d4892bfc9b8b210a3efc5f1657a27bf07d6fbc0ceca03fbb946c,2288314,59109376,59054080,55296,,,,2c6473cbed1ccdc70a04973bc27fe93379608bf4246ba7d3811278be6adb4e69,9186769,4.014645280324292
case_092,4,A,600.0,222.3800127830009,/home/dreamboat/npu_r12_verify/NPU_R12/work/par6_A/case_092_n4_A/selected_plan.json,/home/dreamboat/npu_r12_verify/NPU_R12/work/par6_A/case_092_n4_A/report.json,/home/dreamboat/npu_r12_verify/NPU_R12/work/par6_A/case_092_n4_A/control/r7/control_r6/control_work/chainwave_result.official.json,6a3fc3b55fe4a8870181fdf29c7a0e962ba0cb17244a509a0a60ac6723147d66,1465901,58773280,58773280,0,,,,f0a8b71936d6abf44cd9ffc6284fbf8a568ec1b1598446c1b271c0448759e85b,4815554,3.2850472166947156
case_093,4,A,600.0,1.9706844249994901,/home/dreamboat/npu_r12_verify/NPU_R12/work/par3_A/case_093_n4_A/selected_plan.json,/home/dreamboat/npu_r12_verify/NPU_R12/work/par3_A/case_093_n4_A/report.json,/home/dreamboat/npu_r12_verify/NPU_R12/work/par3_A/case_093_n4_A/control/r7/control_r6/control_work/components_result.official.json,41131616ca35cad2f52afa92bd9a2f1a3b3483ad32c193049e9faefc99c58bdd,19779,24576,24576,0,,,,f0f47f588c2c479c3ea5ced80c9662380ab18416383e7e930f0640511f71eb20,74205,3.751706355225239
case_094,4,A,600.0,3.059267082999213,/home/dreamboat/npu_r12_verify/NPU_R12/work/par4_A/case_094_n4_A/selected_plan.json,/home/dreamboat/npu_r12_verify/NPU_R12/work/par4_A/case_094_n4_A/report.json,/home/dreamboat/npu_r12_verify/NPU_R12/work/par4_A/case_094_n4_A/control/r7/control_r6/control_work/components_result.official.json,fda7f2f9f548e9b289327476958961d2d12c6ae60469e62ad1e0386f26d96f06,27461,318816,318816,0,,,,928f2e46a9d5aca6e7b6c9cdb4985ab3c8c7764453d6ffeccaf5b23a6afb9164,94892,3.4555187356614834
case_095,4,A,600.0,17.715250085000662,/home/dreamboat/npu_r12_verify/NPU_R12/work/par4_A/case_095_n4_A/selected_plan.json,/home/dreamboat/npu_r12_verify/NPU_R12/work/par4_A/case_095_n4_A/report.json,/home/dreamboat/npu_r12_verify/NPU_R12/work/par4_A/case_095_n4_A/control/r7/control_r6/control_work/components_result.official.json,8d9ea9d91b4617bf5275c73d3ca26c2ce8ba12ebc52260a429e59465ab1fca11,524422,0,0,0,,,,88f58bac85d82bd2b3af40058491508c5e76ebf47b84d8815ad8ab197af5f4f7,2084853,3.9755254356224565
case_096,4,A,600.0,6.911466575999839,/home/dreamboat/npu_r12_verify/NPU_R12/work/par3_A/case_096_n4_A/selected_plan.json,/home/dreamboat/npu_r12_verify/NPU_R12/work/par3_A/case_096_n4_A/report.json,/home/dreamboat/npu_r12_verify/NPU_R12/work/par3_A/case_096_n4_A/control/r7/bands/band16_result.official.json,40a0336284951a1d78481be311c13c927e8ab7d6ae4ace8d60294d0232e5a8bf,26980,719180,719180,0,,,,7d42a08d9e3e8066781988e9be5f78f913ec62245eb53f22e4b0dfa0491e0cfe,84194,3.1206078576723497
case_097,4,A,600.0,13.121482349999496,/home/dreamboat/npu_r12_verify/NPU_R12/work/par1_A/case_097_n4_A/selected_plan.json,/home/dreamboat/npu_r12_verify/NPU_R12/work/par1_A/case_097_n4_A/report.json,/home/dreamboat/npu_r12_verify/NPU_R12/work/par1_A/case_097_n4_A/control/r7/control_r6/control_work/components_result.official.json,84c726d3b58b8a13ab2a4e9c48bda39564aa2fe28e4365f9b07f447fe1e77707,2626908,14221312,7667712,6553600,,,,d1b7ab53e9bdfa50b46e6873c9529dbcbe552d7c0a3c03f4a8dac562c2f5a89c,11491509,4.37453805005733
case_098,4,A,600.0,10.166020645000572,/home/dreamboat/npu_r12_verify/NPU_R12/work/par3_A/case_098_n4_A/selected_plan.json,/home/dreamboat/npu_r12_verify/NPU_R12/work/par3_A/case_098_n4_A/report.json,/home/dreamboat/npu_r12_verify/NPU_R12/work/par3_A/case_098_n4_A/control/r7/reassign/reassign_observed_result.official.json,37a21e072826abcde1b8fb9da0d4e34c68afb33c3c977d6674948e64258cb884,69258,1602190,1602190,0,,,,c721084880f5bf84a411c65bc2c803858359c1f391bbdeae31fa4fbae986f561,177430,2.5618701088682894
case_099,4,A,600.0,25.430069903000003,/home/dreamboat/npu_r12_verify/NPU_R12/work/par6_A/case_099_n4_A/selected_plan.json,/home/dreamboat/npu_r12_verify/NPU_R12/work/par6_A/case_099_n4_A/report.json,/home/dreamboat/npu_r12_verify/NPU_R12/work/par6_A/case_099_n4_A/control/r7/control_r6/control_work/components_result.official.json,94f76628cb627a9ac1d018fbf0e05d790153aa9228bc7c6908f76337ffe4d248,405655,9764864,5652480,4112384,,,,f17a8d1e4b8627cc4ce7af66d6fd2f19ec4a974cca7c681e89289050bd1a6717,1622999,4.000934291454561
case_100,4,A,600.0,9.20504739899934,/home/dreamboat/npu_r12_verify/NPU_R12/work/par4_A/case_100_n4_A/selected_plan.json,/home/dreamboat/npu_r12_verify/NPU_R12/work/par4_A/case_100_n4_A/report.json,/home/dreamboat/npu_r12_verify/NPU_R12/work/par4_A/case_100_n4_A/control/extra/m3_ordered_0.official.json,231b8e93062441c154a0f03a5b8ad3a2f4fda82111370bbe117a2f98168f0916,57566,534528,534528,0,,,,f8f9c974f33c276cc83b387fb5ccc4b49f379f5931ec4bfd0fa577a49a74e0a2,151223,2.6269499357259494
case_001,5,A,600.0,2.227580525999997,/home/dreamboat/npu_r12_verify/NPU_R12/work/par6_A/case_001_n5_A/selected_plan.json,/home/dreamboat/npu_r12_verify/NPU_R12/work/par6_A/case_001_n5_A/report.json,/home/dreamboat/npu_r12_verify/NPU_R12/work/par6_A/case_001_n5_A/control/r7/control_r6/control_work/components_result.official.json,73f14c981e18e027117ecd95504782402c8d43990e1f6dbcfe91d64e93551d5e,47502,4608,4608,0,,,,8098954c54344af9884afc919dbe2acdfc8e1cac6e69c0487f11d1ae8cd7d252,233110,4.9073723211654245
case_002,5,A,600.0,12.080887516000018,/home/dreamboat/npu_r12_verify/NPU_R12/work/par2_A/case_002_n5_A/selected_plan.json,/home/dreamboat/npu_r12_verify/NPU_R12/work/par2_A/case_002_n5_A/report.json,/home/dreamboat/npu_r12_verify/NPU_R12/work/par2_A/case_002_n5_A/control/r7/reassign/reassign_observed_result.official.json,457019477000a6bf85cd2cddfbdd971b36d193c06b5bfb00852e68e4d0df54bd,58180,82944,82944,0,,,,fb9c55f5b5b70ea16e47c9e7cc15657ea9887cc526e4efc1d5a9c37579d65421,261945,4.502320385012031
case_003,5,A,600.0,341.318034483,/home/dreamboat/npu_r12_verify/NPU_R12/work/par1_A/case_003_n5_A/selected_plan.json,/home/dreamboat/npu_r12_verify/NPU_R12/work/par1_A/case_003_n5_A/report.json,/home/dreamboat/npu_r12_verify/NPU_R12/work/par1_A/case_003_n5_A/control/r7/reassign/reassign_observed_result.official.json,d20951f1b9da52d4253a30f41ef1c0e426fc578e5a84cec492c6f5db144fd741,276507,6729464,6729464,0,,,,5c8200ae7955c4f9a6da288a8933f8bc70ea553c2b53d4d951c076eaa8143d95,602212,2.177926779430539
case_004,5,A,600.0,3.510504123000004,/home/dreamboat/npu_r12_verify/NPU_R12/work/par4_A/case_004_n5_A/selected_plan.json,/home/dreamboat/npu_r12_verify/NPU_R12/work/par4_A/case_004_n5_A/report.json,/home/dreamboat/npu_r12_verify/NPU_R12/work/par4_A/case_004_n5_A/control/r7/control_r6/control_work/components_result.official.json,538354bcb9c7d62c4078f60d0c85a69c6bf3400dc1516edbb7bd52cce1734bae,88341,442368,442368,0,,,,a667e0c7baf8db16ed76cad2023f5608b416b9d6b33d6e261cd565b82677890b,392357,4.441391879195391
case_005,5,A,600.0,45.38264219299998,/home/dreamboat/npu_r12_verify/NPU_R12/work/par6_A/case_005_n5_A/selected_plan.json,/home/dreamboat/npu_r12_verify/NPU_R12/work/par6_A/case_005_n5_A/report.json,/home/dreamboat/npu_r12_verify/NPU_R12/work/par6_A/case_005_n5_A/control/r7/reassign/reassign_observed_result.official.json,88a974733e1ace1f89616e44fa8fcad621aa03590b9b983b03da0089a32c4107,69060,2483610,2483610,0,,,,c448ea5466b687dd43015643145ccce99763e8bf84e94d8a1ba0be9af03fa982,95618,1.3845641471184478
case_006,5,A,600.0,5.2176102789999845,/home/dreamboat/npu_r12_verify/NPU_R12/work/par4_A/case_006_n5_A/selected_plan.json,/home/dreamboat/npu_r12_verify/NPU_R12/work/par4_A/case_006_n5_A/report.json,/home/dreamboat/npu_r12_verify/NPU_R12/work/par4_A/case_006_n5_A/control/r7/bands/band4_result.official.json,e02f5d2dbfb965eee9bbba021ea3ababbf42da71099220248509840b4977f333,27679,664560,664560,0,,,,b0393c1aec020570a325949b879b4ed293b1c039416a2bd65aaad7c033490a6f,82837,2.9927743054301095
case_007,5,A,600.0,11.56179379400001,/home/dreamboat/npu_r12_verify/NPU_R12/work/par4_A/case_007_n5_A/selected_plan.json,/home/dreamboat/npu_r12_verify/NPU_R12/work/par4_A/case_007_n5_A/report.json,/home/dreamboat/npu_r12_verify/NPU_R12/work/par4_A/case_007_n5_A/control/r7/control_r6/control_work/components_result.official.json,717f11efc872546ed4c8d95fa111b10bfdcb86b2bc3ad645386cd6694fefda3f,203834,110592,110592,0,,,,1a8f31f775f3bac98d92a72ac1856b86371363545fe0e189879580f858a21da3,1012562,4.967581463347626
case_008,5,A,600.0,4.347321332000092,/home/dreamboat/npu_r12_verify/NPU_R12/work/par1_A/case_008_n5_A/selected_plan.json,/home/dreamboat/npu_r12_verify/NPU_R12/work/par1_A/case_008_n5_A/report.json,/home/dreamboat/npu_r12_verify/NPU_R12/work/par1_A/case_008_n5_A/control/r7/control_r6/control_work/components_result.official.json,53fee1577eb8e56ab05c4a2dbc5317ee3d8ab9c1184afcb469d67a2acb03d10b,100603,0,0,0,,,,ade642f642f869df31dd494a55322d06936fb6829192810fe29aafced89df78b,487605,4.846823653370178
case_009,5,A,600.0,66.30924704300003,/home/dreamboat/npu_r12_verify/NPU_R12/work/par5_A/case_009_n5_A/selected_plan.json,/home/dreamboat/npu_r12_verify/NPU_R12/work/par5_A/case_009_n5_A/report.json,/home/dreamboat/npu_r12_verify/NPU_R12/work/par5_A/case_009_n5_A/control/r7/reassign/reassign_observed_result.official.json,77856cce0be89e3551795c97a5bcc1e174533c01dc9a380fb8f7d3e293a4e23e,73571,928212,928212,0,,,,316e9a089acabdcf4c232a8fd18e61fccd959a978d42dd001cabe9fb4ab0f3dd,153261,2.083171358279757
case_010,5,A,600.0,6.478560596000079,/home/dreamboat/npu_r12_verify/NPU_R12/work/par1_A/case_010_n5_A/selected_plan.json,/home/dreamboat/npu_r12_verify/NPU_R12/work/par1_A/case_010_n5_A/report.json,/home/dreamboat/npu_r12_verify/NPU_R12/work/par1_A/case_010_n5_A/control/r7/bands/band4_result.official.json,1b632665330c5870a4056818a75a9105ed04adeb8050d0005561fe798d345d9e,24563,715508,715508,0,,,,1df425190d3093e3aff8ca07e08f1c81874eca8a34811ec56829672c465821fe,86969,3.540650571998534
case_011,5,A,600.0,4.5304742980000015,/home/dreamboat/npu_r12_verify/NPU_R12/work/par6_A/case_011_n5_A/selected_plan.json,/home/dreamboat/npu_r12_verify/NPU_R12/work/par6_A/case_011_n5_A/report.json,/home/dreamboat/npu_r12_verify/NPU_R12/work/par6_A/case_011_n5_A/control/extra/m4_components.official.json,a064fa3dad0b191a9e3a566f910e234a6787d6d4ab63518d7e5b62cb08e390cf,46880,540672,540672,0,,,,fdaf1dde7ad1cf0b24bfd6a4eaf4adbf13e7608983485ca1a7c7f8d0c1b2f5a9,184697,3.9397824232081913
case_012,5,A,600.0,6.339592578999998,/home/dreamboat/npu_r12_verify/NPU_R12/work/par6_A/case_012_n5_A/selected_plan.json,/home/dreamboat/npu_r12_verify/NPU_R12/work/par6_A/case_012_n5_A/report.json,/home/dreamboat/npu_r12_verify/NPU_R12/work/par6_A/case_012_n5_A/control/r7/control_r6/control_work/components_result.official.json,a480b9877d7f807af6c223ea1ad3c107d6fe9801658a7737d81ca35856206612,14212,31104,31104,0,,,,90d549a9cdbb74ca99732cce374f28ae787018a08f229c73b31842c5f3e57a57,59088,4.157613284548269
case_013,5,A,600.0,5.347515056999981,/home/dreamboat/npu_r12_verify/NPU_R12/work/par4_A/case_013_n5_A/selected_plan.json,/home/dreamboat/npu_r12_verify/NPU_R12/work/par4_A/case_013_n5_A/report.json,/home/dreamboat/npu_r12_verify/NPU_R12/work/par4_A/case_013_n5_A/control/r7/control_r6/control_work/components_result.official.json,99a78e31db743df490d52be7c5d098df4bbd602bdf078d289f86ae5b53a2475e,54363,32768,32768,0,,,,d230fc90af148d7d5eb56e2399b9953840d9f3234ff20dc266e2bdb8da3af69b,263949,4.855305998565201
case_014,5,A,600.0,567.2602141090001,/home/dreamboat/npu_r12_verify/NPU_R12/work/par1_A/case_014_n5_A/selected_plan.json,/home/dreamboat/npu_r12_verify/NPU_R12/work/par1_A/case_014_n5_A/report.json,/home/dreamboat/npu_r12_verify/NPU_R12/work/par1_A/case_014_n5_A/control/r7/control_r6/control_work/component_batch512_result.official.json,5469202806eb9fc838757dcae4325387ec6d18c95b1fd419b658ed8c5140da5a,3614837,81189384,70872240,10317144,,,,18b93bc67893f9cc1dd80fe3b3d6e3c199da73b849a55b17e8b5be5442c5e048,17698626,4.896106242134846
case_015,5,A,600.0,7.227364031999997,/home/dreamboat/npu_r12_verify/NPU_R12/work/par4_A/case_015_n5_A/selected_plan.json,/home/dreamboat/npu_r12_verify/NPU_R12/work/par4_A/case_015_n5_A/report.json,/home/dreamboat/npu_r12_verify/NPU_R12/work/par4_A/case_015_n5_A/control/r7/control_r6/control_work/components_result.official.json,d5902753283547a9362a56057d2c976bb126dbc36cf29b55c1fcf7c26e6cc445,42955,342528,317952,24576,,,,2155848f99fdd6c27d0d45137d8975a00be0972b79467843cc5f14d5f0e26841,177362,4.129018740542428
case_016,5,A,600.0,495.0816172289999,/home/dreamboat/npu_r12_verify/NPU_R12/work/par5_A/case_016_n5_A/selected_plan.json,/home/dreamboat/npu_r12_verify/NPU_R12/work/par5_A/case_016_n5_A/report.json,/home/dreamboat/npu_r12_verify/NPU_R12/work/par5_A/case_016_n5_A/control/r7/control_r6/control_work/chainwave_result.official.json,8eb359ca7c17f7feec509e46dfd5ef0ada22696f3dda6566c1200a7105e3a160,3306411,119568152,119568152,0,,,,af2cb1d42520c0a32987117d6a7a9597966eb5b8e6b313ab25a59223af48a7bc,7715523,2.333503911038283
case_017,5,A,600.0,10.111950726000003,/home/dreamboat/npu_r12_verify/NPU_R12/work/par3_A/case_017_n5_A/selected_plan.json,/home/dreamboat/npu_r12_verify/NPU_R12/work/par3_A/case_017_n5_A/report.json,/home/dreamboat/npu_r12_verify/NPU_R12/work/par3_A/case_017_n5_A/control/r7/control_r6/control_work/components_result.official.json,b33b2685e57680fa3cec098ead35d379476aa60ac9eaa557d17322b1ada741b3,35470,343296,343296,0,,,,cba48b5cd3c1c0841968d07b6b08acb7d0fe65f2330affa1444424410b5efd16,162810,4.590076120665351
case_018,5,A,600.0,17.39162675700001,/home/dreamboat/npu_r12_verify/NPU_R12/work/par2_A/case_018_n5_A/selected_plan.json,/home/dreamboat/npu_r12_verify/NPU_R12/work/par2_A/case_018_n5_A/report.json,/home/dreamboat/npu_r12_verify/NPU_R12/work/par2_A/case_018_n5_A/control/r7/control_r6/control_work/component_batch512_result.official.json,caaf1c4a68afadde45607952d15605916e19dcc7d2443b40e51c9bdffc94c35c,202636,5136384,4894720,241664,,,,f64b1d18c5377767ef35672b7e7faf4dece1321ef0f72b1980d60b7cd1f9831b,1004367,4.956508221638801
case_019,5,A,600.0,6.1960507879999795,/home/dreamboat/npu_r12_verify/NPU_R12/work/par2_A/case_019_n5_A/selected_plan.json,/home/dreamboat/npu_r12_verify/NPU_R12/work/par2_A/case_019_n5_A/report.json,/home/dreamboat/npu_r12_verify/NPU_R12/work/par2_A/case_019_n5_A/control/r7/reassign/reassign_observed_result.official.json,0d1dc23a5063bb5f68a2b9c3a2cb84af6467694bf943876bc22ee1b548d3baaf,22228,608920,608920,0,,,,c1b95f69ff08cd99faf7079ceca4d63319c122585a4c086bfa40b54627d2653f,81144,3.650530861975886
case_020,5,A,600.0,10.210805100000016,/home/dreamboat/npu_r12_verify/NPU_R12/work/par2_A/case_020_n5_A/selected_plan.json,/home/dreamboat/npu_r12_verify/NPU_R12/work/par2_A/case_020_n5_A/report.json,/home/dreamboat/npu_r12_verify/NPU_R12/work/par2_A/case_020_n5_A/control/r7/control_r6/control_work/components_result.official.json,df1c31d36e55676229a481a5a1f9c963fc93c9005458ffb673a7674397a67feb,107650,0,0,0,,,,469e6405cde273af9fe903dfe054e36f34cc07050013bee75cc1246bfb72a2e5,532746,4.948871342313051
case_021,5,A,600.0,14.007405367000018,/home/dreamboat/npu_r12_verify/NPU_R12/work/par3_A/case_021_n5_A/selected_plan.json,/home/dreamboat/npu_r12_verify/NPU_R12/work/par3_A/case_021_n5_A/report.json,/home/dreamboat/npu_r12_verify/NPU_R12/work/par3_A/case_021_n5_A/control/r7/control_r6/control_work/components_result.official.json,12979ae4e434da12c261b33e040cea484a82e847ec1c189a3cb778d368d1d13e,1250168,11431936,9420800,2011136,,,,1e6c582d0084cecbe6cb54e7be8a969b78828c273b3be9dc49c0ff03ba37c3ee,6567937,5.253643510312214
case_022,5,A,600.0,6.276148691000003,/home/dreamboat/npu_r12_verify/NPU_R12/work/par2_A/case_022_n5_A/selected_plan.json,/home/dreamboat/npu_r12_verify/NPU_R12/work/par2_A/case_022_n5_A/report.json,/home/dreamboat/npu_r12_verify/NPU_R12/work/par2_A/case_022_n5_A/control/r7/control_r6/control_work/components_result.official.json,60de61abb168f83c6354577ed4a2c2fca2ce741bbc2bf85170d7a4f7256a2fe2,11813,6912,6912,0,,,,9e06e0558ed6dd1ce4758b1fb4a11d04c5e4d8c789c89c6addbf69aeb9801bac,56780,4.8065690341149585
case_023,5,A,600.0,5.153727487999731,/home/dreamboat/npu_r12_verify/NPU_R12/work/par5_A/case_023_n5_A/selected_plan.json,/home/dreamboat/npu_r12_verify/NPU_R12/work/par5_A/case_023_n5_A/report.json,/home/dreamboat/npu_r12_verify/NPU_R12/work/par5_A/case_023_n5_A/control/r7/control_r6/control_work/components_result.official.json,d5a93a27eba82ca6eb1eb6b7b853ee9fd6c5fd183776add5b70587636244f033,24965,197472,197472,0,,,,580eefb6c37564f4439f21ae20e17710240c68be5c92a8de3200868953009145,122614,4.9114360104145804
case_024,5,A,600.0,79.25937773299995,/home/dreamboat/npu_r12_verify/NPU_R12/work/par6_A/case_024_n5_A/selected_plan.json,/home/dreamboat/npu_r12_verify/NPU_R12/work/par6_A/case_024_n5_A/report.json,/home/dreamboat/npu_r12_verify/NPU_R12/work/par6_A/case_024_n5_A/control/r7/control_r6/control_work/chainwave_result.official.json,630c4c71b89cab219aadc6624ed86d239bfe7de4ed5e92f848297fc5e164fcf8,1095663,39331688,39331688,0,,,,9bfe90d5b0b3821caae3f1ee43ffb536e9519c9656f78b5916abd6121a7d01c4,2555343,2.332234455302406
case_025,5,A,600.0,158.76929782499997,/home/dreamboat/npu_r12_verify/NPU_R12/work/par6_A/case_025_n5_A/selected_plan.json,/home/dreamboat/npu_r12_verify/NPU_R12/work/par6_A/case_025_n5_A/report.json,/home/dreamboat/npu_r12_verify/NPU_R12/work/par6_A/case_025_n5_A/control/r7/control_r6/control_work/components_result.official.json,d5b07f6fa2589710025766d42c1b2bdcfff829ff34317bdf726a60eeca2280a7,975282,110592,110592,0,,,,ab2a5c78e9c0979fca3c56587511b2ecc33bc795af91cdebe6d18a714b5e1672,4863026,4.986276789687495
case_026,5,A,600.0,5.718936518999726,/home/dreamboat/npu_r12_verify/NPU_R12/work/par5_A/case_026_n5_A/selected_plan.json,/home/dreamboat/npu_r12_verify/NPU_R12/work/par5_A/case_026_n5_A/report.json,/home/dreamboat/npu_r12_verify/NPU_R12/work/par5_A/case_026_n5_A/control/extra/m4_ordered_0.official.json,0a4a01f244c534c7d1fa7a56b93aa0272a282a2a0cfc362e9cff2b3ff2d27b7e,41219,217872,217872,0,,,,fa87bc312e133d778e2f0addca04e01b4eaec3afb9903f486c500daf03d79fd8,99203,2.4067299061112593
case_027,5,A,600.0,16.68313080500002,/home/dreamboat/npu_r12_verify/NPU_R12/work/par1_A/case_027_n5_A/selected_plan.json,/home/dreamboat/npu_r12_verify/NPU_R12/work/par1_A/case_027_n5_A/report.json,/home/dreamboat/npu_r12_verify/NPU_R12/work/par1_A/case_027_n5_A/control/r7/control_r6/control_work/components_result.official.json,0dacb366bc1adc1ef69273115b04ad92f2ec99683da3ee7d77489bb90ef21f4c,558753,5529600,5529600,0,,,,28749ab36d2a65834e1429e9594fb85fa9fd2b26498a31072b28ba74734cc984,2363952,4.230763861670542
case_028,5,A,600.0,424.7833509269997,/home/dreamboat/npu_r12_verify/NPU_R12/work/par3_A/case_028_n5_A/selected_plan.json,/home/dreamboat/npu_r12_verify/NPU_R12/work/par3_A/case_028_n5_A/report.json,/home/dreamboat/npu_r12_verify/NPU_R12/work/par3_A/case_028_n5_A/control/r7/control_r6/control_work/chainwave_result.official.json,2c75e51c325fdddece5075002d6b29b18f881fa091ca2258218fb4767602e9de,8605530,105408000,105408000,0,,,,58894e13b3341a5cd2d1d8943ee9524abbe30551d90aa0f7e471ac09be3732e1,43836040,5.093938432612518
case_029,5,A,600.0,2.9759600990000763,/home/dreamboat/npu_r12_verify/NPU_R12/work/par1_A/case_029_n5_A/selected_plan.json,/home/dreamboat/npu_r12_verify/NPU_R12/work/par1_A/case_029_n5_A/report.json,/home/dreamboat/npu_r12_verify/NPU_R12/work/par1_A/case_029_n5_A/control/r7/control_r6/control_work/components_result.official.json,cdedc25cacf6a471f651fc21c02bc146d9875eeb8e48faa6ff95654c04daab1c,9383,0,0,0,,,,74a04cbb56244eb4f6a199d8be2cbea8bcb8fe676b4d0b8e93deec4a5041442e,37555,4.002451241607162
case_030,5,A,600.0,19.539536146000046,/home/dreamboat/npu_r12_verify/NPU_R12/work/par5_A/case_030_n5_A/selected_plan.json,/home/dreamboat/npu_r12_verify/NPU_R12/work/par5_A/case_030_n5_A/report.json,/home/dreamboat/npu_r12_verify/NPU_R12/work/par5_A/case_030_n5_A/control/r7/control_r6/control_work/component_batch512_result.official.json,e57a39a796cffc19ea28b7020d731eea1904939b33365a2c2ae3ddc93cea071f,560814,10398720,10207232,191488,,,,dba3bd14b1ad32f9298c20872ced4be619a3296d4b7f2af8ae1fcce2995c6709,2808034,5.00706829715378
case_031,5,A,600.0,129.76435044499976,/home/dreamboat/npu_r12_verify/NPU_R12/work/par1_A/case_031_n5_A/selected_plan.json,/home/dreamboat/npu_r12_verify/NPU_R12/work/par1_A/case_031_n5_A/report.json,/home/dreamboat/npu_r12_verify/NPU_R12/work/par1_A/case_031_n5_A/control/r7/control_r6/control_work/components_result.official.json,ca8cc36d0f31c18ed80705b103fe6f04014139927a031cadd7084eff498a8080,306307,8059392,6248448,1810944,,,,779ea7dc81fbd235306fa5419313124e3111f483f53fcf55eda4b28cedc30a8f,1414369,4.617488336864649
case_032,5,A,600.0,4.629428491999988,/home/dreamboat/npu_r12_verify/NPU_R12/work/par2_A/case_032_n5_A/selected_plan.json,/home/dreamboat/npu_r12_verify/NPU_R12/work/par2_A/case_032_n5_A/report.json,/home/dreamboat/npu_r12_verify/NPU_R12/work/par2_A/case_032_n5_A/control/r7/control_r6/control_work/components_result.official.json,0312795260557c4502be066bfea23e79b6f283f6cfba8d3c47bf5e63999b79bc,10415,12360,12360,0,,,,80cf95fa270ac617d10d2f60d5cbb0a8d46118efa72590b833f27facb1fba862,41443,3.9791646663466156
case_033,5,A,600.0,50.46273931899998,/home/dreamboat/npu_r12_verify/NPU_R12/work/par4_A/case_033_n5_A/selected_plan.json,/home/dreamboat/npu_r12_verify/NPU_R12/work/par4_A/case_033_n5_A/report.json,/home/dreamboat/npu_r12_verify/NPU_R12/work/par4_A/case_033_n5_A/control/r7/control_r6/control_work/components_result.official.json,675ff028d5ed34dae5e5571ddfebe050878b661f39c8225810aa33e7e10b7ac5,373638,7816320,6509184,1307136,,,,939f6f332b1026731b551e4330c2cc5089a8758d838773065017b378b6465f3a,1774196,4.748435651620017
case_034,5,A,600.0,33.270188958999825,/home/dreamboat/npu_r12_verify/NPU_R12/work/par6_A/case_034_n5_A/selected_plan.json,/home/dreamboat/npu_r12_verify/NPU_R12/work/par6_A/case_034_n5_A/report.json,/home/dreamboat/npu_r12_verify/NPU_R12/work/par6_A/case_034_n5_A/control/r7/control_r6/control_work/components_result.official.json,81f5755c88d5cba7c4ca999b7f4c8c0daf3dfadd1991562e1643474e1877cc44,184639,3581952,3532800,49152,,,,a1c8c1e96fbdac36fd814d961e4cdcd25b2f30a77dd24c3b38550fc12dbbc487,842996,4.565644311331842
case_035,5,A,600.0,69.39601722900034,/home/dreamboat/npu_r12_verify/NPU_R12/work/par1_A/case_035_n5_A/selected_plan.json,/home/dreamboat/npu_r12_verify/NPU_R12/work/par1_A/case_035_n5_A/report.json,/home/dreamboat/npu_r12_verify/NPU_R12/work/par1_A/case_035_n5_A/control/r7/reassign/reassign_observed_result.official.json,226116bd4c83ba2b5fbb702cc906dc13e36b25b930fce2eda18ced4b1270fcd4,82052,1007048,1007048,0,,,,3a656bc01078ed6d5ff04b334dd12a19985e8750e889870decae99228ca3099a,169571,2.0666284795008045
case_036,5,A,600.0,6.984640328000296,/home/dreamboat/npu_r12_verify/NPU_R12/work/par3_A/case_036_n5_A/selected_plan.json,/home/dreamboat/npu_r12_verify/NPU_R12/work/par3_A/case_036_n5_A/report.json,/home/dreamboat/npu_r12_verify/NPU_R12/work/par3_A/case_036_n5_A/control/r7/control_r6/control_work/components_result.official.json,0cb42f60929297707aa86730de13bde0e4bd8997f8503c87a4856c7ad8eb06ba,187182,4608,4608,0,,,,00b29d4463f2eac06e69bf3aecca1acd797c560aa32feb906bd13dad8e57fb51,931510,4.976493466252097
case_037,5,A,600.0,2.195602011000119,/home/dreamboat/npu_r12_verify/NPU_R12/work/par1_A/case_037_n5_A/selected_plan.json,/home/dreamboat/npu_r12_verify/NPU_R12/work/par1_A/case_037_n5_A/report.json,/home/dreamboat/npu_r12_verify/NPU_R12/work/par1_A/case_037_n5_A/control/r7/control_r6/control_work/components_result.official.json,5805e06dc49d7de33ebf45440ddeb698d0b38dc32e92e5d7dfd10247294112ff,43800,1925120,1925120,0,,,,a98cc3ff71a106b79064abae28f1684f9499a67bce28eb73dfa62db1e8b415d6,210001,4.794543378995434
case_038,5,A,600.0,98.04365849500027,/home/dreamboat/npu_r12_verify/NPU_R12/work/par5_A/case_038_n5_A/selected_plan.json,/home/dreamboat/npu_r12_verify/NPU_R12/work/par5_A/case_038_n5_A/report.json,/home/dreamboat/npu_r12_verify/NPU_R12/work/par5_A/case_038_n5_A/control/r7/control_r6/control_work/components_result.official.json,5c2e4bb5a306e08ed84ba9b2c238aba86afef209bccbe764e213dea56eca7d36,283932,9667584,8558592,1108992,,,,560fc2b927ef283891dd7e41510600022f13eb1e9fe26c5be757afe3651c19af,1364555,4.805921840440669
case_039,5,A,600.0,59.89920970900005,/home/dreamboat/npu_r12_verify/NPU_R12/work/par2_A/case_039_n5_A/selected_plan.json,/home/dreamboat/npu_r12_verify/NPU_R12/work/par2_A/case_039_n5_A/report.json,/home/dreamboat/npu_r12_verify/NPU_R12/work/par2_A/case_039_n5_A/control/extra/m4_ordered_512.official.json,b4727167500274cdb102db9f748e5af1e477e64d4cd1c39836650cf9db4161e1,395297,16388096,16031744,356352,,,,4effe7e7863b317a52766226a42afe33e38fc697234a2d9eab066f2f663aba17,1435262,3.6308446560434304
case_040,5,A,600.0,17.455527638999683,/home/dreamboat/npu_r12_verify/NPU_R12/work/par1_A/case_040_n5_A/selected_plan.json,/home/dreamboat/npu_r12_verify/NPU_R12/work/par1_A/case_040_n5_A/report.json,/home/dreamboat/npu_r12_verify/NPU_R12/work/par1_A/case_040_n5_A/control/r7/bands/band8_result.official.json,f025fba7f7ba8194d0fe61d07dc8486975c300513eb552d5d4bb0ec2b050ad85,93219,2075814,2075814,0,,,,d0742cedb8f9d5e8b70793b684830e94459553ebf2f080c729f0d44f0d65155f,253454,2.7189092352417426
case_041,5,A,600.0,33.530244523999954,/home/dreamboat/npu_r12_verify/NPU_R12/work/par1_A/case_041_n5_A/selected_plan.json,/home/dreamboat/npu_r12_verify/NPU_R12/work/par1_A/case_041_n5_A/report.json,/home/dreamboat/npu_r12_verify/NPU_R12/work/par1_A/case_041_n5_A/control/r7/control_r6/control_work/component_batch512_result.official.json,723dd3ef0527463cfd1389de2915410fac68c565654c759dfaf65c94bb9451d3,1192525,28502016,27494400,1007616,,,,44b2d9e10b91f9b6047eabf1a8e4d39c54c450e17dd72eff140a7dd4afa19094,6003957,5.034659231462653
case_042,5,A,600.0,36.4595327159999,/home/dreamboat/npu_r12_verify/NPU_R12/work/par2_A/case_042_n5_A/selected_plan.json,/home/dreamboat/npu_r12_verify/NPU_R12/work/par2_A/case_042_n5_A/report.json,/home/dreamboat/npu_r12_verify/NPU_R12/work/par2_A/case_042_n5_A/control/r7/control_r6/control_work/component_batch512_result.official.json,790f95ff4dbbadb14cc847e08030e844075a37704b49ad81bca9b23d1b09eeee,363428,8598528,8438784,159744,,,,31ed71eaf0e28a173518cbeea02e462f85fd43b053e324c4d1502112ad3eca74,1686740,4.641194404393717
case_043,5,A,600.0,325.5659506499999,/home/dreamboat/npu_r12_verify/NPU_R12/work/par4_A/case_043_n5_A/selected_plan.json,/home/dreamboat/npu_r12_verify/NPU_R12/work/par4_A/case_043_n5_A/report.json,/home/dreamboat/npu_r12_verify/NPU_R12/work/par4_A/case_043_n5_A/control/r7/reassign/reassign_observed_result.official.json,7c720ca323026674457c0e5e234ef04a7d75f75e92ec08b3812a0558cfb5f922,232286,5285512,5251720,33792,,,,2f50ca7465ea63a76a14359df4014190b00cb7b9d8f99d8f6f30f490c6ba1d7b,677656,2.9173346650250123
case_044,5,A,600.0,12.375604422000379,/home/dreamboat/npu_r12_verify/NPU_R12/work/par5_A/case_044_n5_A/selected_plan.json,/home/dreamboat/npu_r12_verify/NPU_R12/work/par5_A/case_044_n5_A/report.json,/home/dreamboat/npu_r12_verify/NPU_R12/work/par5_A/case_044_n5_A/control/r7/control_r6/core/active2_chainwave_result.official.json,24d251e215d0b39e3778b292bb8ec4b4d455efbed3305ae9a1d0cb9dc2961d77,78699,2014560,2014560,0,,,,aefc88720e78a7d063332e8b2a1ee72f8412edbec1b4265d8a6b0252500b23e7,154407,1.9619944344909084
case_045,5,A,600.0,4.882176128999845,/home/dreamboat/npu_r12_verify/NPU_R12/work/par4_A/case_045_n5_A/selected_plan.json,/home/dreamboat/npu_r12_verify/NPU_R12/work/par4_A/case_045_n5_A/report.json,/home/dreamboat/npu_r12_verify/NPU_R12/work/par4_A/case_045_n5_A/control/r7/control_r6/control_work/components_result.official.json,5636b9f4b44e0ea267f39d7ff039d6ad6294312183d1763c127854d9a264e898,26164,0,0,0,,,,0246b7534b46b2486d1782e010c50a81fb21133c3596a087b62de44c99db36e9,125614,4.801024308209754
case_046,5,A,600.0,5.697791808000147,/home/dreamboat/npu_r12_verify/NPU_R12/work/par5_A/case_046_n5_A/selected_plan.json,/home/dreamboat/npu_r12_verify/NPU_R12/work/par5_A/case_046_n5_A/report.json,/home/dreamboat/npu_r12_verify/NPU_R12/work/par5_A/case_046_n5_A/control/extra/m4_components.official.json,3642f212424fb4d63d172d368d6ee965717d78a5eb895fde4a78f8c27b4906f2,124612,4513952,2791200,1722752,,,,333619d79b94fd4f5799890e8cfdd30bdfbf6e23ba287154ce3fd2dce547ae22,276455,2.218526305652746
case_047,5,A,600.0,251.26080087900004,/home/dreamboat/npu_r12_verify/NPU_R12/work/par2_A/case_047_n5_A/selected_plan.json,/home/dreamboat/npu_r12_verify/NPU_R12/work/par2_A/case_047_n5_A/report.json,/home/dreamboat/npu_r12_verify/NPU_R12/work/par2_A/case_047_n5_A/control/r7/reassign/reassign_observed_result.official.json,d6762919dbc0cb9fea7e4baaf935aadda80bb70d5671daaaed250f4e05e0e11b,158050,3820950,3820950,0,,,,d298bedeeb31b5821eba8858d0e9ede51bee965a47a3b86b5c9bf08e2178ddc9,326508,2.065852578298007
case_048,5,A,600.0,26.778038541000114,/home/dreamboat/npu_r12_verify/NPU_R12/work/par5_A/case_048_n5_A/selected_plan.json,/home/dreamboat/npu_r12_verify/NPU_R12/work/par5_A/case_048_n5_A/report.json,/home/dreamboat/npu_r12_verify/NPU_R12/work/par5_A/case_048_n5_A/control/r7/bands/band4_result.official.json,8c977bc8d5eb978c24c6a577b848394f01ed5b828ccb6c8b3ac0ad73de9195df,145490,1253562,1253562,0,,,,50df18bfa5a6e9c18f94bd0ce9b57cb50ba828d5c2db91f91c5eb268fc0b9db7,222220,1.5273901986390817
case_049,5,A,600.0,52.07457088599995,/home/dreamboat/npu_r12_verify/NPU_R12/work/par5_A/case_049_n5_A/selected_plan.json,/home/dreamboat/npu_r12_verify/NPU_R12/work/par5_A/case_049_n5_A/report.json,/home/dreamboat/npu_r12_verify/NPU_R12/work/par5_A/case_049_n5_A/control/r7/reassign/reassign_observed_result.official.json,fc40b9c5efb83ae58b76b1e1ba69edb6bae5628dc823583af2a24b65e4db3fa8,108297,2743324,2743324,0,,,,4601ef5a1737a1ddb8f2a8bb7be7c5194b817d7375413f8f98068d6c44887695,196276,1.8123863080233062
case_050,5,A,600.0,39.73982975200033,/home/dreamboat/npu_r12_verify/NPU_R12/work/par2_A/case_050_n5_A/selected_plan.json,/home/dreamboat/npu_r12_verify/NPU_R12/work/par2_A/case_050_n5_A/report.json,/home/dreamboat/npu_r12_verify/NPU_R12/work/par2_A/case_050_n5_A/control/r7/reassign/reassign_observed_result.official.json,db6e26b53ce56f66e2b57679f1ceeda4cc0c65996fd556ad94e9494777a7e40d,70368,1219726,1219726,0,,,,a239926d132f7914bd85eeebf7280ef3092abad919283d08daa03d1aded37d6e,149690,2.127245338790359
case_051,5,A,600.0,8.430029225999988,/home/dreamboat/npu_r12_verify/NPU_R12/work/par6_A/case_051_n5_A/selected_plan.json,/home/dreamboat/npu_r12_verify/NPU_R12/work/par6_A/case_051_n5_A/report.json,/home/dreamboat/npu_r12_verify/NPU_R12/work/par6_A/case_051_n5_A/control/r7/control_r6/control_work/chainwave_result.official.json,d9db3a144c6977bf6dc5bc83c5a6fcbbe900c466e75ca1b08d41570833caeae3,261214,9046356,9046356,0,,,,9ac89fa6829efd13080c880eba2674ed306553157c1f4eb42d8501b4fdf466aa,607628,2.32616934773787
case_052,5,A,600.0,5.8896443379999255,/home/dreamboat/npu_r12_verify/NPU_R12/work/par2_A/case_052_n5_A/selected_plan.json,/home/dreamboat/npu_r12_verify/NPU_R12/work/par2_A/case_052_n5_A/report.json,/home/dreamboat/npu_r12_verify/NPU_R12/work/par2_A/case_052_n5_A/control/r7/reassign/reassign_observed_result.official.json,b776edc21452f8ab45b4c8f1f58a8b6b6f0b140c3d89e22fdf29d86df343e72a,43641,854016,854016,0,,,,00e52bbe25a2b91dafed1648a72ed6125d9e5b5b666bdf90a840b9602808a8f4,180301,4.131458949153319
case_053,5,A,600.0,450.6693477650001,/home/dreamboat/npu_r12_verify/NPU_R12/work/par6_A/case_053_n5_A/selected_plan.json,/home/dreamboat/npu_r12_verify/NPU_R12/work/par6_A/case_053_n5_A/report.json,/home/dreamboat/npu_r12_verify/NPU_R12/work/par6_A/case_053_n5_A/control/r7/control_r6/control_work/component_batch512_result.official.json,4e719f1aca00c87a8de97741ea1d8a4c59f58dad860c19a3e64f2e4298aeb435,492699,6918912,3104256,3814656,,,,dc79438d81eb110d0ad98b1ea0e86555853f368f0fc81c76f94cbaf81b98ef4e,1472686,2.9890176355137723
case_054,5,A,600.0,357.1498395430003,/home/dreamboat/npu_r12_verify/NPU_R12/work/par4_A/case_054_n5_A/selected_plan.json,/home/dreamboat/npu_r12_verify/NPU_R12/work/par4_A/case_054_n5_A/report.json,/home/dreamboat/npu_r12_verify/NPU_R12/work/par4_A/case_054_n5_A/control/r7/reassign/reassign_observed_result.official.json,e0e07e5798e758fd8c55ecd9ddb7100d52c06c020bb4a0020327d267ef8ab1a0,298043,6850874,6515514,335360,,,,84cc8247231429a0e91b2537694b4cd5d37ea1486f03b2260f1e1c7838c8b3aa,815051,2.7346758689182433
case_055,5,A,600.0,7.058891563000088,/home/dreamboat/npu_r12_verify/NPU_R12/work/par5_A/case_055_n5_A/selected_plan.json,/home/dreamboat/npu_r12_verify/NPU_R12/work/par5_A/case_055_n5_A/report.json,/home/dreamboat/npu_r12_verify/NPU_R12/work/par5_A/case_055_n5_A/control/r7/control_r6/control_work/components_result.official.json,bd47c57b3be9f5ade474a3969f6b1e7f38acd6a04f1492e114b20a8bfad80023,26800,198656,198656,0,,,,aea15f094f5a8eddc5d4447f69c4e884ec35e56c0e2826fabb58e307bcf3a606,118835,4.434141791044776
case_056,5,A,600.0,108.87536346800016,/home/dreamboat/npu_r12_verify/NPU_R12/work/par3_A/case_056_n5_A/selected_plan.json,/home/dreamboat/npu_r12_verify/NPU_R12/work/par3_A/case_056_n5_A/report.json,/home/dreamboat/npu_r12_verify/NPU_R12/work/par3_A/case_056_n5_A/control/r7/bands/band8_result.official.json,d18be4ab4c7ce9beff97ea65253ff4ccadbb16b34f6db62a3f0f5f212da2a399,157566,2922520,2922520,0,,,,0ad088c78a55c77409373a2cac7c41a92c732802fb909edf08bc92b641d7bfb3,277285,1.7598022416003452
case_057,5,A,600.0,4.672806448999836,/home/dreamboat/npu_r12_verify/NPU_R12/work/par3_A/case_057_n5_A/selected_plan.json,/home/dreamboat/npu_r12_verify/NPU_R12/work/par3_A/case_057_n5_A/report.json,/home/dreamboat/npu_r12_verify/NPU_R12/work/par3_A/case_057_n5_A/control/r7/bands/band8_result.official.json,1e95a371c284a0bc3153ce8720a35f42f4125e463aee6eba47914085d0b142f9,14055,70272,70272,0,,,,22d3bba8f683e602e65228c2ee4ed3b177289b7f33b5f9466b5bba524d4691bc,59726,4.249448594806119
case_058,5,A,600.0,125.01487502999998,/home/dreamboat/npu_r12_verify/NPU_R12/work/par2_A/case_058_n5_A/selected_plan.json,/home/dreamboat/npu_r12_verify/NPU_R12/work/par2_A/case_058_n5_A/report.json,/home/dreamboat/npu_r12_verify/NPU_R12/work/par2_A/case_058_n5_A/control/r7/control_r6/control_work/components_result.official.json,a1d5f200e6eaead583649a1357ce1fa6dceab95eaf9bab06ccd315d7b3d343e2,1004819,32104448,18382848,13721600,,,,f798b1f23fbc694fef88c5680aca9cc5717a173a5f8dc7a941176ec99abfd8fe,4539717,4.517945022934478
case_059,5,A,600.0,4.141185159999623,/home/dreamboat/npu_r12_verify/NPU_R12/work/par5_A/case_059_n5_A/selected_plan.json,/home/dreamboat/npu_r12_verify/NPU_R12/work/par5_A/case_059_n5_A/report.json,/home/dreamboat/npu_r12_verify/NPU_R12/work/par5_A/case_059_n5_A/control/r7/control_r6/control_work/components_result.official.json,adb6277812422f9e883529fcbb58a18d70d23cec2ad961e6e640b2b6757b8f67,150782,4325376,4325376,0,,,,4a6712db277f18bd0865b61737d87d6289cc4bb4d1e1aa90db5fd805c1ad6495,829473,5.501140719714555
case_060,5,A,600.0,70.55643761200008,/home/dreamboat/npu_r12_verify/NPU_R12/work/par6_A/case_060_n5_A/selected_plan.json,/home/dreamboat/npu_r12_verify/NPU_R12/work/par6_A/case_060_n5_A/report.json,/home/dreamboat/npu_r12_verify/NPU_R12/work/par6_A/case_060_n5_A/control/r7/control_r6/control_work/components_result.official.json,5b33db37e8a063573b8b1db27d6720b52f721d78706ce81a9bdf8c2bd6cc1d5d,185331,3641728,3441024,200704,,,,958e00910dc281c7dd2a0466563bd4cf7f0619d3a407e68c67a32587b9545ac4,888789,4.79568447804199
case_061,5,A,600.0,6.248576621000211,/home/dreamboat/npu_r12_verify/NPU_R12/work/par4_A/case_061_n5_A/selected_plan.json,/home/dreamboat/npu_r12_verify/NPU_R12/work/par4_A/case_061_n5_A/report.json,/home/dreamboat/npu_r12_verify/NPU_R12/work/par4_A/case_061_n5_A/control/r7/bands/band4_result.official.json,434aeb76c5cf0f240179e174991f3064689ea2371705b8eb7dfd0fc2d8457865,22059,382558,382558,0,,,,c1b043f612003fbaf3c8d5a6bb477c826807ca887f6f9758735dbed03233a36d,77191,3.4992973389546216
case_062,5,A,600.0,470.648114738,/home/dreamboat/npu_r12_verify/NPU_R12/work/par6_A/case_062_n5_A/selected_plan.json,/home/dreamboat/npu_r12_verify/NPU_R12/work/par6_A/case_062_n5_A/report.json,/home/dreamboat/npu_r12_verify/NPU_R12/work/par6_A/case_062_n5_A/control/r7/bands/band4_result.official.json,7c0a27cf0a34df78d2ee25f684dd67f56cf67b918d10f21044a985852e08d04c,619333,897024,897024,0,,,,b5d863ff3a26b3445dd81e63580e47d4e90aa374ba8b55a5c0cdc93877fc9a08,2854809,4.609489563772639
case_063,5,A,600.0,92.28078647600023,/home/dreamboat/npu_r12_verify/NPU_R12/work/par3_A/case_063_n5_A/selected_plan.json,/home/dreamboat/npu_r12_verify/NPU_R12/work/par3_A/case_063_n5_A/report.json,/home/dreamboat/npu_r12_verify/NPU_R12/work/par3_A/case_063_n5_A/control/r7/bands/band4_result.official.json,6788ee21c99a41a4d8da37e094c53d88b3eb1c6cbd9b1eff11e367ef166647b8,237375,337920,337920,0,,,,e07f9b4098e436086d69b84dcf40726690a9f4fab56c21c9cfc276f8f715b8df,1070397,4.509308056872038
case_064,5,A,600.0,10.333754826000131,/home/dreamboat/npu_r12_verify/NPU_R12/work/par2_A/case_064_n5_A/selected_plan.json,/home/dreamboat/npu_r12_verify/NPU_R12/work/par2_A/case_064_n5_A/report.json,/home/dreamboat/npu_r12_verify/NPU_R12/work/par2_A/case_064_n5_A/control/r7/reassign/reassign_observed_result.official.json,9c2548be3a93332c56f7e37fa5b3db47c45848f099900f52ef50277341cc20d7,15899,131982,131982,0,,,,fcec005661f86264dc21ad657c8f94e8828ecc73b524a4eda9465faef39694f9,19116,1.2023397697968425
case_065,5,A,600.0,4.0020128959999965,/home/dreamboat/npu_r12_verify/NPU_R12/work/par5_A/case_065_n5_A/selected_plan.json,/home/dreamboat/npu_r12_verify/NPU_R12/work/par5_A/case_065_n5_A/report.json,/home/dreamboat/npu_r12_verify/NPU_R12/work/par5_A/case_065_n5_A/control/r7/control_r6/control_work/components_result.official.json,e0c905cf1fbe7011e25b1a8b2926f8d673b03d7c0fe5143f4b35e139395bd08c,11235,55728,55728,0,,,,002bfb2ce751aad6dedd43107ede2bf11f8a8db004c3d4e9adb6ddddfc9c6266,53068,4.723453493546952
case_066,5,A,600.0,73.6983140010002,/home/dreamboat/npu_r12_verify/NPU_R12/work/par3_A/case_066_n5_A/selected_plan.json,/home/dreamboat/npu_r12_verify/NPU_R12/work/par3_A/case_066_n5_A/report.json,/home/dreamboat/npu_r12_verify/NPU_R12/work/par3_A/case_066_n5_A/control/r7/reassign/reassign_local_result.official.json,581dedce9841601010ceaf48285340ad8ee72adeeff040eb6b0976b93a865661,159869,2890070,2890070,0,,,,60c3ee8b53845ad304e08c8a5193b20b2748cb147f29abcfcc62a024e46a9a91,359070,2.2460264341429546
case_067,5,A,600.0,142.71401230000038,/home/dreamboat/npu_r12_verify/NPU_R12/work/par2_A/case_067_n5_A/selected_plan.json,/home/dreamboat/npu_r12_verify/NPU_R12/work/par2_A/case_067_n5_A/report.json,/home/dreamboat/npu_r12_verify/NPU_R12/work/par2_A/case_067_n5_A/control/r7/reassign/reassign_observed_result.official.json,bb14138e67d3a36d6f3ed4d8160d862873d5f15c6e645c1d1ef446f1b36a0938,13961132,298754304,298754304,0,,,,8c2ab4c49d460f78114ba329f2602531592e1f6904250b3dd4f8c098bcd1dcc0,63834834,4.572325080802903
case_068,5,A,600.0,72.05015589599998,/home/dreamboat/npu_r12_verify/NPU_R12/work/par1_A/case_068_n5_A/selected_plan.json,/home/dreamboat/npu_r12_verify/NPU_R12/work/par1_A/case_068_n5_A/report.json,/home/dreamboat/npu_r12_verify/NPU_R12/work/par1_A/case_068_n5_A/control/r7/bands/band8_result.official.json,18ba4b3b148311c0e0ab6faf7a757a9fa4722b8da0a683a7b9d617bd31447db4,189541,2598030,2598030,0,,,,0543ebe4ff7e4494d5d13d03b4b76169515ada9cb7454d023fc4fd898eccf70f,362095,1.9103782295123481
case_069,5,A,600.0,8.881498154999917,/home/dreamboat/npu_r12_verify/NPU_R12/work/par3_A/case_069_n5_A/selected_plan.json,/home/dreamboat/npu_r12_verify/NPU_R12/work/par3_A/case_069_n5_A/report.json,/home/dreamboat/npu_r12_verify/NPU_R12/work/par3_A/case_069_n5_A/control/r7/reassign/reassign_observed_result.official.json,2fd5fc9de643d39b3e1b1d6f4bdc9e3983a518283904468340f5622c0c44babf,19032,532364,532364,0,,,,7e173e0bc564a4e8b97d0b1fcace6555b94b25c9e4bf840dd5855dd16c24aad9,25144,1.3211433375367803
case_070,5,A,600.0,6.642828145000294,/home/dreamboat/npu_r12_verify/NPU_R12/work/par1_A/case_070_n5_A/selected_plan.json,/home/dreamboat/npu_r12_verify/NPU_R12/work/par1_A/case_070_n5_A/report.json,/home/dreamboat/npu_r12_verify/NPU_R12/work/par1_A/case_070_n5_A/control/r7/control_r6/control_work/components_result.official.json,6a7e428f11f9fe119a4679f00b4c91757c255f9aba870594e93ac449bcc4501f,28840,462848,462848,0,,,,9f4f838f01b52355fc81b23ba54a87d25521ccac014a508aaf832a51f74f91e3,117300,4.067267683772538
case_071,5,A,600.0,6.133444192999832,/home/dreamboat/npu_r12_verify/NPU_R12/work/par1_A/case_071_n5_A/selected_plan.json,/home/dreamboat/npu_r12_verify/NPU_R12/work/par1_A/case_071_n5_A/report.json,/home/dreamboat/npu_r12_verify/NPU_R12/work/par1_A/case_071_n5_A/control/r7/reassign/reassign_local_result.official.json,23489b99eabe9c0dac6d4527e3277778187b1eb1bcbfcf7bab546da32f7051ce,14220,375274,375274,0,,,,e74703c098d62aa2f85c701ebe19fb41472416fcf740c68739d911f558504d7b,18919,1.330450070323488
case_072,5,A,600.0,531.9478267140003,/home/dreamboat/npu_r12_verify/NPU_R12/work/par4_A/case_072_n5_A/selected_plan.json,/home/dreamboat/npu_r12_verify/NPU_R12/work/par4_A/case_072_n5_A/report.json,/home/dreamboat/npu_r12_verify/NPU_R12/work/par4_A/case_072_n5_A/control/r7/bands/band16_result.official.json,8857698ec1105f8e19a6a5c7acc6956a652a0beb3da7738cc75311692a06f2d4,4779968,177263132,177263132,0,,,,6452ab58f8dcdfea00399ab245a81ae237c034b2fd40f933e2cbc50e50863b27,23897828,4.9995790766800114
case_073,5,A,600.0,67.02830263099986,/home/dreamboat/npu_r12_verify/NPU_R12/work/par1_A/case_073_n5_A/selected_plan.json,/home/dreamboat/npu_r12_verify/NPU_R12/work/par1_A/case_073_n5_A/report.json,/home/dreamboat/npu_r12_verify/NPU_R12/work/par1_A/case_073_n5_A/control/r7/control_r6/control_work/chainwave_result.official.json,620404f67054fdba57fe11c65a0681cc3175e81bcfe928c4d547cfcaef328d35,3315864,102790144,22574080,80216064,,,,f68fd6e39343ba70b790fa9fc9730450a4eb7da52f192cf08cb1d65487e28257,10081626,3.0404220438473955
case_074,5,A,600.0,28.1947316159999,/home/dreamboat/npu_r12_verify/NPU_R12/work/par2_A/case_074_n5_A/selected_plan.json,/home/dreamboat/npu_r12_verify/NPU_R12/work/par2_A/case_074_n5_A/report.json,/home/dreamboat/npu_r12_verify/NPU_R12/work/par2_A/case_074_n5_A/control/r7/control_r6/control_work/components_result.official.json,e9d1391d85408a436eb3ac90534267f55ef4bcd31327ca551513d138c4c56dc2,345470,8392712,7118848,1273864,,,,bd3175fe5afc91e3559bb744010532e377286f789a4b8636a936d402a7e0ba32,1682239,4.869421367991432
case_075,5,A,600.0,173.92211429599956,/home/dreamboat/npu_r12_verify/NPU_R12/work/par4_A/case_075_n5_A/selected_plan.json,/home/dreamboat/npu_r12_verify/NPU_R12/work/par4_A/case_075_n5_A/report.json,/home/dreamboat/npu_r12_verify/NPU_R12/work/par4_A/case_075_n5_A/control/r7/reassign/reassign_observed_result.official.json,b044a28ee4b5531e9c38a7215e04e4fab546582110b8252960975c1d096eda4b,506598,8130090,8130090,0,,,,4c251a94953a6a9595f7f356e532e6f1cf4d51a91143602709cf66b55cd8ba76,1441809,2.8460613741072804
case_076,5,A,600.0,73.59865189599986,/home/dreamboat/npu_r12_verify/NPU_R12/work/par2_A/case_076_n5_A/selected_plan.json,/home/dreamboat/npu_r12_verify/NPU_R12/work/par2_A/case_076_n5_A/report.json,/home/dreamboat/npu_r12_verify/NPU_R12/work/par2_A/case_076_n5_A/control/r7/control_r6/control_work/component_batch512_result.official.json,ab8b222f244643b31734e9805e14a2acf838fa2ec017867805b8d7224c184104,1230399,35696640,35696640,0,,,,dd57001c08d4140fc66b281d9546cc2428258bdac9f6481311762792548e799b,6185113,5.026916471811177
case_077,5,A,600.0,60.984970321999754,/home/dreamboat/npu_r12_verify/NPU_R12/work/par4_A/case_077_n5_A/selected_plan.json,/home/dreamboat/npu_r12_verify/NPU_R12/work/par4_A/case_077_n5_A/report.json,/home/dreamboat/npu_r12_verify/NPU_R12/work/par4_A/case_077_n5_A/control/r7/control_r6/control_work/components_result.official.json,c44579fcca5526d5aa70bceef56dcdbcc67ab24be9039be9c1ad64b8d31ba73d,121081,172032,172032,0,,,,d501e80cf0bbae3a408acb4ed5ca97242a98d94cf89527ebbc6f9d506a0d1912,495320,4.090815239385205
case_078,5,A,600.0,8.238690018999932,/home/dreamboat/npu_r12_verify/NPU_R12/work/par2_A/case_078_n5_A/selected_plan.json,/home/dreamboat/npu_r12_verify/NPU_R12/work/par2_A/case_078_n5_A/report.json,/home/dreamboat/npu_r12_verify/NPU_R12/work/par2_A/case_078_n5_A/control/r7/bands/band16_result.official.json,c6f476752fa68ce4d728ac833833f2129db5ecfb2128f89468a95577e47794be,536429,15825792,15825792,0,,,,1a94e7b76f774af4c141c33da845b5c7cf3b4dbaff3e6cef3dd2c4c6e46803c0,2296143,4.28042294506822
case_079,5,A,600.0,34.84411866800019,/home/dreamboat/npu_r12_verify/NPU_R12/work/par5_A/case_079_n5_A/selected_plan.json,/home/dreamboat/npu_r12_verify/NPU_R12/work/par5_A/case_079_n5_A/report.json,/home/dreamboat/npu_r12_verify/NPU_R12/work/par5_A/case_079_n5_A/control/r7/control_r6/control_work/component_batch512_result.official.json,0214754de05d3d121d4c937c565f5d354795980145936d3effec77b92931ddc6,5998948,45352960,41293824,4059136,,,,40532dec0b54d2527d954d2b9c92e0abc1326c834bc46c09229bcf76b65c3b4c,31052251,5.176282741574022
case_080,5,A,600.0,3.5923619660006807,/home/dreamboat/npu_r12_verify/NPU_R12/work/par6_A/case_080_n5_A/selected_plan.json,/home/dreamboat/npu_r12_verify/NPU_R12/work/par6_A/case_080_n5_A/report.json,/home/dreamboat/npu_r12_verify/NPU_R12/work/par6_A/case_080_n5_A/control/extra/m3_components.official.json,dc9ec41a508c18c105d29606833073e24eabeb717ffb8371c18244a36fbddde7,100325,3047424,3047424,0,,,,0a4c426c412924331aa8636c67f3ec95e351e852541b3a598fb84fc92e2b1635,292138,2.9119162721156244
case_081,5,A,600.0,3.8813467259997196,/home/dreamboat/npu_r12_verify/NPU_R12/work/par5_A/case_081_n5_A/selected_plan.json,/home/dreamboat/npu_r12_verify/NPU_R12/work/par5_A/case_081_n5_A/report.json,/home/dreamboat/npu_r12_verify/NPU_R12/work/par5_A/case_081_n5_A/control/r7/control_r6/control_work/components_result.official.json,4e5f18a89a461b6893025f27792eed52495d7dfde700a75323498b2d7f189c8d,30943,0,0,0,,,,e31d98e30de26260d538c8e60691d3d1d7e5532442819b6839437df1a4723a25,151795,4.905632937982743
case_082,5,A,600.0,71.03060816400011,/home/dreamboat/npu_r12_verify/NPU_R12/work/par1_A/case_082_n5_A/selected_plan.json,/home/dreamboat/npu_r12_verify/NPU_R12/work/par1_A/case_082_n5_A/report.json,/home/dreamboat/npu_r12_verify/NPU_R12/work/par1_A/case_082_n5_A/control/r7/reassign/reassign_observed_result.official.json,3d28f0f693c3522c85f92b9e4a011791c50b3277dee7c26434e60df65aee0564,290998,10097280,10097280,0,,,,1d0681181d49ba2d8a5d5c548e9af4e970ccda9390425eb67da3e13226167a85,721041,2.477821153409989
case_083,5,A,600.0,26.135146977000204,/home/dreamboat/npu_r12_verify/NPU_R12/work/par3_A/case_083_n5_A/selected_plan.json,/home/dreamboat/npu_r12_verify/NPU_R12/work/par3_A/case_083_n5_A/report.json,/home/dreamboat/npu_r12_verify/NPU_R12/work/par3_A/case_083_n5_A/control/r7/control_r6/control_work/chainwave_result.official.json,a1a0e40ed580a1350e62e732e9cc127dadac5fd56d8f8397a4bed332e78f384a,370632,15943040,15943040,0,,,,7c616f6fcbea0295ba08b2cca45ea37cf8a3083986b38d0ddbbd749d30c0c129,1057993,2.8545646355414536
case_084,5,A,600.0,141.7786024400002,/home/dreamboat/npu_r12_verify/NPU_R12/work/par3_A/case_084_n5_A/selected_plan.json,/home/dreamboat/npu_r12_verify/NPU_R12/work/par3_A/case_084_n5_A/report.json,/home/dreamboat/npu_r12_verify/NPU_R12/work/par3_A/case_084_n5_A/control/r7/control_r6/control_work/components_result.official.json,79e12f82ad49f1f999bda8911dd18d6cfb91e1fb5d4f33150cd536da476585da,503472,0,0,0,,,,e0e6d0d36d4d2c29573734ece19e1d682b4fb5c391ae1b8aab0fec4d8e1df5d9,2507412,4.98024120507198
case_085,5,A,600.0,510.63309438600027,/home/dreamboat/npu_r12_verify/NPU_R12/work/par4_A/case_085_n5_A/selected_plan.json,/home/dreamboat/npu_r12_verify/NPU_R12/work/par4_A/case_085_n5_A/report.json,/home/dreamboat/npu_r12_verify/NPU_R12/work/par4_A/case_085_n5_A/control/r7/control_r6/control_work/chainwave_result.official.json,56470d3d3a581915221ae9ce8f132acfdcd6b3c29d6cc8ba4a5a85da443f3224,1216812,46542906,46542906,0,,,,a4e8959fed8aea9e9480a973dee95026ed2aea45741a2090d301c51558ca96f6,3187899,2.6198780090926124
case_086,5,A,600.0,53.1700759549999,/home/dreamboat/npu_r12_verify/NPU_R12/work/par5_A/case_086_n5_A/selected_plan.json,/home/dreamboat/npu_r12_verify/NPU_R12/work/par5_A/case_086_n5_A/report.json,/home/dreamboat/npu_r12_verify/NPU_R12/work/par5_A/case_086_n5_A/control/r7/reassign/reassign_observed_result.official.json,e2776b4e7736988c7c81db239cb50e2f3e3080bad4279b9aa9f0ffb09866361d,83340,3103172,3083204,19968,,,,1b663d7dbfce1e7871536ab99063b3426dddb6e706a24198762accefec4aee1a,118403,1.420722342212623
case_087,5,A,1800.0,1036.11330615,/home/dreamboat/npu_r12_verify/NPU_R12/work/retry087b_A45/case_087_n5_A/selected_plan.json,/home/dreamboat/npu_r12_verify/NPU_R12/work/retry087b_A45/case_087_n5_A/report.json,/home/dreamboat/npu_r12_verify/NPU_R12/work/retry087b_A45/case_087_n5_A/control/r7/reassign/reassign_local_result.official.json,edf0d0273316c78c669289f948f7300449582bae54447f18183c7aa190c1d462,1038529,35193224,34995080,198144,,,,5e71ac5dcb91acf868913d1b473340df5a231c4ffb5c0bf27876f9d8114aedc3,3974071,3.8266345956636743
case_088,5,A,600.0,37.14560010100013,/home/dreamboat/npu_r12_verify/NPU_R12/work/par6_A/case_088_n5_A/selected_plan.json,/home/dreamboat/npu_r12_verify/NPU_R12/work/par6_A/case_088_n5_A/report.json,/home/dreamboat/npu_r12_verify/NPU_R12/work/par6_A/case_088_n5_A/control/r7/bands/band8_result.official.json,8d8ddef10bfb0200cf99275314fcd009f466e604a1f3efc6891d646596f1b020,127073,1860972,1860972,0,,,,75a35103f73485e738b3013198aaf00591b31a6632993125420a0d079730c5a3,243623,1.9171893321161853
case_089,5,A,600.0,14.213125131999732,/home/dreamboat/npu_r12_verify/NPU_R12/work/par3_A/case_089_n5_A/selected_plan.json,/home/dreamboat/npu_r12_verify/NPU_R12/work/par3_A/case_089_n5_A/report.json,/home/dreamboat/npu_r12_verify/NPU_R12/work/par3_A/case_089_n5_A/control/r7/control_r6/control_work/components_result.official.json,d8a0e1767a95f82725e6cf2d3d1a168428d799ab201b4a815193166677a43f81,147432,954880,954880,0,,,,23e1a09c23fe88e0e27249aeede4765eafffb2cbf3447c4b18b2774f2b8ee23b,693092,4.701096098540344
case_090,5,A,600.0,11.963713326000288,/home/dreamboat/npu_r12_verify/NPU_R12/work/par6_A/case_090_n5_A/selected_plan.json,/home/dreamboat/npu_r12_verify/NPU_R12/work/par6_A/case_090_n5_A/report.json,/home/dreamboat/npu_r12_verify/NPU_R12/work/par6_A/case_090_n5_A/control/r7/control_r6/core/active4_chainwave_result.official.json,22f05146fa4334b0c397f964c4a8ffe93b006f8842a414e15912fc64370dbbf6,346678,8442240,8442240,0,,,,3c25a1a9195e0eea08408a9bf82df97dcae6643f635d1b20615c2ed3ff44270a,1178363,3.3990129168854093
case_091,5,A,600.0,432.2798303089994,/home/dreamboat/npu_r12_verify/NPU_R12/work/par3_A/case_091_n5_A/selected_plan.json,/home/dreamboat/npu_r12_verify/NPU_R12/work/par3_A/case_091_n5_A/report.json,/home/dreamboat/npu_r12_verify/NPU_R12/work/par3_A/case_091_n5_A/control/r7/control_r6/control_work/component_batch512_result.official.json,b7c253f37682b61916e51e47872ebd34605963c1b79e3fdfae0f8c5ecbd8bb30,1857417,61130752,60434944,695808,,,,003e304ddfd93206bb9e5cd2cd30a47dad20098caf19ed08365dbc2e885cff36,9186769,4.9459916647688695
case_092,5,A,600.0,377.42559989799975,/home/dreamboat/npu_r12_verify/NPU_R12/work/par6_A/case_092_n5_A/selected_plan.json,/home/dreamboat/npu_r12_verify/NPU_R12/work/par6_A/case_092_n5_A/report.json,/home/dreamboat/npu_r12_verify/NPU_R12/work/par6_A/case_092_n5_A/control/r7/control_r6/control_work/chainwave_result.official.json,2505d3e923dc9f4884e57a0de59d20c4b1725d50fd09bf3ee67f6adc36860856,1384732,59703680,59703680,0,,,,11b59e166f04e644526939af92a058001be9ea881d2039a0f1ac847d8e7a7aad,4815554,3.4776072193030854
case_093,5,A,600.0,2.0994211339993853,/home/dreamboat/npu_r12_verify/NPU_R12/work/par3_A/case_093_n5_A/selected_plan.json,/home/dreamboat/npu_r12_verify/NPU_R12/work/par3_A/case_093_n5_A/report.json,/home/dreamboat/npu_r12_verify/NPU_R12/work/par3_A/case_093_n5_A/control/r7/control_r6/control_work/components_result.official.json,8077052a2c9a21778fadbf15f340575dac34cbb9f2eda94b7fc138ed4fa830ae,15876,32768,32768,0,,,,93314c5046e985980a9bf0ea02d5dab17c7242c99dc2025a00460de3c280de9f,74205,4.674036281179139
case_094,5,A,600.0,2.7420727500002613,/home/dreamboat/npu_r12_verify/NPU_R12/work/par4_A/case_094_n5_A/selected_plan.json,/home/dreamboat/npu_r12_verify/NPU_R12/work/par4_A/case_094_n5_A/report.json,/home/dreamboat/npu_r12_verify/NPU_R12/work/par4_A/case_094_n5_A/control/r7/control_r6/control_work/components_result.official.json,d24cbd5d19a94d4ee34ec0f9862ad342846f4310150808f3b1c5d92e39a3229b,23564,259200,259200,0,,,,7fed2ecb5d9ed5b47056adaeb6f6199470d736a0723119e62cf42a3f8276dfd5,94892,4.026990324223392
case_095,5,A,600.0,23.42819761100054,/home/dreamboat/npu_r12_verify/NPU_R12/work/par4_A/case_095_n5_A/selected_plan.json,/home/dreamboat/npu_r12_verify/NPU_R12/work/par4_A/case_095_n5_A/report.json,/home/dreamboat/npu_r12_verify/NPU_R12/work/par4_A/case_095_n5_A/control/r7/control_r6/control_work/components_result.official.json,6247041b1c1772d7ecadd883ba7ae375f12e91d9e8d14cea95f467b60b4db953,420852,0,0,0,,,,429fa3b1c9ad608c5227112a971cf52fdede4aad5f7973814bb8d7013969b57a,2084853,4.953886401870491
case_096,5,A,600.0,8.000909881000553,/home/dreamboat/npu_r12_verify/NPU_R12/work/par3_A/case_096_n5_A/selected_plan.json,/home/dreamboat/npu_r12_verify/NPU_R12/work/par3_A/case_096_n5_A/report.json,/home/dreamboat/npu_r12_verify/NPU_R12/work/par3_A/case_096_n5_A/control/extra/m5_ordered_0.official.json,421e4b5862681f370c70bd19b3af0b48a354b16fa4f198ed84f0a5e51c72f628,26930,661824,661824,0,,,,c76b6cf000980dd8bb4afa03d8c1cafbdaf4fe19371ade74a76d35b0cf6fc3d6,84194,3.126401782398812
case_097,5,A,600.0,31.756096125000113,/home/dreamboat/npu_r12_verify/NPU_R12/work/par1_A/case_097_n5_A/selected_plan.json,/home/dreamboat/npu_r12_verify/NPU_R12/work/par1_A/case_097_n5_A/report.json,/home/dreamboat/npu_r12_verify/NPU_R12/work/par1_A/case_097_n5_A/control/r7/control_r6/control_work/components_result.official.json,2cf148862d96e532dad64aaca525b8456583e49f079aa818590ff81e4df25b42,2102348,21311488,17039360,4272128,,,,7daf2cc7fe5a79ca16acbf5c45400d6e3cd2cbe5ea2532f6fc6687452e9d7097,11491509,5.466035594487687
case_098,5,A,600.0,10.777692288999788,/home/dreamboat/npu_r12_verify/NPU_R12/work/par3_A/case_098_n5_A/selected_plan.json,/home/dreamboat/npu_r12_verify/NPU_R12/work/par3_A/case_098_n5_A/report.json,/home/dreamboat/npu_r12_verify/NPU_R12/work/par3_A/case_098_n5_A/control/r7/reassign/reassign_local_result.official.json,b26bfa60eadecdbb72e616a26b1ea9a84b35fc117731fd80e70bb774c306263b,64165,2065850,2065850,0,,,,89d60a9781f7fdfd9c4e24fa88989d04e26555ded841e0b36e014f71b929f104,177430,2.7652146809008027
case_099,5,A,600.0,49.208812615999705,/home/dreamboat/npu_r12_verify/NPU_R12/work/par6_A/case_099_n5_A/selected_plan.json,/home/dreamboat/npu_r12_verify/NPU_R12/work/par6_A/case_099_n5_A/report.json,/home/dreamboat/npu_r12_verify/NPU_R12/work/par6_A/case_099_n5_A/control/r7/control_r6/control_work/component_batch512_result.official.json,6ee2d98b3d49081cb1371afd99f0ef94677262717e93c11755131f1410e7ad1c,336496,9703424,9461760,241664,,,,82ae8ef5dbb26830e4876b9001242d746a59179436be55a810b1222bd421e9ee,1622999,4.823234154343588
case_100,5,A,600.0,6.992603702999986,/home/dreamboat/npu_r12_verify/NPU_R12/work/par4_A/case_100_n5_A/selected_plan.json,/home/dreamboat/npu_r12_verify/NPU_R12/work/par4_A/case_100_n5_A/report.json,/home/dreamboat/npu_r12_verify/NPU_R12/work/par4_A/case_100_n5_A/control/r7/bands/band4_result.official.json,ee1d64c3369e48c2e6746f336045aa90cb6d92bae27c6178f798ca107ad67e3c,51287,1877578,1877578,0,,,,b050237cf502305202165c960062363cfe9147954ec5ecbf51edc5aaad99b2f9,151223,2.9485639635775147
case_001,1,B,600.0,1.5972006399999827,/home/dreamboat/npu_r12_verify/NPU_R12/work/one6_B1L21/case_001_n1_B/selected_plan.json,/home/dreamboat/npu_r12_verify/NPU_R12/work/one6_B1L21/case_001_n1_B/report.json,/home/dreamboat/npu_r12_verify/NPU_R12/work/one6_B1L21/case_001_n1_B/control/r7/control_r6/control_work/components_result.official.json,cb2e250eb38df7bf3d02e8722d20f80ffb6e75a13cbc0561a16b071ec42c285b,233110,0,0,0,,,,e04c331ea89cfd22ed980affe57f457d4f871ca0f65c23155c88d0446218b305,233110,1.0
case_002,1,B,600.0,4.644907420999971,/home/dreamboat/npu_r12_verify/NPU_R12/work/one2_B1L21/case_002_n1_B/selected_plan.json,/home/dreamboat/npu_r12_verify/NPU_R12/work/one2_B1L21/case_002_n1_B/report.json,/home/dreamboat/npu_r12_verify/NPU_R12/work/one2_B1L21/case_002_n1_B/control/r7/control_r6/control_work/components_result.official.json,5dedfac8f37d967de79d029d746127a371eadbee18c4479db0b3413d78091bcd,261945,0,0,0,,,,bdec6b425480ffabf2c343f59ea8219c337056282ac3f5481528e8714ef07349,261945,1.0
case_003,1,B,600.0,50.10920155500003,/home/dreamboat/npu_r12_verify/NPU_R12/work/one1_B1L21/case_003_n1_B/selected_plan.json,/home/dreamboat/npu_r12_verify/NPU_R12/work/one1_B1L21/case_003_n1_B/report.json,/home/dreamboat/npu_r12_verify/NPU_R12/work/one1_B1L21/case_003_n1_B/indexed_insertion/plan.meta.official.json,509dd52f8876b5a584dd01b51ea25e6d1fd2d3f66f8657b3f9d80e9fb6322ad1,548159,24576,0,24576,,,,6f84fc924e4509688bea5309f2dfa44c47641cf61ff39f9d9a3c3e25afb309a7,602212,1.098608250525851
case_004,1,B,600.0,1.9146284039999841,/home/dreamboat/npu_r12_verify/NPU_R12/work/one4_B1L21/case_004_n1_B/selected_plan.json,/home/dreamboat/npu_r12_verify/NPU_R12/work/one4_B1L21/case_004_n1_B/report.json,/home/dreamboat/npu_r12_verify/NPU_R12/work/one4_B1L21/case_004_n1_B/control/r7/control_r6/control_work/components_result.official.json,aeee12d4ff2f24c61b58c4583022bf03ffb1b7ff18ac0d6d541e740022cee869,392357,0,0,0,,,,4f91df8be8f972ca0c590d087d9f35555139cc8bec160f706da82e8e08c5aaf9,392357,1.0
case_005,1,B,600.0,11.12683214399999,/home/dreamboat/npu_r12_verify/NPU_R12/work/one6_B1L21/case_005_n1_B/selected_plan.json,/home/dreamboat/npu_r12_verify/NPU_R12/work/one6_B1L21/case_005_n1_B/report.json,/home/dreamboat/npu_r12_verify/NPU_R12/work/one6_B1L21/case_005_n1_B/indexed_insertion/plan.meta.official.json,26cfa629ee5824358a47085f1566d30b732fd3d7acdffeb1b4c47e82682ed626,83323,0,0,0,,,,a7f70867e3bab55060337ede6ddacd3b7abb7973df449eb49df919c5f29b8a5b,95618,1.1475582972288563
case_006,1,B,600.0,3.91171534099999,/home/dreamboat/npu_r12_verify/NPU_R12/work/one4_B1L21/case_006_n1_B/selected_plan.json,/home/dreamboat/npu_r12_verify/NPU_R12/work/one4_B1L21/case_006_n1_B/report.json,/home/dreamboat/npu_r12_verify/NPU_R12/work/one4_B1L21/case_006_n1_B/indexed_insertion/plan.meta.official.json,ccf9c715885adffa48420363fc95cdce7a7080b43d34c725bb79b22414249b16,76373,166044,0,166044,,,,7edf40f3663383fce050a3c0368b915a3056d6409a6858946ce8eb82e8b23128,82837,1.0846372409097456
case_007,1,B,600.0,24.33083044099999,/home/dreamboat/npu_r12_verify/NPU_R12/work/one4_B1L21/case_007_n1_B/selected_plan.json,/home/dreamboat/npu_r12_verify/NPU_R12/work/one4_B1L21/case_007_n1_B/report.json,/home/dreamboat/npu_r12_verify/NPU_R12/work/one4_B1L21/case_007_n1_B/control/r7/control_r6/control_work/component_batch512_result.official.json,2b4dbbe9017271874258536ff4b127a556a4c40f070329faaf428c251f03486c,1012562,0,0,0,,,,a76728273933ae05ca27b456379daebc1a2fcc29ee480e547825738df1ca90e7,1012562,1.0
case_008,1,B,600.0,5.294839676000038,/home/dreamboat/npu_r12_verify/NPU_R12/work/one1_B1L21/case_008_n1_B/selected_plan.json,/home/dreamboat/npu_r12_verify/NPU_R12/work/one1_B1L21/case_008_n1_B/report.json,/home/dreamboat/npu_r12_verify/NPU_R12/work/one1_B1L21/case_008_n1_B/control/r7/control_r6/control_work/component_batch512_result.official.json,b9a742915623bb9ef27d20ad80d22fd6c5a6ad78d8b62b534b6d9ff7680028e9,487605,0,0,0,,,,4b62caef1f37e75b754a426d164b61ddeafacb93eceb05d0037cf99228134ef6,487605,1.0
case_009,1,B,600.0,27.38968808100003,/home/dreamboat/npu_r12_verify/NPU_R12/work/one5_B1L21/case_009_n1_B/selected_plan.json,/home/dreamboat/npu_r12_verify/NPU_R12/work/one5_B1L21/case_009_n1_B/report.json,/home/dreamboat/npu_r12_verify/NPU_R12/work/one5_B1L21/case_009_n1_B/indexed_insertion/plan.meta.official.json,1b179913ee5fc29504af5ed116979f9a7739021aa3f9fe2a8dd7f29d9e879d1d,147061,327048,0,327048,,,,6e38005870eaf48b2250595e489a4edfc57996426ff3a5642bc17f63422f856d,153261,1.0421593760412347
case_010,1,B,600.0,3.4541043039999977,/home/dreamboat/npu_r12_verify/NPU_R12/work/one1_B1L21/case_010_n1_B/selected_plan.json,/home/dreamboat/npu_r12_verify/NPU_R12/work/one1_B1L21/case_010_n1_B/report.json,/home/dreamboat/npu_r12_verify/NPU_R12/work/one1_B1L21/case_010_n1_B/control/r7/control_r6/control_work/chainwave_result.official.json,58eb0865e509f8c69940b9ed600b4cb560fcdb37d2d25fac2bb04c0b8ab69a88,86057,63892,0,63892,,,,14260051a4efeed8155aec9e55ed27896f4a5aec2935d2f574b8ecb2f46f1a87,86969,1.0105976271540955
case_011,1,B,600.0,1.6549738479999974,/home/dreamboat/npu_r12_verify/NPU_R12/work/one6_B1L21/case_011_n1_B/selected_plan.json,/home/dreamboat/npu_r12_verify/NPU_R12/work/one6_B1L21/case_011_n1_B/report.json,/home/dreamboat/npu_r12_verify/NPU_R12/work/one6_B1L21/case_011_n1_B/control/r7/control_r6/control_work/components_result.official.json,326abeed7374e89306c9ebcb55d7daf2c119401dd9af1a664e0189448511ebcc,184697,0,0,0,,,,381c0ab39a186758d550abf2610f52565ef1ee314590dd7ef214dd28a1831416,184697,1.0
case_012,1,B,600.0,3.9508205149999753,/home/dreamboat/npu_r12_verify/NPU_R12/work/one6_B1L21/case_012_n1_B/selected_plan.json,/home/dreamboat/npu_r12_verify/NPU_R12/work/one6_B1L21/case_012_n1_B/report.json,/home/dreamboat/npu_r12_verify/NPU_R12/work/one6_B1L21/case_012_n1_B/control/r7/control_r6/control_work/component_ordered_result.official.json,33461e7e31c53eada675dadb0999d40e89ec5569338b0f8a41132d840e0c77d2,51532,0,0,0,,,,b327b652320c96e1affe9a9c9c5d938f63204b369443a0c63ebc6d3d1058c7d5,59088,1.1466273383528682
case_013,1,B,600.0,5.605724365000015,/home/dreamboat/npu_r12_verify/NPU_R12/work/one4_B1L21/case_013_n1_B/selected_plan.json,/home/dreamboat/npu_r12_verify/NPU_R12/work/one4_B1L21/case_013_n1_B/report.json,/home/dreamboat/npu_r12_verify/NPU_R12/work/one4_B1L21/case_013_n1_B/control/r7/control_r6/control_work/components_result.official.json,394f370cdd0747c70e916e456e65c2516d9be269a11c79ec8f2d1223150d94f7,263949,0,0,0,,,,c355c9da31a8713d20ab316355af7b26ac5c4ef2efda9c97a606e68a1081f6c7,263949,1.0
case_014,1,B,600.0,207.46027073799996,/home/dreamboat/npu_r12_verify/NPU_R12/work/one1_B1L21/case_014_n1_B/selected_plan.json,/home/dreamboat/npu_r12_verify/NPU_R12/work/one1_B1L21/case_014_n1_B/report.json,/home/dreamboat/npu_r12_verify/NPU_R12/work/one1_B1L21/case_014_n1_B/control/r7/control_r6/control_work/components_result.official.json,a5e4e49c877d09c17b002a8b3641594f5103e09f9da093048a4a9dc37acfa40c,17698626,71010720,0,71010720,,,,2b5e0fa4e027d78e9e97da376e0e2f893f85e7ccd689bdec5bb6dbb4541303ff,17698626,1.0
case_015,1,B,600.0,5.065575276000004,/home/dreamboat/npu_r12_verify/NPU_R12/work/one4_B1L21/case_015_n1_B/selected_plan.json,/home/dreamboat/npu_r12_verify/NPU_R12/work/one4_B1L21/case_015_n1_B/report.json,/home/dreamboat/npu_r12_verify/NPU_R12/work/one4_B1L21/case_015_n1_B/indexed_insertion/plan.meta.official.json,53d8d2bbf3b4a0ecf11e288a38d23be0e9077384e0d7ef7d15686f3624593ec9,158311,873464,0,873464,,,,dec8766d3c8c655534a45a7397eee5e105b512341561631fa1734d3690b8f1a1,177362,1.12033907940699
case_016,1,B,600.0,47.426877728999955,/home/dreamboat/npu_r12_verify/NPU_R12/work/one5_B1L21/case_016_n1_B/selected_plan.json,/home/dreamboat/npu_r12_verify/NPU_R12/work/one5_B1L21/case_016_n1_B/report.json,/home/dreamboat/npu_r12_verify/NPU_R12/work/one5_B1L21/case_016_n1_B/control/r7/control_r6/control_work/components_result.official.json,b1e6210ad39d2a0d8895751f078dc162739c7a223373a3ea95be601789b9d32b,7715523,0,0,0,,,,365d8cdfab33bb0558ccdb75b5dd9d7c44a1e9e61a4b2f91786132a80e0ac9ee,7715523,1.0
case_017,1,B,600.0,5.281574057,/home/dreamboat/npu_r12_verify/NPU_R12/work/one3_B1L21/case_017_n1_B/selected_plan.json,/home/dreamboat/npu_r12_verify/NPU_R12/work/one3_B1L21/case_017_n1_B/report.json,/home/dreamboat/npu_r12_verify/NPU_R12/work/one3_B1L21/case_017_n1_B/control/r7/control_r6/control_work/component_ordered_result.official.json,dcc260e178343aba3e0fcd7de5fb63002b3beff8995ab639b60733ba53b75c72,155189,0,0,0,,,,e26a936fa1a42b2f69c43cb31561507848f199ac8ed9c54753f58558a7371ac2,162810,1.0491078620263035
case_018,1,B,600.0,13.81777186200003,/home/dreamboat/npu_r12_verify/NPU_R12/work/one2_B1L21/case_018_n1_B/selected_plan.json,/home/dreamboat/npu_r12_verify/NPU_R12/work/one2_B1L21/case_018_n1_B/report.json,/home/dreamboat/npu_r12_verify/NPU_R12/work/one2_B1L21/case_018_n1_B/control/r7/control_r6/control_work/components_result.official.json,712728ec549233de0af375b0e692d777d2bdeda6a270ef6c879d0658149dfeb4,1004367,1970176,0,1970176,,,,d9ccda2ac4fb8e69f6a56f1023403c31bf9a0e4106fea7142e1219c880a62084,1004367,1.0
case_019,1,B,600.0,3.3019465179999656,/home/dreamboat/npu_r12_verify/NPU_R12/work/one2_B1L21/case_019_n1_B/selected_plan.json,/home/dreamboat/npu_r12_verify/NPU_R12/work/one2_B1L21/case_019_n1_B/report.json,/home/dreamboat/npu_r12_verify/NPU_R12/work/one2_B1L21/case_019_n1_B/indexed_insertion/plan.meta.official.json,083f58151ccbe6d2efd425481edb38cb749114dba7067353126dd95ef68c1ee9,74026,315392,0,315392,,,,a431edb8b09ecece207dbc7beeb97f0902e7f35f30471a38f6b5221fd6136d51,81144,1.0961554048577526
case_020,1,B,600.0,17.54725582399999,/home/dreamboat/npu_r12_verify/NPU_R12/work/one2_B1L21/case_020_n1_B/selected_plan.json,/home/dreamboat/npu_r12_verify/NPU_R12/work/one2_B1L21/case_020_n1_B/report.json,/home/dreamboat/npu_r12_verify/NPU_R12/work/one2_B1L21/case_020_n1_B/control/r7/control_r6/control_work/components_result.official.json,d1bd5af9e71ef1428fa510afa58f240b9052fa5cc739f1373e8f8d964156530c,532746,0,0,0,,,,4192c97b8563981f3addf0ff610867edd5c26ff5b7e37c8a08ed136b941058b2,532746,1.0
case_021,1,B,600.0,24.836013135999963,/home/dreamboat/npu_r12_verify/NPU_R12/work/one3_B1L21/case_021_n1_B/selected_plan.json,/home/dreamboat/npu_r12_verify/NPU_R12/work/one3_B1L21/case_021_n1_B/report.json,/home/dreamboat/npu_r12_verify/NPU_R12/work/one3_B1L21/case_021_n1_B/control/r7/control_r6/control_work/component_batch512_result.official.json,a7d5780d6a1017bef56d04ce8f0f1673ca08c3340c52468dc4f326234397de37,6567937,4501504,0,4501504,,,,e1397f468015d9bcb0eb99aeea34232310e5f30db8c38b1ec28bfd68ddd88fa0,6567937,1.0
case_022,1,B,600.0,5.353231657000038,/home/dreamboat/npu_r12_verify/NPU_R12/work/one2_B1L21/case_022_n1_B/selected_plan.json,/home/dreamboat/npu_r12_verify/NPU_R12/work/one2_B1L21/case_022_n1_B/report.json,/home/dreamboat/npu_r12_verify/NPU_R12/work/one2_B1L21/case_022_n1_B/control/r7/control_r6/control_work/component_batch512_result.official.json,e8257bfaa1385fde89d9f050dbe6b5be2aed7bdb267200b3104d1f4b1535eebd,56750,0,0,0,,,,cf6097f2223174c7ef576c3334ebd4c221d40819251d582083d635d3bd9a044a,56780,1.0005286343612334
case_023,1,B,600.0,5.651870357000007,/home/dreamboat/npu_r12_verify/NPU_R12/work/one5_B1L21/case_023_n1_B/selected_plan.json,/home/dreamboat/npu_r12_verify/NPU_R12/work/one5_B1L21/case_023_n1_B/report.json,/home/dreamboat/npu_r12_verify/NPU_R12/work/one5_B1L21/case_023_n1_B/indexed_insertion/plan.meta.official.json,b4f8dd0628697638218d9d4c25c357a4c8ab2dfd90181c719b9336869d676b06,109495,1100056,0,1100056,,,,3e9a18ccaa60e38bf9c44f2eb3f2ca75eeac0ac3a62db44f1dc8959fcf619b60,122614,1.1198136901228366
case_024,1,B,600.0,9.63533410499997,/home/dreamboat/npu_r12_verify/NPU_R12/work/one6_B1L21/case_024_n1_B/selected_plan.json,/home/dreamboat/npu_r12_verify/NPU_R12/work/one6_B1L21/case_024_n1_B/report.json,/home/dreamboat/npu_r12_verify/NPU_R12/work/one6_B1L21/case_024_n1_B/control/r7/control_r6/control_work/components_result.official.json,61744db6bc5a11337f3647d80ab0a1b9c788fe0e5f3daa1d555b1d15eced33a9,2555343,0,0,0,,,,45469ec101f732c0b87d3f91e2e9281e42c2d91176f0f31dcfb50f5cef5311dc,2555343,1.0
case_025,1,B,600.0,212.48697659799996,/home/dreamboat/npu_r12_verify/NPU_R12/work/one6_B1L21/case_025_n1_B/selected_plan.json,/home/dreamboat/npu_r12_verify/NPU_R12/work/one6_B1L21/case_025_n1_B/report.json,/home/dreamboat/npu_r12_verify/NPU_R12/work/one6_B1L21/case_025_n1_B/control/r7/control_r6/control_work/component_batch512_result.official.json,7de81ce1b79a7b2f029fde5dcf322541e14412395c66a8d80887c04244c65d86,4863026,0,0,0,,,,3f5dc2348339a3d1965ad54a4d5e6f856f82cdf618f40937c94d3c4643f7467c,4863026,1.0
case_026,1,B,600.0,3.1437056099999836,/home/dreamboat/npu_r12_verify/NPU_R12/work/one5_B1L21/case_026_n1_B/selected_plan.json,/home/dreamboat/npu_r12_verify/NPU_R12/work/one5_B1L21/case_026_n1_B/report.json,/home/dreamboat/npu_r12_verify/NPU_R12/work/one5_B1L21/case_026_n1_B/control/r7/control_r6/control_work/component_ordered_result.official.json,78cab0917d0130c50f4a66e65f513c41b4b9cf36282d7ab670be5681585d4c8d,90235,0,0,0,,,,87a2ed2e5a8a8d113ddbc594cbb12901dfa9bdadaa1fff733e719bde140a8ebe,99203,1.0993849393250956
case_027,1,B,600.0,7.559208421999983,/home/dreamboat/npu_r12_verify/NPU_R12/work/one1_B1L21/case_027_n1_B/selected_plan.json,/home/dreamboat/npu_r12_verify/NPU_R12/work/one1_B1L21/case_027_n1_B/report.json,/home/dreamboat/npu_r12_verify/NPU_R12/work/one1_B1L21/case_027_n1_B/control/r7/control_r6/control_work/component_batch512_result.official.json,3c47607f5f85c8862aef7f295fb4186d5d0528e2956d63400ed6b45d9769c77a,2363952,1400832,0,1400832,,,,3e76a29c448dfd652a71ac1a2aafde56c3ee65d8b15bd7e55ea5cc77128072a3,2363952,1.0
case_028,1,B,600.0,167.74160285800002,/home/dreamboat/npu_r12_verify/NPU_R12/work/one3_B1L21/case_028_n1_B/selected_plan.json,/home/dreamboat/npu_r12_verify/NPU_R12/work/one3_B1L21/case_028_n1_B/report.json,/home/dreamboat/npu_r12_verify/NPU_R12/work/one3_B1L21/case_028_n1_B/control/r7/control_r6/control_work/chainwave_result.official.json,2af38ca6949aa046e3b973d5c32d44b0e01a94fdc8ecd4a8a948f2411be463d0,41576363,62779392,0,62779392,,,,9e7e3cceffc533350da76a9f5c9afa92ea4c5a7a68c11b37189a4dd48370537a,43836040,1.054350040189903
case_029,1,B,600.0,1.9964885089999598,/home/dreamboat/npu_r12_verify/NPU_R12/work/one1_B1L21/case_029_n1_B/selected_plan.json,/home/dreamboat/npu_r12_verify/NPU_R12/work/one1_B1L21/case_029_n1_B/report.json,/home/dreamboat/npu_r12_verify/NPU_R12/work/one1_B1L21/case_029_n1_B/control/r7/control_r6/control_work/components_result.official.json,87202c7ca431da7a9bc5bc370b914e9e6d3898a4b322b4c76c36fbeaf34ec3f2,37555,0,0,0,,,,b9c5e98f5a60db5dbb554b0be8f44241688883eb61445ee593c3e0eb4e443973,37555,1.0
case_030,1,B,600.0,41.356003137000016,/home/dreamboat/npu_r12_verify/NPU_R12/work/one5_B1L21/case_030_n1_B/selected_plan.json,/home/dreamboat/npu_r12_verify/NPU_R12/work/one5_B1L21/case_030_n1_B/report.json,/home/dreamboat/npu_r12_verify/NPU_R12/work/one5_B1L21/case_030_n1_B/control/r7/control_r6/control_work/components_result.official.json,695ba15fd4a382264eaf53253d32897ea4e15c2df7fe59476e6b9621c60902c9,2808034,5519360,0,5519360,,,,c6ef4bf3df18b7f1eecbabf286e3a89ba6c0ef02c739baf63b7d6d097fb1282e,2808034,1.0
case_031,1,B,600.0,37.15557380200005,/home/dreamboat/npu_r12_verify/NPU_R12/work/one1_B1L21/case_031_n1_B/selected_plan.json,/home/dreamboat/npu_r12_verify/NPU_R12/work/one1_B1L21/case_031_n1_B/report.json,/home/dreamboat/npu_r12_verify/NPU_R12/work/one1_B1L21/case_031_n1_B/control/r7/control_r6/control_work/component_batch512_result.official.json,71d956684d206d604affb8444ca13e68d625839a7866349bcfeb0513a6047754,1412792,2251776,0,2251776,,,,d7e6c54da7434a529d4f2c1d6fb7137449bd12bf41cf8c05582f16e44c7516ac,1414369,1.0011162294237226
case_032,1,B,600.0,2.9362263980000307,/home/dreamboat/npu_r12_verify/NPU_R12/work/one2_B1L21/case_032_n1_B/selected_plan.json,/home/dreamboat/npu_r12_verify/NPU_R12/work/one2_B1L21/case_032_n1_B/report.json,/home/dreamboat/npu_r12_verify/NPU_R12/work/one2_B1L21/case_032_n1_B/control/r7/control_r6/control_work/component_ordered_result.official.json,fb3410aa3a7e767de49f47291c791655e765c7c9fb29c005d9b07f90a6c46235,34524,0,0,0,,,,bbe82f05635dac46ca629badfd268da09eb51d241f8369883162f287b56ef0ff,41443,1.2004113080755416
case_033,1,B,600.0,12.043095538999978,/home/dreamboat/npu_r12_verify/NPU_R12/work/one4_B1L21/case_033_n1_B/selected_plan.json,/home/dreamboat/npu_r12_verify/NPU_R12/work/one4_B1L21/case_033_n1_B/report.json,/home/dreamboat/npu_r12_verify/NPU_R12/work/one4_B1L21/case_033_n1_B/control/r7/control_r6/control_work/components_result.official.json,e52749b88ae5c358d4226667b4acacd235b8533ef1466a8a93841294f776a2c8,1774196,4592640,0,4592640,,,,16917b3e3d8db93fd5a0b1264911500af961ac729f1b35ec6658e8c9087fb97a,1774196,1.0
case_034,1,B,600.0,21.719675983000002,/home/dreamboat/npu_r12_verify/NPU_R12/work/one6_B1L21/case_034_n1_B/selected_plan.json,/home/dreamboat/npu_r12_verify/NPU_R12/work/one6_B1L21/case_034_n1_B/report.json,/home/dreamboat/npu_r12_verify/NPU_R12/work/one6_B1L21/case_034_n1_B/control/r7/control_r6/control_work/component_ordered_result.official.json,02c88d3dafbf72741fb38075c81e314c19d57b8b23c2f37a8c5d2c09a55cd714,825894,0,0,0,,,,4d3bcc6035f828819be4d49dfba383c7f6dcdca84bbc800554789b41dcfaf185,842996,1.0207072578321188
case_035,1,B,600.0,13.826591474999987,/home/dreamboat/npu_r12_verify/NPU_R12/work/one1_B1L21/case_035_n1_B/selected_plan.json,/home/dreamboat/npu_r12_verify/NPU_R12/work/one1_B1L21/case_035_n1_B/report.json,/home/dreamboat/npu_r12_verify/NPU_R12/work/one1_B1L21/case_035_n1_B/indexed_insertion/plan.meta.official.json,3823e1c7607a24064e7d131f850447d2da252d5378bd776d0342ce4887818c63,162870,0,0,0,,,,956f7f8b6ae7fe450e8612eaea9c132367aea423391458ce3ff8aed99d177fdf,169571,1.0411432430773009
case_036,1,B,600.0,7.184118821999959,/home/dreamboat/npu_r12_verify/NPU_R12/work/one3_B1L21/case_036_n1_B/selected_plan.json,/home/dreamboat/npu_r12_verify/NPU_R12/work/one3_B1L21/case_036_n1_B/report.json,/home/dreamboat/npu_r12_verify/NPU_R12/work/one3_B1L21/case_036_n1_B/control/r7/control_r6/control_work/components_result.official.json,940de327dbed0d47f9a22e2d10e79ec9007c8bcd075a38eda48ae9c9fe6de371,931510,0,0,0,,,,7127be375826ba36e862e8068d584e7c6f4287c658a80ab9c1b16ce7dfb07947,931510,1.0
case_037,1,B,600.0,2.311844659999906,/home/dreamboat/npu_r12_verify/NPU_R12/work/one1_B1L21/case_037_n1_B/selected_plan.json,/home/dreamboat/npu_r12_verify/NPU_R12/work/one1_B1L21/case_037_n1_B/report.json,/home/dreamboat/npu_r12_verify/NPU_R12/work/one1_B1L21/case_037_n1_B/control/r7/control_r6/control_work/components_result.official.json,7afb948eedd0e8fcdc7f3a2af3a46c3838b7a02a25777455761e250c977b85cc,210001,0,0,0,,,,199d7a08d06c1b22ed2a0292112f44f60162c05430c356ddc518fcb78fc96337,210001,1.0
case_038,1,B,600.0,20.58850050400008,/home/dreamboat/npu_r12_verify/NPU_R12/work/one5_B1L21/case_038_n1_B/selected_plan.json,/home/dreamboat/npu_r12_verify/NPU_R12/work/one5_B1L21/case_038_n1_B/report.json,/home/dreamboat/npu_r12_verify/NPU_R12/work/one5_B1L21/case_038_n1_B/control/r7/control_r6/control_work/components_result.official.json,427bad7d50ee68dc4f5050d64614812ff88375f1f09d1cd0ac4fc2ebcbc2e958,1364555,5627904,0,5627904,,,,4a2607f2bfea209a8e50ddb80046bc9d6f7ecab77f239db953c49fe40d343cc8,1364555,1.0
case_039,1,B,600.0,44.62979381600002,/home/dreamboat/npu_r12_verify/NPU_R12/work/one2_B1L21/case_039_n1_B/selected_plan.json,/home/dreamboat/npu_r12_verify/NPU_R12/work/one2_B1L21/case_039_n1_B/report.json,/home/dreamboat/npu_r12_verify/NPU_R12/work/one2_B1L21/case_039_n1_B/control/r7/control_r6/control_work/component_batch512_result.official.json,79bae8030b4afb0d7dab5bb538739d9243625eae6968d56d60a87dc8f9670834,1435262,7929856,0,7929856,,,,f3513a8d32291b3266d7c64ec6b9d78c2d5b3cfe6756f7de2b8da233e35e44e0,1435262,1.0
case_040,1,B,600.0,12.129411890000029,/home/dreamboat/npu_r12_verify/NPU_R12/work/one1_B1L21/case_040_n1_B/selected_plan.json,/home/dreamboat/npu_r12_verify/NPU_R12/work/one1_B1L21/case_040_n1_B/report.json,/home/dreamboat/npu_r12_verify/NPU_R12/work/one1_B1L21/case_040_n1_B/control/r7/control_r6/control_work/component_ordered_result.official.json,8611fbb63e412db42c180ff580f0b7bf6b68cfb5f9b74c485a5283b955c0ac5e,236131,0,0,0,,,,3251241eadaf61a2c08b9f4e106d9b7ce20adc580a7e1a29f732718990940967,253454,1.0733618203454862
case_041,1,B,600.0,88.02677417799987,/home/dreamboat/npu_r12_verify/NPU_R12/work/one1_B1L21/case_041_n1_B/selected_plan.json,/home/dreamboat/npu_r12_verify/NPU_R12/work/one1_B1L21/case_041_n1_B/report.json,/home/dreamboat/npu_r12_verify/NPU_R12/work/one1_B1L21/case_041_n1_B/control/r7/control_r6/control_work/components_result.official.json,1c520742e91d8c749db4fd59cb969fa3bacfaeb9179dc14a56591e5be8b79cb8,6003957,30898176,0,30898176,,,,5c3cf3cceb4da1a307e86a3dfd0a6fc97ecde8b1d79bd204a86e2edd2307a555,6003957,1.0
case_042,1,B,600.0,33.665033182,/home/dreamboat/npu_r12_verify/NPU_R12/work/one2_B1L21/case_042_n1_B/selected_plan.json,/home/dreamboat/npu_r12_verify/NPU_R12/work/one2_B1L21/case_042_n1_B/report.json,/home/dreamboat/npu_r12_verify/NPU_R12/work/one2_B1L21/case_042_n1_B/control/r7/control_r6/control_work/components_result.official.json,b57dfc45fb9ffe0d8cf7c7622b37b40719cc21b2445f0819229ccdc8df090c99,1686740,6629376,0,6629376,,,,47fb22797bcdfa2acd8abfe3595faacc24cf467fd41fe8b7e7fab46ae0de10e7,1686740,1.0
case_043,1,B,600.0,54.80741629600004,/home/dreamboat/npu_r12_verify/NPU_R12/work/one4_B1L21/case_043_n1_B/selected_plan.json,/home/dreamboat/npu_r12_verify/NPU_R12/work/one4_B1L21/case_043_n1_B/report.json,/home/dreamboat/npu_r12_verify/NPU_R12/work/one4_B1L21/case_043_n1_B/control/r7/control_r6/control_work/chainwave_result.official.json,89735af61bef16b3dd2da82db6e9f9783dcd4f299b0b004a1705848ec6de3b7f,644058,2867036,0,2867036,,,,60d291e72033d81937005c4d1b2a751b3021824db145dd80a6039cf91bc1d2bc,677656,1.0521661092634513
case_044,1,B,600.0,5.133789256,/home/dreamboat/npu_r12_verify/NPU_R12/work/one5_B1L21/case_044_n1_B/selected_plan.json,/home/dreamboat/npu_r12_verify/NPU_R12/work/one5_B1L21/case_044_n1_B/report.json,/home/dreamboat/npu_r12_verify/NPU_R12/work/one5_B1L21/case_044_n1_B/control/r7/control_r6/control_work/chainwave_result.official.json,1bf0ee6e240bbdae12016cddf85ea9ed1e8d5d849016c91fe3189f45cff7a156,78274,0,0,0,,,,0712df1dcf5ce0570d6cf0d4d9ba5d6a35dbc0c7af5abe4512ec00ee0edff49e,154407,1.9726473669417686
case_045,1,B,600.0,3.1164580930000056,/home/dreamboat/npu_r12_verify/NPU_R12/work/one4_B1L21/case_045_n1_B/selected_plan.json,/home/dreamboat/npu_r12_verify/NPU_R12/work/one4_B1L21/case_045_n1_B/report.json,/home/dreamboat/npu_r12_verify/NPU_R12/work/one4_B1L21/case_045_n1_B/control/r7/control_r6/control_work/components_result.official.json,959aed207010db83c1b356f02acf9cf1c4d3c32990f1a4e1c0fc015a276ad7e5,125614,0,0,0,,,,2d93db93a3c20468177a46276dfd4a4b38464f0c246b6aa84e65cd7244425d74,125614,1.0
case_046,1,B,600.0,4.417663435999998,/home/dreamboat/npu_r12_verify/NPU_R12/work/one5_B1L21/case_046_n1_B/selected_plan.json,/home/dreamboat/npu_r12_verify/NPU_R12/work/one5_B1L21/case_046_n1_B/report.json,/home/dreamboat/npu_r12_verify/NPU_R12/work/one5_B1L21/case_046_n1_B/control/r7/control_r6/control_work/chainwave_result.official.json,be920c797a541c0881c1413ad666e861d1a0ed1b109e6777c5c27415db288e0a,216726,0,0,0,,,,c8ac6cff787df0b21c0cde1f59979f06e811a3471ef5189375565e264fb872bd,276455,1.275596836558604
case_047,1,B,600.0,32.33271629400008,/home/dreamboat/npu_r12_verify/NPU_R12/work/one2_B1L21/case_047_n1_B/selected_plan.json,/home/dreamboat/npu_r12_verify/NPU_R12/work/one2_B1L21/case_047_n1_B/report.json,/home/dreamboat/npu_r12_verify/NPU_R12/work/one2_B1L21/case_047_n1_B/indexed_insertion/plan.meta.official.json,3282285e8a00584a38ddde7aa6eee59b5968cfb5384d4e53fa2b4755a2cdf497,291280,0,0,0,,,,c9806836b56fa55879fc4eb26317acac234b37e94f7ef22d7a5e20f3a711af53,326508,1.1209420488876682
case_048,1,B,600.0,4.567823561999944,/home/dreamboat/npu_r12_verify/NPU_R12/work/one5_B1L21/case_048_n1_B/selected_plan.json,/home/dreamboat/npu_r12_verify/NPU_R12/work/one5_B1L21/case_048_n1_B/report.json,/home/dreamboat/npu_r12_verify/NPU_R12/work/one5_B1L21/case_048_n1_B/indexed_insertion/plan.meta.official.json,ceec7a7a0985cf2e1ce756f7d32afcc5b7098bf27683257c017f644f8ba750c2,198369,0,0,0,,,,a4cc06e17202fe22b4ae3a7490150897499ff4b20db832c40b0476183344b19f,222220,1.1202355206710726
case_049,1,B,600.0,16.882764082999984,/home/dreamboat/npu_r12_verify/NPU_R12/work/one5_B1L21/case_049_n1_B/selected_plan.json,/home/dreamboat/npu_r12_verify/NPU_R12/work/one5_B1L21/case_049_n1_B/report.json,/home/dreamboat/npu_r12_verify/NPU_R12/work/one5_B1L21/case_049_n1_B/indexed_insertion/plan.meta.official.json,d110a2efa79a6ead45770fb3bef4eb0f04abbf918ccad1c447f8c317f6bc3e56,181681,27658,0,27658,,,,2499353a86576093cc8467ab6e21cae2a61277b8e8b9871901d722c59d3238bd,196276,1.0803331113325003
case_050,1,B,600.0,20.614191121999966,/home/dreamboat/npu_r12_verify/NPU_R12/work/one2_B1L21/case_050_n1_B/selected_plan.json,/home/dreamboat/npu_r12_verify/NPU_R12/work/one2_B1L21/case_050_n1_B/report.json,/home/dreamboat/npu_r12_verify/NPU_R12/work/one2_B1L21/case_050_n1_B/indexed_insertion/plan.meta.official.json,fcf4380a5785519b84e1182173c830847f4158be856b647685b5a873b802e18d,142450,702996,0,702996,,,,d7c64c80b0077bae20efda3d92097a862a23249576cf3e88e1e01250ab17127a,149690,1.0508248508248508
case_051,1,B,600.0,1.9282040719999713,/home/dreamboat/npu_r12_verify/NPU_R12/work/one6_B1L21/case_051_n1_B/selected_plan.json,/home/dreamboat/npu_r12_verify/NPU_R12/work/one6_B1L21/case_051_n1_B/report.json,/home/dreamboat/npu_r12_verify/NPU_R12/work/one6_B1L21/case_051_n1_B/control/r7/control_r6/control_work/components_result.official.json,22347709c3537d22f9a33e8de45703837be0d8a892c751b9f5c5a0524ef94bef,607628,0,0,0,,,,85c0a07166ce34d5323f2b7052a351ad7088227627d2d109bfddc3630a2ac8da,607628,1.0
case_052,1,B,600.0,4.275253012000007,/home/dreamboat/npu_r12_verify/NPU_R12/work/one2_B1L21/case_052_n1_B/selected_plan.json,/home/dreamboat/npu_r12_verify/NPU_R12/work/one2_B1L21/case_052_n1_B/report.json,/home/dreamboat/npu_r12_verify/NPU_R12/work/one2_B1L21/case_052_n1_B/control/r7/control_r6/control_work/component_batch512_result.official.json,73d79321ddb874d6a93b81f9eb18796d8269441c23f1884e1f0ca4fedf45413d,175278,0,0,0,,,,efebafcf6f71c23cdb5d65662a46e765ffba111a833e0cb988d7cf57efb0acda,180301,1.0286573329225572
case_053,1,B,600.0,50.292389676999846,/home/dreamboat/npu_r12_verify/NPU_R12/work/one6_B1L21/case_053_n1_B/selected_plan.json,/home/dreamboat/npu_r12_verify/NPU_R12/work/one6_B1L21/case_053_n1_B/report.json,/home/dreamboat/npu_r12_verify/NPU_R12/work/one6_B1L21/case_053_n1_B/indexed_insertion/plan.meta.official.json,1b1c91af49f859af35625c1aec3f7af984530e9cf9bfdc30bf33e753d8fe58f7,1341846,855054,0,855054,,,,545f6e4c022be4df50e749efb459be14a3169706b8f71054b0e94bfe0c8f80d7,1472686,1.0975074635986544
case_054,1,B,600.0,60.089826097000014,/home/dreamboat/npu_r12_verify/NPU_R12/work/one4_B1L21/case_054_n1_B/selected_plan.json,/home/dreamboat/npu_r12_verify/NPU_R12/work/one4_B1L21/case_054_n1_B/report.json,/home/dreamboat/npu_r12_verify/NPU_R12/work/one4_B1L21/case_054_n1_B/control/r7/control_r6/control_work/components_result.official.json,b6097f92a945402f01bab7693ec1998491016d4cd0793b4516e3010039029690,815051,0,0,0,,,,d457271b4399d80938952cfd50e7680c2988cb3545f22119750cd53186adbf1f,815051,1.0
case_055,1,B,600.0,5.011498878999987,/home/dreamboat/npu_r12_verify/NPU_R12/work/one5_B1L21/case_055_n1_B/selected_plan.json,/home/dreamboat/npu_r12_verify/NPU_R12/work/one5_B1L21/case_055_n1_B/report.json,/home/dreamboat/npu_r12_verify/NPU_R12/work/one5_B1L21/case_055_n1_B/indexed_insertion/plan.meta.official.json,8eaa11530b6d29a0bbcad6c67c8a8a6af503bef5ed3c117faa4b1eccd776b0e7,106616,282696,0,282696,,,,490a0d4cb26043dfe6b753342872071e91dad60c0fb70af7cd76be1a07bcf255,118835,1.1146075635927066
case_056,1,B,600.0,36.51500365000004,/home/dreamboat/npu_r12_verify/NPU_R12/work/one3_B1L21/case_056_n1_B/selected_plan.json,/home/dreamboat/npu_r12_verify/NPU_R12/work/one3_B1L21/case_056_n1_B/report.json,/home/dreamboat/npu_r12_verify/NPU_R12/work/one3_B1L21/case_056_n1_B/indexed_insertion/plan.meta.official.json,6df63837f50464b92ae3e3c90e5e582d65ee338efb17ced61e9f9033597570f5,258692,25618,0,25618,,,,9c1bd817f9e78fc5deffe29c60370a33cd99cd77dfac57942182493bb1e2d0ad,277285,1.071873115519614
case_057,1,B,600.0,3.532620902000076,/home/dreamboat/npu_r12_verify/NPU_R12/work/one3_B1L21/case_057_n1_B/selected_plan.json,/home/dreamboat/npu_r12_verify/NPU_R12/work/one3_B1L21/case_057_n1_B/report.json,/home/dreamboat/npu_r12_verify/NPU_R12/work/one3_B1L21/case_057_n1_B/control/r7/control_r6/control_work/component_ordered_result.official.json,0274e6f2044e4d6045c67f2eb80edf7f36c4cefc1746cd0ae3d0bb4157f0d519,59056,0,0,0,,,,b98feb8e0af3d14eb4cadab49670c1ac479748cdde3b22c1d92cf929b6b64d24,59726,1.0113451639122188
case_058,1,B,600.0,129.24581270499993,/home/dreamboat/npu_r12_verify/NPU_R12/work/one2_B1L21/case_058_n1_B/selected_plan.json,/home/dreamboat/npu_r12_verify/NPU_R12/work/one2_B1L21/case_058_n1_B/report.json,/home/dreamboat/npu_r12_verify/NPU_R12/work/one2_B1L21/case_058_n1_B/control/r7/control_r6/control_work/component_batch512_result.official.json,ea26d38e842ce72a3540a829fb380f224c63d72ea56b2c1bd063bd52ca5b71d0,4539717,28696576,0,28696576,,,,994cb9e8db88e8af0cabcd8a1ea4df9836e9cc65f7944c5846b6a544410d77f8,4539717,1.0
case_059,1,B,600.0,6.582726082000022,/home/dreamboat/npu_r12_verify/NPU_R12/work/one5_B1L21/case_059_n1_B/selected_plan.json,/home/dreamboat/npu_r12_verify/NPU_R12/work/one5_B1L21/case_059_n1_B/report.json,/home/dreamboat/npu_r12_verify/NPU_R12/work/one5_B1L21/case_059_n1_B/control/r7/control_r6/control_work/component_ordered_result.official.json,d54670656ffcbdb31d7d83932c7d4f85db3bad9482c703ae3986ea7a62173546,738041,0,0,0,,,,8ab69cd9c692b106e7a9f3de170fa5475424c0dc831ca4a60056fad3e7c8e551,829473,1.123884716431743
case_060,1,B,600.0,39.51427229800015,/home/dreamboat/npu_r12_verify/NPU_R12/work/one6_B1L21/case_060_n1_B/selected_plan.json,/home/dreamboat/npu_r12_verify/NPU_R12/work/one6_B1L21/case_060_n1_B/report.json,/home/dreamboat/npu_r12_verify/NPU_R12/work/one6_B1L21/case_060_n1_B/control/r7/control_r6/control_work/component_batch512_result.official.json,0400c314e15c990e6bba1729adc6350a5df6315edba26f81adee663d835cf99e,882690,1439748,0,1439748,,,,e549a8abace06a4800ff5175a95e3af14125450eb5c6ec78aeec4b911bd95370,888789,1.0069095605478706
case_061,1,B,600.0,4.268696832000046,/home/dreamboat/npu_r12_verify/NPU_R12/work/one4_B1L21/case_061_n1_B/selected_plan.json,/home/dreamboat/npu_r12_verify/NPU_R12/work/one4_B1L21/case_061_n1_B/report.json,/home/dreamboat/npu_r12_verify/NPU_R12/work/one4_B1L21/case_061_n1_B/control/r7/control_r6/control_work/components_result.official.json,1bdb86641997253d765812ab70bfc0e4f8f8e2c9fb967b1e5d65c7b047a069f9,77191,0,0,0,,,,6aa79cdb153dadcf503ccb895b3793a508fe8ff7ab4a5f82626513317024789f,77191,1.0
case_062,1,B,600.0,72.58994846200017,/home/dreamboat/npu_r12_verify/NPU_R12/work/one6_B1L21/case_062_n1_B/selected_plan.json,/home/dreamboat/npu_r12_verify/NPU_R12/work/one6_B1L21/case_062_n1_B/report.json,/home/dreamboat/npu_r12_verify/NPU_R12/work/one6_B1L21/case_062_n1_B/control/r7/control_r6/control_work/components_result.official.json,137aa77367a6beefabe329c32c96dad35eeece6f85841a60583acafcb264860f,2854809,0,0,0,,,,a99d18ff9ba63aa51e2a5d5b987b5be935fdfe27be930b2f133803df8b623792,2854809,1.0
case_063,1,B,600.0,31.67191269700004,/home/dreamboat/npu_r12_verify/NPU_R12/work/one3_B1L21/case_063_n1_B/selected_plan.json,/home/dreamboat/npu_r12_verify/NPU_R12/work/one3_B1L21/case_063_n1_B/report.json,/home/dreamboat/npu_r12_verify/NPU_R12/work/one3_B1L21/case_063_n1_B/control/r7/control_r6/control_work/components_result.official.json,e26465a1a2448f460f087855789a17f4013862c50f7360d0479683dbe7a37566,1070397,0,0,0,,,,331c8f5b47db9debcd2735641b364798f511592b368f32114bc697f773b1ec45,1070397,1.0
case_064,1,B,600.0,4.348432887999934,/home/dreamboat/npu_r12_verify/NPU_R12/work/one2_B1L21/case_064_n1_B/selected_plan.json,/home/dreamboat/npu_r12_verify/NPU_R12/work/one2_B1L21/case_064_n1_B/report.json,/home/dreamboat/npu_r12_verify/NPU_R12/work/one2_B1L21/case_064_n1_B/indexed_insertion/plan.meta.official.json,4911a7627cb18941bf9b161db61bb2b29d40d2f147dd59356c3cc4e0d2ad61ac,17184,0,0,0,,,,8c9483f386ddf1ee6c303f5a2f9158f23c2d18a10526ad7d59c65fa187fd5850,19116,1.1124301675977655
case_065,1,B,600.0,3.1510453610000013,/home/dreamboat/npu_r12_verify/NPU_R12/work/one5_B1L21/case_065_n1_B/selected_plan.json,/home/dreamboat/npu_r12_verify/NPU_R12/work/one5_B1L21/case_065_n1_B/report.json,/home/dreamboat/npu_r12_verify/NPU_R12/work/one5_B1L21/case_065_n1_B/indexed_insertion/plan.meta.official.json,7d668df22bb8777746bfc4e6b35d4a9a3849242dac5fba4ccb2d1b6fe3ee2f49,44156,0,0,0,,,,14ea7820d0b782dc248c9f41a2f7444f57af0adb54eed5e124c60f9f1b67ce2d,53068,1.2018298758945556
case_066,1,B,600.0,21.93797176199996,/home/dreamboat/npu_r12_verify/NPU_R12/work/one3_B1L21/case_066_n1_B/selected_plan.json,/home/dreamboat/npu_r12_verify/NPU_R12/work/one3_B1L21/case_066_n1_B/report.json,/home/dreamboat/npu_r12_verify/NPU_R12/work/one3_B1L21/case_066_n1_B/indexed_insertion/plan.meta.official.json,4e1bede2057a476e21abfb454ff77008925096e6d94fdc11c10aa647cbf1f1ab,318124,75272,0,75272,,,,3399f1bc7194160b7ad9eec92c1ec9550d34dd308f3debe282d307d91ee1d3dd,359070,1.1287108171656335
case_067,1,B,600.0,79.9984191919998,/home/dreamboat/npu_r12_verify/NPU_R12/work/one2_B1L21/case_067_n1_B/selected_plan.json,/home/dreamboat/npu_r12_verify/NPU_R12/work/one2_B1L21/case_067_n1_B/report.json,/home/dreamboat/npu_r12_verify/NPU_R12/work/one2_B1L21/case_067_n1_B/control/r7/control_r6/control_work/component_batch512_result.official.json,dba798614f56adeffd49adbdff41d5c1c1a633b143c17500185d1dab83e4fe9c,63834834,264449408,0,264449408,,,,3d7b28f7529dd13bf9fad4bb4e65faaefaf658ac154aaf15ac7048834a56418a,63834834,1.0
case_068,1,B,600.0,25.590326539999978,/home/dreamboat/npu_r12_verify/NPU_R12/work/one1_B1L21/case_068_n1_B/selected_plan.json,/home/dreamboat/npu_r12_verify/NPU_R12/work/one1_B1L21/case_068_n1_B/report.json,/home/dreamboat/npu_r12_verify/NPU_R12/work/one1_B1L21/case_068_n1_B/indexed_insertion/plan.meta.official.json,fb26491b93ff5cdad8a7c9af7ad2ef09c320e3b7ed937d9f7c4f39d6921c97a5,328200,531976,0,531976,,,,ae36ad0fba9ba0730a766658836217d4cb2e597e8dc6e1335ef74896cb63b569,362095,1.1032754418037782
case_069,1,B,600.0,2.858525329000031,/home/dreamboat/npu_r12_verify/NPU_R12/work/one3_B1L21/case_069_n1_B/selected_plan.json,/home/dreamboat/npu_r12_verify/NPU_R12/work/one3_B1L21/case_069_n1_B/report.json,/home/dreamboat/npu_r12_verify/NPU_R12/work/one3_B1L21/case_069_n1_B/indexed_insertion/plan.meta.official.json,9473e2c777c0c97f3fed19d04f03a9bbf6b624ed0868e15ea202de889e048b94,21597,0,0,0,,,,4e77cfa9282fa354993a3911b50fd58e8b2ffadf97fd98c09939e909b470cc12,25144,1.1642357734870583
case_070,1,B,600.0,6.681044961999987,/home/dreamboat/npu_r12_verify/NPU_R12/work/one1_B1L21/case_070_n1_B/selected_plan.json,/home/dreamboat/npu_r12_verify/NPU_R12/work/one1_B1L21/case_070_n1_B/report.json,/home/dreamboat/npu_r12_verify/NPU_R12/work/one1_B1L21/case_070_n1_B/indexed_insertion/plan.meta.official.json,b3c427e603f30206f57b9f9f10bbb0a5e364d354044e87a4494aa1fc438c01b2,110849,0,0,0,,,,2fea2fa50647d2d44ebccc612b7d0de6cbdfd61753ff95f61f0fc335735c8070,117300,1.0581962850364008
case_071,1,B,600.0,2.5286827590000485,/home/dreamboat/npu_r12_verify/NPU_R12/work/one1_B1L21/case_071_n1_B/selected_plan.json,/home/dreamboat/npu_r12_verify/NPU_R12/work/one1_B1L21/case_071_n1_B/report.json,/home/dreamboat/npu_r12_verify/NPU_R12/work/one1_B1L21/case_071_n1_B/indexed_insertion/plan.meta.official.json,24e2eef6d3d42f25e7a325560d8488ceac8adea343ff0bd442a1fcce6c5e51bc,15824,0,0,0,,,,45cf59975e98b4f9142971696c6322980dfdd97bfcc9b6a12693f27ed9e853d3,18919,1.1955889787664307
case_072,1,B,600.0,237.84207574800007,/home/dreamboat/npu_r12_verify/NPU_R12/work/one4_B1L21/case_072_n1_B/selected_plan.json,/home/dreamboat/npu_r12_verify/NPU_R12/work/one4_B1L21/case_072_n1_B/report.json,/home/dreamboat/npu_r12_verify/NPU_R12/work/one4_B1L21/case_072_n1_B/control/r7/control_r6/control_work/components_result.official.json,be618182ad2271e1bcab3c16cd906a0aece9f20645937267f22eba86b8937d3a,23897828,108613680,0,108613680,,,,b22d248d50d1745b31d8450a43037b856ad3bcc8abc010d4fb97adba27174940,23897828,1.0
case_073,1,B,600.0,31.7852549549998,/home/dreamboat/npu_r12_verify/NPU_R12/work/one1_B1L21/case_073_n1_B/selected_plan.json,/home/dreamboat/npu_r12_verify/NPU_R12/work/one1_B1L21/case_073_n1_B/report.json,/home/dreamboat/npu_r12_verify/NPU_R12/work/one1_B1L21/case_073_n1_B/control/r7/control_r6/control_work/chainwave_result.official.json,cc713ca3063edf5487df6901be4f8bb8134d89edf0cfcbb66578515384cf19f3,9839163,90447872,0,90447872,,,,49476d7635cd75bf112f10e168933c364dd2b63b874dd76f83d2fed6b48f4578,10081626,1.0246426449079054
case_074,1,B,600.0,23.600456999000016,/home/dreamboat/npu_r12_verify/NPU_R12/work/one2_B1L21/case_074_n1_B/selected_plan.json,/home/dreamboat/npu_r12_verify/NPU_R12/work/one2_B1L21/case_074_n1_B/report.json,/home/dreamboat/npu_r12_verify/NPU_R12/work/one2_B1L21/case_074_n1_B/control/extra/m1_ordered_2048.official.json,de05bfca459870f5ff39d1a1578a003bd8e424872d057c0159598339ff873660,1651943,5255176,0,5255176,,,,1be6a606fc8bcec104c1bb1c77281ced9529af02aa98cc35b28632a7166a517a,1682239,1.0183396158342024
case_075,1,B,600.0,26.826334589,/home/dreamboat/npu_r12_verify/NPU_R12/work/one4_B1L21/case_075_n1_B/selected_plan.json,/home/dreamboat/npu_r12_verify/NPU_R12/work/one4_B1L21/case_075_n1_B/report.json,/home/dreamboat/npu_r12_verify/NPU_R12/work/one4_B1L21/case_075_n1_B/control/r7/control_r6/control_work/chainwave_result.official.json,475890cd7fbd83068e2e95c40d44ab72c7f9daae7f9d5e3f6bbdd6b50ab1148f,1334897,0,0,0,,,,60a8bcbe36f0d6595f7391cece8bc6f2cbe4769b5499715cc98d669626023207,1441809,1.0800900743652881
case_076,1,B,600.0,183.098457112,/home/dreamboat/npu_r12_verify/NPU_R12/work/one2_B1L21/case_076_n1_B/selected_plan.json,/home/dreamboat/npu_r12_verify/NPU_R12/work/one2_B1L21/case_076_n1_B/report.json,/home/dreamboat/npu_r12_verify/NPU_R12/work/one2_B1L21/case_076_n1_B/control/r7/control_r6/control_work/components_result.official.json,1e812128b114ad7d8aaf4d5601788452a9a052eb1d25b1f47a2874a6cf0aaf3e,6185113,28280832,0,28280832,,,,d251a84507bdcab38d2c6bbcd682bf32c71411ea7f91807684c9ed83625ea6cc,6185113,1.0
case_077,1,B,600.0,19.659688698000082,/home/dreamboat/npu_r12_verify/NPU_R12/work/one4_B1L21/case_077_n1_B/selected_plan.json,/home/dreamboat/npu_r12_verify/NPU_R12/work/one4_B1L21/case_077_n1_B/report.json,/home/dreamboat/npu_r12_verify/NPU_R12/work/one4_B1L21/case_077_n1_B/control/r7/control_r6/control_work/components_result.official.json,e83be8e8fd15d9833d9901f10cb209ffe5d240d2a54111dd9685fd3cee8a3a7f,495320,0,0,0,,,,ebebd5aff94340d5b7eba84c1cff879beb37b2870bbd8cf4a141ef8e1a92c1f8,495320,1.0
case_078,1,B,600.0,2.985882907000132,/home/dreamboat/npu_r12_verify/NPU_R12/work/one2_B1L21/case_078_n1_B/selected_plan.json,/home/dreamboat/npu_r12_verify/NPU_R12/work/one2_B1L21/case_078_n1_B/report.json,/home/dreamboat/npu_r12_verify/NPU_R12/work/one2_B1L21/case_078_n1_B/control/r7/control_r6/control_work/chainwave_result.official.json,9a63fe84a96a1a24407a8176c0b62e8a301f8f2cb1011c23717374b095e7e356,2095621,24576,0,24576,,,,7518d6843bbd3773bed9fd94b446ed932f984cbc8bcf833875e54a6369111930,2296143,1.0956861951660153
case_079,1,B,600.0,156.429056585,/home/dreamboat/npu_r12_verify/NPU_R12/work/one5_B1L21/case_079_n1_B/selected_plan.json,/home/dreamboat/npu_r12_verify/NPU_R12/work/one5_B1L21/case_079_n1_B/report.json,/home/dreamboat/npu_r12_verify/NPU_R12/work/one5_B1L21/case_079_n1_B/control/r7/control_r6/control_work/component_batch512_result.official.json,b755dea5da3294b5e538aeaaca8a3de6a8283a939ceea5dae005e779fb6fcd06,31052251,32448512,0,32448512,,,,c7429985544f3d90c12124790829eeef8fcf7f7826af6cffb853ef315d51b39c,31052251,1.0
case_080,1,B,600.0,3.499660249000044,/home/dreamboat/npu_r12_verify/NPU_R12/work/one6_B1L21/case_080_n1_B/selected_plan.json,/home/dreamboat/npu_r12_verify/NPU_R12/work/one6_B1L21/case_080_n1_B/report.json,/home/dreamboat/npu_r12_verify/NPU_R12/work/one6_B1L21/case_080_n1_B/control/r7/control_r6/control_work/components_result.official.json,788fc7eb88ec473ba1edc301900e492e221e1bab60778909894847c80af814fb,292138,548864,0,548864,,,,ac164e995a70ec941f3dc5187eec8c42b30a4f521305e44accc650bdd9b73eae,292138,1.0
case_081,1,B,600.0,8.78672233999987,/home/dreamboat/npu_r12_verify/NPU_R12/work/one5_B1L21/case_081_n1_B/selected_plan.json,/home/dreamboat/npu_r12_verify/NPU_R12/work/one5_B1L21/case_081_n1_B/report.json,/home/dreamboat/npu_r12_verify/NPU_R12/work/one5_B1L21/case_081_n1_B/control/r7/control_r6/control_work/components_result.official.json,288f728830b42ca9fb5f526a6865980e42774a8e2b252f8e61da82330cc9ef07,151795,0,0,0,,,,817287ed70fa7bc91016c1f44864af7fcebb7b917cbbb876bf9e7885099a7d4c,151795,1.0
case_082,1,B,600.0,12.856266811000069,/home/dreamboat/npu_r12_verify/NPU_R12/work/one1_B1L21/case_082_n1_B/selected_plan.json,/home/dreamboat/npu_r12_verify/NPU_R12/work/one1_B1L21/case_082_n1_B/report.json,/home/dreamboat/npu_r12_verify/NPU_R12/work/one1_B1L21/case_082_n1_B/control/r7/control_r6/control_work/chainwave_result.official.json,83c562618873ada3e73e965e9d39d52e2bca11709486721fc8181b41e3e96dd9,718790,597130,0,597130,,,,c8c3a37fb1c32c123c572c18f66bf0f4014d7d73b0fb89119f798d491103f8ce,721041,1.0031316518037257
case_083,1,B,600.0,16.82402227500006,/home/dreamboat/npu_r12_verify/NPU_R12/work/one3_B1L21/case_083_n1_B/selected_plan.json,/home/dreamboat/npu_r12_verify/NPU_R12/work/one3_B1L21/case_083_n1_B/report.json,/home/dreamboat/npu_r12_verify/NPU_R12/work/one3_B1L21/case_083_n1_B/control/r7/control_r6/control_work/chainwave_result.official.json,8a8114ecfb026118e95ff12ebd7da3a9df27b4f80f9b163047242ea37adc34f7,851601,262144,0,262144,,,,03d1aed5b03f00fea830b604c9524c4293c593b0087321d51d4251fef02d1f06,1057993,1.2423576299229333
case_084,1,B,600.0,118.56790008799999,/home/dreamboat/npu_r12_verify/NPU_R12/work/one3_B1L21/case_084_n1_B/selected_plan.json,/home/dreamboat/npu_r12_verify/NPU_R12/work/one3_B1L21/case_084_n1_B/report.json,/home/dreamboat/npu_r12_verify/NPU_R12/work/one3_B1L21/case_084_n1_B/control/r7/control_r6/control_work/chainwave_result.official.json,1de7107443b0062f285116e7b18625fee31d44ef4324b75862087a82f0ea9ecf,2191327,29453952,0,29453952,,,,1c3276ccdf845325637d66b130365c34f4874bc10a4688dc871a5b0a3e230edf,2507412,1.1442436477987996
case_085,1,B,600.0,74.04915433199994,/home/dreamboat/npu_r12_verify/NPU_R12/work/one4_B1L21/case_085_n1_B/selected_plan.json,/home/dreamboat/npu_r12_verify/NPU_R12/work/one4_B1L21/case_085_n1_B/report.json,/home/dreamboat/npu_r12_verify/NPU_R12/work/one4_B1L21/case_085_n1_B/control/r7/control_r6/control_work/components_result.official.json,4c20007e3bc80627d3fa2283dafdbf3c18437a424e400b3a134b58602ee5eedc,3187899,0,0,0,,,,9b8ad9b3cbd6f0a1243f1e70c9ddc5f073fa13ae44bc081fc57c90b5b6e5f792,3187899,1.0
case_086,1,B,600.0,21.43356447500014,/home/dreamboat/npu_r12_verify/NPU_R12/work/one5_B1L21/case_086_n1_B/selected_plan.json,/home/dreamboat/npu_r12_verify/NPU_R12/work/one5_B1L21/case_086_n1_B/report.json,/home/dreamboat/npu_r12_verify/NPU_R12/work/one5_B1L21/case_086_n1_B/indexed_insertion/plan.meta.official.json,1014601e8bbe74cd44bed43ec9163a2b0bb1e521e0a08947f51fae8c933af130,105557,155146,0,155146,,,,a43ffcaba33a3faf9917d95752c891ea12d49b7257240b684d10a10a152e1bae,118403,1.121697282037193
case_087,1,B,600.0,194.95447076300002,/home/dreamboat/npu_r12_verify/NPU_R12/work/one5_B1L21/case_087_n1_B/selected_plan.json,/home/dreamboat/npu_r12_verify/NPU_R12/work/one5_B1L21/case_087_n1_B/report.json,/home/dreamboat/npu_r12_verify/NPU_R12/work/one5_B1L21/case_087_n1_B/control/r7/control_r6/control_work/components_result.official.json,cee2c264cca043e092cbf916a72cf19476e68f21853fa522d41cf5b25e5b9d37,3974071,7902720,0,7902720,,,,29946f7d5e4acf97a69d28aa0d718c66a521eb820fae74d5385e1cc98af42a0a,3974071,1.0
case_088,1,B,600.0,13.95763872700013,/home/dreamboat/npu_r12_verify/NPU_R12/work/one6_B1L21/case_088_n1_B/selected_plan.json,/home/dreamboat/npu_r12_verify/NPU_R12/work/one6_B1L21/case_088_n1_B/report.json,/home/dreamboat/npu_r12_verify/NPU_R12/work/one6_B1L21/case_088_n1_B/indexed_insertion/plan.meta.official.json,fbae7e2d30e512f37be50afe9a4f663e87ea0b0b0c30bd57ac2334092d06b7fd,219593,544128,0,544128,,,,8e8071454505dcf586f07a08d10fd2a2880c1d25c9c91386ec77b1123b6e538c,243623,1.109429717705027
case_089,1,B,600.0,27.277366365999796,/home/dreamboat/npu_r12_verify/NPU_R12/work/one3_B1L21/case_089_n1_B/selected_plan.json,/home/dreamboat/npu_r12_verify/NPU_R12/work/one3_B1L21/case_089_n1_B/report.json,/home/dreamboat/npu_r12_verify/NPU_R12/work/one3_B1L21/case_089_n1_B/control/r7/control_r6/control_work/chainwave_result.official.json,ec4ff3bc7d470af7a9336fc4960cfb27397cfb5ce19e2c428484c1f5526c599f,659152,0,0,0,,,,34e4e47b7e637dd5ea06a362c4d9f7507c6730b9be1bdf91a6a10bb06daaa4ee,693092,1.0514903997863922
case_090,1,B,600.0,6.466587343000128,/home/dreamboat/npu_r12_verify/NPU_R12/work/one6_B1L21/case_090_n1_B/selected_plan.json,/home/dreamboat/npu_r12_verify/NPU_R12/work/one6_B1L21/case_090_n1_B/report.json,/home/dreamboat/npu_r12_verify/NPU_R12/work/one6_B1L21/case_090_n1_B/indexed_insertion/plan.meta.official.json,98917326b07720f94466dcb3e9688c09515490f014394db05a0c34bac669032a,882630,0,0,0,,,,0c957da4334bc59f28a2e509664f0bfe18cdd27dbbee2b062186bfab6ee27b16,1178363,1.3350588581851965
case_091,1,B,600.0,195.04505395800015,/home/dreamboat/npu_r12_verify/NPU_R12/work/one3_B1L21/case_091_n1_B/selected_plan.json,/home/dreamboat/npu_r12_verify/NPU_R12/work/one3_B1L21/case_091_n1_B/report.json,/home/dreamboat/npu_r12_verify/NPU_R12/work/one3_B1L21/case_091_n1_B/control/r7/control_r6/control_work/components_result.official.json,22595c47f73ba0d01a2edc61812c8e3d3e84b012c62e53754cf5817f1d33af73,9186769,53947008,0,53947008,,,,1190ac1122cac6a54fc2810f976f0590d871b99c4d3084ae1605d70c271a1f55,9186769,1.0
case_092,1,B,600.0,168.85358135499996,/home/dreamboat/npu_r12_verify/NPU_R12/work/one6_B1L21/case_092_n1_B/selected_plan.json,/home/dreamboat/npu_r12_verify/NPU_R12/work/one6_B1L21/case_092_n1_B/report.json,/home/dreamboat/npu_r12_verify/NPU_R12/work/one6_B1L21/case_092_n1_B/control/r7/control_r6/control_work/chainwave_result.official.json,2e0a3a82b7f289d81f4b4a25ae9132eec8915bd7c4850eaceab36b55c3a09aac,4373417,29294592,0,29294592,,,,e9f7eae32dd0b22b1303b808664c0880c84d27878cde98c21d7d18c78f16cd2d,4815554,1.101096465303903
case_093,1,B,600.0,1.1400587670000277,/home/dreamboat/npu_r12_verify/NPU_R12/work/one3_B1L21/case_093_n1_B/selected_plan.json,/home/dreamboat/npu_r12_verify/NPU_R12/work/one3_B1L21/case_093_n1_B/report.json,/home/dreamboat/npu_r12_verify/NPU_R12/work/one3_B1L21/case_093_n1_B/control/r7/control_r6/control_work/components_result.official.json,9ced8c2310dd58be0f06da80bf42721bf246ecfe3855184c7690e61b312ce426,74205,0,0,0,,,,fed673116eec092fb7dc3f03ccd7a7fce4a838851a75908650d1dde8ff42a4fa,74205,1.0
case_094,1,B,600.0,3.0597453390000737,/home/dreamboat/npu_r12_verify/NPU_R12/work/one4_B1L21/case_094_n1_B/selected_plan.json,/home/dreamboat/npu_r12_verify/NPU_R12/work/one4_B1L21/case_094_n1_B/report.json,/home/dreamboat/npu_r12_verify/NPU_R12/work/one4_B1L21/case_094_n1_B/indexed_insertion/plan.meta.official.json,bf37aaf01dd041609ec48906a78aba5c157ffaefa1928614e0e2e5c647799a03,84874,458752,0,458752,,,,c94ed5c49e67c6edb80c65633e1b3de1a60c3a4e494ba64f9e8b933cd39d7734,94892,1.1180337912670546
case_095,1,B,600.0,30.69566501899999,/home/dreamboat/npu_r12_verify/NPU_R12/work/one4_B1L21/case_095_n1_B/selected_plan.json,/home/dreamboat/npu_r12_verify/NPU_R12/work/one4_B1L21/case_095_n1_B/report.json,/home/dreamboat/npu_r12_verify/NPU_R12/work/one4_B1L21/case_095_n1_B/control/r7/control_r6/control_work/component_batch512_result.official.json,b023cf3435cd3543d6f5afed4ac5411a922ec8939bb24887cb140fbf2b96830d,2084853,0,0,0,,,,85928873dccff668f9ab0933d127bfcb55c3d2023fa6a0ddc47502d486a28caf,2084853,1.0
case_096,1,B,600.0,3.694733939999878,/home/dreamboat/npu_r12_verify/NPU_R12/work/one3_B1L21/case_096_n1_B/selected_plan.json,/home/dreamboat/npu_r12_verify/NPU_R12/work/one3_B1L21/case_096_n1_B/report.json,/home/dreamboat/npu_r12_verify/NPU_R12/work/one3_B1L21/case_096_n1_B/indexed_insertion/plan.meta.official.json,ddfc224df77f0c209ceb7ff4b79989d1ff261a1226374b4e31a9af0658bcf45c,75393,107552,0,107552,,,,bd51a75641c9709df39dddb5184798368bca9c3f03e6a5bbf00e4efb76cbe869,84194,1.1167349753955937
case_097,1,B,600.0,60.99403264700004,/home/dreamboat/npu_r12_verify/NPU_R12/work/one1_B1L21/case_097_n1_B/selected_plan.json,/home/dreamboat/npu_r12_verify/NPU_R12/work/one1_B1L21/case_097_n1_B/report.json,/home/dreamboat/npu_r12_verify/NPU_R12/work/one1_B1L21/case_097_n1_B/control/r7/control_r6/control_work/component_batch512_result.official.json,6f3ac93e95a065f0e6f7cbcfef427da4f8eac57a4eff25e2a5a175ec286d5d15,11491509,10584064,0,10584064,,,,21e87c9a6bdc39139c8f50206ce8a85fc7d8816a4f0325aae040dca5011be414,11491509,1.0
case_098,1,B,600.0,4.24054873099999,/home/dreamboat/npu_r12_verify/NPU_R12/work/one3_B1L21/case_098_n1_B/selected_plan.json,/home/dreamboat/npu_r12_verify/NPU_R12/work/one3_B1L21/case_098_n1_B/report.json,/home/dreamboat/npu_r12_verify/NPU_R12/work/one3_B1L21/case_098_n1_B/indexed_insertion/plan.meta.official.json,f2ffee7c86d705b9452a4f5148ce407a4090efde843705409c9e5fcd7e02a07a,176171,852332,0,852332,,,,d98dd76206bfbd73b2ad80e7653b036a64616df560846bd90db4dcd28804b2e7,177430,1.0071464656498517
case_099,1,B,600.0,14.442171564999853,/home/dreamboat/npu_r12_verify/NPU_R12/work/one6_B1L21/case_099_n1_B/selected_plan.json,/home/dreamboat/npu_r12_verify/NPU_R12/work/one6_B1L21/case_099_n1_B/report.json,/home/dreamboat/npu_r12_verify/NPU_R12/work/one6_B1L21/case_099_n1_B/control/r7/control_r6/control_work/components_result.official.json,712be4472b3ba726a66d615ac1b53782d76c2f0cf0b9795a2f938c59f332979c,1622999,5484544,0,5484544,,,,44a086e847125835d47619714526dabc9de2df8d8705203552e1da597fe6c842,1622999,1.0
case_100,1,B,600.0,4.081217521000099,/home/dreamboat/npu_r12_verify/NPU_R12/work/one4_B1L21/case_100_n1_B/selected_plan.json,/home/dreamboat/npu_r12_verify/NPU_R12/work/one4_B1L21/case_100_n1_B/report.json,/home/dreamboat/npu_r12_verify/NPU_R12/work/one4_B1L21/case_100_n1_B/control/r7/control_r6/control_work/component_ordered_result.official.json,3944c3d4317dd50c08acb4934659e0ef97f4bb2f9023ed15299db43f0779f623,141463,0,0,0,,,,6501cd587d080aff495bd1ff36181814ce92f2e225b96380da890ff23f31460b,151223,1.0689933056700338
case_001,2,B,600.0,1.1413441559998319,/home/dreamboat/npu_r12_verify/NPU_R12/work/par6_B/case_001_n2_B/selected_plan.json,/home/dreamboat/npu_r12_verify/NPU_R12/work/par6_B/case_001_n2_B/report.json,/home/dreamboat/npu_r12_verify/NPU_R12/work/par6_B/case_001_n2_B/control/r7/control_r6/control_work/components_result.official.json,107e62cc31d2775ee734e8879abe4d132fbd966be5dcbe05b7a052381d26d089,116868,1152,1152,0,,,,ded4801bde790507d6b2d67b607be90c580caa9539f05441253f35582516723d,233110,1.9946435294520313
case_002,2,B,600.0,8.357418784999936,/home/dreamboat/npu_r12_verify/NPU_R12/work/par2_B/case_002_n2_B/selected_plan.json,/home/dreamboat/npu_r12_verify/NPU_R12/work/par2_B/case_002_n2_B/report.json,/home/dreamboat/npu_r12_verify/NPU_R12/work/par2_B/case_002_n2_B/indexed_insertion/plan.meta.official.json,f2233546f871b711210c16a12e6a5f59bef66ed823e55e20cfca985e2e12a225,137089,562176,562176,0,,,,e5e10702db09910fab88022db29670d319f3a13e5e95e379df8acdd3beb0b4d4,261945,1.9107659987307515
case_003,2,B,600.0,41.15195760700044,/home/dreamboat/npu_r12_verify/NPU_R12/work/par1_B/case_003_n2_B/selected_plan.json,/home/dreamboat/npu_r12_verify/NPU_R12/work/par1_B/case_003_n2_B/report.json,/home/dreamboat/npu_r12_verify/NPU_R12/work/par1_B/case_003_n2_B/indexed_insertion/plan.meta.official.json,120c95a8c4923b8efdf0544a8c086445ea24ae70bb46324df88f0aaee3b11b80,315516,6408454,6408454,0,,,,038b2c5a3e08379224549190a61bc9eb6b1e1060d78a1b8796bbc5a1624f45e4,602212,1.9086575641171921
case_004,2,B,600.0,1.9058887589999358,/home/dreamboat/npu_r12_verify/NPU_R12/work/par4_B/case_004_n2_B/selected_plan.json,/home/dreamboat/npu_r12_verify/NPU_R12/work/par4_B/case_004_n2_B/report.json,/home/dreamboat/npu_r12_verify/NPU_R12/work/par4_B/case_004_n2_B/control/r7/control_r6/control_work/component_ordered_result.official.json,ecc4012dd6d217cf9eb10febe69ed0d05b04b79ae1734f2694249536f52810a4,199074,110592,110592,0,,,,5942f9e1eb5c7c18e8b6d2e834f97278de026796ac44f9623f9fd2f1ec8ea5d9,392357,1.9709103147573264
case_005,2,B,600.0,27.083439748001183,/home/dreamboat/npu_r12_verify/NPU_R12/work/par6_B/case_005_n2_B/selected_plan.json,/home/dreamboat/npu_r12_verify/NPU_R12/work/par6_B/case_005_n2_B/report.json,/home/dreamboat/npu_r12_verify/NPU_R12/work/par6_B/case_005_n2_B/indexed_insertion/plan.meta.official.json,91038e283da92e853edc34348749651250c59dc827a7e0455d4940403e1f2562,60883,2190534,2190534,0,,,,2e233d1ccb9bfbab7978dbdaf99e8f452e74f27b04fd567aa91c6070e9356836,95618,1.5705205065453411
case_006,2,B,600.0,2.0248657669999375,/home/dreamboat/npu_r12_verify/NPU_R12/work/par4_B/case_006_n2_B/selected_plan.json,/home/dreamboat/npu_r12_verify/NPU_R12/work/par4_B/case_006_n2_B/report.json,/home/dreamboat/npu_r12_verify/NPU_R12/work/par4_B/case_006_n2_B/indexed_insertion/plan.meta.official.json,4aabd1cf0cffcf0e162e075fb8ee7f0aa8cd4d9c3f687cfda57165cd8dec62a9,39367,614532,614532,0,,,,6c9d171c97d5db5bebd97976b42624bfb4a56ecdf4228129b105404d9e10c1de,82837,2.104224350344197
case_007,2,B,600.0,9.262583489000463,/home/dreamboat/npu_r12_verify/NPU_R12/work/par4_B/case_007_n2_B/selected_plan.json,/home/dreamboat/npu_r12_verify/NPU_R12/work/par4_B/case_007_n2_B/report.json,/home/dreamboat/npu_r12_verify/NPU_R12/work/par4_B/case_007_n2_B/control/r7/control_r6/control_work/component_batch512_result.official.json,9c4c631e23bdd0c424fedeb836ac5101379feee7e4bf1c16def9e22f3b814f68,507494,27648,27648,0,,,,3c4a5c2221ceeacd3669f7706f62790f1e31ef511f8d656d2361d0895678d3a8,1012562,1.9952196479170197
case_008,2,B,600.0,2.8913379260011425,/home/dreamboat/npu_r12_verify/NPU_R12/work/par1_B/case_008_n2_B/selected_plan.json,/home/dreamboat/npu_r12_verify/NPU_R12/work/par1_B/case_008_n2_B/report.json,/home/dreamboat/npu_r12_verify/NPU_R12/work/par1_B/case_008_n2_B/control/r7/control_r6/control_work/component_ordered_result.official.json,8fa21774e359ab36d9d1a29e2b89f5f6a4e4752cd5dfaae021e8702294d557c6,244266,0,0,0,,,,d0c1a7b4f5f31d5bff53f34432db76f541d4c7c06eccb1ab5c074a3839be9d77,487605,1.9962049568912579
case_009,2,B,600.0,16.791127648999463,/home/dreamboat/npu_r12_verify/NPU_R12/work/par5_B/case_009_n2_B/selected_plan.json,/home/dreamboat/npu_r12_verify/NPU_R12/work/par5_B/case_009_n2_B/report.json,/home/dreamboat/npu_r12_verify/NPU_R12/work/par5_B/case_009_n2_B/indexed_insertion/plan.meta.official.json,3d10c94378f06cabbd19381bfa970c38db05313aba80d44c331dc68086fdaabf,84436,1236498,1236498,0,,,,769bb021327dd91b9e088e929a986c7f79dfdb508a585cf2ea065abb83f68ff8,153261,1.8151144061774598
case_010,2,B,600.0,3.132057116001306,/home/dreamboat/npu_r12_verify/NPU_R12/work/par1_B/case_010_n2_B/selected_plan.json,/home/dreamboat/npu_r12_verify/NPU_R12/work/par1_B/case_010_n2_B/report.json,/home/dreamboat/npu_r12_verify/NPU_R12/work/par1_B/case_010_n2_B/control/r7/control_r6/control_work/migrate0_result.official.json,d1ed9783c33160aa80911faf5ae7327a39eb36b7294a7c68ddcf2b2b39f8ae67,42846,471500,471500,0,,,,698e2b381abbcedcd75d5ae36f528449c7e4aef0b493c046ce09e698d90a9a70,86969,2.0298044158147786
case_011,2,B,600.0,1.1326361390001694,/home/dreamboat/npu_r12_verify/NPU_R12/work/par6_B/case_011_n2_B/selected_plan.json,/home/dreamboat/npu_r12_verify/NPU_R12/work/par6_B/case_011_n2_B/report.json,/home/dreamboat/npu_r12_verify/NPU_R12/work/par6_B/case_011_n2_B/control/r7/control_r6/control_work/components_result.official.json,b4ff9f1966d325aa0b4606f2a89586f9e7a9e4a14d093653261716b1377200f7,92646,180224,180224,0,,,,4ecb5c130b3c7b90f332546eb65fceaae5345b6cad1a470adfe05c78b9531f92,184697,1.9935777043801135
case_012,2,B,600.0,2.706103255999551,/home/dreamboat/npu_r12_verify/NPU_R12/work/par6_B/case_012_n2_B/selected_plan.json,/home/dreamboat/npu_r12_verify/NPU_R12/work/par6_B/case_012_n2_B/report.json,/home/dreamboat/npu_r12_verify/NPU_R12/work/par6_B/case_012_n2_B/indexed_insertion/plan.meta.official.json,9d499428aad8b5e6cfe10095f013d33b9c6163d8e48f831dcb33beff2c8caf6f,29730,461572,461572,0,,,,98814a724e5be7aa59a41a3c7a8f1523f90aef874ddd10e62fbdc480f17f9ce5,59088,1.9874873864783047
case_013,2,B,600.0,2.257484495999961,/home/dreamboat/npu_r12_verify/NPU_R12/work/par4_B/case_013_n2_B/selected_plan.json,/home/dreamboat/npu_r12_verify/NPU_R12/work/par4_B/case_013_n2_B/report.json,/home/dreamboat/npu_r12_verify/NPU_R12/work/par4_B/case_013_n2_B/control/r7/control_r6/control_work/components_result.official.json,767bf1a1c3161a01be0eea0b6aaa431f68e5a82f5ba23970663343eca424fdb8,132198,8192,8192,0,,,,2f801c8e97ee4c6253d07750763424f8e90298a101f803cdc06ac6edb9e6b3f0,263949,1.9966187083011846
case_014,2,B,600.0,265.0208374949998,/home/dreamboat/npu_r12_verify/NPU_R12/work/par1_B/case_014_n2_B/selected_plan.json,/home/dreamboat/npu_r12_verify/NPU_R12/work/par1_B/case_014_n2_B/report.json,/home/dreamboat/npu_r12_verify/NPU_R12/work/par1_B/case_014_n2_B/control/extra/m2_ordered_2048.official.json,22705d126a95fcef95dd86e8fe533c2a05a42ac4c72280b95255eddfede604cf,8864262,62154168,9893208,52260960,,,,be52219edfb47f6f2d8ffe61852b4aa2c130b956b5b916c4077ccb5f420334da,17698626,1.996627130380397
case_015,2,B,600.0,2.450036681999336,/home/dreamboat/npu_r12_verify/NPU_R12/work/par4_B/case_015_n2_B/selected_plan.json,/home/dreamboat/npu_r12_verify/NPU_R12/work/par4_B/case_015_n2_B/report.json,/home/dreamboat/npu_r12_verify/NPU_R12/work/par4_B/case_015_n2_B/indexed_insertion/plan.meta.official.json,c4eb2ed90f7003051cee9c3f1adba3da001f4b7188c54c8cc549c42745c395bd,89331,1786394,1786394,0,,,,3f777483c49e03659106a2f007d53c631583bc6ce7dc0d05c461d8856c25bdae,177362,1.985447381088312
case_016,2,B,600.0,34.64077134099898,/home/dreamboat/npu_r12_verify/NPU_R12/work/par5_B/case_016_n2_B/selected_plan.json,/home/dreamboat/npu_r12_verify/NPU_R12/work/par5_B/case_016_n2_B/report.json,/home/dreamboat/npu_r12_verify/NPU_R12/work/par5_B/case_016_n2_B/indexed_insertion/plan.meta.official.json,ffa6d168aa6a8a70a4a04765106ea83fe21c2f483c1d6f1514a29cb963a68d3d,4026549,404192,404192,0,,,,87aef3facb273c1a6da52b44cf4468f923f2e49252fc04dfd28dc7cd7847d1b9,7715523,1.916162699125231
case_017,2,B,600.0,5.681437654000547,/home/dreamboat/npu_r12_verify/NPU_R12/work/par3_B/case_017_n2_B/selected_plan.json,/home/dreamboat/npu_r12_verify/NPU_R12/work/par3_B/case_017_n2_B/report.json,/home/dreamboat/npu_r12_verify/NPU_R12/work/par3_B/case_017_n2_B/control/r7/control_r6/critical/critical_01_result.official.json,723939198b45ed63f934a4b4d3377e392070adf97012088db6979521014e0d6a,86334,394974,372446,22528,,,,1c0cbc78f14bccd0e21631b46b16db9ef5d616c6c1f2c534b668d3ff0b8745ef,162810,1.8858155535478491
case_018,2,B,600.0,7.299361884000064,/home/dreamboat/npu_r12_verify/NPU_R12/work/par2_B/case_018_n2_B/selected_plan.json,/home/dreamboat/npu_r12_verify/NPU_R12/work/par2_B/case_018_n2_B/report.json,/home/dreamboat/npu_r12_verify/NPU_R12/work/par2_B/case_018_n2_B/control/r7/control_r6/control_work/component_ordered_result.official.json,7aab578bbac9ceb3f5d256bf3ac6ef5411695d6bf1ae108388eba91cfb443de3,498719,1377280,1299456,77824,,,,025e97ab1a822cf69c591579f7d4112e59327d631eec532bffaa4205e3000f1a,1004367,2.0138935953913926
case_019,2,B,600.0,2.6106570099991586,/home/dreamboat/npu_r12_verify/NPU_R12/work/par2_B/case_019_n2_B/selected_plan.json,/home/dreamboat/npu_r12_verify/NPU_R12/work/par2_B/case_019_n2_B/report.json,/home/dreamboat/npu_r12_verify/NPU_R12/work/par2_B/case_019_n2_B/indexed_insertion/plan.meta.official.json,3100fea142db6d02fc8962c4ab2acd19e8a9d33a27dc632448d65adffc9b0d0d,40392,814128,814128,0,,,,89ccb71eebd7db3f052fab14021e4a3dfabed0365c041b917849391f52be57df,81144,2.0089126559714794
case_020,2,B,600.0,11.216187782999441,/home/dreamboat/npu_r12_verify/NPU_R12/work/par2_B/case_020_n2_B/selected_plan.json,/home/dreamboat/npu_r12_verify/NPU_R12/work/par2_B/case_020_n2_B/report.json,/home/dreamboat/npu_r12_verify/NPU_R12/work/par2_B/case_020_n2_B/control/r7/control_r6/control_work/components_result.official.json,5049dccb32a5b73f7da6dac63d3781f451bfcab5aac17960efe8bb19126fe2b4,266580,0,0,0,,,,d0800f6e76efe73521cc4de213ff7b02896d1b427f3ac163f47324c7c210d6bd,532746,1.9984469952734638
case_021,2,B,600.0,17.332392897998943,/home/dreamboat/npu_r12_verify/NPU_R12/work/par3_B/case_021_n2_B/selected_plan.json,/home/dreamboat/npu_r12_verify/NPU_R12/work/par3_B/case_021_n2_B/report.json,/home/dreamboat/npu_r12_verify/NPU_R12/work/par3_B/case_021_n2_B/control/r7/control_r6/control_work/component_batch512_result.official.json,19e0cdb3f7b33dc20a317861614160399cfba58e44a8bbb00e6cc21cfb0e04fa,3194570,3174400,1536000,1638400,,,,5a3c6be3b2757126c7ef53377a4f47d139c037c1e968a9de9df701a80d9a84f8,6567937,2.0559690349561914
case_022,2,B,600.0,4.929497991000062,/home/dreamboat/npu_r12_verify/NPU_R12/work/par2_B/case_022_n2_B/selected_plan.json,/home/dreamboat/npu_r12_verify/NPU_R12/work/par2_B/case_022_n2_B/report.json,/home/dreamboat/npu_r12_verify/NPU_R12/work/par2_B/case_022_n2_B/control/r7/control_r6/control_work/component_batch512_result.official.json,a751f815b2c6dd1d53e9ce28c4d0329166a4659c16e0114f668ca748d132d130,28851,6912,6912,0,,,,0b4e88620254be848f7c913ee03712e55d91f404ab26d754e0a0e3dba9bfab92,56780,1.9680427021593705
case_023,2,B,600.0,3.2627496719997,/home/dreamboat/npu_r12_verify/NPU_R12/work/par5_B/case_023_n2_B/selected_plan.json,/home/dreamboat/npu_r12_verify/NPU_R12/work/par5_B/case_023_n2_B/report.json,/home/dreamboat/npu_r12_verify/NPU_R12/work/par5_B/case_023_n2_B/indexed_insertion/plan.meta.official.json,45a77ef9e68bf6f5d163c63f0db5c4e66d56f0cf5cdc869417ec4c756f0e6797,58216,1523296,1351264,172032,,,,5e99e756851ca590d23bd7b52db338f0547c5735967f794bb777298df486b8bf,122614,2.1061907379414593
case_024,2,B,600.0,31.535097746000247,/home/dreamboat/npu_r12_verify/NPU_R12/work/par6_B/case_024_n2_B/selected_plan.json,/home/dreamboat/npu_r12_verify/NPU_R12/work/par6_B/case_024_n2_B/report.json,/home/dreamboat/npu_r12_verify/NPU_R12/work/par6_B/case_024_n2_B/indexed_insertion/plan.meta.official.json,bf56bf9fd7aba4d8cde755c233e9566fa80476d547e3f54fae92ba85dde29ed8,1334769,396848,396848,0,,,,a561fb088bf0642c1865135f99565320da65477a77822065c19c603ec87a89ad,2555343,1.914445870409037
case_025,2,B,600.0,88.66097199999967,/home/dreamboat/npu_r12_verify/NPU_R12/work/par6_B/case_025_n2_B/selected_plan.json,/home/dreamboat/npu_r12_verify/NPU_R12/work/par6_B/case_025_n2_B/report.json,/home/dreamboat/npu_r12_verify/NPU_R12/work/par6_B/case_025_n2_B/control/r7/control_r6/control_work/component_batch512_result.official.json,917c2f5f86939de5ba3e06c090de2f43b99f5c1b9fd5e332f6afa0f8cb023e5c,2431840,27648,27648,0,,,,2f112aae798894b9285dfc85fce4415efcde99d4cf997a869bc440fdea967b7a,4863026,1.9997310678334101
case_026,2,B,600.0,3.6610707140007435,/home/dreamboat/npu_r12_verify/NPU_R12/work/par5_B/case_026_n2_B/selected_plan.json,/home/dreamboat/npu_r12_verify/NPU_R12/work/par5_B/case_026_n2_B/report.json,/home/dreamboat/npu_r12_verify/NPU_R12/work/par5_B/case_026_n2_B/indexed_insertion/plan.meta.official.json,e49052475e42d7a13a7df2bacfc85a48e3b4dbc785aaed51bfe961996e2cc722,53208,1301728,1129696,172032,,,,9696e69918323297ee7f9b2a579795691c812ddb41531d93e854382fe7e0bc51,99203,1.8644376785445798
case_027,2,B,600.0,2.026265050000802,/home/dreamboat/npu_r12_verify/NPU_R12/work/par1_B/case_027_n2_B/selected_plan.json,/home/dreamboat/npu_r12_verify/NPU_R12/work/par1_B/case_027_n2_B/report.json,/home/dreamboat/npu_r12_verify/NPU_R12/work/par1_B/case_027_n2_B/indexed_insertion/plan.meta.official.json,1814b9dde8075a7db9f3aa6daa71e526eda461fd9517764d08062c0ca704bc04,1118352,1449984,1449984,0,,,,7841ec4414a90d5770858e00cfd8ecbaaa002fdf72fb2f12068c5bdcf0f5cde4,2363952,2.113781707369415
case_028,2,B,600.0,105.63203792199965,/home/dreamboat/npu_r12_verify/NPU_R12/work/par3_B/case_028_n2_B/selected_plan.json,/home/dreamboat/npu_r12_verify/NPU_R12/work/par3_B/case_028_n2_B/report.json,/home/dreamboat/npu_r12_verify/NPU_R12/work/par3_B/case_028_n2_B/indexed_insertion/plan.meta.official.json,318c3aeb01b76a91908caade7aa5ad45ea16c1cbcd52c1c31153c28edae60b31,20615674,82416768,55850112,26566656,,,,40d85733233e56c619c5d900057e62433cfece2b4b9fe761a9c99e4cc6a41c2e,43836040,2.1263452264524556
case_029,2,B,600.0,3.1610154869995313,/home/dreamboat/npu_r12_verify/NPU_R12/work/par1_B/case_029_n2_B/selected_plan.json,/home/dreamboat/npu_r12_verify/NPU_R12/work/par1_B/case_029_n2_B/report.json,/home/dreamboat/npu_r12_verify/NPU_R12/work/par1_B/case_029_n2_B/control/r7/control_r6/control_work/component_ordered_result.official.json,cd21492011caefae7ffbe284fdef207fd980a664f8ffdc88d4e54580dfaa19f0,19740,0,0,0,,,,8020f5f52bc95eab9d713a5739c095f0e62af89f1ebc5cfef533d1a932597450,37555,1.9024822695035462
case_030,2,B,600.0,21.413627004001683,/home/dreamboat/npu_r12_verify/NPU_R12/work/par5_B/case_030_n2_B/selected_plan.json,/home/dreamboat/npu_r12_verify/NPU_R12/work/par5_B/case_030_n2_B/report.json,/home/dreamboat/npu_r12_verify/NPU_R12/work/par5_B/case_030_n2_B/control/r7/control_r6/control_work/components_result.official.json,6be356c0f911acb184f18a37205070cbefbdbe9824e07e9a0b20ea97f78a1fe4,1403594,7644160,1950720,5693440,,,,860db3695c730d396376a7f7a1700f3aaa27478c94365775a048526fbc6d1204,2808034,2.000602738398711
case_031,2,B,600.0,25.372053520000918,/home/dreamboat/npu_r12_verify/NPU_R12/work/par1_B/case_031_n2_B/selected_plan.json,/home/dreamboat/npu_r12_verify/NPU_R12/work/par1_B/case_031_n2_B/report.json,/home/dreamboat/npu_r12_verify/NPU_R12/work/par1_B/case_031_n2_B/control/r7/control_r6/control_work/component_ordered_result.official.json,28208cf62d9cc988fdfb95243a02d6e2dc9bfcab2c514a61f30bc8ea39f1ca63,732205,2139648,1731072,408576,,,,51685a57acfdc6650dfa23322ec0c0348fd4086df8954d2c567544977de67aaa,1414369,1.9316571178836528
case_032,2,B,600.0,3.101807001999987,/home/dreamboat/npu_r12_verify/NPU_R12/work/par2_B/case_032_n2_B/selected_plan.json,/home/dreamboat/npu_r12_verify/NPU_R12/work/par2_B/case_032_n2_B/report.json,/home/dreamboat/npu_r12_verify/NPU_R12/work/par2_B/case_032_n2_B/control/r7/control_r6/control_work/component_ordered_result.official.json,c56d4800111f407527e460965a828eac31efbf6fa12fba57f3e2bffc60e9c7ef,17554,6216,6216,0,,,,b74ac6eee7c214ff563813a0d6407b43182a863ee7182510cba0763b3239dde5,41443,2.3608864076563747
case_033,2,B,600.0,9.555849827000202,/home/dreamboat/npu_r12_verify/NPU_R12/work/par4_B/case_033_n2_B/selected_plan.json,/home/dreamboat/npu_r12_verify/NPU_R12/work/par4_B/case_033_n2_B/report.json,/home/dreamboat/npu_r12_verify/NPU_R12/work/par4_B/case_033_n2_B/control/r7/control_r6/control_work/component_ordered_result.official.json,1076dfcfa18a65685345bc17d76daf9668795ac37c07f1adb7c70080eb199ef3,896676,3391008,2059296,1331712,,,,839cbb743b5129769942c8c3ac97de1386707c3943f170ba8601829a9b4e85b6,1774196,1.9786366535961708
case_034,2,B,600.0,11.775353767001434,/home/dreamboat/npu_r12_verify/NPU_R12/work/par6_B/case_034_n2_B/selected_plan.json,/home/dreamboat/npu_r12_verify/NPU_R12/work/par6_B/case_034_n2_B/report.json,/home/dreamboat/npu_r12_verify/NPU_R12/work/par6_B/case_034_n2_B/control/r7/control_r6/control_work/component_batch512_result.official.json,babd931c2d66d653bd3e757c69da12379c340dc75c17da5213d9f038115d2ab5,440418,1459712,1238528,221184,,,,a4308840ac053daf26f9fd5d1b70e4dc044586084af0bee05bd9741ec83deac3,842996,1.9140816224586643
case_035,2,B,600.0,10.723231855999984,/home/dreamboat/npu_r12_verify/NPU_R12/work/par1_B/case_035_n2_B/selected_plan.json,/home/dreamboat/npu_r12_verify/NPU_R12/work/par1_B/case_035_n2_B/report.json,/home/dreamboat/npu_r12_verify/NPU_R12/work/par1_B/case_035_n2_B/control/r7/control_r6/control_work/component_batch512_result.official.json,03400eec6445cef2c5807fa0c4b2002068851c5cb952e25bdf4126ce91d07ba5,95406,0,0,0,,,,a127ac5475a8d364ded41fae57a94eb45908bddfc25e70dbfb545320d81d8b6b,169571,1.7773620107750037
case_036,2,B,600.0,4.143315989000257,/home/dreamboat/npu_r12_verify/NPU_R12/work/par3_B/case_036_n2_B/selected_plan.json,/home/dreamboat/npu_r12_verify/NPU_R12/work/par3_B/case_036_n2_B/report.json,/home/dreamboat/npu_r12_verify/NPU_R12/work/par3_B/case_036_n2_B/control/r7/control_r6/control_work/components_result.official.json,9243aa0eecccccabced4ff4fbe2c525c0f37dfc046ffac07c06309bd463b49bb,466068,1152,1152,0,,,,ac34e96061f44c8342b528828e7119ab973bd14ce983cb7ec48c3f38e76da874,931510,1.998656848356892
case_037,2,B,600.0,1.4515706749989477,/home/dreamboat/npu_r12_verify/NPU_R12/work/par1_B/case_037_n2_B/selected_plan.json,/home/dreamboat/npu_r12_verify/NPU_R12/work/par1_B/case_037_n2_B/report.json,/home/dreamboat/npu_r12_verify/NPU_R12/work/par1_B/case_037_n2_B/control/r7/control_r6/control_work/components_result.official.json,5259b5e92910380e8a0e2d38626acb17d876197b15cf8608275b616503b2137a,105374,204800,204800,0,,,,bfc3552fe3f6e5361b11fe4cbb33f10c6ef82fa6342f78aa5cfbefca22882820,210001,1.992910964754114
case_038,2,B,600.0,11.046539709001081,/home/dreamboat/npu_r12_verify/NPU_R12/work/par5_B/case_038_n2_B/selected_plan.json,/home/dreamboat/npu_r12_verify/NPU_R12/work/par5_B/case_038_n2_B/report.json,/home/dreamboat/npu_r12_verify/NPU_R12/work/par5_B/case_038_n2_B/control/r7/control_r6/control_work/components_result.official.json,4a01433b0dc4476b77c4869dc4538b82e43334ed955140864c8a7201db55457f,681518,6790656,2517504,4273152,,,,b8f3b450589fe64dabf6d9d57a76f77c8659d113178ac2fb6b67f034621938e7,1364555,2.002228847954126
case_039,2,B,600.0,11.871783810000125,/home/dreamboat/npu_r12_verify/NPU_R12/work/par2_B/case_039_n2_B/selected_plan.json,/home/dreamboat/npu_r12_verify/NPU_R12/work/par2_B/case_039_n2_B/report.json,/home/dreamboat/npu_r12_verify/NPU_R12/work/par2_B/case_039_n2_B/control/r7/control_r6/control_work/components_result.official.json,444f68a41909b29c61cf17288ede0f0de2e81f6fc15db34b07bcd0a293ad1935,708561,11067392,4202496,6864896,,,,9bd1953d143c293564062a7845a08486c5fd657bd042ecff471da61e6fab4510,1435262,2.025601183243221
case_040,2,B,600.0,21.59333698499904,/home/dreamboat/npu_r12_verify/NPU_R12/work/par1_B/case_040_n2_B/selected_plan.json,/home/dreamboat/npu_r12_verify/NPU_R12/work/par1_B/case_040_n2_B/report.json,/home/dreamboat/npu_r12_verify/NPU_R12/work/par1_B/case_040_n2_B/indexed_insertion/plan.meta.official.json,31936d4b3da9aed36889e1f10cd8661cb9a2aaa86f0c0e2260d59dcf2c7f845d,140145,2475470,2475470,0,,,,1d093b8d5a95e05a0b9c677f8edf402213224d38270f143134a04fe23f16f114,253454,1.808512611937636
case_041,2,B,600.0,44.07007830300063,/home/dreamboat/npu_r12_verify/NPU_R12/work/par1_B/case_041_n2_B/selected_plan.json,/home/dreamboat/npu_r12_verify/NPU_R12/work/par1_B/case_041_n2_B/report.json,/home/dreamboat/npu_r12_verify/NPU_R12/work/par1_B/case_041_n2_B/control/r7/control_r6/control_work/components_result.official.json,42666c0611426a958496cffd6d85e4492182420c7bf37778064f57b8e03b6ee2,2992480,33490944,4893696,28597248,,,,f52b30bc32ebf5390cbbda72c6a50797f0fbff073f711c66d8d39942113da17e,6003957,2.006348246270652
case_042,2,B,600.0,22.20980130299995,/home/dreamboat/npu_r12_verify/NPU_R12/work/par2_B/case_042_n2_B/selected_plan.json,/home/dreamboat/npu_r12_verify/NPU_R12/work/par2_B/case_042_n2_B/report.json,/home/dreamboat/npu_r12_verify/NPU_R12/work/par2_B/case_042_n2_B/control/r7/control_r6/control_work/components_result.official.json,ef91e7ef48e83782dce6d5335a9883c6442eb8eb8b85f8a226c24a960cfa70db,840916,7262496,2052384,5210112,,,,dc25faeb7eac6ece769d4c69a683e1dace7e6020b39d997a799e0a22ae434bb6,1686740,2.0058364925866554
case_043,2,B,600.0,26.559932207999736,/home/dreamboat/npu_r12_verify/NPU_R12/work/par4_B/case_043_n2_B/selected_plan.json,/home/dreamboat/npu_r12_verify/NPU_R12/work/par4_B/case_043_n2_B/report.json,/home/dreamboat/npu_r12_verify/NPU_R12/work/par4_B/case_043_n2_B/indexed_insertion/plan.meta.official.json,293fb0706439857208b7168b67e1364627abacc4d5b4006a5ca9f087e269519e,350868,9505206,9505206,0,,,,8c9612ac484c8e90b52a772334825c349c342e8463ec4ff70aa4cc0c530261d3,677656,1.9313702018992898
case_044,2,B,600.0,3.085029112000484,/home/dreamboat/npu_r12_verify/NPU_R12/work/par5_B/case_044_n2_B/selected_plan.json,/home/dreamboat/npu_r12_verify/NPU_R12/work/par5_B/case_044_n2_B/report.json,/home/dreamboat/npu_r12_verify/NPU_R12/work/par5_B/case_044_n2_B/control/r7/control_r6/control_work/chainwave_result.official.json,6407e58bd5acc496e86050d7ce74f0cd006ff688b8e33f739942b6a29831f82a,45248,930400,930400,0,,,,2965712498820f9eb7034ffae1f6af2ab21eebcd7c42960647eaa0edc0ccceeb,154407,3.4124602192362095
case_045,2,B,600.0,1.3553644869989512,/home/dreamboat/npu_r12_verify/NPU_R12/work/par4_B/case_045_n2_B/selected_plan.json,/home/dreamboat/npu_r12_verify/NPU_R12/work/par4_B/case_045_n2_B/report.json,/home/dreamboat/npu_r12_verify/NPU_R12/work/par4_B/case_045_n2_B/control/r7/control_r6/control_work/components_result.official.json,6877ef1acde40826951ba3d1f40471d0572bf86dae349e2e9d54fb03a9cee921,63059,0,0,0,,,,b850f72635589788dcdcb783d6ec7df7f6093b0484aa8a71aabc6cfc41874fae,125614,1.99200748505368
case_046,2,B,600.0,2.042375049999464,/home/dreamboat/npu_r12_verify/NPU_R12/work/par5_B/case_046_n2_B/selected_plan.json,/home/dreamboat/npu_r12_verify/NPU_R12/work/par5_B/case_046_n2_B/report.json,/home/dreamboat/npu_r12_verify/NPU_R12/work/par5_B/case_046_n2_B/control/r7/control_r6/control_work/chainwave_result.official.json,e641aafcf7c2443030928b6bbecd1d84eaacb09f86aabb93ac36925ed4784a60,109740,930400,930400,0,,,,98fd7db428d02014a6b323dda5b4e5267d62b9b0b8aad1e6f43107b1ead1c138,276455,2.5191817022052123
case_047,2,B,600.0,40.07195203599986,/home/dreamboat/npu_r12_verify/NPU_R12/work/par2_B/case_047_n2_B/selected_plan.json,/home/dreamboat/npu_r12_verify/NPU_R12/work/par2_B/case_047_n2_B/report.json,/home/dreamboat/npu_r12_verify/NPU_R12/work/par2_B/case_047_n2_B/indexed_insertion/plan.meta.official.json,e454b1a59c6a0289458acceb65dcced087309d11704838e8ef59d73ebf38387a,166394,3012550,3012550,0,,,,7eacb881270d6c45fe367a54937c3b4fa62fa54cc5f6e9c249c09fdd5f92e368,326508,1.9622582545043692
case_048,2,B,600.0,8.45643478600141,/home/dreamboat/npu_r12_verify/NPU_R12/work/par5_B/case_048_n2_B/selected_plan.json,/home/dreamboat/npu_r12_verify/NPU_R12/work/par5_B/case_048_n2_B/report.json,/home/dreamboat/npu_r12_verify/NPU_R12/work/par5_B/case_048_n2_B/control/r7/control_r6/critical/critical_02_result.official.json,9e6882527a29179801ce9c0b3b1688fe0cbb814252e858360529986578dad24d,125568,391302,391302,0,,,,2f9e837ce1f83730b262da3b764fdac8c8ca3c229f66563a6a5185422b5e35db,222220,1.7697183995922527
case_049,2,B,600.0,23.747452206998787,/home/dreamboat/npu_r12_verify/NPU_R12/work/par5_B/case_049_n2_B/selected_plan.json,/home/dreamboat/npu_r12_verify/NPU_R12/work/par5_B/case_049_n2_B/report.json,/home/dreamboat/npu_r12_verify/NPU_R12/work/par5_B/case_049_n2_B/indexed_insertion/plan.meta.official.json,77c46dfe9e9a5856028d7e44e303d4ba4271456d0e955550f657180e27f2aeaa,106107,2803330,2803330,0,,,,4342eb61e1c6fa7c7d30f51598317ccb2858ef55bac46cfda7a752eafc5ce20b,196276,1.8497931333465276
case_050,2,B,600.0,37.87183358600032,/home/dreamboat/npu_r12_verify/NPU_R12/work/par2_B/case_050_n2_B/selected_plan.json,/home/dreamboat/npu_r12_verify/NPU_R12/work/par2_B/case_050_n2_B/report.json,/home/dreamboat/npu_r12_verify/NPU_R12/work/par2_B/case_050_n2_B/indexed_insertion/plan.meta.official.json,2a53831d17ed8ad2025489af032a66b567a5ca41cf165178ee4d8c998b3aec88,78327,1958198,1896438,61760,,,,714ef65161175f872fd2a5f744549d53667ea6e37c09edc34a1bca729c5551cd,149690,1.9110906839276367
case_051,2,B,600.0,5.6707924689999345,/home/dreamboat/npu_r12_verify/NPU_R12/work/par6_B/case_051_n2_B/selected_plan.json,/home/dreamboat/npu_r12_verify/NPU_R12/work/par6_B/case_051_n2_B/report.json,/home/dreamboat/npu_r12_verify/NPU_R12/work/par6_B/case_051_n2_B/control/r7/control_r6/control_work/migrate0_result.official.json,b9e8397b795f9ec094e2c1ed4522e2a5f431b63a416d583232ae02d374c4b1d2,318674,393884,393884,0,,,,ec71b208391f7b4ebd85ae07551fbe07d67b1c5ecb4cf4df4e12a5c5c2d777b7,607628,1.9067385478576853
case_052,2,B,600.0,3.6534462680001525,/home/dreamboat/npu_r12_verify/NPU_R12/work/par2_B/case_052_n2_B/selected_plan.json,/home/dreamboat/npu_r12_verify/NPU_R12/work/par2_B/case_052_n2_B/report.json,/home/dreamboat/npu_r12_verify/NPU_R12/work/par2_B/case_052_n2_B/control/r7/control_r6/control_work/component_ordered_result.official.json,6925fd1f897a63f213ebf2d0a4d76a3054c56a941786033fb06d67c81c2e135f,86843,102912,102912,0,,,,cb49460fd7775616a12548b9f8bc2cb693336570377752be40d65a3c2bf969d7,180301,2.0761719424708955
case_053,2,B,600.0,32.37639761600076,/home/dreamboat/npu_r12_verify/NPU_R12/work/par6_B/case_053_n2_B/selected_plan.json,/home/dreamboat/npu_r12_verify/NPU_R12/work/par6_B/case_053_n2_B/report.json,/home/dreamboat/npu_r12_verify/NPU_R12/work/par6_B/case_053_n2_B/control/r7/control_r6/control_work/chainwave_result.official.json,aa86fbea68cf3a2bf20148eeebc5bcbef7944bcc7c7d11aa3fee03ddabdb726b,728229,5317152,5317152,0,,,,9c833b70d5467e5444a749a177a45651e6f3510a5e417b03c660538038adb33b,1472686,2.022284199063756
case_054,2,B,600.0,30.503870700000334,/home/dreamboat/npu_r12_verify/NPU_R12/work/par4_B/case_054_n2_B/selected_plan.json,/home/dreamboat/npu_r12_verify/NPU_R12/work/par4_B/case_054_n2_B/report.json,/home/dreamboat/npu_r12_verify/NPU_R12/work/par4_B/case_054_n2_B/indexed_insertion/plan.meta.official.json,11fc079acddda8fd34bb331b6751d0dcf8305ee1a3e1c38396d840a5e8ebf94d,438618,8276074,8276074,0,,,,84feba23afcbfa582af16bebd9cc1c82ff396d1cd2777a8db5a4f64e13ff4a19,815051,1.8582251526385145
case_055,2,B,600.0,3.3938494979993266,/home/dreamboat/npu_r12_verify/NPU_R12/work/par5_B/case_055_n2_B/selected_plan.json,/home/dreamboat/npu_r12_verify/NPU_R12/work/par5_B/case_055_n2_B/report.json,/home/dreamboat/npu_r12_verify/NPU_R12/work/par5_B/case_055_n2_B/indexed_insertion/plan.meta.official.json,dc220babadf38c9b9397cefaa8de1e0ce0ab1d9069f5d58e19730d1f2a7b584f,56582,852212,852212,0,,,,da4fb88cc40ac877e3a66beb06eb3fbb23a3064c1d6918098f16d048b8bc7de5,118835,2.1002262203527624
case_056,2,B,600.0,63.472444629000165,/home/dreamboat/npu_r12_verify/NPU_R12/work/par3_B/case_056_n2_B/selected_plan.json,/home/dreamboat/npu_r12_verify/NPU_R12/work/par3_B/case_056_n2_B/report.json,/home/dreamboat/npu_r12_verify/NPU_R12/work/par3_B/case_056_n2_B/indexed_insertion/plan.meta.official.json,b78d9967c770afc22fdb448b9a6bca1280bc660f9b63622b0ef26b46f4eeb52a,147688,3622398,3622398,0,,,,4f0d3bc3801f7ea15d91309f2e5549f95ac8e571cb5f5278a97fbe65357d1c1e,277285,1.877505281404041
case_057,2,B,600.0,3.284045475000312,/home/dreamboat/npu_r12_verify/NPU_R12/work/par3_B/case_057_n2_B/selected_plan.json,/home/dreamboat/npu_r12_verify/NPU_R12/work/par3_B/case_057_n2_B/report.json,/home/dreamboat/npu_r12_verify/NPU_R12/work/par3_B/case_057_n2_B/indexed_insertion/plan.meta.official.json,964f6e94a7658d70613cbb6c83cb75e7a97f891c2c6316a056bdb4dd79b6f06a,30025,416890,416890,0,,,,f3613c982abcca3c5a431b1aeab6984372d0a651d14cd2546a5b0148646d0650,59726,1.9892089925062448
case_058,2,B,600.0,106.54605152300064,/home/dreamboat/npu_r12_verify/NPU_R12/work/par2_B/case_058_n2_B/selected_plan.json,/home/dreamboat/npu_r12_verify/NPU_R12/work/par2_B/case_058_n2_B/report.json,/home/dreamboat/npu_r12_verify/NPU_R12/work/par2_B/case_058_n2_B/control/extra/m2_ordered_2048.official.json,b8cf64db06f0413afdf503d4e2b2f3db60d769e2dbd2ed4a039f09d62e4ce9ce,2261085,30621696,6623232,23998464,,,,d0a7be40081ae225f6bb8a27e7f7bdf13d809bbb93277bf93f90d17238eac15d,4539717,2.0077604335971446
case_059,2,B,600.0,2.651263107998602,/home/dreamboat/npu_r12_verify/NPU_R12/work/par5_B/case_059_n2_B/selected_plan.json,/home/dreamboat/npu_r12_verify/NPU_R12/work/par5_B/case_059_n2_B/report.json,/home/dreamboat/npu_r12_verify/NPU_R12/work/par5_B/case_059_n2_B/control/r7/control_r6/control_work/components_result.official.json,fa9c7b7bc9e02689f0ab05595386537434ab1372850233c3ed0f44d89c665b84,369318,360448,360448,0,,,,3200d155277f10d0cb598b97cddd545f1722a17666c056bcced9e6901583d5cd,829473,2.2459587672412393
case_060,2,B,600.0,19.675810131999242,/home/dreamboat/npu_r12_verify/NPU_R12/work/par6_B/case_060_n2_B/selected_plan.json,/home/dreamboat/npu_r12_verify/NPU_R12/work/par6_B/case_060_n2_B/report.json,/home/dreamboat/npu_r12_verify/NPU_R12/work/par6_B/case_060_n2_B/control/r7/control_r6/control_work/component_ordered_result.official.json,6f4c8218c04bfac8c700c479c71220cd7822ec07adb53be2806922cc2ed31a5e,474073,1255552,1198080,57472,,,,6fde7e2c366d58de0003f05b6227d66d890c5fbb185a477c23bae6a988929f75,888789,1.8747935444541242
case_061,2,B,600.0,2.374711632999606,/home/dreamboat/npu_r12_verify/NPU_R12/work/par4_B/case_061_n2_B/selected_plan.json,/home/dreamboat/npu_r12_verify/NPU_R12/work/par4_B/case_061_n2_B/report.json,/home/dreamboat/npu_r12_verify/NPU_R12/work/par4_B/case_061_n2_B/control/r7/control_r6/control_work/components_result.official.json,bd51cd3ad0fc81c056b29a2003d5a822bcc22eef9d643259786349ec19b3ce30,39298,34560,34560,0,,,,9a5376794d172f599f3fca41856993c1e0b26e3089fef76f54627b3c270a117e,77191,1.9642475444042953
case_062,2,B,600.0,56.99854731300002,/home/dreamboat/npu_r12_verify/NPU_R12/work/par6_B/case_062_n2_B/selected_plan.json,/home/dreamboat/npu_r12_verify/NPU_R12/work/par6_B/case_062_n2_B/report.json,/home/dreamboat/npu_r12_verify/NPU_R12/work/par6_B/case_062_n2_B/indexed_insertion/plan.meta.official.json,a105d0800836661bdff669594ccaceea527b53b85c4cd0312cd7c0b5f61903f4,1572635,10856448,6678528,4177920,,,,6fd53d7817dbab0aa8a9fd513fede0684f3bcb093c3f5016fe83740a7cd40053,2854809,1.8153029787585804
case_063,2,B,600.0,40.748177371000565,/home/dreamboat/npu_r12_verify/NPU_R12/work/par3_B/case_063_n2_B/selected_plan.json,/home/dreamboat/npu_r12_verify/NPU_R12/work/par3_B/case_063_n2_B/report.json,/home/dreamboat/npu_r12_verify/NPU_R12/work/par3_B/case_063_n2_B/indexed_insertion/plan.meta.official.json,1284b8b18555cbd2fce0ae99c0f13828a30522302377a8fe1ca760cf4baefb23,575202,3323904,2497536,826368,,,,5e0549e47218cd6322407b7bd6a7d2be83ff5f04186ee88a00c08bbbca34cfbe,1070397,1.8609062555415314
case_064,2,B,600.0,4.514777041999878,/home/dreamboat/npu_r12_verify/NPU_R12/work/par2_B/case_064_n2_B/selected_plan.json,/home/dreamboat/npu_r12_verify/NPU_R12/work/par2_B/case_064_n2_B/report.json,/home/dreamboat/npu_r12_verify/NPU_R12/work/par2_B/case_064_n2_B/indexed_insertion/plan.meta.official.json,9974433817b6d18e380da38bf2d5718102493298f0d1d7f19c59596d86654a55,13417,95590,95590,0,,,,6699084f5681c70188d228da3b2dd03667fc183783280910162f8f6e8cbbb116,19116,1.424759633301036
case_065,2,B,600.0,1.9521505310003704,/home/dreamboat/npu_r12_verify/NPU_R12/work/par5_B/case_065_n2_B/selected_plan.json,/home/dreamboat/npu_r12_verify/NPU_R12/work/par5_B/case_065_n2_B/report.json,/home/dreamboat/npu_r12_verify/NPU_R12/work/par5_B/case_065_n2_B/control/r7/control_r6/control_work/component_ordered_result.official.json,8b1a0860a2da63ed2294bf5c0d1eea862a0a53d832d4d2d57b5a83f5e667416c,22021,13968,13968,0,,,,4e01fa279125da21342c2ba53f4a9ee404d298b071617a3537033232e0834de1,53068,2.409881476772172
case_066,2,B,600.0,44.95297183100047,/home/dreamboat/npu_r12_verify/NPU_R12/work/par3_B/case_066_n2_B/selected_plan.json,/home/dreamboat/npu_r12_verify/NPU_R12/work/par3_B/case_066_n2_B/report.json,/home/dreamboat/npu_r12_verify/NPU_R12/work/par3_B/case_066_n2_B/indexed_insertion/plan.meta.official.json,748b6b7b5652cfa2f1ccf1457499c2b68a5c7c2447dcf5e8b62ad5f42cea4914,190462,3937564,3937564,0,,,,497d5d560482374958018660bbd83b90ca7beb0b5caa035216bd07f3dd4172b6,359070,1.8852579517174028
case_067,2,B,600.0,58.263189584999964,/home/dreamboat/npu_r12_verify/NPU_R12/work/par2_B/case_067_n2_B/selected_plan.json,/home/dreamboat/npu_r12_verify/NPU_R12/work/par2_B/case_067_n2_B/report.json,/home/dreamboat/npu_r12_verify/NPU_R12/work/par2_B/case_067_n2_B/local_microbatch/affinity_window4.plan.meta.official.json,072630502ff0db57bbf51456a91b71b6366a214ea49cda72c76d8f90ccac8fe8,31418001,182202752,37964160,144238592,,,,820fb6921981cff8312c60df1b2a87cb3e291cc24a4285ba920b44f12da2e65f,63834834,2.031791710745696
case_068,2,B,600.0,41.117762280000534,/home/dreamboat/npu_r12_verify/NPU_R12/work/par1_B/case_068_n2_B/selected_plan.json,/home/dreamboat/npu_r12_verify/NPU_R12/work/par1_B/case_068_n2_B/report.json,/home/dreamboat/npu_r12_verify/NPU_R12/work/par1_B/case_068_n2_B/indexed_insertion/plan.meta.official.json,fc23b7278b07aa8bfe719a1544a2bd0c09cf706ddfac86fc054fb1418e6e066c,200719,3519186,3471050,48136,,,,52ca6d57b98d6cc85de67edc1f10ac8071205476d93598f4bdc9c55abf84fbb7,362095,1.8039896571824292
case_069,2,B,600.0,4.00168769999982,/home/dreamboat/npu_r12_verify/NPU_R12/work/par3_B/case_069_n2_B/selected_plan.json,/home/dreamboat/npu_r12_verify/NPU_R12/work/par3_B/case_069_n2_B/report.json,/home/dreamboat/npu_r12_verify/NPU_R12/work/par3_B/case_069_n2_B/control/r7/control_r6/control_work/chainwave_result.official.json,0b1978c6c21f97bebf7b4c6d8eabcfe2339ddb56873077b0ab1bdd50bfdbb5ac,16133,233732,233732,0,,,,ca3b876cfcb9015a81f5e2bfb630cb495bc51c935adb1663bd14beeabf96e9c6,25144,1.5585445980288848
case_070,2,B,600.0,3.9682853520007484,/home/dreamboat/npu_r12_verify/NPU_R12/work/par1_B/case_070_n2_B/selected_plan.json,/home/dreamboat/npu_r12_verify/NPU_R12/work/par1_B/case_070_n2_B/report.json,/home/dreamboat/npu_r12_verify/NPU_R12/work/par1_B/case_070_n2_B/control/r7/control_r6/control_work/components_result.official.json,3234092736fa36feb8487755d2a64bb4ec0c8f41e9977210259133a2cbbb51fe,58234,129536,129536,0,,,,8d97875daa7f39b19dfb52f1820d0a0468581cd30e5af611520624f1ff50d133,117300,2.014287186179895
case_071,2,B,600.0,3.508680603999892,/home/dreamboat/npu_r12_verify/NPU_R12/work/par1_B/case_071_n2_B/selected_plan.json,/home/dreamboat/npu_r12_verify/NPU_R12/work/par1_B/case_071_n2_B/report.json,/home/dreamboat/npu_r12_verify/NPU_R12/work/par1_B/case_071_n2_B/control/r7/control_r6/critical/critical_00_result.official.json,f8bc465684d5afbf820e020a558b343f847868f834d76dd66669fdec50774ea3,12826,208452,208452,0,,,,da7dcc23eeda21266297f4fbcfbd905a7e9a83678903f46931bbdfdc3c327dc3,18919,1.4750506783096835
case_072,2,B,600.0,127.44667819200004,/home/dreamboat/npu_r12_verify/NPU_R12/work/par4_B/case_072_n2_B/selected_plan.json,/home/dreamboat/npu_r12_verify/NPU_R12/work/par4_B/case_072_n2_B/report.json,/home/dreamboat/npu_r12_verify/NPU_R12/work/par4_B/case_072_n2_B/control/r7/control_r6/control_work/components_result.official.json,1dfbfb30c9b7bf481a9a3faafa9fabdd621db44f1ece09a2e152e29b9d8fa7ed,11836023,113724192,10948952,102775240,,,,507f78353ce9e620c628e8d762941b74302755deb6e90c82f284e5fadfe61c61,23897828,2.01907583315781
case_073,2,B,600.0,18.10641204700005,/home/dreamboat/npu_r12_verify/NPU_R12/work/par1_B/case_073_n2_B/selected_plan.json,/home/dreamboat/npu_r12_verify/NPU_R12/work/par1_B/case_073_n2_B/report.json,/home/dreamboat/npu_r12_verify/NPU_R12/work/par1_B/case_073_n2_B/control/r7/control_r6/control_work/chainwave_result.official.json,bf51e4790447e47768d4ba5ffe6a7268ed3da4d2b9f46177afc08750842d1903,5587533,91806080,3721600,88084480,,,,ce5b150e09b9850242a288bc536a12295805c1c7e4110c9e1a779883749f5a22,10081626,1.8043071960380368
case_074,2,B,600.0,9.949480174999735,/home/dreamboat/npu_r12_verify/NPU_R12/work/par2_B/case_074_n2_B/selected_plan.json,/home/dreamboat/npu_r12_verify/NPU_R12/work/par2_B/case_074_n2_B/report.json,/home/dreamboat/npu_r12_verify/NPU_R12/work/par2_B/case_074_n2_B/control/r7/control_r6/control_work/component_ordered_result.official.json,982e4cd349f7231084f9ad408e2f446cc263488bbe69f193aac03b36a745077d,803673,3747840,2285568,1462272,,,,6385d2ecb732c43241b2c3a266276d0e664b7ed0a0ced3c76ce3344f17efef0a,1682239,2.093188398764174
case_075,2,B,600.0,39.30406261799908,/home/dreamboat/npu_r12_verify/NPU_R12/work/par4_B/case_075_n2_B/selected_plan.json,/home/dreamboat/npu_r12_verify/NPU_R12/work/par4_B/case_075_n2_B/report.json,/home/dreamboat/npu_r12_verify/NPU_R12/work/par4_B/case_075_n2_B/indexed_insertion/plan.meta.official.json,6fb908e0e2be57bcf2acba528831feeec14d378110b5fa72631e1c71d114d977,728185,7124774,7124774,0,,,,c7e5e598806fe3911da579666a4193bc57bc103f9bd00f58d5cb312bbe7682e2,1441809,1.980003707848967
case_076,2,B,600.0,107.38049244799913,/home/dreamboat/npu_r12_verify/NPU_R12/work/par2_B/case_076_n2_B/selected_plan.json,/home/dreamboat/npu_r12_verify/NPU_R12/work/par2_B/case_076_n2_B/report.json,/home/dreamboat/npu_r12_verify/NPU_R12/work/par2_B/case_076_n2_B/control/r7/control_r6/control_work/components_result.official.json,36ea2240ff2a87e1baea2074d46ed42123d7c13667f8a1c299af1e465ffeb26e,3065214,31095808,4074496,27021312,,,,3a3224a0dd86e2d430ebd2366a8d31d9e829d5a170e928581005d0ebce5c2f46,6185113,2.017840516192344
case_077,2,B,600.0,9.263786729001367,/home/dreamboat/npu_r12_verify/NPU_R12/work/par4_B/case_077_n2_B/selected_plan.json,/home/dreamboat/npu_r12_verify/NPU_R12/work/par4_B/case_077_n2_B/report.json,/home/dreamboat/npu_r12_verify/NPU_R12/work/par4_B/case_077_n2_B/control/r7/control_r6/control_work/components_result.official.json,b85b687549b4374f520c08d0f921146c3221f3f90411a3be3788d1db0631b83d,250735,57344,57344,0,,,,f60de3decba3eb2428b8f12262bc78fbddef0a5ad6ad1affa793166154112d9a,495320,1.9754721119907472
case_078,2,B,600.0,2.9168802839994896,/home/dreamboat/npu_r12_verify/NPU_R12/work/par2_B/case_078_n2_B/selected_plan.json,/home/dreamboat/npu_r12_verify/NPU_R12/work/par2_B/case_078_n2_B/report.json,/home/dreamboat/npu_r12_verify/NPU_R12/work/par2_B/case_078_n2_B/control/r7/control_r6/control_work/chainwave_result.official.json,39c75c7357c46357e622cd84d482d79c5978cf967ff3d8f26de017b9a4d2893b,1051374,2148480,2148480,0,,,,e49d0f3fcab827ce5128442e68e204e10c4e6c9b1e2af53d37181ea4c0bfb2c8,2296143,2.1839450091023744
case_079,2,B,600.0,90.91032854900004,/home/dreamboat/npu_r12_verify/NPU_R12/work/par5_B/case_079_n2_B/selected_plan.json,/home/dreamboat/npu_r12_verify/NPU_R12/work/par5_B/case_079_n2_B/report.json,/home/dreamboat/npu_r12_verify/NPU_R12/work/par5_B/case_079_n2_B/control/r7/control_r6/control_work/component_batch512_result.official.json,4e9a3f5026af29f9d04adb1ac1134f801d4501435dde247ebc1e2d9c19748002,15446486,31780864,3649536,28131328,,,,f601e5125b26a12a3d33afedab1d980fb871199bf20dcc4b7b87a57c6c473f1e,31052251,2.010311665708304
case_080,2,B,600.0,1.6987352539999847,/home/dreamboat/npu_r12_verify/NPU_R12/work/par6_B/case_080_n2_B/selected_plan.json,/home/dreamboat/npu_r12_verify/NPU_R12/work/par6_B/case_080_n2_B/report.json,/home/dreamboat/npu_r12_verify/NPU_R12/work/par6_B/case_080_n2_B/control/r7/control_r6/control_work/components_result.official.json,179e389b97ec0e1ddb1fd1bbb34fc28e099148eed048d2e80860d83170b1fc45,145926,2191360,1904640,286720,,,,da8c8fdc4eb45b7b4f9bd8aa5608faecb0652ca249eafb06a355f900db29807c,292138,2.0019598974822856
case_081,2,B,600.0,4.447923028999867,/home/dreamboat/npu_r12_verify/NPU_R12/work/par5_B/case_081_n2_B/selected_plan.json,/home/dreamboat/npu_r12_verify/NPU_R12/work/par5_B/case_081_n2_B/report.json,/home/dreamboat/npu_r12_verify/NPU_R12/work/par5_B/case_081_n2_B/control/r7/control_r6/control_work/components_result.official.json,11d328a734f8827c5f8df3bf6cbf7bf8e593846bb448e8c67312ef9ddd9ad270,76860,0,0,0,,,,bcaa7622e5d88c81e1c2900fd0b3a5f2f6d6ec88ae724d03ef360e63b8e8243b,151795,1.9749544626593807
case_082,2,B,600.0,26.793325541999366,/home/dreamboat/npu_r12_verify/NPU_R12/work/par1_B/case_082_n2_B/selected_plan.json,/home/dreamboat/npu_r12_verify/NPU_R12/work/par1_B/case_082_n2_B/report.json,/home/dreamboat/npu_r12_verify/NPU_R12/work/par1_B/case_082_n2_B/indexed_insertion/plan.meta.official.json,cf03aec553bd10786e9db558fbba52cfec7038be872e42b043fbcb061aa04306,387499,3234278,3234278,0,,,,2758ddd24e58f0818c271a5124b617cfa0961af542f7e798c8669f427b637e5c,721041,1.860755769692309
case_083,2,B,600.0,10.235603340001035,/home/dreamboat/npu_r12_verify/NPU_R12/work/par3_B/case_083_n2_B/selected_plan.json,/home/dreamboat/npu_r12_verify/NPU_R12/work/par3_B/case_083_n2_B/report.json,/home/dreamboat/npu_r12_verify/NPU_R12/work/par3_B/case_083_n2_B/control/r7/control_r6/control_work/chainwave_result.official.json,8959eb62cbf867753de5601e090dfc94a9fe8a5745aabb5d5de96dcdce44b7fb,433315,930400,930400,0,,,,8570bf01ca1fa11d8f2dd7dde770ebb32068a44adf3550aca372f60197210208,1057993,2.441625607237229
case_084,2,B,600.0,57.53013211799953,/home/dreamboat/npu_r12_verify/NPU_R12/work/par3_B/case_084_n2_B/selected_plan.json,/home/dreamboat/npu_r12_verify/NPU_R12/work/par3_B/case_084_n2_B/report.json,/home/dreamboat/npu_r12_verify/NPU_R12/work/par3_B/case_084_n2_B/control/r7/control_r6/control_work/chainwave_result.official.json,b3b888f0a2af596923558f4f4becd650fe97d88a1c913a37044999a73ff532b8,1168951,28717440,0,28717440,,,,0d7742b63f0e48193bd83c9be902107d0ef02c1aaa18c4517c817ebee54d1f3b,2507412,2.1450103554383375
case_085,2,B,600.0,42.481449134000286,/home/dreamboat/npu_r12_verify/NPU_R12/work/par4_B/case_085_n2_B/selected_plan.json,/home/dreamboat/npu_r12_verify/NPU_R12/work/par4_B/case_085_n2_B/report.json,/home/dreamboat/npu_r12_verify/NPU_R12/work/par4_B/case_085_n2_B/control/r7/control_r6/control_work/chainwave_result.official.json,925a958ed7431a316d6576a0cc371eb5f41e4f5f7c6dcba4e23067d10c849af3,1810774,9335690,7981254,1354436,,,,3d466a757218c73325bdff507d23090cafcf3bc3ed773a338de2a730cc4fdd30,3187899,1.7605173257402635
case_086,2,B,600.0,24.96850249899944,/home/dreamboat/npu_r12_verify/NPU_R12/work/par5_B/case_086_n2_B/selected_plan.json,/home/dreamboat/npu_r12_verify/NPU_R12/work/par5_B/case_086_n2_B/report.json,/home/dreamboat/npu_r12_verify/NPU_R12/work/par5_B/case_086_n2_B/control/r7/control_r6/critical/critical_00_result.official.json,10f2413d0a9f88b22377b0c329ad9eb659d4dacb04454826bb7e492a4a79beba,67521,1185860,1185860,0,,,,49e3186442579a399a769964e39a95f1a79424cd9ac27b0438afdad6868f8c3d,118403,1.7535729624857452
case_087,2,B,600.0,116.17566215999977,/home/dreamboat/npu_r12_verify/NPU_R12/work/par5_B/case_087_n2_B/selected_plan.json,/home/dreamboat/npu_r12_verify/NPU_R12/work/par5_B/case_087_n2_B/report.json,/home/dreamboat/npu_r12_verify/NPU_R12/work/par5_B/case_087_n2_B/control/r7/control_r6/control_work/components_result.official.json,817f4d3e281fc33dc15545f0c22cb19f20bde7d8d667532c3fd1a8dc9c66fba8,1987606,10142208,2004480,8137728,,,,d5156ca2a77b1d8120aa93eaabe6f36fc14f6cd3836292f2d44ae8b33ee29650,3974071,1.999425942566082
case_088,2,B,600.0,16.423572208001133,/home/dreamboat/npu_r12_verify/NPU_R12/work/par6_B/case_088_n2_B/selected_plan.json,/home/dreamboat/npu_r12_verify/NPU_R12/work/par6_B/case_088_n2_B/report.json,/home/dreamboat/npu_r12_verify/NPU_R12/work/par6_B/case_088_n2_B/indexed_insertion/plan.meta.official.json,9254fc06cff6210ec2d4a8026040d8b3852946fffa1f0e45cdf36a1db8317575,134265,2582030,2582030,0,,,,8cfeeaad5b0efb3dc1974c4dbf3e3034fc96df18eb49c9272be165bc15539662,243623,1.8144937250958924
case_089,2,B,600.0,13.425454136000553,/home/dreamboat/npu_r12_verify/NPU_R12/work/par3_B/case_089_n2_B/selected_plan.json,/home/dreamboat/npu_r12_verify/NPU_R12/work/par3_B/case_089_n2_B/report.json,/home/dreamboat/npu_r12_verify/NPU_R12/work/par3_B/case_089_n2_B/control/r7/control_r6/control_work/chainwave_result.official.json,beaf5368c3cbdffca68927d6668c8a850b14700fef05ab359b2017954ad0eb67,329430,238720,238720,0,,,,312c4302e2838b3128b33cacc5695675d3e7dceb766528f8ee10316f13fbd37c,693092,2.103912819111799
case_090,2,B,600.0,5.691755542000465,/home/dreamboat/npu_r12_verify/NPU_R12/work/par6_B/case_090_n2_B/selected_plan.json,/home/dreamboat/npu_r12_verify/NPU_R12/work/par6_B/case_090_n2_B/report.json,/home/dreamboat/npu_r12_verify/NPU_R12/work/par6_B/case_090_n2_B/control/r7/control_r6/critical/critical_00_result.official.json,a9bd6ecb373e4526bd7811bc2d142e8ab6eab2f033478798875bcf6649eb6e65,454440,2341200,2341200,0,,,,945430b6cc40b8ecca266615487ce0caf9f77fefe7aec49cf686774c9b6aa384,1178363,2.5930001760408414
case_091,2,B,600.0,104.55269392899936,/home/dreamboat/npu_r12_verify/NPU_R12/work/par3_B/case_091_n2_B/selected_plan.json,/home/dreamboat/npu_r12_verify/NPU_R12/work/par3_B/case_091_n2_B/report.json,/home/dreamboat/npu_r12_verify/NPU_R12/work/par3_B/case_091_n2_B/control/r7/control_r6/control_work/components_result.official.json,5450d45ebbce16c5a2d14d00830d79e3ce33c366067621ff1de5a9823c2aa92b,4571759,57904096,6478336,51425760,,,,3ca69de9ab8c8e3df29ff4dd912cacb8135f41fe1f43cae134fa6544532b9986,9186769,2.0094604724352267
case_092,2,B,600.0,54.79783685400071,/home/dreamboat/npu_r12_verify/NPU_R12/work/par6_B/case_092_n2_B/selected_plan.json,/home/dreamboat/npu_r12_verify/NPU_R12/work/par6_B/case_092_n2_B/report.json,/home/dreamboat/npu_r12_verify/NPU_R12/work/par6_B/case_092_n2_B/control/r7/control_r6/control_work/chainwave_result.official.json,d85c3c2c51dda049066e89f738500f0a1dad4ed61e214a8e556266dde5a11dee,2162750,16642656,930400,15712256,,,,8717c8dad8c8c651a6153bb0315fb6ee902ac039494d871c561d203d4ba46278,4815554,2.2265883712865566
case_093,2,B,600.0,1.1044478559997515,/home/dreamboat/npu_r12_verify/NPU_R12/work/par3_B/case_093_n2_B/selected_plan.json,/home/dreamboat/npu_r12_verify/NPU_R12/work/par3_B/case_093_n2_B/report.json,/home/dreamboat/npu_r12_verify/NPU_R12/work/par3_B/case_093_n2_B/control/r7/control_r6/control_work/components_result.official.json,40bea3ed40323287813e53a396f0777020c5ffc932766b7993128e34bc99e370,37827,8192,8192,0,,,,d7592e5c94aa602ccbfbdcd528f570f39f3f317c88160c7621b9459efbb2a5d6,74205,1.9616940280751844
case_094,2,B,600.0,1.5907357390005927,/home/dreamboat/npu_r12_verify/NPU_R12/work/par4_B/case_094_n2_B/selected_plan.json,/home/dreamboat/npu_r12_verify/NPU_R12/work/par4_B/case_094_n2_B/report.json,/home/dreamboat/npu_r12_verify/NPU_R12/work/par4_B/case_094_n2_B/control/r7/control_r6/control_work/component_ordered_result.official.json,bf128cf40b366aecdcbf127e521b49c5e598604df449c31f13da3291b8946ac9,48430,106272,106272,0,,,,b28a1cc8b148cf1b0d8b40a3a1699c632b317e982cc4c959127c21e5a3c96e8c,94892,1.9593640305595705
case_095,2,B,600.0,9.843260092000492,/home/dreamboat/npu_r12_verify/NPU_R12/work/par4_B/case_095_n2_B/selected_plan.json,/home/dreamboat/npu_r12_verify/NPU_R12/work/par4_B/case_095_n2_B/report.json,/home/dreamboat/npu_r12_verify/NPU_R12/work/par4_B/case_095_n2_B/control/r7/control_r6/control_work/component_batch512_result.official.json,9b885384a5294d76aeb8ce23086edf2e004b321e859e24c3effca053b3bf726c,1042890,0,0,0,,,,dda49d4dd589f36e73116ada0d0b528e2f03e0b278d83bad56be19176f3944c6,2084853,1.9991111238960964
case_096,2,B,600.0,2.995657339999525,/home/dreamboat/npu_r12_verify/NPU_R12/work/par3_B/case_096_n2_B/selected_plan.json,/home/dreamboat/npu_r12_verify/NPU_R12/work/par3_B/case_096_n2_B/report.json,/home/dreamboat/npu_r12_verify/NPU_R12/work/par3_B/case_096_n2_B/indexed_insertion/plan.meta.official.json,274ced007afdff64c262635d3929efad4afa4ec9509d1a12d39533cf4d1eeac5,41837,719692,719692,0,,,,7d6c8d93656667c6f9149797b5a2553b70d8baae1569c1c0aa06a5236aeba61d,84194,2.0124291894734325
case_097,2,B,600.0,30.0341174339992,/home/dreamboat/npu_r12_verify/NPU_R12/work/par1_B/case_097_n2_B/selected_plan.json,/home/dreamboat/npu_r12_verify/NPU_R12/work/par1_B/case_097_n2_B/report.json,/home/dreamboat/npu_r12_verify/NPU_R12/work/par1_B/case_097_n2_B/control/r7/control_r6/control_work/component_batch512_result.official.json,845cc3c5f0ba2509aa92b5192a6504f19e4ffcdb1147f9d66f9dd763d8b7ad47,5617602,11796480,2555904,9240576,,,,f13c1f1a4be8ad934331a08dffc70918acbcdf30e8b70f3a4d71d3dba10a44bc,11491509,2.045625339780212
case_098,2,B,600.0,3.7796227729995735,/home/dreamboat/npu_r12_verify/NPU_R12/work/par3_B/case_098_n2_B/selected_plan.json,/home/dreamboat/npu_r12_verify/NPU_R12/work/par3_B/case_098_n2_B/report.json,/home/dreamboat/npu_r12_verify/NPU_R12/work/par3_B/case_098_n2_B/control/r7/control_r6/control_work/component_batch512_result.official.json,cdd8cc1da78f08cf27a2acbf5bd89809a1f4ea953d53c7f35ed39fae6d54cc49,89551,0,0,0,,,,03079db9c100e2ea2614db3656ddaa2b44c1288897d6b83862d1762747d7591c,177430,1.9813290750522048
case_099,2,B,600.0,8.781581574001393,/home/dreamboat/npu_r12_verify/NPU_R12/work/par6_B/case_099_n2_B/selected_plan.json,/home/dreamboat/npu_r12_verify/NPU_R12/work/par6_B/case_099_n2_B/report.json,/home/dreamboat/npu_r12_verify/NPU_R12/work/par6_B/case_099_n2_B/control/r7/control_r6/control_work/components_result.official.json,f6b26c52d57586bda5fe96642f4257b6e7f9b9cb9ad0e40e0094911a34d4a6a6,811243,7319552,1904640,5414912,,,,d9460a833438b0f65d210fc2cc6bbebd238c7597886c84384f3e6cd4cea7af9d,1622999,2.0006323629294798
case_100,2,B,600.0,2.9744733260013163,/home/dreamboat/npu_r12_verify/NPU_R12/work/par4_B/case_100_n2_B/selected_plan.json,/home/dreamboat/npu_r12_verify/NPU_R12/work/par4_B/case_100_n2_B/report.json,/home/dreamboat/npu_r12_verify/NPU_R12/work/par4_B/case_100_n2_B/indexed_insertion/plan.meta.official.json,0392cc4b1b49e6ee96e38d371e4e362e9c4137661784cc82c6519ccc6fbc731f,74200,1161942,1126614,35328,,,,7814be65994e892651fdd36f3da19609065ec9aaa0697417971fb7910d423c48,151223,2.038045822102426
case_001,3,B,600.0,1.0741800330015394,/home/dreamboat/npu_r12_verify/NPU_R12/work/par6_B/case_001_n3_B/selected_plan.json,/home/dreamboat/npu_r12_verify/NPU_R12/work/par6_B/case_001_n3_B/report.json,/home/dreamboat/npu_r12_verify/NPU_R12/work/par6_B/case_001_n3_B/control/r7/control_r6/control_work/components_result.official.json,72855da4a8d79c4ccd4fe3a5bc485ff4dbdd6c85615b3127e9c8750b8c18cdee,78545,2304,2304,0,,,,fc5f779390effbd7bbe09887052c446d55028c9e7e4fe533a435f4496f944a17,233110,2.9678528232223567
case_002,3,B,600.0,8.233609535000141,/home/dreamboat/npu_r12_verify/NPU_R12/work/par2_B/case_002_n3_B/selected_plan.json,/home/dreamboat/npu_r12_verify/NPU_R12/work/par2_B/case_002_n3_B/report.json,/home/dreamboat/npu_r12_verify/NPU_R12/work/par2_B/case_002_n3_B/indexed_insertion/plan.meta.official.json,fedaee451c2f39753e54a8cd518f3dbf1f564f2b1a120f74e422b028d47b0767,94149,746496,746496,0,,,,d7cd4fe576691b84d0ca0042f66a1921e845686a1cb5aabdc66caf15e940cdc3,261945,2.782238791702514
case_003,3,B,600.0,61.29094192699995,/home/dreamboat/npu_r12_verify/NPU_R12/work/par1_B/case_003_n3_B/selected_plan.json,/home/dreamboat/npu_r12_verify/NPU_R12/work/par1_B/case_003_n3_B/report.json,/home/dreamboat/npu_r12_verify/NPU_R12/work/par1_B/case_003_n3_B/indexed_insertion/plan.meta.official.json,40dde5e2991c2a8a5bfbe9feb3975623cb7fad29b8fe5ccd0333f592e3942c5c,257302,9518568,9518568,0,,,,3d262b3dfa0d81a00d76154edcbe90cd688649e150c4de69c933feb97374832c,602212,2.3404870541231704
case_004,3,B,600.0,1.5016912350001803,/home/dreamboat/npu_r12_verify/NPU_R12/work/par4_B/case_004_n3_B/selected_plan.json,/home/dreamboat/npu_r12_verify/NPU_R12/work/par4_B/case_004_n3_B/report.json,/home/dreamboat/npu_r12_verify/NPU_R12/work/par4_B/case_004_n3_B/control/r7/control_r6/control_work/component_ordered_result.official.json,1b82858b0257c7e8fb744bee55b160d00a692465f041c38a953402076c9803c1,134043,221184,221184,0,,,,54d5b378ff88a94c5518a013582a28c66c13347e02c871530e174244eebf06e8,392357,2.927098020784375
case_005,3,B,600.0,31.9222371449996,/home/dreamboat/npu_r12_verify/NPU_R12/work/par6_B/case_005_n3_B/selected_plan.json,/home/dreamboat/npu_r12_verify/NPU_R12/work/par6_B/case_005_n3_B/report.json,/home/dreamboat/npu_r12_verify/NPU_R12/work/par6_B/case_005_n3_B/control/r7/control_r6/critical/critical_00_result.official.json,7ac4d8667bbfa47f261c3733539f332cdd5d892dba39a9cbe203c0d445339df8,52655,1728714,1728714,0,,,,8b6241dfff1a7a381880ec5a185266fcad3be07d239c3677045d76b7eb2db69d,95618,1.8159339094103124
case_006,3,B,600.0,2.582287688001088,/home/dreamboat/npu_r12_verify/NPU_R12/work/par4_B/case_006_n3_B/selected_plan.json,/home/dreamboat/npu_r12_verify/NPU_R12/work/par4_B/case_006_n3_B/report.json,/home/dreamboat/npu_r12_verify/NPU_R12/work/par4_B/case_006_n3_B/indexed_insertion/plan.meta.official.json,1fc735813455022f0d8f52282b21125ef61c64cb89013ab274c16a567e9b50da,29782,841742,841742,0,,,,10846f0f7c593cd85d1144791184da91b2ea6807d0490bf1df1eb4b802533153,82837,2.781445168222416
case_007,3,B,600.0,7.9537138039995625,/home/dreamboat/npu_r12_verify/NPU_R12/work/par4_B/case_007_n3_B/selected_plan.json,/home/dreamboat/npu_r12_verify/NPU_R12/work/par4_B/case_007_n3_B/report.json,/home/dreamboat/npu_r12_verify/NPU_R12/work/par4_B/case_007_n3_B/control/r7/control_r6/control_work/component_batch512_result.official.json,3bbb68d156af7982956555e4c94cc81c3a2a49d4e96e4163589a078a31077ac9,338094,55296,55296,0,,,,d94d0f6d6700ccfad15372f32d80a4a5add802a9011ccfbc6505b0bceeadef89,1012562,2.994912657426633
case_008,3,B,600.0,4.09287155399943,/home/dreamboat/npu_r12_verify/NPU_R12/work/par1_B/case_008_n3_B/selected_plan.json,/home/dreamboat/npu_r12_verify/NPU_R12/work/par1_B/case_008_n3_B/report.json,/home/dreamboat/npu_r12_verify/NPU_R12/work/par1_B/case_008_n3_B/control/r7/control_r6/control_work/component_ordered_result.official.json,940b818bd05e6cb98985601e28c90f09214e77789c1df72a2712353df5832029,163359,0,0,0,,,,1e31346e5ba0181ff0cd7f39a2b6e916f3af19903622289b45081751f056af09,487605,2.984867684057811
case_009,3,B,600.0,54.657215057999565,/home/dreamboat/npu_r12_verify/NPU_R12/work/par5_B/case_009_n3_B/selected_plan.json,/home/dreamboat/npu_r12_verify/NPU_R12/work/par5_B/case_009_n3_B/report.json,/home/dreamboat/npu_r12_verify/NPU_R12/work/par5_B/case_009_n3_B/indexed_insertion/plan.meta.official.json,688206d1030d3ee64d6ea8b979fd41f23c1f175ad647aa71cd3070c38fb6c16e,63747,1616024,1616024,0,,,,a1a04addbab526ee8090a8cc7826728356a3ae78c0ab408a08c06a1a82b78445,153261,2.4042072568120854
case_010,3,B,600.0,3.150239505001082,/home/dreamboat/npu_r12_verify/NPU_R12/work/par1_B/case_010_n3_B/selected_plan.json,/home/dreamboat/npu_r12_verify/NPU_R12/work/par1_B/case_010_n3_B/report.json,/home/dreamboat/npu_r12_verify/NPU_R12/work/par1_B/case_010_n3_B/control/r7/control_r6/control_work/components_result.official.json,31c1e396b577bb9192d8009528eae97816ba3615295a3d51e51f626d7ebdd13f,30856,48384,48384,0,,,,e8eda427def996dc687386a839c03aaeca5bf11a4243e62e0a0958a2891e42cc,86969,2.8185442053409386
case_011,3,B,600.0,2.2577655219993176,/home/dreamboat/npu_r12_verify/NPU_R12/work/par6_B/case_011_n3_B/selected_plan.json,/home/dreamboat/npu_r12_verify/NPU_R12/work/par6_B/case_011_n3_B/report.json,/home/dreamboat/npu_r12_verify/NPU_R12/work/par6_B/case_011_n3_B/control/r7/control_r6/control_work/component_ordered_result.official.json,3133a9d0d52296507952608dd84e613085473559db39abbf61488a003432d946,69625,1081344,1081344,0,,,,e54601ff913ff889a4093571527f2f8820cdd0c1a3a104b017f502e06b1d11ee,184697,2.6527396768402154
case_012,3,B,600.0,3.869444971000121,/home/dreamboat/npu_r12_verify/NPU_R12/work/par6_B/case_012_n3_B/selected_plan.json,/home/dreamboat/npu_r12_verify/NPU_R12/work/par6_B/case_012_n3_B/report.json,/home/dreamboat/npu_r12_verify/NPU_R12/work/par6_B/case_012_n3_B/control/r7/control_r6/control_work/component_ordered_result.official.json,37b84726f07a6e6a167ee493367e526d308bd7487f9d9fe729c07384a646d444,18114,20160,20160,0,,,,47f6783298e9e4f1057ce6c30c1ee888102e68d6e8c2ae4fcb0281dd71cd7070,59088,3.262007287181186
case_013,3,B,600.0,1.5972697230008635,/home/dreamboat/npu_r12_verify/NPU_R12/work/par4_B/case_013_n3_B/selected_plan.json,/home/dreamboat/npu_r12_verify/NPU_R12/work/par4_B/case_013_n3_B/report.json,/home/dreamboat/npu_r12_verify/NPU_R12/work/par4_B/case_013_n3_B/control/r7/control_r6/control_work/components_result.official.json,9d0d0a7d0646502ef0b8b0034d03c1d3e6e74bf55b205946abbff378054a0fd8,88351,16384,16384,0,,,,5a9a08eada9e30de4c315562072f3381aba38ed6d4f65ec4962ed9289bc404f7,263949,2.98750438591527
case_014,3,B,600.0,247.59586818500065,/home/dreamboat/npu_r12_verify/NPU_R12/work/par1_B/case_014_n3_B/selected_plan.json,/home/dreamboat/npu_r12_verify/NPU_R12/work/par1_B/case_014_n3_B/report.json,/home/dreamboat/npu_r12_verify/NPU_R12/work/par1_B/case_014_n3_B/control/r7/control_r6/control_work/component_ordered_result.official.json,8e06cac5fbeffdbfe0b99e723436383281c266a2a9d1e068c4091ec09f14c333,5924867,46130856,19786416,26344440,,,,eb3045b093c88cbd310303b17c2d1da2e7e72ccf6040047edf24b0c69762d9e7,17698626,2.987176927347061
case_015,3,B,600.0,3.5786217149998265,/home/dreamboat/npu_r12_verify/NPU_R12/work/par4_B/case_015_n3_B/selected_plan.json,/home/dreamboat/npu_r12_verify/NPU_R12/work/par4_B/case_015_n3_B/report.json,/home/dreamboat/npu_r12_verify/NPU_R12/work/par4_B/case_015_n3_B/control/r7/control_r6/control_work/component_ordered_result.official.json,3d633338fe90ca37ea5671b642b0b0619a3201282a282c2172fc7b994b76929b,58906,208128,208128,0,,,,228a63f5e6e6391000c7c7ef19c77c1d8f8a6ec153ace1b5b865bdf6386db729,177362,3.0109326723933045
case_016,3,B,600.0,46.05662626399862,/home/dreamboat/npu_r12_verify/NPU_R12/work/par5_B/case_016_n3_B/selected_plan.json,/home/dreamboat/npu_r12_verify/NPU_R12/work/par5_B/case_016_n3_B/report.json,/home/dreamboat/npu_r12_verify/NPU_R12/work/par5_B/case_016_n3_B/indexed_insertion/plan.meta.official.json,d851c411e4a742efe07eab95de3bd1f13d9e7174006622871b8ab60fec1fc81b,2876720,12200,12200,0,,,,37d3d316beed6cb7edc9cd1d148fc563e7f579cd48a49f3173a61e35b571a220,7715523,2.682055604994577
case_017,3,B,600.0,4.17040499200084,/home/dreamboat/npu_r12_verify/NPU_R12/work/par3_B/case_017_n3_B/selected_plan.json,/home/dreamboat/npu_r12_verify/NPU_R12/work/par3_B/case_017_n3_B/report.json,/home/dreamboat/npu_r12_verify/NPU_R12/work/par3_B/case_017_n3_B/control/r7/control_r6/control_work/component_ordered_result.official.json,b57296d6dfde62b07b9c0b442a4fe9535d099dda9b92c5bfe15002fe3feee134,52489,175104,175104,0,,,,9f48da2f0d5e1610ee4d1aa410d4559ff9f0b20394d32b393e7c1d5a78de2cbf,162810,3.1017927565775687
case_018,3,B,600.0,12.104989659000239,/home/dreamboat/npu_r12_verify/NPU_R12/work/par2_B/case_018_n3_B/selected_plan.json,/home/dreamboat/npu_r12_verify/NPU_R12/work/par2_B/case_018_n3_B/report.json,/home/dreamboat/npu_r12_verify/NPU_R12/work/par2_B/case_018_n3_B/indexed_insertion/plan.meta.official.json,750ed482791fc9f399028ff4950d7369106d645b46d29f72cc021f33c484c559,334784,12853772,12853772,0,,,,322546cfa2b38619d1ae920622cddc7d9eb0b5326818bf36d9c040746189c69c,1004367,3.0000448050086024
case_019,3,B,600.0,3.139675069000077,/home/dreamboat/npu_r12_verify/NPU_R12/work/par2_B/case_019_n3_B/selected_plan.json,/home/dreamboat/npu_r12_verify/NPU_R12/work/par2_B/case_019_n3_B/report.json,/home/dreamboat/npu_r12_verify/NPU_R12/work/par2_B/case_019_n3_B/control/r7/control_r6/control_work/component_ordered_result.official.json,64cf197064e65a0adf021d51bf59df8a4851059a0b54085a8785a93242d7abb2,28195,24576,24576,0,,,,0472f5800dc7ab64d190edcec87a1908edb1a5ce8becde1d4b6e56b95979a30e,81144,2.8779570845894664
case_020,3,B,600.0,6.17905952000001,/home/dreamboat/npu_r12_verify/NPU_R12/work/par2_B/case_020_n3_B/selected_plan.json,/home/dreamboat/npu_r12_verify/NPU_R12/work/par2_B/case_020_n3_B/report.json,/home/dreamboat/npu_r12_verify/NPU_R12/work/par2_B/case_020_n3_B/control/r7/control_r6/control_work/components_result.official.json,a9a1ec9d46ffbf2dd90f077b1de04a6fb3d56a5ac8fa637d3b2b914591c83d64,177950,0,0,0,,,,d8052f191c8fe9ead343f97f8b2047348408413cf6a73aac8184b065bd7115df,532746,2.993796010115201
case_021,3,B,600.0,10.078770303000056,/home/dreamboat/npu_r12_verify/NPU_R12/work/par3_B/case_021_n3_B/selected_plan.json,/home/dreamboat/npu_r12_verify/NPU_R12/work/par3_B/case_021_n3_B/report.json,/home/dreamboat/npu_r12_verify/NPU_R12/work/par3_B/case_021_n3_B/control/r7/control_r6/control_work/component_ordered_result.official.json,af36cbb0200d59f5d350cdec8ad8ef50f359aee2b623eff50c6076daec38819e,2106848,4710400,4710400,0,,,,f2405399d92ae608195e7c40b1f060c3e73b8cc5cfdd310704933e47f55084ba,6567937,3.1174232787557528
case_022,3,B,600.0,4.350275065999995,/home/dreamboat/npu_r12_verify/NPU_R12/work/par2_B/case_022_n3_B/selected_plan.json,/home/dreamboat/npu_r12_verify/NPU_R12/work/par2_B/case_022_n3_B/report.json,/home/dreamboat/npu_r12_verify/NPU_R12/work/par2_B/case_022_n3_B/control/r7/control_r6/control_work/components_result.official.json,4d187620b1ef13c50cfa3a2b3ba70e2a472c1a699cdca9eff020b61742aa5be2,19370,13824,13824,0,,,,5dc389bb7bb09f21ff32e85bad1e5801ce9d1c0ff8ccf89b6f49cc83d77305c6,56780,2.9313371192565825
case_023,3,B,600.0,4.7411730169988004,/home/dreamboat/npu_r12_verify/NPU_R12/work/par5_B/case_023_n3_B/selected_plan.json,/home/dreamboat/npu_r12_verify/NPU_R12/work/par5_B/case_023_n3_B/report.json,/home/dreamboat/npu_r12_verify/NPU_R12/work/par5_B/case_023_n3_B/control/r7/control_r6/control_work/components_result.official.json,6a9fe55c901f859a6396ac2059011185d1024c1a61a7d654029e2bc6850eb511,41720,196896,196896,0,,,,44ea8fa23775ef6401c41a2010291959812fcfec0c849691d9dd2f9c82700ba9,122614,2.938974113135187
case_024,3,B,600.0,36.12667388299997,/home/dreamboat/npu_r12_verify/NPU_R12/work/par6_B/case_024_n3_B/selected_plan.json,/home/dreamboat/npu_r12_verify/NPU_R12/work/par6_B/case_024_n3_B/report.json,/home/dreamboat/npu_r12_verify/NPU_R12/work/par6_B/case_024_n3_B/indexed_insertion/plan.meta.official.json,ce86fb54b7e0f19a96da8cbd519001d5231267cd4a92b45b77c27cbcca09e680,953408,4040,4040,0,,,,27886f6c8fdcef1272dfac71e341725e967bca2b5f9dc2fba8e6b7ea3b22ea82,2555343,2.6802198009666376
case_025,3,B,600.0,97.03778407199934,/home/dreamboat/npu_r12_verify/NPU_R12/work/par6_B/case_025_n3_B/selected_plan.json,/home/dreamboat/npu_r12_verify/NPU_R12/work/par6_B/case_025_n3_B/report.json,/home/dreamboat/npu_r12_verify/NPU_R12/work/par6_B/case_025_n3_B/control/r7/control_r6/control_work/component_batch512_result.official.json,1721e366ff989b355e11139b4991c2383092a76238b9d96dd17bb7060ab2583f,1622164,55296,55296,0,,,,0bd944fab84014e5a929714b46c72f020febcbe28503fa957f49ac0739d20e3a,4863026,2.9978633479722148
case_026,3,B,600.0,3.6786297130001913,/home/dreamboat/npu_r12_verify/NPU_R12/work/par5_B/case_026_n3_B/selected_plan.json,/home/dreamboat/npu_r12_verify/NPU_R12/work/par5_B/case_026_n3_B/report.json,/home/dreamboat/npu_r12_verify/NPU_R12/work/par5_B/case_026_n3_B/indexed_insertion/plan.meta.official.json,ddd723473f4a7f9c6598f11c78d343a2e8bcc6af773d8f689516a0ce5912c4f9,41132,1491816,1491816,0,,,,22e295a0fa3f7f387475ce11e54dc6428155b64da18c48faf24f6a137762e0c1,99203,2.4118204804045513
case_027,3,B,600.0,5.157937207000941,/home/dreamboat/npu_r12_verify/NPU_R12/work/par1_B/case_027_n3_B/selected_plan.json,/home/dreamboat/npu_r12_verify/NPU_R12/work/par1_B/case_027_n3_B/report.json,/home/dreamboat/npu_r12_verify/NPU_R12/work/par1_B/case_027_n3_B/indexed_insertion/plan.meta.official.json,892dfe36e0dc98ffafc622a071037256ba9908dc00e73120273af4fba0f74636,765280,33890304,33890304,0,,,,51b991fa1350688cc9661e76f36c3ce51d19c02650ccc24e69265818cdbf41c4,2363952,3.0890027179594397
case_028,3,B,600.0,76.00280490899968,/home/dreamboat/npu_r12_verify/NPU_R12/work/par3_B/case_028_n3_B/selected_plan.json,/home/dreamboat/npu_r12_verify/NPU_R12/work/par3_B/case_028_n3_B/report.json,/home/dreamboat/npu_r12_verify/NPU_R12/work/par3_B/case_028_n3_B/control/r7/control_r6/control_work/chainwave_result.official.json,e3f894a4732052deb0e84efc8a670e459edab0548e606896f1e180dbaf30f530,13848390,34820352,4296960,30523392,,,,ad49845b7dae51f9f3f3ec0b6a8efaced175f428f6f82ee6f5abdc7a8cb222e5,43836040,3.1654250060837397
case_029,3,B,600.0,0.9921993190000649,/home/dreamboat/npu_r12_verify/NPU_R12/work/par1_B/case_029_n3_B/selected_plan.json,/home/dreamboat/npu_r12_verify/NPU_R12/work/par1_B/case_029_n3_B/report.json,/home/dreamboat/npu_r12_verify/NPU_R12/work/par1_B/case_029_n3_B/control/r7/control_r6/control_work/components_result.official.json,1aadc35ed027414a1971ba260bfa23be8d6b127b319d8f08faa24a0673c8cec0,12743,0,0,0,,,,6956c982e7847a66c3bee9ebf1aac01ccdaccce335482f56fd9d7a107888a585,37555,2.9471082162756024
case_030,3,B,600.0,12.784469625001293,/home/dreamboat/npu_r12_verify/NPU_R12/work/par5_B/case_030_n3_B/selected_plan.json,/home/dreamboat/npu_r12_verify/NPU_R12/work/par5_B/case_030_n3_B/report.json,/home/dreamboat/npu_r12_verify/NPU_R12/work/par5_B/case_030_n3_B/control/r7/control_r6/control_work/components_result.official.json,38456c3163f24d5437fddb5892ae09fc8fed6e393e5f710042429ce642ff541e,933857,9242624,3901440,5341184,,,,43e80aaf824d3e5457ad1400f6683b3645b730b0e9d37fc693207519b7cad798,2808034,3.0069207598165457
case_031,3,B,600.0,25.460342381999,/home/dreamboat/npu_r12_verify/NPU_R12/work/par1_B/case_031_n3_B/selected_plan.json,/home/dreamboat/npu_r12_verify/NPU_R12/work/par1_B/case_031_n3_B/report.json,/home/dreamboat/npu_r12_verify/NPU_R12/work/par1_B/case_031_n3_B/control/r7/control_r6/control_work/component_ordered_result.official.json,31876296dfd4edab95c20eb47fdcfe90f1eabaeb3837774618c827be6427838e,483567,3462144,3462144,0,,,,4c42363bd46ab893d4332774007a7f5be4cf48b3f13472f932344d15629bb302,1414369,2.924866667907446
case_032,3,B,600.0,2.2699092899993047,/home/dreamboat/npu_r12_verify/NPU_R12/work/par2_B/case_032_n3_B/selected_plan.json,/home/dreamboat/npu_r12_verify/NPU_R12/work/par2_B/case_032_n3_B/report.json,/home/dreamboat/npu_r12_verify/NPU_R12/work/par2_B/case_032_n3_B/control/r7/control_r6/control_work/component_ordered_result.official.json,413047a0b89dd9a229ff3e85de1099fad0e13391e0d850a9c33f324f84c01188,11808,12360,12360,0,,,,4f26750f7db15ca3d24112684a7479ec6d3bb724e2628e492927eb9b635b2e6e,41443,3.509739159891599
case_033,3,B,600.0,9.363810917000592,/home/dreamboat/npu_r12_verify/NPU_R12/work/par4_B/case_033_n3_B/selected_plan.json,/home/dreamboat/npu_r12_verify/NPU_R12/work/par4_B/case_033_n3_B/report.json,/home/dreamboat/npu_r12_verify/NPU_R12/work/par4_B/case_033_n3_B/control/r7/control_r6/control_work/component_ordered_result.official.json,bb7d5d8cf4a905118e0cd76002b0c392e180e5de1a22d6c2e52b96418401ecc5,602408,4180032,3952704,227328,,,,98efc1643da59708f9ed03204569e412ca5d28114bf50e0b503144c0988a62a5,1774196,2.9451733708715686
case_034,3,B,600.0,11.43206309299967,/home/dreamboat/npu_r12_verify/NPU_R12/work/par6_B/case_034_n3_B/selected_plan.json,/home/dreamboat/npu_r12_verify/NPU_R12/work/par6_B/case_034_n3_B/report.json,/home/dreamboat/npu_r12_verify/NPU_R12/work/par6_B/case_034_n3_B/control/r7/control_r6/control_work/component_ordered_result.official.json,72970b440405e6eedb2c2be4834e85fc053c5a72f4742b3c85b1613547c1a809,280681,2341888,2341888,0,,,,14b2155738ce4513f2b9f2061e3b7c56b7b664c2ca554480523e758d85a22e80,842996,3.0033953135409948
case_035,3,B,600.0,36.52278991200001,/home/dreamboat/npu_r12_verify/NPU_R12/work/par1_B/case_035_n3_B/selected_plan.json,/home/dreamboat/npu_r12_verify/NPU_R12/work/par1_B/case_035_n3_B/report.json,/home/dreamboat/npu_r12_verify/NPU_R12/work/par1_B/case_035_n3_B/indexed_insertion/plan.meta.official.json,930e998801047e501f057b1b228f0aa43365d92084561c403788e23a22a49c38,71961,1735510,1735510,0,,,,418bb7c9e6611941e67d696c173bcef55dedf6a412f22af7d8d542c95b9d88b0,169571,2.3564291769152734
case_036,3,B,600.0,3.626705763001155,/home/dreamboat/npu_r12_verify/NPU_R12/work/par3_B/case_036_n3_B/selected_plan.json,/home/dreamboat/npu_r12_verify/NPU_R12/work/par3_B/case_036_n3_B/report.json,/home/dreamboat/npu_r12_verify/NPU_R12/work/par3_B/case_036_n3_B/control/r7/control_r6/control_work/components_result.official.json,dec493c9d353a8eee1bfc1ffacefb2623e9c83f42153e4c057fc358be950c144,311345,2304,2304,0,,,,da1517a51e4ababc072c81ea8ad54a893f5193304ff3f7c4ffbcca2d3eff0536,931510,2.991890025534375
case_037,3,B,600.0,1.8562664349992701,/home/dreamboat/npu_r12_verify/NPU_R12/work/par1_B/case_037_n3_B/selected_plan.json,/home/dreamboat/npu_r12_verify/NPU_R12/work/par1_B/case_037_n3_B/report.json,/home/dreamboat/npu_r12_verify/NPU_R12/work/par1_B/case_037_n3_B/control/r7/control_r6/control_work/component_ordered_result.official.json,0708679ca82fed48e3815e684fca6efd4a01e1106b53288ea99854ce97584be9,74038,1064960,1064960,0,,,,29479e2be92e1ae716d8db7b580554107cc7ae19bf90083b3351b7826dd36751,210001,2.836394824279424
case_038,3,B,600.0,27.925475694999477,/home/dreamboat/npu_r12_verify/NPU_R12/work/par5_B/case_038_n3_B/selected_plan.json,/home/dreamboat/npu_r12_verify/NPU_R12/work/par5_B/case_038_n3_B/report.json,/home/dreamboat/npu_r12_verify/NPU_R12/work/par5_B/case_038_n3_B/control/r7/control_r6/control_work/component_batch512_result.official.json,07b1990a01c3e928c70c7601ba86c9c10fc4aee9e300c3bfc94a27bc1da14b4c,459530,5534208,4932096,602112,,,,28250fc5c37cb9325c609ff8c4c2ddf28bf48267aeae59777d93db0ece4cbf00,1364555,2.9694579244010186
case_039,3,B,600.0,15.850969379999697,/home/dreamboat/npu_r12_verify/NPU_R12/work/par2_B/case_039_n3_B/selected_plan.json,/home/dreamboat/npu_r12_verify/NPU_R12/work/par2_B/case_039_n3_B/report.json,/home/dreamboat/npu_r12_verify/NPU_R12/work/par2_B/case_039_n3_B/control/r7/control_r6/control_work/component_batch512_result.official.json,f5f78ee63d97a43214735a38826ae8bdbfb565f84a7bfd84f2da6e3850834ed6,483806,12414976,8404992,4009984,,,,f3bb3e8ead483fa14a82cf3ae45c32cf47d47bf1821fe4174c9b74b9b086b0fa,1435262,2.9666064496926454
case_040,3,B,600.0,14.366274512000018,/home/dreamboat/npu_r12_verify/NPU_R12/work/par1_B/case_040_n3_B/selected_plan.json,/home/dreamboat/npu_r12_verify/NPU_R12/work/par1_B/case_040_n3_B/report.json,/home/dreamboat/npu_r12_verify/NPU_R12/work/par1_B/case_040_n3_B/indexed_insertion/plan.meta.official.json,136d6e3c96c44434e4a422957e04a2e716cf93f0f877d8bbdc2bfe86af1ceae2,105923,3308532,3308532,0,,,,194118c009d44423a70ef486d988412c34b9c2675331d564e3c0af55e6b780f6,253454,2.392813647649708
case_041,3,B,600.0,43.81334360099936,/home/dreamboat/npu_r12_verify/NPU_R12/work/par1_B/case_041_n3_B/selected_plan.json,/home/dreamboat/npu_r12_verify/NPU_R12/work/par1_B/case_041_n3_B/report.json,/home/dreamboat/npu_r12_verify/NPU_R12/work/par1_B/case_041_n3_B/control/r7/control_r6/control_work/components_result.official.json,0410264ed23a14230d13074c6709751e18375d4f33a877e857bd1952e6f01f20,1991992,34879488,9787392,25092096,,,,5affa350ed8102c59e2630b76217d8e6b5ebf0a70dd4ae25159779858477eef9,6003957,3.014046743159611
case_042,3,B,600.0,22.842996902999403,/home/dreamboat/npu_r12_verify/NPU_R12/work/par2_B/case_042_n3_B/selected_plan.json,/home/dreamboat/npu_r12_verify/NPU_R12/work/par2_B/case_042_n3_B/report.json,/home/dreamboat/npu_r12_verify/NPU_R12/work/par2_B/case_042_n3_B/control/r7/control_r6/control_work/components_result.official.json,3cd4531329e102a12f234ef323ec22dd3bb23ec45be882996b48051bf171afba,571947,8251680,3950880,4300800,,,,eb9003d0a015fa5ddb9a96e94e105c2702fffc7dc624eb583861108b448b093d,1686740,2.9491194114139945
case_043,3,B,600.0,82.09427593500004,/home/dreamboat/npu_r12_verify/NPU_R12/work/par4_B/case_043_n3_B/selected_plan.json,/home/dreamboat/npu_r12_verify/NPU_R12/work/par4_B/case_043_n3_B/report.json,/home/dreamboat/npu_r12_verify/NPU_R12/work/par4_B/case_043_n3_B/control/r7/control_r6/critical/critical_02_result.official.json,a07d1e5a351bb57153c1a7a35f664f4286327e49611b372aaf0f5b3d9878b671,267919,7959640,7959640,0,,,,c5e940f974eec9426083c3f62bd748c78db068ddc65d0c175b8915d475662160,677656,2.529331626349755
case_044,3,B,600.0,3.855666751998797,/home/dreamboat/npu_r12_verify/NPU_R12/work/par5_B/case_044_n3_B/selected_plan.json,/home/dreamboat/npu_r12_verify/NPU_R12/work/par5_B/case_044_n3_B/report.json,/home/dreamboat/npu_r12_verify/NPU_R12/work/par5_B/case_044_n3_B/control/r7/control_r6/core/active2_chainwave_result.official.json,deed0b0f6055fdf0fd6510e78ea2adfba816319b4a7c8594b00899723debe83f,45248,930400,930400,0,,,,2783606dea483a92e039c771523d95dce8a03743768cfc07d22a2d09898fd687,154407,3.4124602192362095
case_045,3,B,600.0,0.9267364770003041,/home/dreamboat/npu_r12_verify/NPU_R12/work/par4_B/case_045_n3_B/selected_plan.json,/home/dreamboat/npu_r12_verify/NPU_R12/work/par4_B/case_045_n3_B/report.json,/home/dreamboat/npu_r12_verify/NPU_R12/work/par4_B/case_045_n3_B/control/r7/control_r6/control_work/components_result.official.json,7ec986e257f5548576f27927af44c29eb276788fef81cfbdec6d952b9413117f,42601,0,0,0,,,,8f5d3910c09954763dd4e9c48e0565af95a5f722caaddfe78c6886d5816ccdf6,125614,2.94861622966597
case_046,3,B,600.0,1.854505433999293,/home/dreamboat/npu_r12_verify/NPU_R12/work/par5_B/case_046_n3_B/selected_plan.json,/home/dreamboat/npu_r12_verify/NPU_R12/work/par5_B/case_046_n3_B/report.json,/home/dreamboat/npu_r12_verify/NPU_R12/work/par5_B/case_046_n3_B/control/r7/control_r6/control_work/chainwave_result.official.json,c0d81379be925ffc7e553b6c3a450f4d787028088ac22b1bc3c0c15f589fd020,82826,1860800,1860800,0,,,,e835710ad4aeec991419dadca6f0828b28ff8191bcecc4e95f0a5840384e0d6b,276455,3.3377804071185375
case_047,3,B,600.0,67.38862788799997,/home/dreamboat/npu_r12_verify/NPU_R12/work/par2_B/case_047_n3_B/selected_plan.json,/home/dreamboat/npu_r12_verify/NPU_R12/work/par2_B/case_047_n3_B/report.json,/home/dreamboat/npu_r12_verify/NPU_R12/work/par2_B/case_047_n3_B/indexed_insertion/plan.meta.official.json,729910cd22b618b8082c95a6b200dbe7e58683ac77913ff953e4da36d7bdb8b6,136827,4387628,4387628,0,,,,6a947c5176a2b159939ee2ba53174e8f13a5a0997e1861e18bc04890dec159c5,326508,2.3862834089762988
case_048,3,B,600.0,11.234658608000245,/home/dreamboat/npu_r12_verify/NPU_R12/work/par5_B/case_048_n3_B/selected_plan.json,/home/dreamboat/npu_r12_verify/NPU_R12/work/par5_B/case_048_n3_B/report.json,/home/dreamboat/npu_r12_verify/NPU_R12/work/par5_B/case_048_n3_B/indexed_insertion/plan.meta.official.json,d47c17d47dd22328e114e119e1246ae4697835e3ef690334bc31ab1bd9283729,99835,1016076,1016076,0,,,,cb2e91d66e233263d167f823e4f969fba661b3e01d483349619c2a607ff94e9a,222220,2.2258726899383983
case_049,3,B,600.0,28.214468991000103,/home/dreamboat/npu_r12_verify/NPU_R12/work/par5_B/case_049_n3_B/selected_plan.json,/home/dreamboat/npu_r12_verify/NPU_R12/work/par5_B/case_049_n3_B/report.json,/home/dreamboat/npu_r12_verify/NPU_R12/work/par5_B/case_049_n3_B/indexed_insertion/plan.meta.official.json,357f6926f3ee8ba8b7259c6070dd1177f972ea956aaf1a0f366bf05972a5949b,84225,3516344,3516344,0,,,,9ab293ee703c3703c0e26feef0c140a023c739cd39815d7b21e2cfbf3779465b,196276,2.33037696645889
case_050,3,B,600.0,42.72497287599981,/home/dreamboat/npu_r12_verify/NPU_R12/work/par2_B/case_050_n3_B/selected_plan.json,/home/dreamboat/npu_r12_verify/NPU_R12/work/par2_B/case_050_n3_B/report.json,/home/dreamboat/npu_r12_verify/NPU_R12/work/par2_B/case_050_n3_B/control/r7/control_r6/critical/critical_01_result.official.json,5110a2d5a45b3e0f50ec0a184a6f51d4af9b44ea42f3af617f0714ce4f8fbd1c,67318,1393486,1393486,0,,,,768bf9d9f42595246c1a8a0d0f15b7752891e5bfbf9ab23c19dfced6ff0cd274,149690,2.223625181972132
case_051,3,B,600.0,6.126611796998986,/home/dreamboat/npu_r12_verify/NPU_R12/work/par6_B/case_051_n3_B/selected_plan.json,/home/dreamboat/npu_r12_verify/NPU_R12/work/par6_B/case_051_n3_B/report.json,/home/dreamboat/npu_r12_verify/NPU_R12/work/par6_B/case_051_n3_B/indexed_insertion/plan.meta.official.json,8d01d9a63d1cf098d56f0bf41245445f1f92cd22f509756e5e46ceb88d4fd1a3,227452,960,960,0,,,,41e5be0db628aeeb5097d030f3c55f0235cd980a542f8fd95005f01245da902f,607628,2.6714559555422683
case_052,3,B,600.0,3.724802511999769,/home/dreamboat/npu_r12_verify/NPU_R12/work/par2_B/case_052_n3_B/selected_plan.json,/home/dreamboat/npu_r12_verify/NPU_R12/work/par2_B/case_052_n3_B/report.json,/home/dreamboat/npu_r12_verify/NPU_R12/work/par2_B/case_052_n3_B/control/r7/control_r6/control_work/component_ordered_result.official.json,4ecaae91ce80c548b2478bc15bef073bd741f8531257933c0e962345ddd8c916,62309,181248,181248,0,,,,fbcd01861ae5cab708172c397812b525b58ffa259eeed4abb0312c09edf32320,180301,2.893659021971144
case_053,3,B,600.0,38.675753962999806,/home/dreamboat/npu_r12_verify/NPU_R12/work/par6_B/case_053_n3_B/selected_plan.json,/home/dreamboat/npu_r12_verify/NPU_R12/work/par6_B/case_053_n3_B/report.json,/home/dreamboat/npu_r12_verify/NPU_R12/work/par6_B/case_053_n3_B/control/r7/control_r6/control_work/chainwave_result.official.json,7da9f448114ef0bc7dd867b6dd78b62df98009255f611f67a781a32f60a3be8f,497437,7442990,7442990,0,,,,939753cfddb999bf6bf0123203af20cf5ff4fc1e8b6a9a4d9b4bcd462f31f1b2,1472686,2.9605477678580403
case_054,3,B,600.0,44.31787728400013,/home/dreamboat/npu_r12_verify/NPU_R12/work/par4_B/case_054_n3_B/selected_plan.json,/home/dreamboat/npu_r12_verify/NPU_R12/work/par4_B/case_054_n3_B/report.json,/home/dreamboat/npu_r12_verify/NPU_R12/work/par4_B/case_054_n3_B/control/r7/control_r6/control_work/migrate0_result.official.json,cc2fe68524e3b52ff9542d28876774662faffe17e0e7450c8a7e101068cf5f8f,316491,6482640,6482640,0,,,,2b4d81276795c3a57bccace434471d4a83edcea57b8dcf9e9e0ff15ff8ff32b1,815051,2.5752738624479052
case_055,3,B,600.0,4.90886687999955,/home/dreamboat/npu_r12_verify/NPU_R12/work/par5_B/case_055_n3_B/selected_plan.json,/home/dreamboat/npu_r12_verify/NPU_R12/work/par5_B/case_055_n3_B/report.json,/home/dreamboat/npu_r12_verify/NPU_R12/work/par5_B/case_055_n3_B/control/r7/control_r6/control_work/component_ordered_result.official.json,6bd0b9eac31fd32a3590bcab4f1a82087d46b1c251a205a21081c763374fa84e,40063,115712,115712,0,,,,748cbe2aa5baf11bb859293363acd7bfaf6e1c1b012b2f0602191e352a857d35,118835,2.966203229912887
case_056,3,B,600.0,65.9044272150004,/home/dreamboat/npu_r12_verify/NPU_R12/work/par3_B/case_056_n3_B/selected_plan.json,/home/dreamboat/npu_r12_verify/NPU_R12/work/par3_B/case_056_n3_B/report.json,/home/dreamboat/npu_r12_verify/NPU_R12/work/par3_B/case_056_n3_B/control/r7/control_r6/critical/critical_03_result.official.json,a04505a5960217c4e7d6cc2cdea8266681be711ccdef8dd0ac51c0531de59f31,117225,1870000,1870000,0,,,,b97d1c939d07b5e958629cf9eb7f641b4c9445394911e02190f7d9bccfaaba8b,277285,2.365408402644487
case_057,3,B,600.0,5.534389295000437,/home/dreamboat/npu_r12_verify/NPU_R12/work/par3_B/case_057_n3_B/selected_plan.json,/home/dreamboat/npu_r12_verify/NPU_R12/work/par3_B/case_057_n3_B/report.json,/home/dreamboat/npu_r12_verify/NPU_R12/work/par3_B/case_057_n3_B/indexed_insertion/plan.meta.official.json,2da327e85977d99b3b3c5e69118d8354767bfc12889d8971513eee48bd1823f7,23294,549116,549116,0,,,,f81af1d269344a2323352a88fd002a0b008bffd726a133e860c61f6954eb5879,59726,2.564007899029793
case_058,3,B,600.0,55.37706170099955,/home/dreamboat/npu_r12_verify/NPU_R12/work/par2_B/case_058_n3_B/selected_plan.json,/home/dreamboat/npu_r12_verify/NPU_R12/work/par2_B/case_058_n3_B/report.json,/home/dreamboat/npu_r12_verify/NPU_R12/work/par2_B/case_058_n3_B/control/r7/control_r6/control_work/component_batch512_result.official.json,b94aec92ec6913742a8dddf47925f10e5f7954d9a34ce1ec41f47633146b459b,1554831,30400512,9191424,21209088,,,,7880435f2f2b24439e296ac9359479d97b6b0f7c9f9d3d9c4ee7a04e778bfb7f,4539717,2.9197494775959574
case_059,3,B,600.0,6.861488086000463,/home/dreamboat/npu_r12_verify/NPU_R12/work/par5_B/case_059_n3_B/selected_plan.json,/home/dreamboat/npu_r12_verify/NPU_R12/work/par5_B/case_059_n3_B/report.json,/home/dreamboat/npu_r12_verify/NPU_R12/work/par5_B/case_059_n3_B/control/r7/control_r6/control_work/component_ordered_result.official.json,dcf2a3b56596bae6248ede4c5f754062f91e7672d4734451f70d546e69ce29b0,254073,2162688,2162688,0,,,,ba7a01be6732bc7d7668968c55ba70ec7634114f9fe269f173a35ef2b4bce416,829473,3.2647034513702753
case_060,3,B,600.0,12.111047565000263,/home/dreamboat/npu_r12_verify/NPU_R12/work/par6_B/case_060_n3_B/selected_plan.json,/home/dreamboat/npu_r12_verify/NPU_R12/work/par6_B/case_060_n3_B/report.json,/home/dreamboat/npu_r12_verify/NPU_R12/work/par6_B/case_060_n3_B/control/r7/control_r6/control_work/components_result.official.json,33499a1b04da756f9421918e49aa7c2f53bdb7ef4d8248ad4778dff719e732db,323843,3290252,2345088,945164,,,,ca29a38b0f6b474c2133675674b6ea7a14c6c5c26c4c10c96a1c5ba10b1db7ef,888789,2.7445058253536434
case_061,3,B,600.0,2.448117480000292,/home/dreamboat/npu_r12_verify/NPU_R12/work/par4_B/case_061_n3_B/selected_plan.json,/home/dreamboat/npu_r12_verify/NPU_R12/work/par4_B/case_061_n3_B/report.json,/home/dreamboat/npu_r12_verify/NPU_R12/work/par4_B/case_061_n3_B/control/r7/control_r6/control_work/components_result.official.json,6cf1f5475724d43796cc94c3e39d82baf0dd07f68fd0479733eb0ed7ff2069b9,28342,43008,43008,0,,,,d1235ba9e734257bda3c798c3d8898e940c1ad826d720d62a632ee3b91b379c7,77191,2.723555147837132
case_062,3,B,600.0,55.04815087799943,/home/dreamboat/npu_r12_verify/NPU_R12/work/par6_B/case_062_n3_B/selected_plan.json,/home/dreamboat/npu_r12_verify/NPU_R12/work/par6_B/case_062_n3_B/report.json,/home/dreamboat/npu_r12_verify/NPU_R12/work/par6_B/case_062_n3_B/indexed_insertion/plan.meta.official.json,c37abaadef6f0b5611e044eff86c1d0938ac1379bc04005f39b4af6955bef22b,1083992,10865664,8871936,1993728,,,,294ef147fd6fd8359d6f1d912b30118dc186a9569a4153271a918bf28593e529,2854809,2.6336070745909566
case_063,3,B,600.0,40.71859351400053,/home/dreamboat/npu_r12_verify/NPU_R12/work/par3_B/case_063_n3_B/selected_plan.json,/home/dreamboat/npu_r12_verify/NPU_R12/work/par3_B/case_063_n3_B/report.json,/home/dreamboat/npu_r12_verify/NPU_R12/work/par3_B/case_063_n3_B/control/r7/control_r6/critical/critical_03_result.official.json,4e4d6fb1f1332cfe14d57dc8ef187f92dda65887dd74c56350531c084653b217,396695,3133440,2641920,491520,,,,894f65a64dc184449201b5d79418741f05eeab0a3132839adc5aec17ea43b7c2,1070397,2.69828709714012
case_064,3,B,600.0,5.54986568700042,/home/dreamboat/npu_r12_verify/NPU_R12/work/par2_B/case_064_n3_B/selected_plan.json,/home/dreamboat/npu_r12_verify/NPU_R12/work/par2_B/case_064_n3_B/report.json,/home/dreamboat/npu_r12_verify/NPU_R12/work/par2_B/case_064_n3_B/indexed_insertion/plan.meta.official.json,d37e93f274f733216a19f630558396bce33be8002c5274ec92c8e3e1fb466200,14105,126220,126220,0,,,,87d1faff801209373bd8aa758e1176121fced531eb8087f78a1b873d0afc52e5,19116,1.3552640907479616
case_065,3,B,600.0,2.892269113999646,/home/dreamboat/npu_r12_verify/NPU_R12/work/par5_B/case_065_n3_B/selected_plan.json,/home/dreamboat/npu_r12_verify/NPU_R12/work/par5_B/case_065_n3_B/report.json,/home/dreamboat/npu_r12_verify/NPU_R12/work/par5_B/case_065_n3_B/control/r7/control_r6/control_work/component_ordered_result.official.json,a343151e2a6f3fd3bc27dc33170f384ccf7ae5212bab83593fcd0138893e7d93,16963,27936,27936,0,,,,3774fd985c2e6b8f3993c5def17b2aefd52c886e2233f3c675b438347295670b,53068,3.128456051406001
case_066,3,B,600.0,54.533341243000905,/home/dreamboat/npu_r12_verify/NPU_R12/work/par3_B/case_066_n3_B/selected_plan.json,/home/dreamboat/npu_r12_verify/NPU_R12/work/par3_B/case_066_n3_B/report.json,/home/dreamboat/npu_r12_verify/NPU_R12/work/par3_B/case_066_n3_B/control/r7/control_r6/critical/critical_00_result.official.json,5e802d758dde9d5594ad388598a26de8b60418e7d2def28eb15d8d91003759e8,139098,3077354,3077354,0,,,,5a6ecdc6be551438739040f9a52c05b8852d76848e57593c9eea7dfb46529d27,359070,2.581417417935556
case_067,3,B,600.0,55.15772139099954,/home/dreamboat/npu_r12_verify/NPU_R12/work/par2_B/case_067_n3_B/selected_plan.json,/home/dreamboat/npu_r12_verify/NPU_R12/work/par2_B/case_067_n3_B/report.json,/home/dreamboat/npu_r12_verify/NPU_R12/work/par2_B/case_067_n3_B/local_microbatch/affinity_window4.plan.meta.official.json,8ca79bd25b30c36aac15c007368d7088aa996b5de47b6f1aaf119efadfdd62e2,21034535,187518720,50977536,136541184,,,,05cba27afee5b47dccb942ff798b1e1b97b4fb4cd0ed009b782e5ed84bf10bee,63834834,3.03476325956338
case_068,3,B,600.0,50.87631394300115,/home/dreamboat/npu_r12_verify/NPU_R12/work/par1_B/case_068_n3_B/selected_plan.json,/home/dreamboat/npu_r12_verify/NPU_R12/work/par1_B/case_068_n3_B/report.json,/home/dreamboat/npu_r12_verify/NPU_R12/work/par1_B/case_068_n3_B/control/r7/control_r6/critical/critical_00_result.official.json,aa630cc5842f665339c84e56a634dd77f6a8ad3ad3d5c2cd822038284013c87f,167916,3536102,3536102,0,,,,19c9a7edd09a01a35f03d70edd8dbd48c83bb280cbe01f0649d41c712fc40854,362095,2.1564055837442533
case_069,3,B,600.0,5.452087973999369,/home/dreamboat/npu_r12_verify/NPU_R12/work/par3_B/case_069_n3_B/selected_plan.json,/home/dreamboat/npu_r12_verify/NPU_R12/work/par3_B/case_069_n3_B/report.json,/home/dreamboat/npu_r12_verify/NPU_R12/work/par3_B/case_069_n3_B/control/r7/control_r6/critical/critical_00_result.official.json,1f5c3fbf350fa7ecaa044c0c57642f73fb6f8b92df8e8f92ae4b1a3fc06a200e,14920,489770,489770,0,,,,321ee17aaf8817dc6df4252123f5f61bfef3f1bca5471cc7234f349270b7a9fd,25144,1.685254691689008
case_070,3,B,600.0,4.105548785999417,/home/dreamboat/npu_r12_verify/NPU_R12/work/par1_B/case_070_n3_B/selected_plan.json,/home/dreamboat/npu_r12_verify/NPU_R12/work/par1_B/case_070_n3_B/report.json,/home/dreamboat/npu_r12_verify/NPU_R12/work/par1_B/case_070_n3_B/indexed_insertion/plan.meta.official.json,81b444e4c0d82b8c478c3f764f04cc588d8f8f674633b812bae86a61217f7254,43439,1523108,1523108,0,,,,a0e6f96eeb410700fab013d409809fea8bf71de634b1568c148e32e469476e87,117300,2.700338405580239
case_071,3,B,600.0,4.299082114001067,/home/dreamboat/npu_r12_verify/NPU_R12/work/par1_B/case_071_n3_B/selected_plan.json,/home/dreamboat/npu_r12_verify/NPU_R12/work/par1_B/case_071_n3_B/report.json,/home/dreamboat/npu_r12_verify/NPU_R12/work/par1_B/case_071_n3_B/control/r7/control_r6/critical/critical_03_result.official.json,9f0d5269f6b15f48a096e846930dff7ace851386d558a1983b35f453995c3411,10782,235082,235082,0,,,,ff6c3001beae6ab0be598c0a28d7eebe468cca9be869987692266a9ecbf0aa85,18919,1.7546837321461695
case_072,3,B,600.0,121.06027590899976,/home/dreamboat/npu_r12_verify/NPU_R12/work/par4_B/case_072_n3_B/selected_plan.json,/home/dreamboat/npu_r12_verify/NPU_R12/work/par4_B/case_072_n3_B/report.json,/home/dreamboat/npu_r12_verify/NPU_R12/work/par4_B/case_072_n3_B/control/r7/control_r6/control_work/component_ordered_result.official.json,192f8fec407d5283eaf3b6845db74386ad8e92802286ce0c7b540339411849f7,7961454,82414368,19804504,62609864,,,,a053e98c453aea4723e2811d898ecbb6d2bf5e685460da681dc0e5dc0b26e921,23897828,3.0016913995860555
case_073,3,B,600.0,24.454574297000363,/home/dreamboat/npu_r12_verify/NPU_R12/work/par1_B/case_073_n3_B/selected_plan.json,/home/dreamboat/npu_r12_verify/NPU_R12/work/par1_B/case_073_n3_B/report.json,/home/dreamboat/npu_r12_verify/NPU_R12/work/par1_B/case_073_n3_B/control/r7/control_r6/control_work/chainwave_result.official.json,133f3857c04329c518ca42b45f53689f9ef1d64269ad0d5c40f37d4230fc71e4,4300595,93164288,7443200,85721088,,,,ae850875669c86265d97b16c732080cd9ac333bfc72ca45b2f7c592ca41b91f5,10081626,2.3442398086776364
case_074,3,B,600.0,10.25002831599977,/home/dreamboat/npu_r12_verify/NPU_R12/work/par2_B/case_074_n3_B/selected_plan.json,/home/dreamboat/npu_r12_verify/NPU_R12/work/par2_B/case_074_n3_B/report.json,/home/dreamboat/npu_r12_verify/NPU_R12/work/par2_B/case_074_n3_B/control/r7/control_r6/control_work/component_ordered_result.official.json,5951dbf19ae2b64f0e69fda6c15a9d1acab8e1bec493c70154d2a590a9467732,537857,4923392,4571136,352256,,,,74e6fa4d08f5ccc851dc98747eb757bd4a4d56a84a47a02965607bfbe49d150c,1682239,3.1276696222230074
case_075,3,B,600.0,45.69514007899852,/home/dreamboat/npu_r12_verify/NPU_R12/work/par4_B/case_075_n3_B/selected_plan.json,/home/dreamboat/npu_r12_verify/NPU_R12/work/par4_B/case_075_n3_B/report.json,/home/dreamboat/npu_r12_verify/NPU_R12/work/par4_B/case_075_n3_B/indexed_insertion/plan.meta.official.json,3a0bb03d86ccf81de08b779a0eb2dcba2c2746b7c59edcd62cde13a2fcddd141,526421,12146060,12146060,0,,,,4a04f0d40bcbac4e584a00c8e595b2719cfd6c708de85089bac9cb19073c6b2c,1441809,2.7388895959697654
case_076,3,B,600.0,62.52258843799973,/home/dreamboat/npu_r12_verify/NPU_R12/work/par2_B/case_076_n3_B/selected_plan.json,/home/dreamboat/npu_r12_verify/NPU_R12/work/par2_B/case_076_n3_B/report.json,/home/dreamboat/npu_r12_verify/NPU_R12/work/par2_B/case_076_n3_B/control/r7/control_r6/control_work/components_result.official.json,78b5d429d3a213b5171ccefcbd5615615a59886738abdbee968cb9fae7acc4b7,2050028,34332672,8148992,26183680,,,,b43866b3f70693778c3c77150198ace0a135024f157089d92364feb09e1dccdb,6185113,3.017087083688613
case_077,3,B,600.0,9.666051256999708,/home/dreamboat/npu_r12_verify/NPU_R12/work/par4_B/case_077_n3_B/selected_plan.json,/home/dreamboat/npu_r12_verify/NPU_R12/work/par4_B/case_077_n3_B/report.json,/home/dreamboat/npu_r12_verify/NPU_R12/work/par4_B/case_077_n3_B/control/r7/control_r6/control_work/components_result.official.json,f05d480923b3a489f002439b1808a3b8a4ea01cd2442f18c3f8ecf8f42dd1888,178739,114688,114688,0,,,,7e3e952c6cb560b9280ff45e53dda732d397c0217e2d0df89a0aaa773e5e6fe1,495320,2.771191513883372
case_078,3,B,600.0,3.166165386001012,/home/dreamboat/npu_r12_verify/NPU_R12/work/par2_B/case_078_n3_B/selected_plan.json,/home/dreamboat/npu_r12_verify/NPU_R12/work/par2_B/case_078_n3_B/report.json,/home/dreamboat/npu_r12_verify/NPU_R12/work/par2_B/case_078_n3_B/indexed_insertion/plan.meta.official.json,faad0c91cc1f63831c969a39ffe11c18e4ed274645461d6619dfc46a508b066a,720770,8054016,8054016,0,,,,57f7b973ac16640e6d551171e095ceb37b531d9c48da0edcec7ad4e79d873ac1,2296143,3.18568059158955
case_079,3,B,600.0,94.2154733569987,/home/dreamboat/npu_r12_verify/NPU_R12/work/par5_B/case_079_n3_B/selected_plan.json,/home/dreamboat/npu_r12_verify/NPU_R12/work/par5_B/case_079_n3_B/report.json,/home/dreamboat/npu_r12_verify/NPU_R12/work/par5_B/case_079_n3_B/control/extra/m3_ordered_2048.official.json,caf9f1070272b6ab6471fcf05ef711dfa7dd9ca3674ae2e02d33c28ed8bb5c72,10140755,33890304,11624448,22265856,,,,2b0ad80c8643517c24d87e34e19cf9f1666b05cf4e31ed9f81275c2f8d68bbd0,31052251,3.062124171227882
case_080,3,B,600.0,1.8457645760008745,/home/dreamboat/npu_r12_verify/NPU_R12/work/par6_B/case_080_n3_B/selected_plan.json,/home/dreamboat/npu_r12_verify/NPU_R12/work/par6_B/case_080_n3_B/report.json,/home/dreamboat/npu_r12_verify/NPU_R12/work/par6_B/case_080_n3_B/control/r7/control_r6/control_work/component_ordered_result.official.json,cd64c945da643b426924f7e8b3c106e21b9228e8e21d68946458c7935abf52ab,100325,3047424,3047424,0,,,,f2884a7521f497df6be41793f90c6ec1c33e38899d3bce182a894c2f3e175ed2,292138,2.9119162721156244
case_081,3,B,600.0,2.879223825999361,/home/dreamboat/npu_r12_verify/NPU_R12/work/par5_B/case_081_n3_B/selected_plan.json,/home/dreamboat/npu_r12_verify/NPU_R12/work/par5_B/case_081_n3_B/report.json,/home/dreamboat/npu_r12_verify/NPU_R12/work/par5_B/case_081_n3_B/control/r7/control_r6/control_work/components_result.official.json,b0ee8a573dca2361a4b17bfbbef839c80f350536fb5ed0926b969f0747c2730b,51943,0,0,0,,,,f840e2ae900018f31630192231934a66b3c9992184c44bd84fac43207fa3bf81,151795,2.9223379473653814
case_082,3,B,600.0,30.921482428000672,/home/dreamboat/npu_r12_verify/NPU_R12/work/par1_B/case_082_n3_B/selected_plan.json,/home/dreamboat/npu_r12_verify/NPU_R12/work/par1_B/case_082_n3_B/report.json,/home/dreamboat/npu_r12_verify/NPU_R12/work/par1_B/case_082_n3_B/control/r7/control_r6/critical/critical_02_result.official.json,103939a5afe308546c040ebc30826c8d86f484ef436e73a379c2750e62d6cb0d,263881,2788460,2788460,0,,,,061174191115c8b71d8861480502b8706c27fede20c7b862795b86e4235f5a00,721041,2.732447580538197
case_083,3,B,600.0,10.066036706000887,/home/dreamboat/npu_r12_verify/NPU_R12/work/par3_B/case_083_n3_B/selected_plan.json,/home/dreamboat/npu_r12_verify/NPU_R12/work/par3_B/case_083_n3_B/report.json,/home/dreamboat/npu_r12_verify/NPU_R12/work/par3_B/case_083_n3_B/control/r7/control_r6/control_work/chainwave_result.official.json,9650df1ffbfc12c4fd573013342560b68301b42097f22baa9f117203480a58b1,298003,1860800,1860800,0,,,,8615156e8cef6fc148766f960d4f7c229f87e35636551e27cf447ef58542dc74,1057993,3.5502763394999377
case_084,3,B,600.0,74.931089488,/home/dreamboat/npu_r12_verify/NPU_R12/work/par3_B/case_084_n3_B/selected_plan.json,/home/dreamboat/npu_r12_verify/NPU_R12/work/par3_B/case_084_n3_B/report.json,/home/dreamboat/npu_r12_verify/NPU_R12/work/par3_B/case_084_n3_B/control/r7/control_r6/control_work/component_batch512_result.official.json,fe2054702ee2edd56c13eeb65d43e12bab9368f2b06f27bb385d4be5bcc304f7,836220,0,0,0,,,,5729cc6667b1ba2dea255bee3dc8ab00bc8735ad41dfe6132488980ddac2889c,2507412,2.998507569778288
case_085,3,B,600.0,38.812239931001386,/home/dreamboat/npu_r12_verify/NPU_R12/work/par4_B/case_085_n3_B/selected_plan.json,/home/dreamboat/npu_r12_verify/NPU_R12/work/par4_B/case_085_n3_B/report.json,/home/dreamboat/npu_r12_verify/NPU_R12/work/par4_B/case_085_n3_B/indexed_insertion/plan.meta.official.json,60c57c839b321c8703c858e37a9ac75068e401d0fac861e746ff51996753454f,1228758,29372396,29372396,0,,,,056fad514f3408eb978daddc8dbdb00bafd953f806ebc7a840589141fc1b5c8a,3187899,2.5944075236946573
case_086,3,B,600.0,35.53752121400066,/home/dreamboat/npu_r12_verify/NPU_R12/work/par5_B/case_086_n3_B/selected_plan.json,/home/dreamboat/npu_r12_verify/NPU_R12/work/par5_B/case_086_n3_B/report.json,/home/dreamboat/npu_r12_verify/NPU_R12/work/par5_B/case_086_n3_B/control/r7/control_r6/critical/critical_02_result.official.json,c6d988e6b460f3313c6c16176f065716d755da135e3358646bbbcb5718150b1f,60328,1851498,1851498,0,,,,ff40fdd157dca8ad4c2ddb7aec70fad05e8f55a8561733c3a20ebeb718038b63,118403,1.9626541572735712
case_087,3,B,600.0,119.00865952099957,/home/dreamboat/npu_r12_verify/NPU_R12/work/par5_B/case_087_n3_B/selected_plan.json,/home/dreamboat/npu_r12_verify/NPU_R12/work/par5_B/case_087_n3_B/report.json,/home/dreamboat/npu_r12_verify/NPU_R12/work/par5_B/case_087_n3_B/control/r7/control_r6/control_work/component_ordered_result.official.json,bf7f90d53329be2e355385993573b776d3fa21266d7d4e64df1605c7ea78f631,1371815,5465088,4008960,1456128,,,,3fe1eb3498713f5a2d222ed717c17b6a28da14a03df1c433c4d32c1cb0710a66,3974071,2.8969438298895986
case_088,3,B,600.0,22.95729730200037,/home/dreamboat/npu_r12_verify/NPU_R12/work/par6_B/case_088_n3_B/selected_plan.json,/home/dreamboat/npu_r12_verify/NPU_R12/work/par6_B/case_088_n3_B/report.json,/home/dreamboat/npu_r12_verify/NPU_R12/work/par6_B/case_088_n3_B/control/r7/control_r6/critical/critical_02_result.official.json,d8b1e63a6d995d06994ab0b0d9d31951a49c0a22f3770286faa3f836f7d8dacc,117498,2337262,2337262,0,,,,bd88129ecf0d0cdcc08baf5c6662198c89324238211f47f16c8dea694270787d,243623,2.073422526340874
case_089,3,B,600.0,12.59349360699889,/home/dreamboat/npu_r12_verify/NPU_R12/work/par3_B/case_089_n3_B/selected_plan.json,/home/dreamboat/npu_r12_verify/NPU_R12/work/par3_B/case_089_n3_B/report.json,/home/dreamboat/npu_r12_verify/NPU_R12/work/par3_B/case_089_n3_B/control/r7/control_r6/control_work/chainwave_result.official.json,9e4f56d93165198c75623e3bc502bd4caaf5ee7350d2f3cd4742c42341856dc3,229298,477440,477440,0,,,,f92bd8c5478663a1b385a40ead679b7eba82f9f503ced744040dda0aca2342ea,693092,3.022669190311298
case_090,3,B,600.0,3.867200934999346,/home/dreamboat/npu_r12_verify/NPU_R12/work/par6_B/case_090_n3_B/selected_plan.json,/home/dreamboat/npu_r12_verify/NPU_R12/work/par6_B/case_090_n3_B/report.json,/home/dreamboat/npu_r12_verify/NPU_R12/work/par6_B/case_090_n3_B/control/r7/control_r6/control_work/chainwave_result.official.json,6d5755ce3f778c5fce631d2ed479a866bd5ab741100db44f444d0cfa61baf7ef,337795,4490496,4490496,0,,,,699fd98062c2de10e2a6dd37238d7961040f5397e1cc4e99000f8360182f3eeb,1178363,3.488396808715345
case_091,3,B,600.0,141.7044793799996,/home/dreamboat/npu_r12_verify/NPU_R12/work/par3_B/case_091_n3_B/selected_plan.json,/home/dreamboat/npu_r12_verify/NPU_R12/work/par3_B/case_091_n3_B/report.json,/home/dreamboat/npu_r12_verify/NPU_R12/work/par3_B/case_091_n3_B/control/r7/control_r6/control_work/component_ordered_result.official.json,376d3527f9b0d64ed57096cf800c90314ba60b3716aa25151b3a7c1d4a6cac11,3053553,33286976,12956672,20330304,,,,8918e6f9f32e2088d8662209dfb9ad68512f1b204183d2dfd37ecd29c59d23cc,9186769,3.0085506948790472
case_092,3,B,600.0,55.563827981999566,/home/dreamboat/npu_r12_verify/NPU_R12/work/par6_B/case_092_n3_B/selected_plan.json,/home/dreamboat/npu_r12_verify/NPU_R12/work/par6_B/case_092_n3_B/report.json,/home/dreamboat/npu_r12_verify/NPU_R12/work/par6_B/case_092_n3_B/control/r7/control_r6/control_work/chainwave_result.official.json,cda548651206b7e61223372c09f82134be90a17da86dc5b2997803a93dcdca02,1418789,10675392,1860800,8814592,,,,f52c750ecaafd7797459968e93a3e97f2b0d5c0ad05f147262f16045dd7f2277,4815554,3.3941297825117056
case_093,3,B,600.0,0.8447756999994454,/home/dreamboat/npu_r12_verify/NPU_R12/work/par3_B/case_093_n3_B/selected_plan.json,/home/dreamboat/npu_r12_verify/NPU_R12/work/par3_B/case_093_n3_B/report.json,/home/dreamboat/npu_r12_verify/NPU_R12/work/par3_B/case_093_n3_B/control/r7/control_r6/control_work/components_result.official.json,3dc6ab0fbf4ad61ad6667a7ae14bce332560a72676f5420966a8262ffae14694,25103,16384,16384,0,,,,fd10f4f82062f4262791ce81521beb26c8bb9ad105b50e11ccafa5b571b87859,74205,2.956021192686133
case_094,3,B,600.0,2.5660642009988806,/home/dreamboat/npu_r12_verify/NPU_R12/work/par4_B/case_094_n3_B/selected_plan.json,/home/dreamboat/npu_r12_verify/NPU_R12/work/par4_B/case_094_n3_B/report.json,/home/dreamboat/npu_r12_verify/NPU_R12/work/par4_B/case_094_n3_B/control/r7/control_r6/critical/critical_00_result.official.json,574a6fea261e4f7ae5366b3b7fbeb7e772097040eb60d29766d53016d1d79c3b,35024,737860,737860,0,,,,d5edd367a136fb29b5c6c3c373ef3d27c3d2905ba9687c6050ee5d2576c71ee8,94892,2.709342165372316
case_095,3,B,600.0,14.533554228000867,/home/dreamboat/npu_r12_verify/NPU_R12/work/par4_B/case_095_n3_B/selected_plan.json,/home/dreamboat/npu_r12_verify/NPU_R12/work/par4_B/case_095_n3_B/report.json,/home/dreamboat/npu_r12_verify/NPU_R12/work/par4_B/case_095_n3_B/control/r7/control_r6/control_work/component_batch512_result.official.json,ec97e79d3cd95020957b53d10ca25a92bc550225b47e65ea509c4a3aeb8787a6,695775,0,0,0,,,,4ed5a55121d62f97b65b1b0e33b5d4df05d2ec3134591402cb4e030a6efa3c77,2084853,2.9964471273040854
case_096,3,B,600.0,3.6498156300003757,/home/dreamboat/npu_r12_verify/NPU_R12/work/par3_B/case_096_n3_B/selected_plan.json,/home/dreamboat/npu_r12_verify/NPU_R12/work/par3_B/case_096_n3_B/report.json,/home/dreamboat/npu_r12_verify/NPU_R12/work/par3_B/case_096_n3_B/control/r7/control_r6/control_work/component_ordered_result.official.json,b054bdea7b0d71088ad771e1983cf39d6bd72cd2058e3cab238e455a9fc14425,30611,67392,67392,0,,,,09097a6e1b3ac976a8ba6a12755e66ae0d8aca3b1d2be7a156db19d2cff0d190,84194,2.7504491849335206
case_097,3,B,600.0,37.789633594000406,/home/dreamboat/npu_r12_verify/NPU_R12/work/par1_B/case_097_n3_B/selected_plan.json,/home/dreamboat/npu_r12_verify/NPU_R12/work/par1_B/case_097_n3_B/report.json,/home/dreamboat/npu_r12_verify/NPU_R12/work/par1_B/case_097_n3_B/control/r7/control_r6/control_work/components_result.official.json,168e79c9cb5f9ad710f4520a8d0e2fd5cf5a5e9fe566d8727844e0a6cc6e3a38,3660459,16031744,8519680,7512064,,,,e1209bc3bd7b8e4b7b9d48ff5d8cbb61258c8ceb912cfb07270fb49f9c60afc5,11491509,3.1393628503966307
case_098,3,B,600.0,5.795283287001439,/home/dreamboat/npu_r12_verify/NPU_R12/work/par3_B/case_098_n3_B/selected_plan.json,/home/dreamboat/npu_r12_verify/NPU_R12/work/par3_B/case_098_n3_B/report.json,/home/dreamboat/npu_r12_verify/NPU_R12/work/par3_B/case_098_n3_B/control/r7/control_r6/critical/critical_03_result.official.json,62ffb460dcfe5a3f06b3b9cb74fe7c262b3e57d14e18e8f342b9590b68679b6d,65715,852966,852966,0,,,,c481732911d6f90cb8b68c23183d1855dabaa141a977e91139cf3c1f8d53a0b0,177430,2.6999923913870503
case_099,3,B,600.0,9.20913406299951,/home/dreamboat/npu_r12_verify/NPU_R12/work/par6_B/case_099_n3_B/selected_plan.json,/home/dreamboat/npu_r12_verify/NPU_R12/work/par6_B/case_099_n3_B/report.json,/home/dreamboat/npu_r12_verify/NPU_R12/work/par6_B/case_099_n3_B/control/r7/control_r6/control_work/components_result.official.json,057c8dc259c8af6f4c716abd1a47e58eb0fe315f0a7e0b8f4ae7cd8c98ce4e92,544403,8798208,3809280,4988928,,,,c0c4374d0fbee880e7193c59ccd48e9b2e5fb8c21f64b80fc2c43cedfbf41dc0,1622999,2.981245511137889
case_100,3,B,600.0,3.5690833930002555,/home/dreamboat/npu_r12_verify/NPU_R12/work/par4_B/case_100_n3_B/selected_plan.json,/home/dreamboat/npu_r12_verify/NPU_R12/work/par4_B/case_100_n3_B/report.json,/home/dreamboat/npu_r12_verify/NPU_R12/work/par4_B/case_100_n3_B/indexed_insertion/plan.meta.official.json,a144c84ecd63574580fa9d3d6a0bd015caa039cfb702c6135f8f5ab416a4328a,54371,1640268,1640268,0,,,,f8bffff23c0c8865b0dcac9b402b04a83d54bc9f91ca1565c3a60eda0d94d6b5,151223,2.7813172463261666
case_001,4,B,600.0,1.0626039419985318,/home/dreamboat/npu_r12_verify/NPU_R12/work/par6_B/case_001_n4_B/selected_plan.json,/home/dreamboat/npu_r12_verify/NPU_R12/work/par6_B/case_001_n4_B/report.json,/home/dreamboat/npu_r12_verify/NPU_R12/work/par6_B/case_001_n4_B/control/r7/control_r6/control_work/components_result.official.json,0ed86c44c5e2cf135936651f057cdcda12b00b7729490081c0a5629eee7ae76c,58984,3456,3456,0,,,,56a83f06de40a136315fa9e41b1a9d8b458a6292d618d1a042b6c9d45577aa8f,233110,3.952088702020887
case_002,4,B,600.0,7.474435724000614,/home/dreamboat/npu_r12_verify/NPU_R12/work/par2_B/case_002_n4_B/selected_plan.json,/home/dreamboat/npu_r12_verify/NPU_R12/work/par2_B/case_002_n4_B/report.json,/home/dreamboat/npu_r12_verify/NPU_R12/work/par2_B/case_002_n4_B/indexed_insertion/plan.meta.official.json,b1d7a27e1879072fcf8e7906454acde38186101174fa741a7c553d0dd816dd26,73120,841728,841728,0,,,,dbcbaabe3b253ab387e29607466d3a2bf0a2a93d2e7fd327592ebb27f6727ffd,261945,3.582398796498906
case_003,4,B,600.0,91.44844374199965,/home/dreamboat/npu_r12_verify/NPU_R12/work/par1_B/case_003_n4_B/selected_plan.json,/home/dreamboat/npu_r12_verify/NPU_R12/work/par1_B/case_003_n4_B/report.json,/home/dreamboat/npu_r12_verify/NPU_R12/work/par1_B/case_003_n4_B/control/r7/control_r6/control_work/chainwave_result.official.json,d52e9db5f12b40257a9d9165870f2b851455d33dd61efb2e4f403236d1300f48,234056,7733990,7733990,0,,,,8f16a4235335caba8392e32550430b0b8ba7f802e579e24945028229dca7ec93,602212,2.5729398092764124
case_004,4,B,600.0,1.836510654000449,/home/dreamboat/npu_r12_verify/NPU_R12/work/par4_B/case_004_n4_B/selected_plan.json,/home/dreamboat/npu_r12_verify/NPU_R12/work/par4_B/case_004_n4_B/report.json,/home/dreamboat/npu_r12_verify/NPU_R12/work/par4_B/case_004_n4_B/control/r7/control_r6/control_work/component_ordered_result.official.json,b7a68f3c48efd1e316cbd6eb5f8dfdfe391597960a73dfa2d58c76063d7bcc29,104188,331776,331776,0,,,,2fdffafb7f6d3d8cb3a2d1c95269f213aad96d58d9e467c310511e27df7f89fe,392357,3.765855952700887
case_005,4,B,600.0,35.39470796900059,/home/dreamboat/npu_r12_verify/NPU_R12/work/par6_B/case_005_n4_B/selected_plan.json,/home/dreamboat/npu_r12_verify/NPU_R12/work/par6_B/case_005_n4_B/report.json,/home/dreamboat/npu_r12_verify/NPU_R12/work/par6_B/case_005_n4_B/control/r7/control_r6/critical/critical_00_result.official.json,0473bf80cd33400b527f091055318302c41232edf5f44d03020775278e2b1e07,52655,1728714,1728714,0,,,,5101c00591cc5acbfa130e1d91773ea5b037abcc6165fba8cf927c0e188c6cbd,95618,1.8159339094103124
case_006,4,B,600.0,3.2368859090001934,/home/dreamboat/npu_r12_verify/NPU_R12/work/par4_B/case_006_n4_B/selected_plan.json,/home/dreamboat/npu_r12_verify/NPU_R12/work/par4_B/case_006_n4_B/report.json,/home/dreamboat/npu_r12_verify/NPU_R12/work/par4_B/case_006_n4_B/indexed_insertion/plan.meta.official.json,5f2ad2140f5f88f94a2a9b824cd63cdb36da7ab6831296781afdbb46023679d3,26251,913168,913168,0,,,,19af2854edccbf26c2cf711fbbd89218914611300fe019a3aaf61cc04367fdd8,82837,3.155575025713306
case_007,4,B,600.0,6.838092978001441,/home/dreamboat/npu_r12_verify/NPU_R12/work/par4_B/case_007_n4_B/selected_plan.json,/home/dreamboat/npu_r12_verify/NPU_R12/work/par4_B/case_007_n4_B/report.json,/home/dreamboat/npu_r12_verify/NPU_R12/work/par4_B/case_007_n4_B/control/r7/control_r6/control_work/component_batch512_result.official.json,ada1e4d2716d4b4e69fc0782f52ad5802df61cfc346f0c066682b80cea3edccd,254398,82944,82944,0,,,,059840ffcf5668605c32962e6eb5189545624f5e8a7313f6292deae030b109fe,1012562,3.980227831979811
case_008,4,B,600.0,4.160332502000529,/home/dreamboat/npu_r12_verify/NPU_R12/work/par1_B/case_008_n4_B/selected_plan.json,/home/dreamboat/npu_r12_verify/NPU_R12/work/par1_B/case_008_n4_B/report.json,/home/dreamboat/npu_r12_verify/NPU_R12/work/par1_B/case_008_n4_B/control/r7/control_r6/control_work/component_ordered_result.official.json,7e7d7665ab73ceb6a6d6e6725bb0e5290fd2dd93f30effbd757cd9de8f0ced02,123060,0,0,0,,,,c6dc86852e88e47ea0c7d095a6027b7cfa99465b1f86f1002ae02c8d5b70fa40,487605,3.962335446123842
case_009,4,B,600.0,57.64911148799911,/home/dreamboat/npu_r12_verify/NPU_R12/work/par5_B/case_009_n4_B/selected_plan.json,/home/dreamboat/npu_r12_verify/NPU_R12/work/par5_B/case_009_n4_B/report.json,/home/dreamboat/npu_r12_verify/NPU_R12/work/par5_B/case_009_n4_B/indexed_insertion/plan.meta.official.json,fcdb06c516459ac73f1f7c5947d8aa6fe22046b14db05f0d9bb3c31dc4d987ff,55563,1890898,1890898,0,,,,e27c1b7c8a60658c1bc9dfc5bbedbbac7f4c46c8648efdc65735882ba8cbd43c,153261,2.7583283839965445
case_010,4,B,600.0,3.920361178999883,/home/dreamboat/npu_r12_verify/NPU_R12/work/par1_B/case_010_n4_B/selected_plan.json,/home/dreamboat/npu_r12_verify/NPU_R12/work/par1_B/case_010_n4_B/report.json,/home/dreamboat/npu_r12_verify/NPU_R12/work/par1_B/case_010_n4_B/control/r7/control_r6/control_work/chainwave_result.official.json,a9e3e3ca91649e9d50e73b6f5b77ad4f7369a9fcef0b7d2fa9850266489ace1e,26147,778932,778932,0,,,,77981c05560f2fef0392bd56b841853be214a78be60e1829da5a64ad10f7ece0,86969,3.3261559643553755
case_011,4,B,600.0,1.0764381509998202,/home/dreamboat/npu_r12_verify/NPU_R12/work/par6_B/case_011_n4_B/selected_plan.json,/home/dreamboat/npu_r12_verify/NPU_R12/work/par6_B/case_011_n4_B/report.json,/home/dreamboat/npu_r12_verify/NPU_R12/work/par6_B/case_011_n4_B/control/r7/control_r6/control_work/components_result.official.json,c8a8290b81f27fafe4d09c42a84d480e1237a8806b31116d743924a9f6d20ee2,46880,540672,540672,0,,,,574cdfd45de313c66e773051e777a65c2707e5efd7fc1cd6391d6ed702f5d9c8,184697,3.9397824232081913
case_012,4,B,600.0,3.226796634000493,/home/dreamboat/npu_r12_verify/NPU_R12/work/par6_B/case_012_n4_B/selected_plan.json,/home/dreamboat/npu_r12_verify/NPU_R12/work/par6_B/case_012_n4_B/report.json,/home/dreamboat/npu_r12_verify/NPU_R12/work/par6_B/case_012_n4_B/control/r7/control_r6/control_work/component_ordered_result.official.json,6e79b5a57978f6056283e49962c8d260d223d94d64b9894d8781aefc983aeef1,14886,21888,21888,0,,,,90a92ad3d50280a8c1a66dc25364149490a25182a4159ad8164aefeb41528ac0,59088,3.969367190648932
case_013,4,B,600.0,1.5455565779993776,/home/dreamboat/npu_r12_verify/NPU_R12/work/par4_B/case_013_n4_B/selected_plan.json,/home/dreamboat/npu_r12_verify/NPU_R12/work/par4_B/case_013_n4_B/report.json,/home/dreamboat/npu_r12_verify/NPU_R12/work/par4_B/case_013_n4_B/control/r7/control_r6/control_work/components_result.official.json,f32404ded8080134f98bc6e6a08b3ea3a318cf647e1a6ae8252510310b5f986d,66982,24576,24576,0,,,,21281493d5fc3a33f49e948553f4c3f4dc372fdbcb58ea52a74bd5cdba2b9413,263949,3.9405959810098237
case_014,4,B,600.0,78.42383864599833,/home/dreamboat/npu_r12_verify/NPU_R12/work/par1_B/case_014_n4_B/selected_plan.json,/home/dreamboat/npu_r12_verify/NPU_R12/work/par1_B/case_014_n4_B/report.json,/home/dreamboat/npu_r12_verify/NPU_R12/work/par1_B/case_014_n4_B/control/r7/control_r6/control_work/component_ordered_result.official.json,f174d2ca8bad88338708e2637b8e63d73942bb6ee029b1bcdac3ca74bb80645d,4428315,48577944,29628936,18949008,,,,df588734512d1dc1e892b44ccb2a770745cd091578e5438b70ed1feae2645c27,17698626,3.996695357037609
case_015,4,B,600.0,3.6320943729988358,/home/dreamboat/npu_r12_verify/NPU_R12/work/par4_B/case_015_n4_B/selected_plan.json,/home/dreamboat/npu_r12_verify/NPU_R12/work/par4_B/case_015_n4_B/report.json,/home/dreamboat/npu_r12_verify/NPU_R12/work/par4_B/case_015_n4_B/control/r7/control_r6/control_work/component_ordered_result.official.json,ebb4350c2e7990a7435714dc42fcf66739c18a12a23c2356e532cbeaa3fbd784,51503,231168,231168,0,,,,3e876c5dab81680cc3bcedf8eec33726be561cdf6901c3f671e3c3e3db7b15d2,177362,3.443721724948061
case_016,4,B,600.0,45.8978533849986,/home/dreamboat/npu_r12_verify/NPU_R12/work/par5_B/case_016_n4_B/selected_plan.json,/home/dreamboat/npu_r12_verify/NPU_R12/work/par5_B/case_016_n4_B/report.json,/home/dreamboat/npu_r12_verify/NPU_R12/work/par5_B/case_016_n4_B/indexed_insertion/plan.meta.official.json,5d496a7c5d62ea9e14da447a7d2bf508ec39c0c0edbf03342d2068fac0a1623f,2238959,15864,15864,0,,,,7f9ef9eb2bf61d8bff24cd87e767783bf667ab7f026517c88190181aa3a20685,7715523,3.4460313922675674
case_017,4,B,600.0,7.4749620179991325,/home/dreamboat/npu_r12_verify/NPU_R12/work/par3_B/case_017_n4_B/selected_plan.json,/home/dreamboat/npu_r12_verify/NPU_R12/work/par3_B/case_017_n4_B/report.json,/home/dreamboat/npu_r12_verify/NPU_R12/work/par3_B/case_017_n4_B/control/r7/control_r6/control_work/component_ordered_result.official.json,014775676cd457738309bd150a4d4aa347a9f010ce31161446ebb7f26613daed,42924,260352,260352,0,,,,3ef1e9a61d3b1faedeaa5162c6fa4430825047d5ba9a5d81f3c5860a37b222eb,162810,3.7929829466032987
case_018,4,B,600.0,12.219192890000159,/home/dreamboat/npu_r12_verify/NPU_R12/work/par2_B/case_018_n4_B/selected_plan.json,/home/dreamboat/npu_r12_verify/NPU_R12/work/par2_B/case_018_n4_B/report.json,/home/dreamboat/npu_r12_verify/NPU_R12/work/par2_B/case_018_n4_B/control/r7/control_r6/control_work/component_ordered_result.official.json,d3c4ee43caccfbe48952f8bf68db865841041efa38fa3e43f42e8dd576c0330d,255853,3755776,3755776,0,,,,50b275dcdee7db8490949d469bcc4917eb4eb1c5f0a0704c8eafb87169874df1,1004367,3.925562725471267
case_019,4,B,600.0,3.5036924249998265,/home/dreamboat/npu_r12_verify/NPU_R12/work/par2_B/case_019_n4_B/selected_plan.json,/home/dreamboat/npu_r12_verify/NPU_R12/work/par2_B/case_019_n4_B/report.json,/home/dreamboat/npu_r12_verify/NPU_R12/work/par2_B/case_019_n4_B/control/r7/control_r6/critical/critical_00_result.official.json,18ddc0703281d1a3a733565f26f812f9667e4a1501dcfa11c698045f4083363a,21744,359504,359504,0,,,,9399788a1c9e98d41b5b82d361f4e73632144d6c171afebd824fa5220d70da78,81144,3.7317880794701987
case_020,4,B,600.0,5.8540012280000155,/home/dreamboat/npu_r12_verify/NPU_R12/work/par2_B/case_020_n4_B/selected_plan.json,/home/dreamboat/npu_r12_verify/NPU_R12/work/par2_B/case_020_n4_B/report.json,/home/dreamboat/npu_r12_verify/NPU_R12/work/par2_B/case_020_n4_B/control/r7/control_r6/control_work/components_result.official.json,9bb66b265047c4373edda8055cc63c92f2dfd339aa119cb58c3a0e139706ddd1,133704,0,0,0,,,,701ed04395ef07726a9ae3dce6a4f9d1153d61224b8266755d17496379e54463,532746,3.984518039849219
case_021,4,B,600.0,6.418741950999902,/home/dreamboat/npu_r12_verify/NPU_R12/work/par3_B/case_021_n4_B/selected_plan.json,/home/dreamboat/npu_r12_verify/NPU_R12/work/par3_B/case_021_n4_B/report.json,/home/dreamboat/npu_r12_verify/NPU_R12/work/par3_B/case_021_n4_B/control/r7/control_r6/control_work/components_result.official.json,3bbf5ac909249a0fa92705dbfd1f8a08146b1c03115fea0e705da27716349a88,1550324,4608000,4608000,0,,,,21517db0b884e3d2da2c7d6e27c0f3669d6db80b1f32cd1072df6f2c72d4a4f9,6567937,4.236493145948847
case_022,4,B,600.0,4.2963907090006614,/home/dreamboat/npu_r12_verify/NPU_R12/work/par2_B/case_022_n4_B/selected_plan.json,/home/dreamboat/npu_r12_verify/NPU_R12/work/par2_B/case_022_n4_B/report.json,/home/dreamboat/npu_r12_verify/NPU_R12/work/par2_B/case_022_n4_B/control/r7/control_r6/control_work/component_ordered_result.official.json,1b04e5a30b3a9832d027b14476f0a08d0f74f27a17e73d6101dfc4f087678974,14574,13824,13824,0,,,,6760ef9ad363fb4f9b59794a8cd3ece0a3c06700f46f25f120f4411ec1390bda,56780,3.8959791409359132
case_023,4,B,600.0,4.110532988999694,/home/dreamboat/npu_r12_verify/NPU_R12/work/par5_B/case_023_n4_B/selected_plan.json,/home/dreamboat/npu_r12_verify/NPU_R12/work/par5_B/case_023_n4_B/report.json,/home/dreamboat/npu_r12_verify/NPU_R12/work/par5_B/case_023_n4_B/control/r7/control_r6/control_work/components_result.official.json,e00ef83766df01e5667f8fd3d326857f8f07dd561451e34fa80812850dd4fbc8,30522,207552,207552,0,,,,6713f3015421c5a94b78a768c2f364aeb5a03a964041c41237b22d19927ed3fb,122614,4.0172334709389945
case_024,4,B,600.0,41.37951550099933,/home/dreamboat/npu_r12_verify/NPU_R12/work/par6_B/case_024_n4_B/selected_plan.json,/home/dreamboat/npu_r12_verify/NPU_R12/work/par6_B/case_024_n4_B/report.json,/home/dreamboat/npu_r12_verify/NPU_R12/work/par6_B/case_024_n4_B/indexed_insertion/plan.meta.official.json,cbe065f2b2330931cc9b58b421bc47ab1351191dbe60ed581ad499cb939cc135,743027,5256,5256,0,,,,8a9fd5782661835d643da4f3419772b1090dc318c751caa838670b3d989b5f2c,2555343,3.439098444605647
case_025,4,B,600.0,61.69989950099989,/home/dreamboat/npu_r12_verify/NPU_R12/work/par6_B/case_025_n4_B/selected_plan.json,/home/dreamboat/npu_r12_verify/NPU_R12/work/par6_B/case_025_n4_B/report.json,/home/dreamboat/npu_r12_verify/NPU_R12/work/par6_B/case_025_n4_B/control/r7/control_r6/control_work/component_batch512_result.official.json,2e9d3f7cafe4037e3a2a335685620a13a52c7c86fd0ddbc31233f4f487e4e0f1,1217444,82944,82944,0,,,,07c8af925fd86f272c300cbb31c4b61ebf5b333810770b926925aecaf7d7daa8,4863026,3.9944555971362954
case_026,4,B,600.0,5.034562969000035,/home/dreamboat/npu_r12_verify/NPU_R12/work/par5_B/case_026_n4_B/selected_plan.json,/home/dreamboat/npu_r12_verify/NPU_R12/work/par5_B/case_026_n4_B/report.json,/home/dreamboat/npu_r12_verify/NPU_R12/work/par5_B/case_026_n4_B/control/r7/control_r6/critical/critical_03_result.official.json,b81152f07ae3ddd161dd40204dfc4ad3ad9aa66663dfde0b26ba940104ef1655,35520,724704,724704,0,,,,411fb612887c98bb47ee0423b24cb578d00fd1c7e0f32c7344a05e720f201320,99203,2.7928772522522523
case_027,4,B,600.0,2.077347524000288,/home/dreamboat/npu_r12_verify/NPU_R12/work/par1_B/case_027_n4_B/selected_plan.json,/home/dreamboat/npu_r12_verify/NPU_R12/work/par1_B/case_027_n4_B/report.json,/home/dreamboat/npu_r12_verify/NPU_R12/work/par1_B/case_027_n4_B/control/r7/control_r6/control_work/components_result.official.json,7757f52051291798312e866ae8523b0e3e478f680a3f859c4ebb672b83f35c69,559196,3317760,3317760,0,,,,7aeeaadab1b02388397fafb9e11734225a91c99ffe70605f15f3b559b863831c,2363952,4.227412213249022
case_028,4,B,600.0,93.69881277099921,/home/dreamboat/npu_r12_verify/NPU_R12/work/par3_B/case_028_n4_B/selected_plan.json,/home/dreamboat/npu_r12_verify/NPU_R12/work/par3_B/case_028_n4_B/report.json,/home/dreamboat/npu_r12_verify/NPU_R12/work/par3_B/case_028_n4_B/control/r7/control_r6/control_work/migrate0_result.official.json,1acf3122c4eb33f73ff4d4e3f42c3e5a7b1ab892ef44615c854f2a44f5fed63a,10250099,31777152,15212928,16564224,,,,440b5e0f688320fb0e69113f3f086f2596dbe51322a8c37f5a8c16cc0a1adff7,43836040,4.2766455231310445
case_029,4,B,600.0,1.8164049909992173,/home/dreamboat/npu_r12_verify/NPU_R12/work/par1_B/case_029_n4_B/selected_plan.json,/home/dreamboat/npu_r12_verify/NPU_R12/work/par1_B/case_029_n4_B/report.json,/home/dreamboat/npu_r12_verify/NPU_R12/work/par1_B/case_029_n4_B/control/r7/control_r6/control_work/component_ordered_result.official.json,b7868e60ee22a84e3725913b3fee236f578083f84cb9d1c09cc748eb051bbc67,11028,0,0,0,,,,828a23ace480fcb7ab987d444983384800afb579e74c83f52bab145ef44b4aa9,37555,3.405422560754443
case_030,4,B,600.0,12.707519300000058,/home/dreamboat/npu_r12_verify/NPU_R12/work/par5_B/case_030_n4_B/selected_plan.json,/home/dreamboat/npu_r12_verify/NPU_R12/work/par5_B/case_030_n4_B/report.json,/home/dreamboat/npu_r12_verify/NPU_R12/work/par5_B/case_030_n4_B/control/r7/control_r6/control_work/components_result.official.json,50e61b2ebed77c0bff916b6875662372aeee6fa96db87bf596e3f4a984bc3c6d,700342,10404864,5819392,4585472,,,,7614b583e3915282b64c5c3e51209ff479441bc66cdb8b8eaa99163fb57d849c,2808034,4.009518206818954
case_031,4,B,600.0,26.609279088999756,/home/dreamboat/npu_r12_verify/NPU_R12/work/par1_B/case_031_n4_B/selected_plan.json,/home/dreamboat/npu_r12_verify/NPU_R12/work/par1_B/case_031_n4_B/report.json,/home/dreamboat/npu_r12_verify/NPU_R12/work/par1_B/case_031_n4_B/control/r7/control_r6/control_work/component_ordered_result.official.json,0265abbbf61340378e68081ed2ab200991c071b220b69deb601303740e6ce26c,394466,4922880,4922880,0,,,,5ec002f44ecfd3de3b3f9318bd69ea8eb76928ec2e1aa10536f737463f755992,1414369,3.5855282838064624
case_032,4,B,600.0,2.9115306490002695,/home/dreamboat/npu_r12_verify/NPU_R12/work/par2_B/case_032_n4_B/selected_plan.json,/home/dreamboat/npu_r12_verify/NPU_R12/work/par2_B/case_032_n4_B/report.json,/home/dreamboat/npu_r12_verify/NPU_R12/work/par2_B/case_032_n4_B/control/r7/control_r6/control_work/component_ordered_result.official.json,61f3a13abafc73ca2862418872d33e249f073d3f76a8886b0ff23d7f8daf4bfd,11164,12360,12360,0,,,,312834753300651a2e456b438510698cc9f397c911552f5e213d140329889b80,41443,3.7121999283410965
case_033,4,B,600.0,5.797643865000282,/home/dreamboat/npu_r12_verify/NPU_R12/work/par4_B/case_033_n4_B/selected_plan.json,/home/dreamboat/npu_r12_verify/NPU_R12/work/par4_B/case_033_n4_B/report.json,/home/dreamboat/npu_r12_verify/NPU_R12/work/par4_B/case_033_n4_B/control/r7/control_r6/control_work/component_ordered_result.official.json,022abc8a24c5b75376eedff2d5fea066e4f35227b5e1b252a33a5071fd68471d,457602,5251680,5224032,27648,,,,543faa4fa5a0f46e1261c5b6aa94038fb9a88877aa7ec163dc5c03ca37a9979d,1774196,3.8771596277988296
case_034,4,B,600.0,10.567482381000445,/home/dreamboat/npu_r12_verify/NPU_R12/work/par6_B/case_034_n4_B/selected_plan.json,/home/dreamboat/npu_r12_verify/NPU_R12/work/par6_B/case_034_n4_B/report.json,/home/dreamboat/npu_r12_verify/NPU_R12/work/par6_B/case_034_n4_B/control/r7/control_r6/control_work/component_ordered_result.official.json,1c5db929717789b3e18bc1cc863d7dc45f80538894d03e88e75836398e1ce2f6,252538,2979328,2979328,0,,,,e8cb0b86aab4919551500b1c406ed109838bb5bfc278151f3ea700db9696c5be,842996,3.33809565293144
case_035,4,B,600.0,43.505945376000454,/home/dreamboat/npu_r12_verify/NPU_R12/work/par1_B/case_035_n4_B/selected_plan.json,/home/dreamboat/npu_r12_verify/NPU_R12/work/par1_B/case_035_n4_B/report.json,/home/dreamboat/npu_r12_verify/NPU_R12/work/par1_B/case_035_n4_B/indexed_insertion/plan.meta.official.json,f1a0b93651337682c5469f43dabd334047cb839de6a42a03e40a4904719f75ea,56936,1675904,1675904,0,,,,aa0f5c7ca1901d14a12888fa340e13d465b1cd7ce282c6667c1f8aecaf6d1d8b,169571,2.9782738513418576
case_036,4,B,600.0,3.476689343000544,/home/dreamboat/npu_r12_verify/NPU_R12/work/par3_B/case_036_n4_B/selected_plan.json,/home/dreamboat/npu_r12_verify/NPU_R12/work/par3_B/case_036_n4_B/report.json,/home/dreamboat/npu_r12_verify/NPU_R12/work/par3_B/case_036_n4_B/control/r7/control_r6/control_work/components_result.official.json,1fa444640e9e253ec96e70b46788cf0ce1ba4fe4913dbfb6683b6eb9351c5a82,233584,3456,3456,0,,,,3bc0806b99ac5538acd099c98550e6a6ca436209679c7044d3a1a3f57fb8bb65,931510,3.987901568600589
case_037,4,B,600.0,0.9966903570002614,/home/dreamboat/npu_r12_verify/NPU_R12/work/par1_B/case_037_n4_B/selected_plan.json,/home/dreamboat/npu_r12_verify/NPU_R12/work/par1_B/case_037_n4_B/report.json,/home/dreamboat/npu_r12_verify/NPU_R12/work/par1_B/case_037_n4_B/control/r7/control_r6/control_work/components_result.official.json,68ac9b7cb58e42f3374d4fc3352458635b77fb6559337afc00f0f1a3b312350c,53320,614400,614400,0,,,,6205ab7146d3662892f7b3f56c9168a6645a73f194d1baa7644fda4ed7bb9fa6,210001,3.938503375843961
case_038,4,B,600.0,22.350752382999417,/home/dreamboat/npu_r12_verify/NPU_R12/work/par5_B/case_038_n4_B/selected_plan.json,/home/dreamboat/npu_r12_verify/NPU_R12/work/par5_B/case_038_n4_B/report.json,/home/dreamboat/npu_r12_verify/NPU_R12/work/par5_B/case_038_n4_B/control/r7/control_r6/control_work/component_batch512_result.official.json,5c3d0550fef54d837759511284a957d444cca905e489cb9b92d100bfa52c23df,344898,6950400,6514176,436224,,,,2a70e9399bebf6bf1b77040da11424bbc1d46d8ebf5c1181e12b4d92b9f3e7ff,1364555,3.9564016027927096
case_039,4,B,600.0,15.543215941999733,/home/dreamboat/npu_r12_verify/NPU_R12/work/par2_B/case_039_n4_B/selected_plan.json,/home/dreamboat/npu_r12_verify/NPU_R12/work/par2_B/case_039_n4_B/report.json,/home/dreamboat/npu_r12_verify/NPU_R12/work/par2_B/case_039_n4_B/control/r7/control_r6/control_work/component_ordered_result.official.json,5db52bf1153d196c99dda4f74631963a9acc5596349d57940fe499195902e6b1,381106,13320192,12607488,712704,,,,4c88c8a821e7e43993850bbadcbe3714b8b168945169439bb59693aa1e06ff7e,1435262,3.7660440927196106
case_040,4,B,600.0,29.108022128999437,/home/dreamboat/npu_r12_verify/NPU_R12/work/par1_B/case_040_n4_B/selected_plan.json,/home/dreamboat/npu_r12_verify/NPU_R12/work/par1_B/case_040_n4_B/report.json,/home/dreamboat/npu_r12_verify/NPU_R12/work/par1_B/case_040_n4_B/control/r7/control_r6/critical/critical_01_result.official.json,232a352b6e2542b8516dec096c399098c4e507e91c11f6935734e00507faa636,95952,2473682,2473682,0,,,,9bd1f012d756c6d39b89fc3a71400ee984cda57713ec4b92f493e06e2cd899b6,253454,2.6414665666166415
case_041,4,B,600.0,27.66531326200129,/home/dreamboat/npu_r12_verify/NPU_R12/work/par1_B/case_041_n4_B/selected_plan.json,/home/dreamboat/npu_r12_verify/NPU_R12/work/par1_B/case_041_n4_B/report.json,/home/dreamboat/npu_r12_verify/NPU_R12/work/par1_B/case_041_n4_B/control/r7/control_r6/control_work/components_result.official.json,a2a23183e818c3014ff162bbbb9a1ecc90e37f61e09a9d4ce313ccfb5927e21a,1490603,39164928,14349312,24815616,,,,ac67024d7a4d3324b4ee275572fdf83028bd4fa9c624eac5bcf06ed86a8b62b5,6003957,4.027871270888358
case_042,4,B,600.0,19.649561553999774,/home/dreamboat/npu_r12_verify/NPU_R12/work/par2_B/case_042_n4_B/selected_plan.json,/home/dreamboat/npu_r12_verify/NPU_R12/work/par2_B/case_042_n4_B/report.json,/home/dreamboat/npu_r12_verify/NPU_R12/work/par2_B/case_042_n4_B/control/r7/control_r6/control_work/component_batch512_result.official.json,54f4724a5a0564e94ba7c362a80410c2759f6fa7e6b5a7be1f3aa39ef6a6ded5,435949,7059744,6002976,1056768,,,,538c16641bb78066a3638109b1bfca71dabe865e6c1807b4423d31be3e1b160e,1686740,3.8691223055907917
case_043,4,B,600.0,78.14197187100035,/home/dreamboat/npu_r12_verify/NPU_R12/work/par4_B/case_043_n4_B/selected_plan.json,/home/dreamboat/npu_r12_verify/NPU_R12/work/par4_B/case_043_n4_B/report.json,/home/dreamboat/npu_r12_verify/NPU_R12/work/par4_B/case_043_n4_B/control/r7/control_r6/critical/critical_03_result.official.json,521d0ae62570514cb2439d7521b06c5a432cc1f7cb0531ba914d10401baee2d6,240597,9832918,9832918,0,,,,b04687e37e2c2376149004973d42a82778464c73fb03f309bbb34d4c17632c40,677656,2.8165604724913447
case_044,4,B,600.0,4.144352941000761,/home/dreamboat/npu_r12_verify/NPU_R12/work/par5_B/case_044_n4_B/selected_plan.json,/home/dreamboat/npu_r12_verify/NPU_R12/work/par5_B/case_044_n4_B/report.json,/home/dreamboat/npu_r12_verify/NPU_R12/work/par5_B/case_044_n4_B/control/r7/control_r6/core/active2_chainwave_result.official.json,d2a86b5821e76a54c2b76bc1b00ae00ad51207bc37c4504808825b76474bbdad,45248,930400,930400,0,,,,95b5b1459e727517426d0d59cb5b9196297d3d9987893f68ba36e757ae567238,154407,3.4124602192362095
case_045,4,B,600.0,0.9143926409997221,/home/dreamboat/npu_r12_verify/NPU_R12/work/par4_B/case_045_n4_B/selected_plan.json,/home/dreamboat/npu_r12_verify/NPU_R12/work/par4_B/case_045_n4_B/report.json,/home/dreamboat/npu_r12_verify/NPU_R12/work/par4_B/case_045_n4_B/control/r7/control_r6/control_work/components_result.official.json,8822000eda84b02f9f63e58bbc4116c4044c7bbea6821268c6244638210912b2,31878,0,0,0,,,,8c832a8046f814d08e298056255f6a5d06994c576c2e374fa6a203cc838be529,125614,3.940460505677897
case_046,4,B,600.0,3.045638683001016,/home/dreamboat/npu_r12_verify/NPU_R12/work/par5_B/case_046_n4_B/selected_plan.json,/home/dreamboat/npu_r12_verify/NPU_R12/work/par5_B/case_046_n4_B/report.json,/home/dreamboat/npu_r12_verify/NPU_R12/work/par5_B/case_046_n4_B/control/r7/control_r6/control_work/chainwave_result.official.json,d4ca0dccd4d359d92f392fee7acd5909e1075cae4b2f562a4639b5eb0d146d6d,79918,2791200,2791200,0,,,,cb3bf7a15fa473a8b6ddda90a7ff91ffee3b6d8e8a84c12df481f690ae052652,276455,3.4592332140443953
case_047,4,B,600.0,86.07546112600085,/home/dreamboat/npu_r12_verify/NPU_R12/work/par2_B/case_047_n4_B/selected_plan.json,/home/dreamboat/npu_r12_verify/NPU_R12/work/par2_B/case_047_n4_B/report.json,/home/dreamboat/npu_r12_verify/NPU_R12/work/par2_B/case_047_n4_B/indexed_insertion/plan.meta.official.json,b1c3cee38492977a259d4d5a3db89ea7d05d9bcbbe2ef92e36689485bff375fb,125959,5012946,5012946,0,,,,3e18dfee86ad0c7a90b866b6f8be5a99afc0b421b2488968211010a35271b378,326508,2.5921768194412467
case_048,4,B,600.0,12.588647286000196,/home/dreamboat/npu_r12_verify/NPU_R12/work/par5_B/case_048_n4_B/selected_plan.json,/home/dreamboat/npu_r12_verify/NPU_R12/work/par5_B/case_048_n4_B/report.json,/home/dreamboat/npu_r12_verify/NPU_R12/work/par5_B/case_048_n4_B/indexed_insertion/plan.meta.official.json,8f86e5eead49b5b36139c539e35cc3ecfa2529cead0d2f4ec05c334423c0f8b9,97813,1114512,1114512,0,,,,6d8b2839de754c2ca7d953cce1a8bcd87908e131e6d5fcc0b503f1bc39925eb4,222220,2.271886150102747
case_049,4,B,600.0,32.779782550000164,/home/dreamboat/npu_r12_verify/NPU_R12/work/par5_B/case_049_n4_B/selected_plan.json,/home/dreamboat/npu_r12_verify/NPU_R12/work/par5_B/case_049_n4_B/report.json,/home/dreamboat/npu_r12_verify/NPU_R12/work/par5_B/case_049_n4_B/control/r7/control_r6/critical/critical_03_result.official.json,a8a91023095f0af7ad555147194fcac2d4e1c8cb012943cbd97ba4ffdffd0bc4,70510,1739398,1739398,0,,,,314be53a5021842753abc8f9461d011b4467d7b4b064db4a9756aa7159b20e04,196276,2.7836618919302225
case_050,4,B,600.0,44.118891715000245,/home/dreamboat/npu_r12_verify/NPU_R12/work/par2_B/case_050_n4_B/selected_plan.json,/home/dreamboat/npu_r12_verify/NPU_R12/work/par2_B/case_050_n4_B/report.json,/home/dreamboat/npu_r12_verify/NPU_R12/work/par2_B/case_050_n4_B/control/r7/control_r6/critical/critical_02_result.official.json,776cecd7610d5e4226f59deaf5dd7a319742c57bd3dd781f396cdf9597684b34,59891,1620642,1620642,0,,,,b9b6fb8ef276d0c902601736fbb57bbfafbefdef390719273724d6028543efd9,149690,2.4993738625169057
case_051,4,B,600.0,7.5282935589984845,/home/dreamboat/npu_r12_verify/NPU_R12/work/par6_B/case_051_n4_B/selected_plan.json,/home/dreamboat/npu_r12_verify/NPU_R12/work/par6_B/case_051_n4_B/report.json,/home/dreamboat/npu_r12_verify/NPU_R12/work/par6_B/case_051_n4_B/indexed_insertion/plan.meta.official.json,6f57e1fbd64d8f3523b94fd7ab7d0f5e13887bcdd59e049232d4160e1e7cbfa0,178386,1252,1252,0,,,,3377cc8f5b4e5a0543e201d0cf60ccf1277b56525ca099430672b8f04c3c783b,607628,3.4062538540019958
case_052,4,B,600.0,3.6057305330004965,/home/dreamboat/npu_r12_verify/NPU_R12/work/par2_B/case_052_n4_B/selected_plan.json,/home/dreamboat/npu_r12_verify/NPU_R12/work/par2_B/case_052_n4_B/report.json,/home/dreamboat/npu_r12_verify/NPU_R12/work/par2_B/case_052_n4_B/control/r7/control_r6/control_work/component_ordered_result.official.json,01bf99734c7586cf096043ddea9a6127af7d26151865858f87113c8e0a49cfa6,45500,259584,259584,0,,,,2a83b249f6d9cec0b20e3d9b9c6803986bc8c3717a037e88e5202fc697c47260,180301,3.9626593406593407
case_053,4,B,600.0,63.51665278700057,/home/dreamboat/npu_r12_verify/NPU_R12/work/par6_B/case_053_n4_B/selected_plan.json,/home/dreamboat/npu_r12_verify/NPU_R12/work/par6_B/case_053_n4_B/report.json,/home/dreamboat/npu_r12_verify/NPU_R12/work/par6_B/case_053_n4_B/control/r7/control_r6/control_work/chainwave_result.official.json,bbd836274a3ab0f65c68091eaedaadac640d55a3428c3fd36dcdbf9b6ec5969d,425404,11152366,11152366,0,,,,a5b7b36152c2f89d69f4f428dc2f7cd9125a80d609f52795889a6737373663c0,1472686,3.4618527329315194
case_054,4,B,600.0,46.361679489999005,/home/dreamboat/npu_r12_verify/NPU_R12/work/par4_B/case_054_n4_B/selected_plan.json,/home/dreamboat/npu_r12_verify/NPU_R12/work/par4_B/case_054_n4_B/report.json,/home/dreamboat/npu_r12_verify/NPU_R12/work/par4_B/case_054_n4_B/control/r7/control_r6/control_work/migrate0_result.official.json,d6fbde6772c88fb491e577f83b2af2c9f338f763c38260863492d0e73d00ba21,262542,7592222,7592222,0,,,,82f374da0a156f86534d9427c6e3e0a8c0939d2b0cdc61df423ef39370c51880,815051,3.104459476959877
case_055,4,B,600.0,3.741667687001609,/home/dreamboat/npu_r12_verify/NPU_R12/work/par5_B/case_055_n4_B/selected_plan.json,/home/dreamboat/npu_r12_verify/NPU_R12/work/par5_B/case_055_n4_B/report.json,/home/dreamboat/npu_r12_verify/NPU_R12/work/par5_B/case_055_n4_B/control/r7/control_r6/control_work/components_result.official.json,a2c23a8e6d01ccc3514fae5f94afe2c7346afd9b9efe8fb3e723883aceca44bb,31823,115712,115712,0,,,,f904b8ff66b527afcd1092a4083e7faddb3c3b3510cff5c99e6a78a2c718e033,118835,3.7342488137510608
case_056,4,B,600.0,81.80637213400041,/home/dreamboat/npu_r12_verify/NPU_R12/work/par3_B/case_056_n4_B/selected_plan.json,/home/dreamboat/npu_r12_verify/NPU_R12/work/par3_B/case_056_n4_B/report.json,/home/dreamboat/npu_r12_verify/NPU_R12/work/par3_B/case_056_n4_B/control/r7/control_r6/critical/critical_01_result.official.json,3dbb6ced876e6ca0d674c10e94b189b629542ed5c81888bca4209f709590a289,104605,3214102,3214102,0,,,,a69310297480ed96914d63791fae17da44d21f85cf34aa94c136b4a488f24aaf,277285,2.650781511400029
case_057,4,B,600.0,4.457389871000487,/home/dreamboat/npu_r12_verify/NPU_R12/work/par3_B/case_057_n4_B/selected_plan.json,/home/dreamboat/npu_r12_verify/NPU_R12/work/par3_B/case_057_n4_B/report.json,/home/dreamboat/npu_r12_verify/NPU_R12/work/par3_B/case_057_n4_B/control/r7/control_r6/control_work/component_ordered_result.official.json,8f6e9a9606058533670335c998b12332c0bef2b9faad5330f3c17ad4ba2318af,20957,288,288,0,,,,2b66b83a6e4f42a6468aade2f9fb73faa180756a28b4dcad5a6bbb34bf6cf620,59726,2.8499308107076393
case_058,4,B,600.0,56.27308753299985,/home/dreamboat/npu_r12_verify/NPU_R12/work/par2_B/case_058_n4_B/selected_plan.json,/home/dreamboat/npu_r12_verify/NPU_R12/work/par2_B/case_058_n4_B/report.json,/home/dreamboat/npu_r12_verify/NPU_R12/work/par2_B/case_058_n4_B/control/r7/control_r6/control_work/component_ordered_result.official.json,d37c5ea2423d7186cb4c8a96c9734baee05f5f0c584edf2bb24ac6f68b54706e,1141608,32284672,19869696,12414976,,,,306c5154a7260d42f551a54f723fb0b19524c418b06fffbca97db13323642251,4539717,3.976598797485652
case_059,4,B,600.0,2.8085098960000323,/home/dreamboat/npu_r12_verify/NPU_R12/work/par5_B/case_059_n4_B/selected_plan.json,/home/dreamboat/npu_r12_verify/NPU_R12/work/par5_B/case_059_n4_B/report.json,/home/dreamboat/npu_r12_verify/NPU_R12/work/par5_B/case_059_n4_B/control/r7/control_r6/control_work/components_result.official.json,78f77f112be442a796e5c5f830a89e2e49de6626bc8269e94729833147dda9ab,185216,1081344,1081344,0,,,,474afcb87ef5fa1ea13bc8d062f0ff7e3ede641c94f0b58ff610c6724f5b695d,829473,4.478408992743607
case_060,4,B,600.0,11.83323913499953,/home/dreamboat/npu_r12_verify/NPU_R12/work/par6_B/case_060_n4_B/selected_plan.json,/home/dreamboat/npu_r12_verify/NPU_R12/work/par6_B/case_060_n4_B/report.json,/home/dreamboat/npu_r12_verify/NPU_R12/work/par6_B/case_060_n4_B/control/r7/control_r6/control_work/component_ordered_result.official.json,f2a29ab5dfae8777046906b04d974d3b80efc1f3f57e4b23443e53f081c48abb,240113,3131648,3123456,8192,,,,9bf135681085a589365885f481f8081f88250e715f6e2b80cdf6d384338b3305,888789,3.701544689375419
case_061,4,B,600.0,4.096218186001352,/home/dreamboat/npu_r12_verify/NPU_R12/work/par4_B/case_061_n4_B/selected_plan.json,/home/dreamboat/npu_r12_verify/NPU_R12/work/par4_B/case_061_n4_B/report.json,/home/dreamboat/npu_r12_verify/NPU_R12/work/par4_B/case_061_n4_B/control/r7/control_r6/control_work/component_ordered_result.official.json,53aa48873f4b7ca68eb9c1dbd326f5459f5b607b48168ee9b341da85a60b73a1,26678,62208,62208,0,,,,0accb65dab6c2d3fe3b67a6fc2168c7c45e70efb5993ea671335c2fa1360f810,77191,2.893432791063798
case_062,4,B,600.0,51.00634814499972,/home/dreamboat/npu_r12_verify/NPU_R12/work/par6_B/case_062_n4_B/selected_plan.json,/home/dreamboat/npu_r12_verify/NPU_R12/work/par6_B/case_062_n4_B/report.json,/home/dreamboat/npu_r12_verify/NPU_R12/work/par6_B/case_062_n4_B/control/r7/control_r6/control_work/migrate0_result.official.json,5b654e8e45deb1a319e098dbdf7d51df99e7c35d517d929da0e37e1e70e3c629,838854,10054656,8165376,1889280,,,,9663303bb11743739a272840b5fac57acc23650731edf42c2c55ac46b1f1a72f,2854809,3.40322511426303
case_063,4,B,600.0,41.944637578000766,/home/dreamboat/npu_r12_verify/NPU_R12/work/par3_B/case_063_n4_B/selected_plan.json,/home/dreamboat/npu_r12_verify/NPU_R12/work/par3_B/case_063_n4_B/report.json,/home/dreamboat/npu_r12_verify/NPU_R12/work/par3_B/case_063_n4_B/control/r7/control_r6/critical/critical_02_result.official.json,1ee4a9bdf889ed429b269d2db752f6cc126c4cdf50a5ed956e3586cd9f9c9d2c,313176,3538944,3443712,95232,,,,aa26bacc9caa28c9986a7332a6c000de15aad81b4f873ff64056fa36a66b06f9,1070397,3.4178768488006743
case_064,4,B,600.0,5.687829589000103,/home/dreamboat/npu_r12_verify/NPU_R12/work/par2_B/case_064_n4_B/selected_plan.json,/home/dreamboat/npu_r12_verify/NPU_R12/work/par2_B/case_064_n4_B/report.json,/home/dreamboat/npu_r12_verify/NPU_R12/work/par2_B/case_064_n4_B/control/r7/control_r6/critical/critical_03_result.official.json,d6068b21ac76c249b529c39452f836881a0a6b9ef798c50c36d5541a8062e79f,10614,152784,152784,0,,,,7556d2c390df77c81f88621ee6b50799a93683d170bb63df6001df358d7287fa,19116,1.801017524024873
case_065,4,B,600.0,2.7580015559997264,/home/dreamboat/npu_r12_verify/NPU_R12/work/par5_B/case_065_n4_B/selected_plan.json,/home/dreamboat/npu_r12_verify/NPU_R12/work/par5_B/case_065_n4_B/report.json,/home/dreamboat/npu_r12_verify/NPU_R12/work/par5_B/case_065_n4_B/control/r7/control_r6/control_work/component_ordered_result.official.json,bbcb804cfbfe31bc7a04813ac0eec11c971e1f832466b5f9b69f510617c63685,11769,41760,41760,0,,,,c9879541ba875bd90f1b2e3dfaf56580131de08d0b86bad2fa69746aa88cd980,53068,4.5091341660293995
case_066,4,B,600.0,54.395401413999934,/home/dreamboat/npu_r12_verify/NPU_R12/work/par3_B/case_066_n4_B/selected_plan.json,/home/dreamboat/npu_r12_verify/NPU_R12/work/par3_B/case_066_n4_B/report.json,/home/dreamboat/npu_r12_verify/NPU_R12/work/par3_B/case_066_n4_B/control/r7/control_r6/critical/critical_00_result.official.json,b6a1bbab0bdea88d7b26399012b59c6072895d74b9efa466e474a6dc4b90d1bd,123721,3938934,3938934,0,,,,2acbceb250660345f194e0c54b682e1aa31fcfc63453ba0e337c629bd64bdbf1,359070,2.9022558821865325
case_067,4,B,600.0,55.02964189600061,/home/dreamboat/npu_r12_verify/NPU_R12/work/par2_B/case_067_n4_B/selected_plan.json,/home/dreamboat/npu_r12_verify/NPU_R12/work/par2_B/case_067_n4_B/report.json,/home/dreamboat/npu_r12_verify/NPU_R12/work/par2_B/case_067_n4_B/local_microbatch/affinity_window8.plan.meta.official.json,2eaa76a309892e9e78eab137449e6c0b624caa3230dda0c458d56e3f6cbc4920,16152614,154190976,58049664,96141312,,,,eee742cd455fcbcf2a545cb0f963a847c348eeeef37ef9ccffcaef1f9c1a63dd,63834834,3.9519816421044918
case_068,4,B,600.0,59.22371947300053,/home/dreamboat/npu_r12_verify/NPU_R12/work/par1_B/case_068_n4_B/selected_plan.json,/home/dreamboat/npu_r12_verify/NPU_R12/work/par1_B/case_068_n4_B/report.json,/home/dreamboat/npu_r12_verify/NPU_R12/work/par1_B/case_068_n4_B/control/r7/control_r6/control_work/chainwave_result.official.json,c7d5a1a053a97d279739e77e92b062f77340789af715de3f706087e40412fa03,147382,4076226,4076226,0,,,,f8f3c146b992078e2601484afea7c2c6fbb62639e66f8d83d83df1b200a8f80b,362095,2.4568468333989224
case_069,4,B,600.0,6.612040723999598,/home/dreamboat/npu_r12_verify/NPU_R12/work/par3_B/case_069_n4_B/selected_plan.json,/home/dreamboat/npu_r12_verify/NPU_R12/work/par3_B/case_069_n4_B/report.json,/home/dreamboat/npu_r12_verify/NPU_R12/work/par3_B/case_069_n4_B/control/r7/control_r6/critical/critical_03_result.official.json,6077a5c419a07872aa5f867ab2c00da11bc52123ba1e654e6cf1ac7441e09db0,14483,503470,503470,0,,,,170302ea4c23f98bc61f9afde2f4aba9ce5ff07958cd69841c4941e69e9ac53a,25144,1.736104398260029
case_070,4,B,600.0,6.388745270000072,/home/dreamboat/npu_r12_verify/NPU_R12/work/par1_B/case_070_n4_B/selected_plan.json,/home/dreamboat/npu_r12_verify/NPU_R12/work/par1_B/case_070_n4_B/report.json,/home/dreamboat/npu_r12_verify/NPU_R12/work/par1_B/case_070_n4_B/control/r7/control_r6/control_work/components_result.official.json,6d2310659473b1c14e902e813a9d431636a390df7c8305a945490b730c089793,34658,360960,360960,0,,,,cde88c28cc7956474f631b62c31b3b9e2ecc3a670ce30ca0d8b3297829463a81,117300,3.384499971146633
case_071,4,B,600.0,5.204799515000559,/home/dreamboat/npu_r12_verify/NPU_R12/work/par1_B/case_071_n4_B/selected_plan.json,/home/dreamboat/npu_r12_verify/NPU_R12/work/par1_B/case_071_n4_B/report.json,/home/dreamboat/npu_r12_verify/NPU_R12/work/par1_B/case_071_n4_B/control/r7/control_r6/control_work/chainwave_result.official.json,c36b0de0a11641ca7f03f0c155bf32a6cfc7ae4befc5f19211cc51b5826cdf11,10331,329486,329486,0,,,,97cda4d46a71915d3c555349088a4fa7e1f2b00708ddeb949aeac541424105be,18919,1.8312844835930695
case_072,4,B,600.0,121.54685129300015,/home/dreamboat/npu_r12_verify/NPU_R12/work/par4_B/case_072_n4_B/selected_plan.json,/home/dreamboat/npu_r12_verify/NPU_R12/work/par4_B/case_072_n4_B/report.json,/home/dreamboat/npu_r12_verify/NPU_R12/work/par4_B/case_072_n4_B/control/r7/control_r6/control_work/component_ordered_result.official.json,288aeec4c89c7e09b3e52bd88198db6fd6b2aba3a8ec0f44a72ec2cead80a7f0,5911772,85994272,28660056,57334216,,,,8f862d6cbaafb857022418f6185c6939cdbd66279b272569568785150d283313,23897828,4.042413679011978
case_073,4,B,600.0,31.59899599899836,/home/dreamboat/npu_r12_verify/NPU_R12/work/par1_B/case_073_n4_B/selected_plan.json,/home/dreamboat/npu_r12_verify/NPU_R12/work/par1_B/case_073_n4_B/report.json,/home/dreamboat/npu_r12_verify/NPU_R12/work/par1_B/case_073_n4_B/local_microbatch/affinity_window8.plan.meta.official.json,e20c8c13af6a0f573cbcebd9de078125da8112fd24b1fc4cd4fc47ea91185ad5,2507770,44120192,17933440,26186752,,,,65f8ff312e90627a97faefb21a0b92d427266a177abd181bb9b71033124cf109,10081626,4.02015575591063
case_074,4,B,600.0,8.270775455999683,/home/dreamboat/npu_r12_verify/NPU_R12/work/par2_B/case_074_n4_B/selected_plan.json,/home/dreamboat/npu_r12_verify/NPU_R12/work/par2_B/case_074_n4_B/report.json,/home/dreamboat/npu_r12_verify/NPU_R12/work/par2_B/case_074_n4_B/control/r7/control_r6/control_work/component_ordered_result.official.json,7759c9a14b896ae391249651b3894c434b7aa2314d5b7357d3d4687384bceea6,406099,6230016,6217728,12288,,,,759675a6b900723f01bdf342fa6a46b1a0470fe0b979c7ae0cdfd1df00fb9a64,1682239,4.14243571148907
case_075,4,B,600.0,51.98926254399885,/home/dreamboat/npu_r12_verify/NPU_R12/work/par4_B/case_075_n4_B/selected_plan.json,/home/dreamboat/npu_r12_verify/NPU_R12/work/par4_B/case_075_n4_B/report.json,/home/dreamboat/npu_r12_verify/NPU_R12/work/par4_B/case_075_n4_B/indexed_insertion/plan.meta.official.json,67adb6a7958642d5502dcbb7639febeea0e34e6b75340d71d9f38a30ca4dea85,425508,12171570,12171570,0,,,,65036f4424ef668b6bb2846fa4ab590c77f0659f26220d5d145cd2fe08da8f4c,1441809,3.3884415804168193
case_076,4,B,600.0,62.29176044899941,/home/dreamboat/npu_r12_verify/NPU_R12/work/par2_B/case_076_n4_B/selected_plan.json,/home/dreamboat/npu_r12_verify/NPU_R12/work/par2_B/case_076_n4_B/report.json,/home/dreamboat/npu_r12_verify/NPU_R12/work/par2_B/case_076_n4_B/control/r7/control_r6/control_work/components_result.official.json,c430f5d0fd0fc41138d4f20a803d1bca5ee0f9986d2f8dadf6ec2a0a5f3ec6d0,1540201,37442560,12223488,25219072,,,,1ee2685d2aaab78f166cc1b26a6b7118652905275dee42a09ef7da10881a218e,6185113,4.015783004945458
case_077,4,B,600.0,14.330066833001183,/home/dreamboat/npu_r12_verify/NPU_R12/work/par4_B/case_077_n4_B/selected_plan.json,/home/dreamboat/npu_r12_verify/NPU_R12/work/par4_B/case_077_n4_B/report.json,/home/dreamboat/npu_r12_verify/NPU_R12/work/par4_B/case_077_n4_B/control/r7/control_r6/control_work/component_batch512_result.official.json,605de4168fc5a3f1abf45dbb22c188faea460b50a3e0dece29867a7c5b194383,144734,172032,172032,0,,,,e6b0a542a3cae9c7549e1022bd010162e079c116361bdcee9020e143fab63e24,495320,3.4222781101883455
case_078,4,B,600.0,2.7451454549991468,/home/dreamboat/npu_r12_verify/NPU_R12/work/par2_B/case_078_n4_B/selected_plan.json,/home/dreamboat/npu_r12_verify/NPU_R12/work/par2_B/case_078_n4_B/report.json,/home/dreamboat/npu_r12_verify/NPU_R12/work/par2_B/case_078_n4_B/control/r7/control_r6/control_work/chainwave_result.official.json,014316e4c0efdfb4b2546bd121f57ad144aa3d0ceb4fd60d86e3f0f1ad46e1a9,568228,6445440,6445440,0,,,,c1f02cc0311bec3f5a7b7cbbff47a1786a3634d0992adccf9ad02028b23d0e56,2296143,4.040883237010496
case_079,4,B,600.0,87.06153818500024,/home/dreamboat/npu_r12_verify/NPU_R12/work/par5_B/case_079_n4_B/selected_plan.json,/home/dreamboat/npu_r12_verify/NPU_R12/work/par5_B/case_079_n4_B/report.json,/home/dreamboat/npu_r12_verify/NPU_R12/work/par5_B/case_079_n4_B/control/r7/control_r6/control_work/component_batch512_result.official.json,ca61f833c9d9ec76bf78388c7263385a7a88cd173c196478caa0e0045a39d4f0,7635624,30445568,10948608,19496960,,,,bea3a7194644d649c0435e060b191919eade0e87483a79da39aedd7034701dc5,31052251,4.066760097144647
case_080,4,B,600.0,2.8096608279993234,/home/dreamboat/npu_r12_verify/NPU_R12/work/par6_B/case_080_n4_B/selected_plan.json,/home/dreamboat/npu_r12_verify/NPU_R12/work/par6_B/case_080_n4_B/report.json,/home/dreamboat/npu_r12_verify/NPU_R12/work/par6_B/case_080_n4_B/control/extra/m3_components.official.json,63ef23e35451e7c7873bfe3204d111981015907e1bf5db34660ab1ee9e8a4ff5,100325,3047424,3047424,0,,,,783d24fb93d8d5fb7633e3a144e041506ca6bcbc005e538d1d538155357df4f7,292138,2.9119162721156244
case_081,4,B,600.0,5.972354067000197,/home/dreamboat/npu_r12_verify/NPU_R12/work/par5_B/case_081_n4_B/selected_plan.json,/home/dreamboat/npu_r12_verify/NPU_R12/work/par5_B/case_081_n4_B/report.json,/home/dreamboat/npu_r12_verify/NPU_R12/work/par5_B/case_081_n4_B/control/r7/control_r6/control_work/component_batch512_result.official.json,8a6dc1b93269fb428ed141d7a79e6e22e4d66f3c8dc02cd97d2bc337b0491da7,39588,0,0,0,,,,5ffea793f2a4d23a7e569f43f670bdd42f459ac47946a028afa3c5d9e240bc6c,151795,3.834369000707285
case_082,4,B,600.0,39.89029755999945,/home/dreamboat/npu_r12_verify/NPU_R12/work/par1_B/case_082_n4_B/selected_plan.json,/home/dreamboat/npu_r12_verify/NPU_R12/work/par1_B/case_082_n4_B/report.json,/home/dreamboat/npu_r12_verify/NPU_R12/work/par1_B/case_082_n4_B/indexed_insertion/plan.meta.official.json,4521bfd86e483636fe6791f0d6604886bf43aecd81692f18442de1f9e38a202c,217255,6970608,6970608,0,,,,42f6e62dfa6b53636b2b4ae45529f09e6bd4fbaf6a8cfb96e6a9d0d4ba068d65,721041,3.31886953119606
case_083,4,B,600.0,8.03856148199884,/home/dreamboat/npu_r12_verify/NPU_R12/work/par3_B/case_083_n4_B/selected_plan.json,/home/dreamboat/npu_r12_verify/NPU_R12/work/par3_B/case_083_n4_B/report.json,/home/dreamboat/npu_r12_verify/NPU_R12/work/par3_B/case_083_n4_B/control/r7/control_r6/control_work/chainwave_result.official.json,cca006aaaa38858738975db9511f1ae148626e4891716490875e125a2bdd213a,219344,2791200,2791200,0,,,,5dcf303ec1550deaf9cb304462da3a43772a5eae2e86b77308f9fae4f6521a1f,1057993,4.82344171712014
case_084,4,B,600.0,65.60966349699993,/home/dreamboat/npu_r12_verify/NPU_R12/work/par3_B/case_084_n4_B/selected_plan.json,/home/dreamboat/npu_r12_verify/NPU_R12/work/par3_B/case_084_n4_B/report.json,/home/dreamboat/npu_r12_verify/NPU_R12/work/par3_B/case_084_n4_B/control/r7/control_r6/control_work/component_batch512_result.official.json,be4186ff38b03ae9d2eb84b89cf8979cbd5f38f36ff27bbb2b25b54f9903ff95,629028,0,0,0,,,,5aca5dd30fc30cebe7af9dc308de1d970dcd6b9de3c5805a141540899776e189,2507412,3.986169137144928
case_085,4,B,600.0,68.54220130600152,/home/dreamboat/npu_r12_verify/NPU_R12/work/par4_B/case_085_n4_B/selected_plan.json,/home/dreamboat/npu_r12_verify/NPU_R12/work/par4_B/case_085_n4_B/report.json,/home/dreamboat/npu_r12_verify/NPU_R12/work/par4_B/case_085_n4_B/indexed_insertion/plan.meta.official.json,3363907f575ab9cac3e670ac6c9430faf10d2831ee06ae611ad48a3d717847bf,938020,29385842,29385842,0,,,,b4609bf989d85c642a9568e1b0833f63a5b99e5669a698244f100670d2477121,3187899,3.398540542845568
case_086,4,B,600.0,41.881520678000015,/home/dreamboat/npu_r12_verify/NPU_R12/work/par5_B/case_086_n4_B/selected_plan.json,/home/dreamboat/npu_r12_verify/NPU_R12/work/par5_B/case_086_n4_B/report.json,/home/dreamboat/npu_r12_verify/NPU_R12/work/par5_B/case_086_n4_B/control/r7/control_r6/critical/critical_02_result.official.json,d7c20a25ea4e5c2c54669323311afa6a21795f212972da6fffbf0044b039211a,55557,2269390,2269390,0,,,,aafd4db7e00122153ef485fe91d63b0b5582c143fa3db8b154efd32723aab929,118403,2.1311985888366904
case_087,4,B,600.0,102.92578668299939,/home/dreamboat/npu_r12_verify/NPU_R12/work/par5_B/case_087_n4_B/selected_plan.json,/home/dreamboat/npu_r12_verify/NPU_R12/work/par5_B/case_087_n4_B/report.json,/home/dreamboat/npu_r12_verify/NPU_R12/work/par5_B/case_087_n4_B/control/r7/control_r6/control_work/component_ordered_result.official.json,ab49b183b1bc55715eaa67780f2c9f9184a57b8dd6c9502793e45a22cfc7c303,1069325,7133184,5806080,1327104,,,,0eb19f3d1f3664a4d35e13deedeaaf4313e97fbc16f343ed1491bc64cef6322b,3974071,3.7164295232974074
case_088,4,B,600.0,24.076268641998468,/home/dreamboat/npu_r12_verify/NPU_R12/work/par6_B/case_088_n4_B/selected_plan.json,/home/dreamboat/npu_r12_verify/NPU_R12/work/par6_B/case_088_n4_B/report.json,/home/dreamboat/npu_r12_verify/NPU_R12/work/par6_B/case_088_n4_B/control/r7/control_r6/critical/critical_00_result.official.json,f12b4ae9fea044204505d95169c27d83b3e91ca337abc87e690e48822ca93090,98539,2683862,2683862,0,,,,bfd20db12c296916198123727e69c4ed25215170df11731c53013c2de3b1ac30,243623,2.4723510488233087
case_089,4,B,600.0,11.145162625000012,/home/dreamboat/npu_r12_verify/NPU_R12/work/par3_B/case_089_n4_B/selected_plan.json,/home/dreamboat/npu_r12_verify/NPU_R12/work/par3_B/case_089_n4_B/report.json,/home/dreamboat/npu_r12_verify/NPU_R12/work/par3_B/case_089_n4_B/control/r7/control_r6/control_work/chainwave_result.official.json,020fcfad2373b8c7e34074f6263977becf1437b2ac3de6a7c3e1429cb6431050,165616,716160,716160,0,,,,66c922fad583c1813189eb861fcbe7b6a5add0fc8978d8fc38f36e2e90c15508,693092,4.184933822819051
case_090,4,B,600.0,6.2737993269984145,/home/dreamboat/npu_r12_verify/NPU_R12/work/par6_B/case_090_n4_B/selected_plan.json,/home/dreamboat/npu_r12_verify/NPU_R12/work/par6_B/case_090_n4_B/report.json,/home/dreamboat/npu_r12_verify/NPU_R12/work/par6_B/case_090_n4_B/control/r7/control_r6/critical/critical_03_result.official.json,7fa37cfd78d1beded3eeaa4bb28eb3395b486b60425f9746d0efc1dcfa4086bc,295164,6514560,6514560,0,,,,d281cd29b7439d4167d1c7cab2e2bfab95e1e2eab50190a1237d6c93aa6596e4,1178363,3.99223143743817
case_091,4,B,600.0,64.79457056399951,/home/dreamboat/npu_r12_verify/NPU_R12/work/par3_B/case_091_n4_B/selected_plan.json,/home/dreamboat/npu_r12_verify/NPU_R12/work/par3_B/case_091_n4_B/report.json,/home/dreamboat/npu_r12_verify/NPU_R12/work/par3_B/case_091_n4_B/control/r7/control_r6/control_work/component_ordered_result.official.json,994acbe6fd65cf3ccb20e6cace34ce395fc5db0ee745cd5f2ed07f34ae2f6c6d,2290698,35909280,19435008,16474272,,,,ddb78bc937ff0b313a1142e8e548b0b2d8c313acebd7f79fd81ab983fc88531a,9186769,4.010467115263557
case_092,4,B,600.0,47.609426352999435,/home/dreamboat/npu_r12_verify/NPU_R12/work/par6_B/case_092_n4_B/selected_plan.json,/home/dreamboat/npu_r12_verify/NPU_R12/work/par6_B/case_092_n4_B/report.json,/home/dreamboat/npu_r12_verify/NPU_R12/work/par6_B/case_092_n4_B/control/r7/control_r6/control_work/chainwave_result.official.json,aef1019c33bcd0edcb4f8a9716d820ac2f8c7c2ca95b75bfa36bce6d77889f3a,1033609,6788896,2791200,3997696,,,,f0a8b71936d6abf44cd9ffc6284fbf8a568ec1b1598446c1b271c0448759e85b,4815554,4.658970655247778
case_093,4,B,600.0,1.4317526389986597,/home/dreamboat/npu_r12_verify/NPU_R12/work/par3_B/case_093_n4_B/selected_plan.json,/home/dreamboat/npu_r12_verify/NPU_R12/work/par3_B/case_093_n4_B/report.json,/home/dreamboat/npu_r12_verify/NPU_R12/work/par3_B/case_093_n4_B/control/r7/control_r6/control_work/component_ordered_result.official.json,a0d053643cd37f5c1f13931bfb884cb34a53c2ce817095cf3fb99d6479a3447d,19779,24576,24576,0,,,,61123485c4781301ef8a0a859acbfd0342fb8db44b2751d2d8ab12cd4a8d0110,74205,3.751706355225239
case_094,4,B,600.0,2.2742991520008218,/home/dreamboat/npu_r12_verify/NPU_R12/work/par4_B/case_094_n4_B/selected_plan.json,/home/dreamboat/npu_r12_verify/NPU_R12/work/par4_B/case_094_n4_B/report.json,/home/dreamboat/npu_r12_verify/NPU_R12/work/par4_B/case_094_n4_B/control/r7/control_r6/control_work/component_ordered_result.official.json,2aaf25fba7dada9c6a033a7e8b27fc68c89ef333b5a020e833f2b6867a88ec25,27182,318816,318816,0,,,,1457411dccd5151ecdf866a3ad866b401b5b3c24395ef55d0426683e8fdbb74a,94892,3.490986682363329
case_095,4,B,600.0,12.764887694000208,/home/dreamboat/npu_r12_verify/NPU_R12/work/par4_B/case_095_n4_B/selected_plan.json,/home/dreamboat/npu_r12_verify/NPU_R12/work/par4_B/case_095_n4_B/report.json,/home/dreamboat/npu_r12_verify/NPU_R12/work/par4_B/case_095_n4_B/control/r7/control_r6/control_work/component_batch512_result.official.json,731ca5a3ebcadbba072ee166de52cd29a71f9ae09ccb33f8418500c1c01de4a1,524422,0,0,0,,,,e7eefbfd2dba8e6a4af37466717ae538e2b1d8a4180a0c09969ba0528f49e8e0,2084853,3.9755254356224565
case_096,4,B,600.0,4.55485582700021,/home/dreamboat/npu_r12_verify/NPU_R12/work/par3_B/case_096_n4_B/selected_plan.json,/home/dreamboat/npu_r12_verify/NPU_R12/work/par3_B/case_096_n4_B/report.json,/home/dreamboat/npu_r12_verify/NPU_R12/work/par3_B/case_096_n4_B/control/r7/control_r6/control_work/component_ordered_result.official.json,5367d7f8f9133f04f7718f13b4e8630d1b3d14797a07f2b3be31502db190a4db,26984,78336,78336,0,,,,d3a8c64b6eae729ae6f5d68ea8cd30249c6cbbbfe69904c5ab3c9e2ec0c46227,84194,3.120145271271865
case_097,4,B,600.0,11.804492270000992,/home/dreamboat/npu_r12_verify/NPU_R12/work/par1_B/case_097_n4_B/selected_plan.json,/home/dreamboat/npu_r12_verify/NPU_R12/work/par1_B/case_097_n4_B/report.json,/home/dreamboat/npu_r12_verify/NPU_R12/work/par1_B/case_097_n4_B/control/r7/control_r6/control_work/components_result.official.json,29cf023625bd97390345bcbd1ff46de388be04885cd4a0e622fed1854f2638aa,2626908,14221312,7667712,6553600,,,,d1b7ab53e9bdfa50b46e6873c9529dbcbe552d7c0a3c03f4a8dac562c2f5a89c,11491509,4.37453805005733
case_098,4,B,600.0,6.903164141998786,/home/dreamboat/npu_r12_verify/NPU_R12/work/par3_B/case_098_n4_B/selected_plan.json,/home/dreamboat/npu_r12_verify/NPU_R12/work/par3_B/case_098_n4_B/report.json,/home/dreamboat/npu_r12_verify/NPU_R12/work/par3_B/case_098_n4_B/control/r7/control_r6/critical/critical_03_result.official.json,9d5486dfa2cc2a409c874cd04516430ccd1634914151b76c70fdfe690da91e6c,52186,1249322,1249322,0,,,,c3c75c9b2615d179b246cfb418d68aac69363b159906a1741c0f5f607212808b,177430,3.3999540106541986
case_099,4,B,600.0,9.315356568000425,/home/dreamboat/npu_r12_verify/NPU_R12/work/par6_B/case_099_n4_B/selected_plan.json,/home/dreamboat/npu_r12_verify/NPU_R12/work/par6_B/case_099_n4_B/report.json,/home/dreamboat/npu_r12_verify/NPU_R12/work/par6_B/case_099_n4_B/control/r7/control_r6/control_work/components_result.official.json,ea37bebfec6c3a4acf56c4df5bf7261a3e3554d89445433303dfc8556e2168f7,405655,9764864,5652480,4112384,,,,f17a8d1e4b8627cc4ce7af66d6fd2f19ec4a974cca7c681e89289050bd1a6717,1622999,4.000934291454561
case_100,4,B,600.0,6.061782721999407,/home/dreamboat/npu_r12_verify/NPU_R12/work/par4_B/case_100_n4_B/selected_plan.json,/home/dreamboat/npu_r12_verify/NPU_R12/work/par4_B/case_100_n4_B/report.json,/home/dreamboat/npu_r12_verify/NPU_R12/work/par4_B/case_100_n4_B/indexed_insertion/plan.meta.official.json,4f4a4fb185b73e811e13d8e5e5c76e06e54c80e417e746d9556726adbb455f8e,50324,1961860,1961860,0,,,,b4b578963c8feb80eac6470b9e94b263a39746f6c3f743f7ebf8053acddd53d7,151223,3.0049876798346715
case_001,5,B,600.0,1.0006659240000033,/home/dreamboat/npu_r12_verify/NPU_R12/work/reproduce_B5_r12/case_001_n5_B/selected_plan.json,/home/dreamboat/npu_r12_verify/NPU_R12/work/reproduce_B5_r12/case_001_n5_B/report.json,/home/dreamboat/npu_r12_verify/NPU_R12/work/reproduce_B5_r12/case_001_n5_B/control/r7/control_r6/control_work/components_result.official.json,fa8b00891d990d72834842a8f3f0f647a813a89218bef5ff0e7b0695809168d6,47502,4608,4608,0,,,,8098954c54344af9884afc919dbe2acdfc8e1cac6e69c0487f11d1ae8cd7d252,233110,4.9073723211654245
case_002,5,B,600.0,8.244855432999984,/home/dreamboat/npu_r12_verify/NPU_R12/work/reproduce_B5_r12/case_002_n5_B/selected_plan.json,/home/dreamboat/npu_r12_verify/NPU_R12/work/reproduce_B5_r12/case_002_n5_B/report.json,/home/dreamboat/npu_r12_verify/NPU_R12/work/reproduce_B5_r12/case_002_n5_B/indexed_insertion/plan.meta.official.json,b79cd0b59035a5cd74d94d67fb3a6b484bcc1cc7a40b841fc14f4bf2c2b009f6,59575,872448,872448,0,,,,35c010ad3194408af1c956c6c0e12d41bb071c0742eb339717675bc358cd733e,261945,4.396894670583299
case_003,5,B,600.0,79.790540806,/home/dreamboat/npu_r12_verify/NPU_R12/work/reproduce_B5_r12/case_003_n5_B/selected_plan.json,/home/dreamboat/npu_r12_verify/NPU_R12/work/reproduce_B5_r12/case_003_n5_B/report.json,/home/dreamboat/npu_r12_verify/NPU_R12/work/reproduce_B5_r12/case_003_n5_B/control/r7/control_r6/control_work/migrate0_result.official.json,c0e4fd382f8124fbd41b98d26aba8c8c0ec2a2c4ac1daf5bcf3323f4acd5b91d,232588,9723996,9723996,0,,,,999dcd798728bb5a9f75a3cc3be3547b5234e488710318ed071b4d5ff7cd21ae,602212,2.5891791493972174
case_004,5,B,600.0,2.6089799779999794,/home/dreamboat/npu_r12_verify/NPU_R12/work/reproduce_B5_r12/case_004_n5_B/selected_plan.json,/home/dreamboat/npu_r12_verify/NPU_R12/work/reproduce_B5_r12/case_004_n5_B/report.json,/home/dreamboat/npu_r12_verify/NPU_R12/work/reproduce_B5_r12/case_004_n5_B/control/r7/control_r6/control_work/component_ordered_result.official.json,3c1e75e8aee11c52df16b0b5368c7b3b4e09b4ee5f946c79715165b954810c78,88341,442368,442368,0,,,,c08331e81c1815a8a9dbb4c38cdd5d025ef495079650dc4bcad07dae4cc284c8,392357,4.441391879195391
case_005,5,B,600.0,29.181423971000015,/home/dreamboat/npu_r12_verify/NPU_R12/work/reproduce_B5_r12/case_005_n5_B/selected_plan.json,/home/dreamboat/npu_r12_verify/NPU_R12/work/reproduce_B5_r12/case_005_n5_B/report.json,/home/dreamboat/npu_r12_verify/NPU_R12/work/reproduce_B5_r12/case_005_n5_B/control/r7/control_r6/critical/critical_00_result.official.json,31547b1a88ac5fdc864cbee08fc1bc5b42b97ded255ccbdc3c6cdacbb0e70b04,52655,1728714,1728714,0,,,,f70faf09f7c54dd742f8b3314729faeba916dd01a7f1993c848b643415275a9f,95618,1.8159339094103124
case_006,5,B,600.0,3.8510900519999893,/home/dreamboat/npu_r12_verify/NPU_R12/work/reproduce_B5_r12/case_006_n5_B/selected_plan.json,/home/dreamboat/npu_r12_verify/NPU_R12/work/reproduce_B5_r12/case_006_n5_B/report.json,/home/dreamboat/npu_r12_verify/NPU_R12/work/reproduce_B5_r12/case_006_n5_B/control/r7/control_r6/critical/critical_00_result.official.json,04fd542e312628c99957e5ba9d9bd6b32e321e368358e4af854814cca4df498b,24618,411656,411656,0,,,,905e8a0b5be459e25a23b2e57fd6860b99f997a64bebbfe5e916fc5a0835a3b4,82837,3.3648956048419856
case_007,5,B,600.0,8.092754630000002,/home/dreamboat/npu_r12_verify/NPU_R12/work/reproduce_B5_r12/case_007_n5_B/selected_plan.json,/home/dreamboat/npu_r12_verify/NPU_R12/work/reproduce_B5_r12/case_007_n5_B/report.json,/home/dreamboat/npu_r12_verify/NPU_R12/work/reproduce_B5_r12/case_007_n5_B/control/r7/control_r6/control_work/component_batch512_result.official.json,c3e9b11013c7862aec87178e278222e1eb9f012f1396d4e24023d7fcbcf8733d,203834,110592,110592,0,,,,59ea5ec5cddf488c5d389de2786c19a4a946bfdb217e4bd865382e087fdfa771,1012562,4.967581463347626
case_008,5,B,600.0,3.7009727829999974,/home/dreamboat/npu_r12_verify/NPU_R12/work/reproduce_B5_r12/case_008_n5_B/selected_plan.json,/home/dreamboat/npu_r12_verify/NPU_R12/work/reproduce_B5_r12/case_008_n5_B/report.json,/home/dreamboat/npu_r12_verify/NPU_R12/work/reproduce_B5_r12/case_008_n5_B/control/r7/control_r6/control_work/component_ordered_result.official.json,344e8209f59aed8d8ec689339787d02a86f1c8908c9a76da8f32f7b0c73b957c,100603,0,0,0,,,,8ccb4e7b8a81acc3a88f52f63a947be03f63910db097c8fc7e0b031f9afdbc38,487605,4.846823653370178
case_009,5,B,600.0,48.49686940699996,/home/dreamboat/npu_r12_verify/NPU_R12/work/reproduce_B5_r12/case_009_n5_B/selected_plan.json,/home/dreamboat/npu_r12_verify/NPU_R12/work/reproduce_B5_r12/case_009_n5_B/report.json,/home/dreamboat/npu_r12_verify/NPU_R12/work/reproduce_B5_r12/case_009_n5_B/indexed_insertion/plan.meta.official.json,a27ec07a537e75c4ad4c1e20a3f84ad1f125238b5513f77ad9d329da10731090,52311,2008978,2008978,0,,,,4e3affe66d23171c02ab8197550d7c21a058729e3ae7f24af32ccb49c55447d7,153261,2.929804438836956
case_010,5,B,600.0,4.080606474999968,/home/dreamboat/npu_r12_verify/NPU_R12/work/reproduce_B5_r12/case_010_n5_B/selected_plan.json,/home/dreamboat/npu_r12_verify/NPU_R12/work/reproduce_B5_r12/case_010_n5_B/report.json,/home/dreamboat/npu_r12_verify/NPU_R12/work/reproduce_B5_r12/case_010_n5_B/control/r7/control_r6/core/active4_chainwave_result.official.json,f9476f92bcfe3f2ec792098209fc5242d2678694a91ef5a567934f62570db8fa,26147,778932,778932,0,,,,49ee6be6475b92920eb9a3f7df651661e777768d9c28115c00e87f719b52de77,86969,3.3261559643553755
case_011,5,B,600.0,2.69480850299999,/home/dreamboat/npu_r12_verify/NPU_R12/work/reproduce_B5_r12/case_011_n5_B/selected_plan.json,/home/dreamboat/npu_r12_verify/NPU_R12/work/reproduce_B5_r12/case_011_n5_B/report.json,/home/dreamboat/npu_r12_verify/NPU_R12/work/reproduce_B5_r12/case_011_n5_B/control/extra/m4_components.official.json,71a42187776147ad94dd762f9d81ecd4785f322735c795f69b60b1f7bbf6b538,46880,540672,540672,0,,,,fdaf1dde7ad1cf0b24bfd6a4eaf4adbf13e7608983485ca1a7c7f8d0c1b2f5a9,184697,3.9397824232081913
case_012,5,B,600.0,2.554602301999978,/home/dreamboat/npu_r12_verify/NPU_R12/work/reproduce_B5_r12/case_012_n5_B/selected_plan.json,/home/dreamboat/npu_r12_verify/NPU_R12/work/reproduce_B5_r12/case_012_n5_B/report.json,/home/dreamboat/npu_r12_verify/NPU_R12/work/reproduce_B5_r12/case_012_n5_B/control/r7/control_r6/control_work/component_ordered_result.official.json,836f7f41ffc7f1b662fabd4f67aaad958706c27c2ed6d123b6d7a612fe585ee6,12712,31104,31104,0,,,,c45578fad6048dec717ca790f951fd554e12b99bfa49875b83f36a1351dd460f,59088,4.6482064191315295
case_013,5,B,600.0,3.328906694000011,/home/dreamboat/npu_r12_verify/NPU_R12/work/reproduce_B5_r12/case_013_n5_B/selected_plan.json,/home/dreamboat/npu_r12_verify/NPU_R12/work/reproduce_B5_r12/case_013_n5_B/report.json,/home/dreamboat/npu_r12_verify/NPU_R12/work/reproduce_B5_r12/case_013_n5_B/control/r7/control_r6/control_work/component_ordered_result.official.json,5457c9c19a029cc48200ec91bdef8b80b4c1f9eeb8623da71a9736fdcd6cb71c,54363,32768,32768,0,,,,f9aaa4674b9e78d6f44d6438d9bec19c6f72838510e8a781b6bc52e38cf815a3,263949,4.855305998565201
case_014,5,B,600.0,114.31914621800001,/home/dreamboat/npu_r12_verify/NPU_R12/work/reproduce_B5_r12/case_014_n5_B/selected_plan.json,/home/dreamboat/npu_r12_verify/NPU_R12/work/reproduce_B5_r12/case_014_n5_B/report.json,/home/dreamboat/npu_r12_verify/NPU_R12/work/reproduce_B5_r12/case_014_n5_B/control/r7/control_r6/control_work/component_ordered_result.official.json,c47853e3b28bf593c1fb9ab6460aff2d22984d88715f7c8c81e726bbb9decec1,3605387,53128200,35233968,17894232,,,,40ba1beca65062b44ab5e302c1a77e37ffb986b00be660633296ed41c5e3cf73,17698626,4.908939317748691
case_015,5,B,600.0,4.0044962430000055,/home/dreamboat/npu_r12_verify/NPU_R12/work/reproduce_B5_r12/case_015_n5_B/selected_plan.json,/home/dreamboat/npu_r12_verify/NPU_R12/work/reproduce_B5_r12/case_015_n5_B/report.json,/home/dreamboat/npu_r12_verify/NPU_R12/work/reproduce_B5_r12/case_015_n5_B/control/r7/control_r6/control_work/component_ordered_result.official.json,af2637a895bfada81c991d8c21ad48fa4b89f6616ac98fe14a4329a10897990f,39837,317952,317952,0,,,,ac5bcc061c72f82fcd946fd1f9864dcc96499c07237dcd7976e39c1529bc2ea7,177362,4.452192685192158
case_016,5,B,600.0,52.26305343600001,/home/dreamboat/npu_r12_verify/NPU_R12/work/reproduce_B5_r12/case_016_n5_B/selected_plan.json,/home/dreamboat/npu_r12_verify/NPU_R12/work/reproduce_B5_r12/case_016_n5_B/report.json,/home/dreamboat/npu_r12_verify/NPU_R12/work/reproduce_B5_r12/case_016_n5_B/indexed_insertion/plan.meta.official.json,601679da2c5f3b08005dde241d18eb96d4bc9d64a5b3dfad620caa98a468f8a8,2087323,214900,214900,0,,,,b53465fa87df4bd33a4cc72a34c76f8cccd4d2b6d3722fcc6268a3eb00b50a67,7715523,3.6963723391156997
case_017,5,B,600.0,6.442688220999969,/home/dreamboat/npu_r12_verify/NPU_R12/work/reproduce_B5_r12/case_017_n5_B/selected_plan.json,/home/dreamboat/npu_r12_verify/NPU_R12/work/reproduce_B5_r12/case_017_n5_B/report.json,/home/dreamboat/npu_r12_verify/NPU_R12/work/reproduce_B5_r12/case_017_n5_B/control/r7/control_r6/control_work/component_ordered_result.official.json,39940a86e487cc18b1da0d4fafe33f5834ce5d8c7b8bb6707c400476b24976a3,30495,343296,343296,0,,,,aaf69d4d3cd5b597a17ae8839e637a6b21ea0fbe009c27e7ebcfd789e4dfa6f9,162810,5.338908017707821
case_018,5,B,600.0,7.543270091000011,/home/dreamboat/npu_r12_verify/NPU_R12/work/reproduce_B5_r12/case_018_n5_B/selected_plan.json,/home/dreamboat/npu_r12_verify/NPU_R12/work/reproduce_B5_r12/case_018_n5_B/report.json,/home/dreamboat/npu_r12_verify/NPU_R12/work/reproduce_B5_r12/case_018_n5_B/control/r7/control_r6/control_work/component_batch512_result.official.json,9aec96790a00ccaefe5a3fc52a4b76ba6d3a5d36a10308b621ba588a5107b74d,202778,5054464,4681728,372736,,,,f64b1d18c5377767ef35672b7e7faf4dece1321ef0f72b1980d60b7cd1f9831b,1004367,4.953037311739933
case_019,5,B,600.0,2.3339685239999994,/home/dreamboat/npu_r12_verify/NPU_R12/work/reproduce_B5_r12/case_019_n5_B/selected_plan.json,/home/dreamboat/npu_r12_verify/NPU_R12/work/reproduce_B5_r12/case_019_n5_B/report.json,/home/dreamboat/npu_r12_verify/NPU_R12/work/reproduce_B5_r12/case_019_n5_B/control/r7/control_r6/control_work/chainwave_result.official.json,4ac766ba26e1540c13f7d708063f185d252390bccbb4e2c739d01ba070a59478,18640,327032,327032,0,,,,be5caabfc41055577ec1394b364367fa102d41eaa8396d55bc917e4ca36b392f,81144,4.353218884120172
case_020,5,B,600.0,5.155656496000006,/home/dreamboat/npu_r12_verify/NPU_R12/work/reproduce_B5_r12/case_020_n5_B/selected_plan.json,/home/dreamboat/npu_r12_verify/NPU_R12/work/reproduce_B5_r12/case_020_n5_B/report.json,/home/dreamboat/npu_r12_verify/NPU_R12/work/reproduce_B5_r12/case_020_n5_B/control/r7/control_r6/control_work/components_result.official.json,881ace6034521229ce20e05601bc131c691ae880ae55d2a18a6b07d2db25ef8a,107650,0,0,0,,,,469e6405cde273af9fe903dfe054e36f34cc07050013bee75cc1246bfb72a2e5,532746,4.948871342313051
case_021,5,B,600.0,7.738558388000001,/home/dreamboat/npu_r12_verify/NPU_R12/work/reproduce_B5_r12/case_021_n5_B/selected_plan.json,/home/dreamboat/npu_r12_verify/NPU_R12/work/reproduce_B5_r12/case_021_n5_B/report.json,/home/dreamboat/npu_r12_verify/NPU_R12/work/reproduce_B5_r12/case_021_n5_B/control/r7/control_r6/control_work/components_result.official.json,ab646dc062dfb51045a63ded9bc172fe3e3e5fbcd46553954fb034784dab284a,1250168,11431936,9420800,2011136,,,,1e6c582d0084cecbe6cb54e7be8a969b78828c273b3be9dc49c0ff03ba37c3ee,6567937,5.253643510312214
case_022,5,B,600.0,2.4308385969999335,/home/dreamboat/npu_r12_verify/NPU_R12/work/reproduce_B5_r12/case_022_n5_B/selected_plan.json,/home/dreamboat/npu_r12_verify/NPU_R12/work/reproduce_B5_r12/case_022_n5_B/report.json,/home/dreamboat/npu_r12_verify/NPU_R12/work/reproduce_B5_r12/case_022_n5_B/control/r7/control_r6/control_work/components_result.official.json,a79c7583b396d04cd98cd567fd197e825e946c9da725606506ba4fbb83eb088a,11813,6912,6912,0,,,,9e06e0558ed6dd1ce4758b1fb4a11d04c5e4d8c789c89c6addbf69aeb9801bac,56780,4.8065690341149585
case_023,5,B,600.0,3.983631040000091,/home/dreamboat/npu_r12_verify/NPU_R12/work/reproduce_B5_r12/case_023_n5_B/selected_plan.json,/home/dreamboat/npu_r12_verify/NPU_R12/work/reproduce_B5_r12/case_023_n5_B/report.json,/home/dreamboat/npu_r12_verify/NPU_R12/work/reproduce_B5_r12/case_023_n5_B/control/r7/control_r6/control_work/component_ordered_result.official.json,5d1c53f8f990904bf85380bb8e0853d0a3f0cb04e2ace6eabf5872759fd9ba24,24793,197472,197472,0,,,,c8a529e9ff49516e892c983032aa7fdcf7d6ff33277d79cb95b7dc2a6cd5e1f7,122614,4.945508812971403
case_024,5,B,600.0,32.508208696999986,/home/dreamboat/npu_r12_verify/NPU_R12/work/reproduce_B5_r12/case_024_n5_B/selected_plan.json,/home/dreamboat/npu_r12_verify/NPU_R12/work/reproduce_B5_r12/case_024_n5_B/report.json,/home/dreamboat/npu_r12_verify/NPU_R12/work/reproduce_B5_r12/case_024_n5_B/indexed_insertion/plan.meta.official.json,9da07214081b22889464367780a6448dbe78884375448e1b7c738a3bae2a328f,694207,202660,202660,0,,,,75e572c629945fa071754056a04a10cdae10654150519f4c1ae95fdccb96fa51,2555343,3.6809525112826575
case_025,5,B,600.0,60.156089594000036,/home/dreamboat/npu_r12_verify/NPU_R12/work/reproduce_B5_r12/case_025_n5_B/selected_plan.json,/home/dreamboat/npu_r12_verify/NPU_R12/work/reproduce_B5_r12/case_025_n5_B/report.json,/home/dreamboat/npu_r12_verify/NPU_R12/work/reproduce_B5_r12/case_025_n5_B/control/r7/control_r6/control_work/component_batch512_result.official.json,9e84ef5f2c90b117969597287cdef8894d58e052cc337579198a7edd87ca6591,975282,110592,110592,0,,,,d827ae2222a98b49d4be2f8fc0ce03f4bdfb03e73cc1de2ffed9a3e535a4a77e,4863026,4.986276789687495
case_026,5,B,600.0,3.953548868999974,/home/dreamboat/npu_r12_verify/NPU_R12/work/reproduce_B5_r12/case_026_n5_B/selected_plan.json,/home/dreamboat/npu_r12_verify/NPU_R12/work/reproduce_B5_r12/case_026_n5_B/report.json,/home/dreamboat/npu_r12_verify/NPU_R12/work/reproduce_B5_r12/case_026_n5_B/control/r7/control_r6/control_work/migrate0.2_result.official.json,6068d74c67596e4714535439821843f35bc4d19a63e9820e23109cb7496a3dc4,33518,491168,491168,0,,,,b38b5c48a7b4fa6e7093ca3c625613318b11213ea80f04350e84048d6b50c58f,99203,2.9596932991228595
case_027,5,B,600.0,4.371145511000009,/home/dreamboat/npu_r12_verify/NPU_R12/work/reproduce_B5_r12/case_027_n5_B/selected_plan.json,/home/dreamboat/npu_r12_verify/NPU_R12/work/reproduce_B5_r12/case_027_n5_B/report.json,/home/dreamboat/npu_r12_verify/NPU_R12/work/reproduce_B5_r12/case_027_n5_B/control/r7/control_r6/control_work/component_ordered_result.official.json,167bd4788cad16b5d232ce1250c5f2a8e2e1d52b2448d8f9c2db5495e364ed11,558753,5529600,5529600,0,,,,6c26b145ff138e3a226e7eb122043c808300d8c69095ee20510b1a12675ac6d0,2363952,4.230763861670542
case_028,5,B,600.0,66.60925583799997,/home/dreamboat/npu_r12_verify/NPU_R12/work/reproduce_B5_r12/case_028_n5_B/selected_plan.json,/home/dreamboat/npu_r12_verify/NPU_R12/work/reproduce_B5_r12/case_028_n5_B/report.json,/home/dreamboat/npu_r12_verify/NPU_R12/work/reproduce_B5_r12/case_028_n5_B/control/r7/control_r6/control_work/migrate0_result.official.json,1e855751fbcacc3a2e3488cb2c9b003eb9dd5c7ca2e4984e6914a6126e6a91e1,8211965,30147072,18264576,11882496,,,,f34b310061bc3df280ee5c147b91a5cfd0493fec940b0441464fcb150d6ba9a6,43836040,5.338069511986474
case_029,5,B,600.0,1.7162331209999593,/home/dreamboat/npu_r12_verify/NPU_R12/work/reproduce_B5_r12/case_029_n5_B/selected_plan.json,/home/dreamboat/npu_r12_verify/NPU_R12/work/reproduce_B5_r12/case_029_n5_B/report.json,/home/dreamboat/npu_r12_verify/NPU_R12/work/reproduce_B5_r12/case_029_n5_B/control/r7/control_r6/control_work/component_ordered_result.official.json,5e9d8275459d7e49e264f87b9a0ec192043dc45b4b02a37b188aa3a3b37a0879,9383,0,0,0,,,,2003bb0da59915a1c1c374bc85e8b1187da3851c7d6b6ce4e835e64e01ef2f5f,37555,4.002451241607162
case_030,5,B,600.0,10.333003041999973,/home/dreamboat/npu_r12_verify/NPU_R12/work/reproduce_B5_r12/case_030_n5_B/selected_plan.json,/home/dreamboat/npu_r12_verify/NPU_R12/work/reproduce_B5_r12/case_030_n5_B/report.json,/home/dreamboat/npu_r12_verify/NPU_R12/work/reproduce_B5_r12/case_030_n5_B/control/r7/control_r6/control_work/components_result.official.json,05b2b766f0e0fda422cb3480b91848805028d278b6a2c5106c86c6f438269bb8,561102,11479040,7463936,4015104,,,,f913e26780c2656030b691165c026ce8f446204353c1313005c1acac73549a0e,2808034,5.004498290863337
case_031,5,B,600.0,12.477989807999961,/home/dreamboat/npu_r12_verify/NPU_R12/work/reproduce_B5_r12/case_031_n5_B/selected_plan.json,/home/dreamboat/npu_r12_verify/NPU_R12/work/reproduce_B5_r12/case_031_n5_B/report.json,/home/dreamboat/npu_r12_verify/NPU_R12/work/reproduce_B5_r12/case_031_n5_B/control/r7/control_r6/control_work/components_result.official.json,f307dfb4757c3a3005cf9657e269b750d9a5399ddbd9462c7513972da5260ae7,306307,8059392,6248448,1810944,,,,779ea7dc81fbd235306fa5419313124e3111f483f53fcf55eda4b28cedc30a8f,1414369,4.617488336864649
case_032,5,B,600.0,2.3515611710000712,/home/dreamboat/npu_r12_verify/NPU_R12/work/reproduce_B5_r12/case_032_n5_B/selected_plan.json,/home/dreamboat/npu_r12_verify/NPU_R12/work/reproduce_B5_r12/case_032_n5_B/report.json,/home/dreamboat/npu_r12_verify/NPU_R12/work/reproduce_B5_r12/case_032_n5_B/control/r7/control_r6/control_work/components_result.official.json,9f3ded914f8ae8e755058db8d4b13f36643399b4f8e216cb99f4177966e0b4e5,10415,12360,12360,0,,,,80cf95fa270ac617d10d2f60d5cbb0a8d46118efa72590b833f27facb1fba862,41443,3.9791646663466156
case_033,5,B,600.0,5.596961822000026,/home/dreamboat/npu_r12_verify/NPU_R12/work/reproduce_B5_r12/case_033_n5_B/selected_plan.json,/home/dreamboat/npu_r12_verify/NPU_R12/work/reproduce_B5_r12/case_033_n5_B/report.json,/home/dreamboat/npu_r12_verify/NPU_R12/work/reproduce_B5_r12/case_033_n5_B/control/r7/control_r6/control_work/component_ordered_result.official.json,b888729c6a4e3d13a2b76bebdfc84e42af5da7850e47b0e9c41e1a606d7f37a0,369453,6509184,6509184,0,,,,0e86e30bc1430f9a934da084deed0f4a88e7c600caf4ef5408b581aae675b45f,1774196,4.802223828200069
case_034,5,B,600.0,5.90066308400003,/home/dreamboat/npu_r12_verify/NPU_R12/work/reproduce_B5_r12/case_034_n5_B/selected_plan.json,/home/dreamboat/npu_r12_verify/NPU_R12/work/reproduce_B5_r12/case_034_n5_B/report.json,/home/dreamboat/npu_r12_verify/NPU_R12/work/reproduce_B5_r12/case_034_n5_B/control/r7/control_r6/control_work/component_ordered_result.official.json,62247c00b8a048da0d8c4191b113d9f8dacaa366e1f49b6385a8d65d02d76000,173032,3532800,3532800,0,,,,34c618478f146a764b3763dd012a8bed5c6ca09f8232f859a5c37fbaf237e423,842996,4.8719080863655275
case_035,5,B,600.0,32.76062619600009,/home/dreamboat/npu_r12_verify/NPU_R12/work/reproduce_B5_r12/case_035_n5_B/selected_plan.json,/home/dreamboat/npu_r12_verify/NPU_R12/work/reproduce_B5_r12/case_035_n5_B/report.json,/home/dreamboat/npu_r12_verify/NPU_R12/work/reproduce_B5_r12/case_035_n5_B/indexed_insertion/plan.meta.official.json,1d80674af0bc3589796538885c52825a7080532f7cb6a6c06fe24cf05cb90c61,58349,1602218,1602218,0,,,,cbc81724d7c2feb7a19bcdb27787dfa13bcd8b39c34028aafa96098a11b06c9b,169571,2.906150919467343
case_036,5,B,600.0,2.770349237000005,/home/dreamboat/npu_r12_verify/NPU_R12/work/reproduce_B5_r12/case_036_n5_B/selected_plan.json,/home/dreamboat/npu_r12_verify/NPU_R12/work/reproduce_B5_r12/case_036_n5_B/report.json,/home/dreamboat/npu_r12_verify/NPU_R12/work/reproduce_B5_r12/case_036_n5_B/control/r7/control_r6/control_work/components_result.official.json,b8369e41bfc912136b8c3fc8bed9f33f6b38f4e330c5288aa6c72eb7805c6ab8,187182,4608,4608,0,,,,00b29d4463f2eac06e69bf3aecca1acd797c560aa32feb906bd13dad8e57fb51,931510,4.976493466252097
case_037,5,B,600.0,1.5186220119999234,/home/dreamboat/npu_r12_verify/NPU_R12/work/reproduce_B5_r12/case_037_n5_B/selected_plan.json,/home/dreamboat/npu_r12_verify/NPU_R12/work/reproduce_B5_r12/case_037_n5_B/report.json,/home/dreamboat/npu_r12_verify/NPU_R12/work/reproduce_B5_r12/case_037_n5_B/control/r7/control_r6/control_work/component_ordered_result.official.json,c87a49370aa6c196bdf5957a550d19886a336476526acf0aa82fac13aed22133,43800,1925120,1925120,0,,,,40ddb064bf9ad2b166aa50571c7fe2e1b7b9c2b4d5f3e6e562432f5303e513e3,210001,4.794543378995434
case_038,5,B,600.0,11.363576807999948,/home/dreamboat/npu_r12_verify/NPU_R12/work/reproduce_B5_r12/case_038_n5_B/selected_plan.json,/home/dreamboat/npu_r12_verify/NPU_R12/work/reproduce_B5_r12/case_038_n5_B/report.json,/home/dreamboat/npu_r12_verify/NPU_R12/work/reproduce_B5_r12/case_038_n5_B/control/r7/control_r6/control_work/component_ordered_result.official.json,b0fef239a94089f8bbfbc8bdd93a5bf2ce1ab70d83cfc2a7e02e804e3627b083,283188,8558592,8558592,0,,,,5eb296f75c47df15fb74c2b3eb3f88414189aac3e3aa7dcd175fa6402e3f90af,1364555,4.81854810232072
case_039,5,B,600.0,20.31119210600002,/home/dreamboat/npu_r12_verify/NPU_R12/work/reproduce_B5_r12/case_039_n5_B/selected_plan.json,/home/dreamboat/npu_r12_verify/NPU_R12/work/reproduce_B5_r12/case_039_n5_B/report.json,/home/dreamboat/npu_r12_verify/NPU_R12/work/reproduce_B5_r12/case_039_n5_B/control/extra/m4_ordered_0.official.json,823391bbd395726511973710801a818e4555ad33da87999d9419a1dbb5171cf5,381106,13320192,12607488,712704,,,,367bb1ba90faeab4e211d6fd67476600aa1da49c6009f67eb656111d8ffb6ab8,1435262,3.7660440927196106
case_040,5,B,600.0,30.96737934700002,/home/dreamboat/npu_r12_verify/NPU_R12/work/reproduce_B5_r12/case_040_n5_B/selected_plan.json,/home/dreamboat/npu_r12_verify/NPU_R12/work/reproduce_B5_r12/case_040_n5_B/report.json,/home/dreamboat/npu_r12_verify/NPU_R12/work/reproduce_B5_r12/case_040_n5_B/control/r7/control_r6/critical/critical_00_result.official.json,6dd12e3bd39b640e1ca9f2ec5c191a057688f6df257eafe8bd6ab69559dbd3d9,89745,2634900,2634900,0,,,,567f3654d94a5493f38d794c4cab52dff88124dba6aba09633dab52d587a4f58,253454,2.8241573346704554
case_041,5,B,600.0,22.751345904999994,/home/dreamboat/npu_r12_verify/NPU_R12/work/reproduce_B5_r12/case_041_n5_B/selected_plan.json,/home/dreamboat/npu_r12_verify/NPU_R12/work/reproduce_B5_r12/case_041_n5_B/report.json,/home/dreamboat/npu_r12_verify/NPU_R12/work/reproduce_B5_r12/case_041_n5_B/control/r7/control_r6/control_work/components_result.official.json,b78b39198abc5d66bfaf7f7482e0a5c9b4e4c5655ab5a7e602e1dd400d2b63e5,1196379,40630272,18020352,22609920,,,,5ae49545d8cf5f117112e848a29f517533b91ecd59d8530f208865db97f78b18,6003957,5.018440644645217
case_042,5,B,600.0,9.33489434799992,/home/dreamboat/npu_r12_verify/NPU_R12/work/reproduce_B5_r12/case_042_n5_B/selected_plan.json,/home/dreamboat/npu_r12_verify/NPU_R12/work/reproduce_B5_r12/case_042_n5_B/report.json,/home/dreamboat/npu_r12_verify/NPU_R12/work/reproduce_B5_r12/case_042_n5_B/control/r7/control_r6/control_work/component_batch512_result.official.json,5c7e3a1d62917d45b139546f2b94525de5aae268d255109aefc81e73f127f2ea,369780,8045568,7286784,758784,,,,31ed71eaf0e28a173518cbeea02e462f85fd43b053e324c4d1502112ad3eca74,1686740,4.561468981556601
case_043,5,B,600.0,112.167295953,/home/dreamboat/npu_r12_verify/NPU_R12/work/reproduce_B5_r12/case_043_n5_B/selected_plan.json,/home/dreamboat/npu_r12_verify/NPU_R12/work/reproduce_B5_r12/case_043_n5_B/report.json,/home/dreamboat/npu_r12_verify/NPU_R12/work/reproduce_B5_r12/case_043_n5_B/control/r7/control_r6/critical/critical_03_result.official.json,fc86ede6516976f6cfc8e3a84364f6b2a9d190ed9792cc063c33a1182ab35247,240597,9832918,9832918,0,,,,e29d7417ecf5e46527b734ff2386904a1e5b62105f97aaaece65ee7ad572ab8a,677656,2.8165604724913447
case_044,5,B,600.0,5.396930784000006,/home/dreamboat/npu_r12_verify/NPU_R12/work/reproduce_B5_r12/case_044_n5_B/selected_plan.json,/home/dreamboat/npu_r12_verify/NPU_R12/work/reproduce_B5_r12/case_044_n5_B/report.json,/home/dreamboat/npu_r12_verify/NPU_R12/work/reproduce_B5_r12/case_044_n5_B/control/r7/control_r6/core/active2_chainwave_result.official.json,9f7f454500c25d683268ac894ddcbdc2f6f1256cc8a22e132a1f29421ea36bcd,45248,930400,930400,0,,,,aefc88720e78a7d063332e8b2a1ee72f8412edbec1b4265d8a6b0252500b23e7,154407,3.4124602192362095
case_045,5,B,600.0,2.7512367799999993,/home/dreamboat/npu_r12_verify/NPU_R12/work/reproduce_B5_r12/case_045_n5_B/selected_plan.json,/home/dreamboat/npu_r12_verify/NPU_R12/work/reproduce_B5_r12/case_045_n5_B/report.json,/home/dreamboat/npu_r12_verify/NPU_R12/work/reproduce_B5_r12/case_045_n5_B/control/r7/control_r6/control_work/component_ordered_result.official.json,cf551f885dec7f8519083a8c1942914010e046abee1c6d3c5c9657f09d6e7a75,26164,0,0,0,,,,e822616ab451756ed3f7f0e3483f4972cc8e0af422ec4b1a2cc17ae707c103b9,125614,4.801024308209754
case_046,5,B,600.0,3.501886246999902,/home/dreamboat/npu_r12_verify/NPU_R12/work/reproduce_B5_r12/case_046_n5_B/selected_plan.json,/home/dreamboat/npu_r12_verify/NPU_R12/work/reproduce_B5_r12/case_046_n5_B/report.json,/home/dreamboat/npu_r12_verify/NPU_R12/work/reproduce_B5_r12/case_046_n5_B/control/r7/control_r6/core/active4_chainwave_result.official.json,3e997e47191fd0285992b600ea069286966f45fec03dfe75be924307b0550259,79918,2791200,2791200,0,,,,24f2cbfaa12cc8683a5e5f9b67aa75a57758733af27a39bd44217698391794db,276455,3.4592332140443953
case_047,5,B,600.0,64.86226029400007,/home/dreamboat/npu_r12_verify/NPU_R12/work/reproduce_B5_r12/case_047_n5_B/selected_plan.json,/home/dreamboat/npu_r12_verify/NPU_R12/work/reproduce_B5_r12/case_047_n5_B/report.json,/home/dreamboat/npu_r12_verify/NPU_R12/work/reproduce_B5_r12/case_047_n5_B/control/r7/control_r6/control_work/migrate0_result.official.json,ccc11e6eed2ef8a1a921230c9c4c5358024d14764a8544979b29b74b7313fa01,119372,3409368,3409368,0,,,,76ecd024ff857db91895f3a187f4f2a655218c2305289b519101e2305f6f1a6c,326508,2.735214288107764
case_048,5,B,600.0,16.607644002000143,/home/dreamboat/npu_r12_verify/NPU_R12/work/reproduce_B5_r12/case_048_n5_B/selected_plan.json,/home/dreamboat/npu_r12_verify/NPU_R12/work/reproduce_B5_r12/case_048_n5_B/report.json,/home/dreamboat/npu_r12_verify/NPU_R12/work/reproduce_B5_r12/case_048_n5_B/indexed_insertion/plan.meta.official.json,b5eed18a4a3bd2a2d441e97f1faf8a74cf83b01e8ad78096fb24ae5e9469d1ca,98572,1132628,1132628,0,,,,1007dec1a12f71bfa00485631aad30b08376d9a14bd778d032187ee3394f256f,222220,2.2543927281580975
case_049,5,B,600.0,35.905748654000035,/home/dreamboat/npu_r12_verify/NPU_R12/work/reproduce_B5_r12/case_049_n5_B/selected_plan.json,/home/dreamboat/npu_r12_verify/NPU_R12/work/reproduce_B5_r12/case_049_n5_B/report.json,/home/dreamboat/npu_r12_verify/NPU_R12/work/reproduce_B5_r12/case_049_n5_B/control/r7/control_r6/critical/critical_02_result.official.json,b9684c4ce30e3c9cc72e213bd7e1583bdeee087bd8cf880fe9c5897b4cde7a3b,64305,2125062,2125062,0,,,,dbaaa6eb590c87684b0b37acffb3359ed70b63f08f9e7ec47d0e1388d18633ef,196276,3.0522665422595443
case_050,5,B,600.0,36.9931383239998,/home/dreamboat/npu_r12_verify/NPU_R12/work/reproduce_B5_r12/case_050_n5_B/selected_plan.json,/home/dreamboat/npu_r12_verify/NPU_R12/work/reproduce_B5_r12/case_050_n5_B/report.json,/home/dreamboat/npu_r12_verify/NPU_R12/work/reproduce_B5_r12/case_050_n5_B/control/r7/control_r6/critical/critical_00_result.official.json,9630eb281b743e981f0120b911720f7c5ffd1c0fefdcb32d35afc1d69b13d29a,58897,1885008,1885008,0,,,,700416e0922d78e69725f2561c0108519abcef9080a55971c9c7ced606a5d6b8,149690,2.541555597059273
case_051,5,B,600.0,7.007118687999991,/home/dreamboat/npu_r12_verify/NPU_R12/work/reproduce_B5_r12/case_051_n5_B/selected_plan.json,/home/dreamboat/npu_r12_verify/NPU_R12/work/reproduce_B5_r12/case_051_n5_B/report.json,/home/dreamboat/npu_r12_verify/NPU_R12/work/reproduce_B5_r12/case_051_n5_B/indexed_insertion/plan.meta.official.json,a5c69fd05cc554101a89bd492370f7d9f81764e8e84b639e1430e2be83210bce,168374,198040,198040,0,,,,e865e54f78804f537b2bb7692f2df01b53f53df58c21345e160624b97d5f5544,607628,3.608799458348676
case_052,5,B,600.0,3.1813432530000227,/home/dreamboat/npu_r12_verify/NPU_R12/work/reproduce_B5_r12/case_052_n5_B/selected_plan.json,/home/dreamboat/npu_r12_verify/NPU_R12/work/reproduce_B5_r12/case_052_n5_B/report.json,/home/dreamboat/npu_r12_verify/NPU_R12/work/reproduce_B5_r12/case_052_n5_B/control/r7/control_r6/control_work/component_ordered_result.official.json,66846253facf793b3c66d1339ee0a4be21c2de4766fe03251351bca724c73cf5,41994,333312,333312,0,,,,3f7d1bcc2289a32cd003b477e65a9714fec4ed1980d13ac2dcc02ef20a38fd7a,180301,4.293494308710768
case_053,5,B,600.0,43.125186806999864,/home/dreamboat/npu_r12_verify/NPU_R12/work/reproduce_B5_r12/case_053_n5_B/selected_plan.json,/home/dreamboat/npu_r12_verify/NPU_R12/work/reproduce_B5_r12/case_053_n5_B/report.json,/home/dreamboat/npu_r12_verify/NPU_R12/work/reproduce_B5_r12/case_053_n5_B/control/r7/control_r6/control_work/migrate0_result.official.json,74fa06696e802e520263120a448f8c1457bbee96b9f33ca3bc77bcb20b33952e,375096,12135050,12135050,0,,,,f5105f95c2ae6a3e14c74bfc12197cae2daa44a835aa52c23886ecade7166cac,1472686,3.9261575703286624
case_054,5,B,600.0,62.27859865200003,/home/dreamboat/npu_r12_verify/NPU_R12/work/reproduce_B5_r12/case_054_n5_B/selected_plan.json,/home/dreamboat/npu_r12_verify/NPU_R12/work/reproduce_B5_r12/case_054_n5_B/report.json,/home/dreamboat/npu_r12_verify/NPU_R12/work/reproduce_B5_r12/case_054_n5_B/control/r7/control_r6/control_work/migrate0_result.official.json,43a3502609e4f6ca840411e3938319b60e5586aa0e013f3446b2cfc9920bcdda,240647,8940968,8940968,0,,,,e47a35c6fc8bdf9649055891933daad2890b0cc7fd8b8a7bd89ae40ff9ef1f0b,815051,3.3869152742398616
case_055,5,B,600.0,4.29717967800002,/home/dreamboat/npu_r12_verify/NPU_R12/work/reproduce_B5_r12/case_055_n5_B/selected_plan.json,/home/dreamboat/npu_r12_verify/NPU_R12/work/reproduce_B5_r12/case_055_n5_B/report.json,/home/dreamboat/npu_r12_verify/NPU_R12/work/reproduce_B5_r12/case_055_n5_B/control/r7/control_r6/control_work/component_ordered_result.official.json,f4d27444a5d1491425602a3dae2983d73047f795ed200f2d9e35d23f6dd961de,26183,198656,198656,0,,,,19dc76f310698014b1cb664037c2524ea9d26eda881e4c93abf50ab4d9a420c2,118835,4.5386319367528545
case_056,5,B,600.0,65.13360086900002,/home/dreamboat/npu_r12_verify/NPU_R12/work/reproduce_B5_r12/case_056_n5_B/selected_plan.json,/home/dreamboat/npu_r12_verify/NPU_R12/work/reproduce_B5_r12/case_056_n5_B/report.json,/home/dreamboat/npu_r12_verify/NPU_R12/work/reproduce_B5_r12/case_056_n5_B/control/r7/control_r6/critical/critical_00_result.official.json,03e51ab4b6c19ef09397df42d523c2f61369de4bf7a58fbd8d955f5a1b4f9b8d,97116,3574548,3574548,0,,,,d3eea75a880ff1773cdc3bc57db70cc890d4b58e4cdbffef1d768b1b13fea15e,277285,2.855193788871041
case_057,5,B,600.0,3.4395895850000215,/home/dreamboat/npu_r12_verify/NPU_R12/work/reproduce_B5_r12/case_057_n5_B/selected_plan.json,/home/dreamboat/npu_r12_verify/NPU_R12/work/reproduce_B5_r12/case_057_n5_B/report.json,/home/dreamboat/npu_r12_verify/NPU_R12/work/reproduce_B5_r12/case_057_n5_B/control/r7/control_r6/control_work/component_ordered_result.official.json,fc8f1ba8d81a663f404a8cd4c64c0f506d7c3106fced09ee27540f7ab1429234,16538,27936,27936,0,,,,aab1509d8e5d08f9a6da5c6b638d3d0f0ed2beecbfc3dd540fb92068a46bbe83,59726,3.6114403192647235
case_058,5,B,600.0,34.00380341599998,/home/dreamboat/npu_r12_verify/NPU_R12/work/reproduce_B5_r12/case_058_n5_B/selected_plan.json,/home/dreamboat/npu_r12_verify/NPU_R12/work/reproduce_B5_r12/case_058_n5_B/report.json,/home/dreamboat/npu_r12_verify/NPU_R12/work/reproduce_B5_r12/case_058_n5_B/control/r7/control_r6/control_work/component_batch512_result.official.json,0de156ddc98ca916c9245e1f95878d1e780388699f16f46a74736e54b7faa334,1004819,32104448,18382848,13721600,,,,e44632d3ed65864ff3a421e0d0856aa3c5baa3b059a338b3b92bf72791a77a23,4539717,4.517945022934478
case_059,5,B,600.0,2.1208835259999432,/home/dreamboat/npu_r12_verify/NPU_R12/work/reproduce_B5_r12/case_059_n5_B/selected_plan.json,/home/dreamboat/npu_r12_verify/NPU_R12/work/reproduce_B5_r12/case_059_n5_B/report.json,/home/dreamboat/npu_r12_verify/NPU_R12/work/reproduce_B5_r12/case_059_n5_B/control/r7/control_r6/control_work/components_result.official.json,770863372f585c2cba2dac2223639028a925c88ac8b3d36b7dbd465f7381a2df,150782,4325376,4325376,0,,,,4a6712db277f18bd0865b61737d87d6289cc4bb4d1e1aa90db5fd805c1ad6495,829473,5.501140719714555
case_060,5,B,600.0,14.86525423199987,/home/dreamboat/npu_r12_verify/NPU_R12/work/reproduce_B5_r12/case_060_n5_B/selected_plan.json,/home/dreamboat/npu_r12_verify/NPU_R12/work/reproduce_B5_r12/case_060_n5_B/report.json,/home/dreamboat/npu_r12_verify/NPU_R12/work/reproduce_B5_r12/case_060_n5_B/control/r7/control_r6/control_work/components_result.official.json,5a90b2bf7cb08a16b82175a60cf59b678f0e42ea01e6da315db281565f74ab8c,185331,3641728,3441024,200704,,,,958e00910dc281c7dd2a0466563bd4cf7f0619d3a407e68c67a32587b9545ac4,888789,4.79568447804199
case_061,5,B,600.0,3.483052832000112,/home/dreamboat/npu_r12_verify/NPU_R12/work/reproduce_B5_r12/case_061_n5_B/selected_plan.json,/home/dreamboat/npu_r12_verify/NPU_R12/work/reproduce_B5_r12/case_061_n5_B/report.json,/home/dreamboat/npu_r12_verify/NPU_R12/work/reproduce_B5_r12/case_061_n5_B/control/r7/control_r6/control_work/components_result.official.json,c607b269e7082f46d4c7ee41fd90e296b46b02a8bf94afab4575a2d60fa88061,22283,83712,83712,0,,,,f5189bb959de2dd5f13e72d741812c39db944d699305bc51137358eba2a39481,77191,3.46412063007674
case_062,5,B,600.0,74.02236130999995,/home/dreamboat/npu_r12_verify/NPU_R12/work/reproduce_B5_r12/case_062_n5_B/selected_plan.json,/home/dreamboat/npu_r12_verify/NPU_R12/work/reproduce_B5_r12/case_062_n5_B/report.json,/home/dreamboat/npu_r12_verify/NPU_R12/work/reproduce_B5_r12/case_062_n5_B/control/r7/control_r6/control_work/migrate0_result.official.json,a184dc6f4268da2a9654a34a958592edca52a990ecf9b095062a464d79dbf1e6,703542,10626048,9262080,1363968,,,,f7397538d88e90ac32a711b6413aa9042b6ff8af86a0da54c734ef3e4b95e5c8,2854809,4.057766274081718
case_063,5,B,600.0,38.83116077700015,/home/dreamboat/npu_r12_verify/NPU_R12/work/reproduce_B5_r12/case_063_n5_B/selected_plan.json,/home/dreamboat/npu_r12_verify/NPU_R12/work/reproduce_B5_r12/case_063_n5_B/report.json,/home/dreamboat/npu_r12_verify/NPU_R12/work/reproduce_B5_r12/case_063_n5_B/control/r7/control_r6/critical/critical_00_result.official.json,674f6e69ed2e415d7e6fdeda0b799fa3987c26462cfbac7ade81be2a9952ce2f,255854,3253248,3234816,18432,,,,4134ca7882bfbca89205a3e7f76286ae18a51c26765bdf540812dea5c56c1428,1070397,4.18362425445762
case_064,5,B,600.0,4.367508777000012,/home/dreamboat/npu_r12_verify/NPU_R12/work/reproduce_B5_r12/case_064_n5_B/selected_plan.json,/home/dreamboat/npu_r12_verify/NPU_R12/work/reproduce_B5_r12/case_064_n5_B/report.json,/home/dreamboat/npu_r12_verify/NPU_R12/work/reproduce_B5_r12/case_064_n5_B/indexed_insertion/plan.meta.official.json,fc2b37b5155aabdb4ba4af94e5138b29a8f8ab006a625eb094b71e34346c7156,8333,132948,132948,0,,,,21c8d8856e26c354518007b23ad854c2ed977c105cbdecef64df1855b3545621,19116,2.294011760470419
case_065,5,B,600.0,1.7896510639998269,/home/dreamboat/npu_r12_verify/NPU_R12/work/reproduce_B5_r12/case_065_n5_B/selected_plan.json,/home/dreamboat/npu_r12_verify/NPU_R12/work/reproduce_B5_r12/case_065_n5_B/report.json,/home/dreamboat/npu_r12_verify/NPU_R12/work/reproduce_B5_r12/case_065_n5_B/control/r7/control_r6/control_work/component_ordered_result.official.json,f220bd0419a3f3b63bb35cb77824ec1d48c8468b442308abf799f6784ec0d745,9558,55728,55728,0,,,,8d11ff00f570a00cc1e39b02d42f3a5d5b09433103004911f179ee325b24edfd,53068,5.552207574806445
case_066,5,B,600.0,51.466608023999925,/home/dreamboat/npu_r12_verify/NPU_R12/work/reproduce_B5_r12/case_066_n5_B/selected_plan.json,/home/dreamboat/npu_r12_verify/NPU_R12/work/reproduce_B5_r12/case_066_n5_B/report.json,/home/dreamboat/npu_r12_verify/NPU_R12/work/reproduce_B5_r12/case_066_n5_B/control/r7/control_r6/critical/critical_00_result.official.json,ead41665407a89750c71b6393c76b462a1770d5aed030e2ce56f390b0f081644,119141,4419676,4419676,0,,,,e26e6f575e9e9636acb5f332f1fc6a5012308eb892a7118e788b29cd8607590b,359070,3.0138239564885305
case_067,5,B,600.0,53.604445796999926,/home/dreamboat/npu_r12_verify/NPU_R12/work/reproduce_B5_r12/case_067_n5_B/selected_plan.json,/home/dreamboat/npu_r12_verify/NPU_R12/work/reproduce_B5_r12/case_067_n5_B/report.json,/home/dreamboat/npu_r12_verify/NPU_R12/work/reproduce_B5_r12/case_067_n5_B/local_microbatch/affinity_window8.plan.meta.official.json,39aea380e2e1565475b6bfc0f43526f9945066abba4ff1b309650645daa1229c,13054159,158705152,66256384,92448768,,,,7e8eb40736630260df62891a40268df525110237b6bf216f6ef326e4069b5ca1,63834834,4.889999731120174
case_068,5,B,600.0,56.06787038200014,/home/dreamboat/npu_r12_verify/NPU_R12/work/reproduce_B5_r12/case_068_n5_B/selected_plan.json,/home/dreamboat/npu_r12_verify/NPU_R12/work/reproduce_B5_r12/case_068_n5_B/report.json,/home/dreamboat/npu_r12_verify/NPU_R12/work/reproduce_B5_r12/case_068_n5_B/control/r7/control_r6/critical/critical_02_result.official.json,5998d6824ada178151590833e522e6b5e22a5121e59121e2e0c7d8fe59b5b283,141879,4184738,4184738,0,,,,656d96d00fab2d072fab65d02d9f4386e7bebe8e71726147dec3ffaf662b63e5,362095,2.5521394991506847
case_069,5,B,600.0,5.78249543700008,/home/dreamboat/npu_r12_verify/NPU_R12/work/reproduce_B5_r12/case_069_n5_B/selected_plan.json,/home/dreamboat/npu_r12_verify/NPU_R12/work/reproduce_B5_r12/case_069_n5_B/report.json,/home/dreamboat/npu_r12_verify/NPU_R12/work/reproduce_B5_r12/case_069_n5_B/control/r7/control_r6/critical/critical_03_result.official.json,f07292cec18f43bdb012ecfecf9defec09031b6efd2652f18fce8dd3229a9355,13698,465362,465362,0,,,,3d439733b1a19c3a80ba7f3616932089d44b774a82c7a5140dd6f4089c444272,25144,1.835596437436122
case_070,5,B,600.0,3.535473312000022,/home/dreamboat/npu_r12_verify/NPU_R12/work/reproduce_B5_r12/case_070_n5_B/selected_plan.json,/home/dreamboat/npu_r12_verify/NPU_R12/work/reproduce_B5_r12/case_070_n5_B/report.json,/home/dreamboat/npu_r12_verify/NPU_R12/work/reproduce_B5_r12/case_070_n5_B/control/r7/control_r6/control_work/component_ordered_result.official.json,a182e55206aea086d4c12b583954a701020bddf8d577ee70e294132724a7648b,25840,462848,462848,0,,,,0b3eef710c68a255bfcd5edbc1c155f22cb73a23254a3344058f20b0cb95ecd3,117300,4.5394736842105265
case_071,5,B,600.0,3.9199138799999673,/home/dreamboat/npu_r12_verify/NPU_R12/work/reproduce_B5_r12/case_071_n5_B/selected_plan.json,/home/dreamboat/npu_r12_verify/NPU_R12/work/reproduce_B5_r12/case_071_n5_B/report.json,/home/dreamboat/npu_r12_verify/NPU_R12/work/reproduce_B5_r12/case_071_n5_B/control/r7/control_r6/critical/critical_03_result.official.json,9f1d4a727d043ecfd05a2938db30d695ede5787dae8bf4424a8b48205376e838,10442,317010,317010,0,,,,1b7c15bc0c9d27820c4f56a5dcb75c96cfa566df642573cfe3f1e714594c9a57,18919,1.8118176594522122
case_072,5,B,600.0,127.1108313289999,/home/dreamboat/npu_r12_verify/NPU_R12/work/reproduce_B5_r12/case_072_n5_B/selected_plan.json,/home/dreamboat/npu_r12_verify/NPU_R12/work/reproduce_B5_r12/case_072_n5_B/report.json,/home/dreamboat/npu_r12_verify/NPU_R12/work/reproduce_B5_r12/case_072_n5_B/control/r7/control_r6/control_work/component_ordered_result.official.json,f8393ffb96e51ce8ed4be364ba12947fc95ca71aa41539f0749c338c88ab09bc,4831103,84918960,39420592,45498368,,,,6bc6ab0a4aa3c8074b110117b397ef99207a8b53cf339fcd61686e0176f48454,23897828,4.9466608350101415
case_073,5,B,600.0,33.11736619500016,/home/dreamboat/npu_r12_verify/NPU_R12/work/reproduce_B5_r12/case_073_n5_B/selected_plan.json,/home/dreamboat/npu_r12_verify/NPU_R12/work/reproduce_B5_r12/case_073_n5_B/report.json,/home/dreamboat/npu_r12_verify/NPU_R12/work/reproduce_B5_r12/case_073_n5_B/local_microbatch/affinity_window8.plan.meta.official.json,d848fd580e2d87862a24eb63bf7993157ccd332eef6fe89106e81aed5625f051,2034983,37201408,21712384,15489024,,,,09d9efa3c6f7fefbfef4accd9a78290ac74d513ef72ded82a7c8609ddaf3d75b,10081626,4.954157356597082
case_074,5,B,600.0,7.2216594330000135,/home/dreamboat/npu_r12_verify/NPU_R12/work/reproduce_B5_r12/case_074_n5_B/selected_plan.json,/home/dreamboat/npu_r12_verify/NPU_R12/work/reproduce_B5_r12/case_074_n5_B/report.json,/home/dreamboat/npu_r12_verify/NPU_R12/work/reproduce_B5_r12/case_074_n5_B/control/r7/control_r6/control_work/component_ordered_result.official.json,48417c5f35b711282d2fc3fe1fb82b3ec0153dbde7fe66641678c34efbefee7e,330183,7118848,7118848,0,,,,08e8671c96e4324b87b00d15616ddc95fd6492e3168485dc3121a3e7e500b470,1682239,5.094868603168546
case_075,5,B,600.0,77.46543423000003,/home/dreamboat/npu_r12_verify/NPU_R12/work/reproduce_B5_r12/case_075_n5_B/selected_plan.json,/home/dreamboat/npu_r12_verify/NPU_R12/work/reproduce_B5_r12/case_075_n5_B/report.json,/home/dreamboat/npu_r12_verify/NPU_R12/work/reproduce_B5_r12/case_075_n5_B/indexed_insertion/plan.meta.official.json,cc965014e029b96f04144659125e29b61792dcf884a6388543681b73732990ce,374967,12788022,12788022,0,,,,3a7f8e3b870259f02a9e4d4bd0937e8b612bb368478c89923a694fd10af4d7d2,1441809,3.8451623742889374
case_076,5,B,600.0,43.069486003000065,/home/dreamboat/npu_r12_verify/NPU_R12/work/reproduce_B5_r12/case_076_n5_B/selected_plan.json,/home/dreamboat/npu_r12_verify/NPU_R12/work/reproduce_B5_r12/case_076_n5_B/report.json,/home/dreamboat/npu_r12_verify/NPU_R12/work/reproduce_B5_r12/case_076_n5_B/control/r7/control_r6/control_work/components_result.official.json,6ea93f85360df41e20aa0e873328c99819f47a3c48b5a66857b35de94432a20d,1240011,40553472,16297984,24255488,,,,0f6da1da1082e95d3f58503a1605fcdac340d1fe79de0af5f2215d23ee46fd3f,6185113,4.987950106894213
case_077,5,B,600.0,14.970456686000034,/home/dreamboat/npu_r12_verify/NPU_R12/work/reproduce_B5_r12/case_077_n5_B/selected_plan.json,/home/dreamboat/npu_r12_verify/NPU_R12/work/reproduce_B5_r12/case_077_n5_B/report.json,/home/dreamboat/npu_r12_verify/NPU_R12/work/reproduce_B5_r12/case_077_n5_B/control/r7/control_r6/control_work/components_result.official.json,1008142065dece9b0cce632d385ee927e3d6ff88be9fb38fd01fd7127c436c70,121081,172032,172032,0,,,,d501e80cf0bbae3a408acb4ed5ca97242a98d94cf89527ebbc6f9d506a0d1912,495320,4.090815239385205
case_078,5,B,600.0,3.2016371899999285,/home/dreamboat/npu_r12_verify/NPU_R12/work/reproduce_B5_r12/case_078_n5_B/selected_plan.json,/home/dreamboat/npu_r12_verify/NPU_R12/work/reproduce_B5_r12/case_078_n5_B/report.json,/home/dreamboat/npu_r12_verify/NPU_R12/work/reproduce_B5_r12/case_078_n5_B/indexed_insertion/plan.meta.official.json,2605592c8f815783597eb68ca7a51e2c22e3dc7b8d09ac2f3aaf454cab011473,481517,12822528,12822528,0,,,,a4b0a1078403c416809492d169dd51bf66f30ae77c4575ae9e3761d9c3f97693,2296143,4.768560611567193
case_079,5,B,600.0,43.1662208690002,/home/dreamboat/npu_r12_verify/NPU_R12/work/reproduce_B5_r12/case_079_n5_B/selected_plan.json,/home/dreamboat/npu_r12_verify/NPU_R12/work/reproduce_B5_r12/case_079_n5_B/report.json,/home/dreamboat/npu_r12_verify/NPU_R12/work/reproduce_B5_r12/case_079_n5_B/control/r7/control_r6/control_work/component_ordered_result.official.json,c23ac93f5783c27bac6a91481f89f17383d0f3653458bb09d5c1d449ae895c0d,6045667,31907840,23248896,8658944,,,,682555d5fd33729c5bdf22c14ca4c2ebe43fcba54c5b4e30282b7b87289c6fe8,31052251,5.136282067801617
case_080,5,B,600.0,2.945136731000048,/home/dreamboat/npu_r12_verify/NPU_R12/work/reproduce_B5_r12/case_080_n5_B/selected_plan.json,/home/dreamboat/npu_r12_verify/NPU_R12/work/reproduce_B5_r12/case_080_n5_B/report.json,/home/dreamboat/npu_r12_verify/NPU_R12/work/reproduce_B5_r12/case_080_n5_B/control/extra/m3_components.official.json,109628e8c3241c4dfdafc8ae9477e94ad0663f2f413a5408587e96b51c4367f1,100325,3047424,3047424,0,,,,0a4c426c412924331aa8636c67f3ec95e351e852541b3a598fb84fc92e2b1635,292138,2.9119162721156244
case_081,5,B,600.0,2.611082111999849,/home/dreamboat/npu_r12_verify/NPU_R12/work/reproduce_B5_r12/case_081_n5_B/selected_plan.json,/home/dreamboat/npu_r12_verify/NPU_R12/work/reproduce_B5_r12/case_081_n5_B/report.json,/home/dreamboat/npu_r12_verify/NPU_R12/work/reproduce_B5_r12/case_081_n5_B/control/r7/control_r6/control_work/components_result.official.json,1d5af9031b378d3f456244fe24ec6e86dc5887514353ba716c539324d643b446,30943,0,0,0,,,,e31d98e30de26260d538c8e60691d3d1d7e5532442819b6839437df1a4723a25,151795,4.905632937982743
case_082,5,B,600.0,35.35291377500016,/home/dreamboat/npu_r12_verify/NPU_R12/work/reproduce_B5_r12/case_082_n5_B/selected_plan.json,/home/dreamboat/npu_r12_verify/NPU_R12/work/reproduce_B5_r12/case_082_n5_B/report.json,/home/dreamboat/npu_r12_verify/NPU_R12/work/reproduce_B5_r12/case_082_n5_B/control/r7/control_r6/critical/critical_03_result.official.json,ae3e66273a1c0eb28a3b8564b9818cf1ac76c8ed868719183430c1d706e3f70d,195543,5194934,5194934,0,,,,a806c1890d4031206fbccc2fbc00a1fc79136745d3a9ff7fe23c9ea9a32f1313,721041,3.6873782237154997
case_083,5,B,600.0,5.668613148000077,/home/dreamboat/npu_r12_verify/NPU_R12/work/reproduce_B5_r12/case_083_n5_B/selected_plan.json,/home/dreamboat/npu_r12_verify/NPU_R12/work/reproduce_B5_r12/case_083_n5_B/report.json,/home/dreamboat/npu_r12_verify/NPU_R12/work/reproduce_B5_r12/case_083_n5_B/control/r7/control_r6/control_work/chainwave_result.official.json,a13878ce437239b935a7a55141999ebe84b630bbc0771bc2a2ce35b43358f72a,191867,3721600,3721600,0,,,,7c616f6fcbea0295ba08b2cca45ea37cf8a3083986b38d0ddbbd749d30c0c129,1057993,5.5141999405838416
case_084,5,B,600.0,67.28909583599989,/home/dreamboat/npu_r12_verify/NPU_R12/work/reproduce_B5_r12/case_084_n5_B/selected_plan.json,/home/dreamboat/npu_r12_verify/NPU_R12/work/reproduce_B5_r12/case_084_n5_B/report.json,/home/dreamboat/npu_r12_verify/NPU_R12/work/reproduce_B5_r12/case_084_n5_B/control/r7/control_r6/control_work/component_batch512_result.official.json,d807aeca1dd606cddf97e8d659c98062b8e67470e80461727252c4c270b78955,503472,0,0,0,,,,be8495761ed37edad83deb414fd10217a9e65c178fb9e1cb20598980b7f68632,2507412,4.98024120507198
case_085,5,B,600.0,86.31101635799996,/home/dreamboat/npu_r12_verify/NPU_R12/work/reproduce_B5_r12/case_085_n5_B/selected_plan.json,/home/dreamboat/npu_r12_verify/NPU_R12/work/reproduce_B5_r12/case_085_n5_B/report.json,/home/dreamboat/npu_r12_verify/NPU_R12/work/reproduce_B5_r12/case_085_n5_B/control/r7/control_r6/control_work/chainwave_result.official.json,ee6b22e97c49b264463f723a0e8aec3cbdcff808432fa4835274dd07a55c7310,822333,22587672,22587672,0,,,,6148fb26a13b7ce68b7c403c8a178453c6e87e23b38e8fb1cfaef94763242e4b,3187899,3.8766521591617993
case_086,5,B,600.0,40.25698524399968,/home/dreamboat/npu_r12_verify/NPU_R12/work/reproduce_B5_r12/case_086_n5_B/selected_plan.json,/home/dreamboat/npu_r12_verify/NPU_R12/work/reproduce_B5_r12/case_086_n5_B/report.json,/home/dreamboat/npu_r12_verify/NPU_R12/work/reproduce_B5_r12/case_086_n5_B/control/r7/control_r6/critical/critical_02_result.official.json,3dceb43d6b1760332b4cd0c79203c6a0a6b22f81b1e9f6aec4a212e59c7dc63c,55557,2269390,2269390,0,,,,7118f180f7d4fa280b9e516d5ff58b63b5f3795156074e110f99fe73a772a9e9,118403,2.1311985888366904
case_087,5,B,600.0,67.06753147399968,/home/dreamboat/npu_r12_verify/NPU_R12/work/reproduce_B5_r12/case_087_n5_B/selected_plan.json,/home/dreamboat/npu_r12_verify/NPU_R12/work/reproduce_B5_r12/case_087_n5_B/report.json,/home/dreamboat/npu_r12_verify/NPU_R12/work/reproduce_B5_r12/case_087_n5_B/control/r7/control_r6/control_work/component_ordered_result.official.json,aba8ef85bd48e57d6b1477a01d4cac42d380621558b54d939db82b5eb059fa9e,885221,8050176,6981120,1069056,,,,baa7466364768ae181768c319d3385a52024187ee81bffe4b0439a4b2bff7a9c,3974071,4.489354635735031
case_088,5,B,600.0,26.22384552199992,/home/dreamboat/npu_r12_verify/NPU_R12/work/reproduce_B5_r12/case_088_n5_B/selected_plan.json,/home/dreamboat/npu_r12_verify/NPU_R12/work/reproduce_B5_r12/case_088_n5_B/report.json,/home/dreamboat/npu_r12_verify/NPU_R12/work/reproduce_B5_r12/case_088_n5_B/control/r7/control_r6/critical/critical_00_result.official.json,3f5d29671babab6323a07f8edc800b94d67a11e7bd2d72dd2c96b1c1c9c99819,98539,2683862,2683862,0,,,,a3c323b78cc9bae8223c01315e24b03e70a6fc15f3ad199c9730ecad764fe52e,243623,2.4723510488233087
case_089,5,B,600.0,8.356530256000042,/home/dreamboat/npu_r12_verify/NPU_R12/work/reproduce_B5_r12/case_089_n5_B/selected_plan.json,/home/dreamboat/npu_r12_verify/NPU_R12/work/reproduce_B5_r12/case_089_n5_B/report.json,/home/dreamboat/npu_r12_verify/NPU_R12/work/reproduce_B5_r12/case_089_n5_B/control/r7/control_r6/control_work/chainwave_result.official.json,bdd1de5dc00dccc2f747394afd35cf844593605188edf62b0fe88b9017a426e9,133338,954880,954880,0,,,,1572fb641252c87d66195e4ac1b2dd83eb72d325d7d00001b7d60b09c38c32d5,693092,5.1980080697175595
case_090,5,B,600.0,4.724327931000062,/home/dreamboat/npu_r12_verify/NPU_R12/work/reproduce_B5_r12/case_090_n5_B/selected_plan.json,/home/dreamboat/npu_r12_verify/NPU_R12/work/reproduce_B5_r12/case_090_n5_B/report.json,/home/dreamboat/npu_r12_verify/NPU_R12/work/reproduce_B5_r12/case_090_n5_B/control/r7/control_r6/control_work/migrate0_result.official.json,8aa9e5b000e36cd61889123eb22ace34b30889907bc7c02d1439a2de19f193d2,274650,8606208,8606208,0,,,,3193dc790321d2d3c91cd8883166d28eb2d838eafbd16111909a5a0076fe597c,1178363,4.290416894229018
case_091,5,B,600.0,56.39311907000001,/home/dreamboat/npu_r12_verify/NPU_R12/work/reproduce_B5_r12/case_091_n5_B/selected_plan.json,/home/dreamboat/npu_r12_verify/NPU_R12/work/reproduce_B5_r12/case_091_n5_B/report.json,/home/dreamboat/npu_r12_verify/NPU_R12/work/reproduce_B5_r12/case_091_n5_B/control/r7/control_r6/control_work/component_ordered_result.official.json,566450722eddb1ea7de49c0faf6feb518fbd1185f06b7236ab5096df29d2b1da,1848187,39725056,25913344,13811712,,,,78efb35f7d29c2c33d59a45793d7f793e232c76ef3afef87741708bf64490175,9186769,4.970692359593483
case_092,5,B,600.0,40.66484807000006,/home/dreamboat/npu_r12_verify/NPU_R12/work/reproduce_B5_r12/case_092_n5_B/selected_plan.json,/home/dreamboat/npu_r12_verify/NPU_R12/work/reproduce_B5_r12/case_092_n5_B/report.json,/home/dreamboat/npu_r12_verify/NPU_R12/work/reproduce_B5_r12/case_092_n5_B/control/r7/control_r6/control_work/chainwave_result.official.json,6a8612a73d8c3a70785b8331b8c11d8aac2bd003f72ede36276ab752506296d7,814597,4606336,3721600,884736,,,,11b59e166f04e644526939af92a058001be9ea881d2039a0f1ac847d8e7a7aad,4815554,5.911578363288841
case_093,5,B,600.0,1.2139907910000147,/home/dreamboat/npu_r12_verify/NPU_R12/work/reproduce_B5_r12/case_093_n5_B/selected_plan.json,/home/dreamboat/npu_r12_verify/NPU_R12/work/reproduce_B5_r12/case_093_n5_B/report.json,/home/dreamboat/npu_r12_verify/NPU_R12/work/reproduce_B5_r12/case_093_n5_B/control/r7/control_r6/control_work/component_ordered_result.official.json,a7c96f38bbcaccbf1f1327a2ba040d6e795f76970398c7e33467160a240ed4ff,15876,32768,32768,0,,,,8c003af8fbe0d6f4ecc6c743ad68031c0c0077a83a758fd28dabb4f0de7d8fc4,74205,4.674036281179139
case_094,5,B,600.0,1.906708749000245,/home/dreamboat/npu_r12_verify/NPU_R12/work/reproduce_B5_r12/case_094_n5_B/selected_plan.json,/home/dreamboat/npu_r12_verify/NPU_R12/work/reproduce_B5_r12/case_094_n5_B/report.json,/home/dreamboat/npu_r12_verify/NPU_R12/work/reproduce_B5_r12/case_094_n5_B/control/r7/control_r6/control_work/component_ordered_result.official.json,8769e066a72ac52c4c9e4d524e0f49abe3c83edb838194c391ff9edf9a69e36f,20297,259200,259200,0,,,,7b916e86714fbed1cc2879e08ae159e75a629e9bcc838fbb925895cf5824567d,94892,4.67517367098586
case_095,5,B,600.0,22.194776187000116,/home/dreamboat/npu_r12_verify/NPU_R12/work/reproduce_B5_r12/case_095_n5_B/selected_plan.json,/home/dreamboat/npu_r12_verify/NPU_R12/work/reproduce_B5_r12/case_095_n5_B/report.json,/home/dreamboat/npu_r12_verify/NPU_R12/work/reproduce_B5_r12/case_095_n5_B/control/r7/control_r6/control_work/component_batch512_result.official.json,b52888dbb66c0b1fc8146657ec5cd41c3112d108c0c6d5669d9b4c88102f79dd,420852,0,0,0,,,,48ac5e6b84b747c682b73d8cd6b6432837591511b7e7b36c9790e1fd5051034d,2084853,4.953886401870491
case_096,5,B,600.0,6.8115108530000725,/home/dreamboat/npu_r12_verify/NPU_R12/work/reproduce_B5_r12/case_096_n5_B/selected_plan.json,/home/dreamboat/npu_r12_verify/NPU_R12/work/reproduce_B5_r12/case_096_n5_B/report.json,/home/dreamboat/npu_r12_verify/NPU_R12/work/reproduce_B5_r12/case_096_n5_B/control/r7/control_r6/critical/critical_00_result.official.json,fa0ec18cffeb4e6c10137afaa447a5d198f2facc1622b00fdbba1eb61a40428e,25183,623148,623148,0,,,,6671b96d3e477ed450199249b3ef9c3aa364a1754aa6281609ffe3d6347dbd49,84194,3.3432871381487512
case_097,5,B,600.0,7.45722673299997,/home/dreamboat/npu_r12_verify/NPU_R12/work/reproduce_B5_r12/case_097_n5_B/selected_plan.json,/home/dreamboat/npu_r12_verify/NPU_R12/work/reproduce_B5_r12/case_097_n5_B/report.json,/home/dreamboat/npu_r12_verify/NPU_R12/work/reproduce_B5_r12/case_097_n5_B/control/r7/control_r6/control_work/components_result.official.json,6bddac4e63783e6e8c98a462d1c88253e3ac06cd53d4e8c4fe95dcfcb757dde8,2102348,21311488,17039360,4272128,,,,7daf2cc7fe5a79ca16acbf5c45400d6e3cd2cbe5ea2532f6fc6687452e9d7097,11491509,5.466035594487687
case_098,5,B,600.0,7.516437885999949,/home/dreamboat/npu_r12_verify/NPU_R12/work/reproduce_B5_r12/case_098_n5_B/selected_plan.json,/home/dreamboat/npu_r12_verify/NPU_R12/work/reproduce_B5_r12/case_098_n5_B/report.json,/home/dreamboat/npu_r12_verify/NPU_R12/work/reproduce_B5_r12/case_098_n5_B/control/r7/control_r6/critical/critical_03_result.official.json,8706445ebcead602b35bdd99a5975fe02813f65817a4722a011e111f01fc2a9e,50844,1517236,1517236,0,,,,903084e5d2ede3c09ce8a44eb6c36a41e5b84f691712b95aaddcbe16662d93a8,177430,3.489693965856345
case_099,5,B,600.0,6.30717722099962,/home/dreamboat/npu_r12_verify/NPU_R12/work/reproduce_B5_r12/case_099_n5_B/selected_plan.json,/home/dreamboat/npu_r12_verify/NPU_R12/work/reproduce_B5_r12/case_099_n5_B/report.json,/home/dreamboat/npu_r12_verify/NPU_R12/work/reproduce_B5_r12/case_099_n5_B/control/r7/control_r6/control_work/component_ordered_result.official.json,1371518f1ec77d8841e5d645d1a03834e4a854165111739414f8ed38545213f8,324321,7065600,7065600,0,,,,f2220ced86b6a4ef23e58286854dccf0bae31cee3c9a7a95ce79eb4426165b1c,1622999,5.004298210723326
case_100,5,B,600.0,9.706714668999666,/home/dreamboat/npu_r12_verify/NPU_R12/work/reproduce_B5_r12/case_100_n5_B/selected_plan.json,/home/dreamboat/npu_r12_verify/NPU_R12/work/reproduce_B5_r12/case_100_n5_B/report.json,/home/dreamboat/npu_r12_verify/NPU_R12/work/reproduce_B5_r12/case_100_n5_B/control/r7/control_r6/control_work/chainwave_result.official.json,bf969f25c975e931e4d2b29ff739fdee6fec26d3ae1e0b53a56b656ede495192,47130,1112288,1112288,0,,,,d7931daeb3fefa2bd31cd019921f91b7c0fa88304e62b05492803be2bceef55e,151223,3.208635688521112
case_001,1,L2,600.0,1.7814008409999929,/home/dreamboat/npu_r12_verify/NPU_R12/work/one6_B1L21/case_001_n1_L2/selected_plan.json,/home/dreamboat/npu_r12_verify/NPU_R12/work/one6_B1L21/case_001_n1_L2/report.json,/home/dreamboat/npu_r12_verify/NPU_R12/work/one6_B1L21/case_001_n1_L2/control/r7/control_r6/control_work/components_result.official.json,f43893918a31f2372bc81e0198f0ba01808595bcb507ea9ccfb6dad728a4d1a1,233110,0,0,0,0,820352,0.0,e04c331ea89cfd22ed980affe57f457d4f871ca0f65c23155c88d0446218b305,233110,1.0
case_002,1,L2,600.0,9.233746875999998,/home/dreamboat/npu_r12_verify/NPU_R12/work/one2_B1L21/case_002_n1_L2/selected_plan.json,/home/dreamboat/npu_r12_verify/NPU_R12/work/one2_B1L21/case_002_n1_L2/report.json,/home/dreamboat/npu_r12_verify/NPU_R12/work/one2_B1L21/case_002_n1_L2/control/r7/control_r6/control_work/components_result.official.json,ee5ec7a1dbb7d0109649f4cc5b915529040f9ef3c25ad7db5f0e9b6a5b380a1d,261945,0,0,0,0,1222656,0.0,bdec6b425480ffabf2c343f59ea8219c337056282ac3f5481528e8714ef07349,261945,1.0
case_003,1,L2,600.0,92.488914948,/home/dreamboat/npu_r12_verify/NPU_R12/work/one1_B1L21/case_003_n1_L2/selected_plan.json,/home/dreamboat/npu_r12_verify/NPU_R12/work/one1_B1L21/case_003_n1_L2/report.json,/home/dreamboat/npu_r12_verify/NPU_R12/work/one1_B1L21/case_003_n1_L2/indexed_insertion/plan.meta.official.json,b6b1762b7e15d7cccb553daba03fa3b4a9bb992d79825e6bec29347e8d9b0232,548159,24576,0,24576,0,1296518,0.0,6f84fc924e4509688bea5309f2dfa44c47641cf61ff39f9d9a3c3e25afb309a7,602212,1.098608250525851
case_004,1,L2,600.0,2.104530490000002,/home/dreamboat/npu_r12_verify/NPU_R12/work/one4_B1L21/case_004_n1_L2/selected_plan.json,/home/dreamboat/npu_r12_verify/NPU_R12/work/one4_B1L21/case_004_n1_L2/report.json,/home/dreamboat/npu_r12_verify/NPU_R12/work/one4_B1L21/case_004_n1_L2/control/r7/control_r6/control_work/components_result.official.json,69c4674ef629dfdc2cbb9677c00fb44ee7630a8f86e19770157bba0004b0a3f4,392357,0,0,0,0,451584,0.0,4f91df8be8f972ca0c590d087d9f35555139cc8bec160f706da82e8e08c5aaf9,392357,1.0
case_005,1,L2,600.0,16.609897853000007,/home/dreamboat/npu_r12_verify/NPU_R12/work/one6_B1L21/case_005_n1_L2/selected_plan.json,/home/dreamboat/npu_r12_verify/NPU_R12/work/one6_B1L21/case_005_n1_L2/report.json,/home/dreamboat/npu_r12_verify/NPU_R12/work/one6_B1L21/case_005_n1_L2/indexed_insertion/plan.meta.official.json,310d5899cec84e1ea671ac58789a3e7856ac89a327da881230eb8494dfb552f5,83323,0,0,0,0,318822,0.0,a7f70867e3bab55060337ede6ddacd3b7abb7973df449eb49df919c5f29b8a5b,95618,1.1475582972288563
case_006,1,L2,600.0,6.174041871999975,/home/dreamboat/npu_r12_verify/NPU_R12/work/one4_B1L21/case_006_n1_L2/selected_plan.json,/home/dreamboat/npu_r12_verify/NPU_R12/work/one4_B1L21/case_006_n1_L2/report.json,/home/dreamboat/npu_r12_verify/NPU_R12/work/one4_B1L21/case_006_n1_L2/indexed_insertion/plan.meta.official.json,040dd797fa6d2eecb7b6e653b8c1e814f1ec20f68624eee060152409eb2926e2,76373,166044,0,166044,41984,605294,0.06486239297488869,7edf40f3663383fce050a3c0368b915a3056d6409a6858946ce8eb82e8b23128,82837,1.0846372409097456
case_007,1,L2,600.0,45.835100598999986,/home/dreamboat/npu_r12_verify/NPU_R12/work/one4_B1L21/case_007_n1_L2/selected_plan.json,/home/dreamboat/npu_r12_verify/NPU_R12/work/one4_B1L21/case_007_n1_L2/report.json,/home/dreamboat/npu_r12_verify/NPU_R12/work/one4_B1L21/case_007_n1_L2/control/r7/control_r6/control_work/component_batch512_result.official.json,c3dd9c04c214ed74bba17a5cbdec2af0d3abc4a292d00bbddee3a6451f48502c,1012562,0,0,0,0,880128,0.0,a76728273933ae05ca27b456379daebc1a2fcc29ee480e547825738df1ca90e7,1012562,1.0
case_008,1,L2,600.0,9.646339386000022,/home/dreamboat/npu_r12_verify/NPU_R12/work/one1_B1L21/case_008_n1_L2/selected_plan.json,/home/dreamboat/npu_r12_verify/NPU_R12/work/one1_B1L21/case_008_n1_L2/report.json,/home/dreamboat/npu_r12_verify/NPU_R12/work/one1_B1L21/case_008_n1_L2/control/r7/control_r6/control_work/component_batch512_result.official.json,1d13ffdc355eb24f41f1e863262ea4e49fc62994200d10aa3529df8ddbfd64b2,487605,0,0,0,0,1990872,0.0,4b62caef1f37e75b754a426d164b61ddeafacb93eceb05d0037cf99228134ef6,487605,1.0
case_009,1,L2,600.0,46.23768503399998,/home/dreamboat/npu_r12_verify/NPU_R12/work/one5_B1L21/case_009_n1_L2/selected_plan.json,/home/dreamboat/npu_r12_verify/NPU_R12/work/one5_B1L21/case_009_n1_L2/report.json,/home/dreamboat/npu_r12_verify/NPU_R12/work/one5_B1L21/case_009_n1_L2/indexed_insertion/plan.meta.official.json,bb29f64d7bb1b4b64afb755b429961963e99f643fb89646f64075f4e6d30e235,146683,327048,0,327048,51200,633118,0.07481901688980853,6e38005870eaf48b2250595e489a4edfc57996426ff3a5642bc17f63422f856d,153261,1.0448450058970706
case_010,1,L2,600.0,6.155804177999926,/home/dreamboat/npu_r12_verify/NPU_R12/work/one1_B1L21/case_010_n1_L2/selected_plan.json,/home/dreamboat/npu_r12_verify/NPU_R12/work/one1_B1L21/case_010_n1_L2/report.json,/home/dreamboat/npu_r12_verify/NPU_R12/work/one1_B1L21/case_010_n1_L2/control/r7/control_r6/control_work/chainwave_result.official.json,ed9df535aaf50dd6952c21c1663bdeddb4e4cd3c3e210d5eb0a2c4493a2dd912,86057,63892,0,63892,0,416024,0.0,14260051a4efeed8155aec9e55ed27896f4a5aec2935d2f574b8ecb2f46f1a87,86969,1.0105976271540955
case_011,1,L2,600.0,1.7055729019999717,/home/dreamboat/npu_r12_verify/NPU_R12/work/one6_B1L21/case_011_n1_L2/selected_plan.json,/home/dreamboat/npu_r12_verify/NPU_R12/work/one6_B1L21/case_011_n1_L2/report.json,/home/dreamboat/npu_r12_verify/NPU_R12/work/one6_B1L21/case_011_n1_L2/control/r7/control_r6/control_work/components_result.official.json,1132958b6f63411d5e1132c27d9e07d9554f1822c8c19d46d9d8f2481ba2246c,184697,0,0,0,0,540672,0.0,381c0ab39a186758d550abf2610f52565ef1ee314590dd7ef214dd28a1831416,184697,1.0
case_012,1,L2,600.0,7.618321437999953,/home/dreamboat/npu_r12_verify/NPU_R12/work/one6_B1L21/case_012_n1_L2/selected_plan.json,/home/dreamboat/npu_r12_verify/NPU_R12/work/one6_B1L21/case_012_n1_L2/report.json,/home/dreamboat/npu_r12_verify/NPU_R12/work/one6_B1L21/case_012_n1_L2/control/r7/control_r6/control_work/component_ordered_result.official.json,c4cf7aec4187ef4512fde795e870bbe7a29672778223e70e82fbc13c25068e46,51532,0,0,0,0,484096,0.0,b327b652320c96e1affe9a9c9c5d938f63204b369443a0c63ebc6d3d1058c7d5,59088,1.1466273383528682
case_013,1,L2,600.0,5.781968548999998,/home/dreamboat/npu_r12_verify/NPU_R12/work/one4_B1L21/case_013_n1_L2/selected_plan.json,/home/dreamboat/npu_r12_verify/NPU_R12/work/one4_B1L21/case_013_n1_L2/report.json,/home/dreamboat/npu_r12_verify/NPU_R12/work/one4_B1L21/case_013_n1_L2/control/r7/control_r6/control_work/components_result.official.json,f10f07e949c68f10f4efd271398b11bfb8dec60c2c3b5936bc2dfa4481ac780f,263949,0,0,0,0,2023424,0.0,c355c9da31a8713d20ab316355af7b26ac5c4ef2efda9c97a606e68a1081f6c7,263949,1.0
case_014,1,L2,600.0,190.656565398,/home/dreamboat/npu_r12_verify/NPU_R12/work/one1_B1L21/case_014_n1_L2/selected_plan.json,/home/dreamboat/npu_r12_verify/NPU_R12/work/one1_B1L21/case_014_n1_L2/report.json,/home/dreamboat/npu_r12_verify/NPU_R12/work/one1_B1L21/case_014_n1_L2/control/r7/control_r6/control_work/components_result.official.json,1bf73c7791d256b30de47ed4615db6b450c37809de3aa315e266af47dc8ff6e1,17689602,71010720,0,71010720,9944064,70961016,0.12291025483195864,2b5e0fa4e027d78e9e97da376e0e2f893f85e7ccd689bdec5bb6dbb4541303ff,17698626,1.0005101301883446
case_015,1,L2,600.0,7.929629229999989,/home/dreamboat/npu_r12_verify/NPU_R12/work/one4_B1L21/case_015_n1_L2/selected_plan.json,/home/dreamboat/npu_r12_verify/NPU_R12/work/one4_B1L21/case_015_n1_L2/report.json,/home/dreamboat/npu_r12_verify/NPU_R12/work/one4_B1L21/case_015_n1_L2/indexed_insertion/plan.meta.official.json,23d3a1f1ea8cd790b6440ae8b926a45e92cdb72076c3f8cf5e1fa1f3cc5d7f0a,156783,873464,0,873464,221184,1210622,0.15447902858348128,dec8766d3c8c655534a45a7397eee5e105b512341561631fa1734d3690b8f1a1,177362,1.1312578532111262
case_016,1,L2,600.0,50.33940650400001,/home/dreamboat/npu_r12_verify/NPU_R12/work/one5_B1L21/case_016_n1_L2/selected_plan.json,/home/dreamboat/npu_r12_verify/NPU_R12/work/one5_B1L21/case_016_n1_L2/report.json,/home/dreamboat/npu_r12_verify/NPU_R12/work/one5_B1L21/case_016_n1_L2/control/r7/control_r6/control_work/components_result.official.json,0e94b6064756ebdc1bf7bad17cce161fb81ac47bcc6cbc3049f2999c77a0edad,7715523,0,0,0,0,393216,0.0,365d8cdfab33bb0558ccdb75b5dd9d7c44a1e9e61a4b2f91786132a80e0ac9ee,7715523,1.0
case_017,1,L2,600.0,10.331958677999978,/home/dreamboat/npu_r12_verify/NPU_R12/work/one3_B1L21/case_017_n1_L2/selected_plan.json,/home/dreamboat/npu_r12_verify/NPU_R12/work/one3_B1L21/case_017_n1_L2/report.json,/home/dreamboat/npu_r12_verify/NPU_R12/work/one3_B1L21/case_017_n1_L2/control/r7/control_r6/control_work/component_ordered_result.official.json,81da723194e8fd2784f6e7e35da06689ec8cd925405e1709364f7c796a5cdd47,155189,0,0,0,0,535118,0.0,e26a936fa1a42b2f69c43cb31561507848f199ac8ed9c54753f58558a7371ac2,162810,1.0491078620263035
case_018,1,L2,600.0,22.183679815000005,/home/dreamboat/npu_r12_verify/NPU_R12/work/one2_B1L21/case_018_n1_L2/selected_plan.json,/home/dreamboat/npu_r12_verify/NPU_R12/work/one2_B1L21/case_018_n1_L2/report.json,/home/dreamboat/npu_r12_verify/NPU_R12/work/one2_B1L21/case_018_n1_L2/control/r7/control_r6/control_work/components_result.official.json,61d758619fc60ccaa11f8997f7b3d201df31fc88bfc61235745cac771bd8d793,1003110,1970176,0,1970176,1224704,2338068,0.34375031576536474,d9ccda2ac4fb8e69f6a56f1023403c31bf9a0e4106fea7142e1219c880a62084,1004367,1.0012531028501361
case_019,1,L2,600.0,6.13078703299999,/home/dreamboat/npu_r12_verify/NPU_R12/work/one2_B1L21/case_019_n1_L2/selected_plan.json,/home/dreamboat/npu_r12_verify/NPU_R12/work/one2_B1L21/case_019_n1_L2/report.json,/home/dreamboat/npu_r12_verify/NPU_R12/work/one2_B1L21/case_019_n1_L2/indexed_insertion/plan.meta.official.json,90b1a6fa3fa05ce038a14c04fb0ae66bd04eb1be92dd3d21b6083f47468ae9d1,74026,315392,0,315392,16384,328756,0.047470591643970564,a431edb8b09ecece207dbc7beeb97f0902e7f35f30471a38f6b5221fd6136d51,81144,1.0961554048577526
case_020,1,L2,600.0,16.222070607999967,/home/dreamboat/npu_r12_verify/NPU_R12/work/one2_B1L21/case_020_n1_L2/selected_plan.json,/home/dreamboat/npu_r12_verify/NPU_R12/work/one2_B1L21/case_020_n1_L2/report.json,/home/dreamboat/npu_r12_verify/NPU_R12/work/one2_B1L21/case_020_n1_L2/control/r7/control_r6/control_work/components_result.official.json,2daa2481025be8ec9be186a1a9009ed0b4a6599e75c6c94e5c3b91e62561eb89,532746,0,0,0,0,1179648,0.0,4192c97b8563981f3addf0ff610867edd5c26ff5b7e37c8a08ed136b941058b2,532746,1.0
case_021,1,L2,600.0,47.97992549999998,/home/dreamboat/npu_r12_verify/NPU_R12/work/one3_B1L21/case_021_n1_L2/selected_plan.json,/home/dreamboat/npu_r12_verify/NPU_R12/work/one3_B1L21/case_021_n1_L2/report.json,/home/dreamboat/npu_r12_verify/NPU_R12/work/one3_B1L21/case_021_n1_L2/control/r7/control_r6/control_work/component_batch512_result.official.json,02c805d0265ac54421d168429f96e2d7a66569a51a7d4b19c245bfd6c32b3442,6558837,4501504,0,4501504,3432448,3424256,0.5005973715651135,e1397f468015d9bcb0eb99aeea34232310e5f30db8c38b1ec28bfd68ddd88fa0,6567937,1.0013874410966457
case_022,1,L2,600.0,8.422732231999987,/home/dreamboat/npu_r12_verify/NPU_R12/work/one2_B1L21/case_022_n1_L2/selected_plan.json,/home/dreamboat/npu_r12_verify/NPU_R12/work/one2_B1L21/case_022_n1_L2/report.json,/home/dreamboat/npu_r12_verify/NPU_R12/work/one2_B1L21/case_022_n1_L2/control/r7/control_r6/control_work/component_batch512_result.official.json,88ff1dd70cde7511d3c8495492ce99da86085bea6bf6e427fd82d8430c07ec41,56750,0,0,0,0,213540,0.0,cf6097f2223174c7ef576c3334ebd4c221d40819251d582083d635d3bd9a044a,56780,1.0005286343612334
case_023,1,L2,600.0,7.908965937000062,/home/dreamboat/npu_r12_verify/NPU_R12/work/one5_B1L21/case_023_n1_L2/selected_plan.json,/home/dreamboat/npu_r12_verify/NPU_R12/work/one5_B1L21/case_023_n1_L2/report.json,/home/dreamboat/npu_r12_verify/NPU_R12/work/one5_B1L21/case_023_n1_L2/indexed_insertion/plan.meta.official.json,3be0159df8928376056c3fea4f466e72b72fc0bbf6ffacafa2dfd1a7f7e65235,109032,1100056,0,1100056,208896,879702,0.19189452855875172,3e9a18ccaa60e38bf9c44f2eb3f2ca75eeac0ac3a62db44f1dc8959fcf619b60,122614,1.1245689338909677
case_024,1,L2,600.0,11.067581048000022,/home/dreamboat/npu_r12_verify/NPU_R12/work/one6_B1L21/case_024_n1_L2/selected_plan.json,/home/dreamboat/npu_r12_verify/NPU_R12/work/one6_B1L21/case_024_n1_L2/report.json,/home/dreamboat/npu_r12_verify/NPU_R12/work/one6_B1L21/case_024_n1_L2/control/r7/control_r6/control_work/components_result.official.json,15f73fd665dfa39de26ff070fb9ad87d6c343fa357a9f02ef71d77ffbcdc8fea,2555343,0,0,0,0,393216,0.0,45469ec101f732c0b87d3f91e2e9281e42c2d91176f0f31dcfb50f5cef5311dc,2555343,1.0
case_025,1,L2,600.0,315.1068128200001,/home/dreamboat/npu_r12_verify/NPU_R12/work/one6_B1L21/case_025_n1_L2/selected_plan.json,/home/dreamboat/npu_r12_verify/NPU_R12/work/one6_B1L21/case_025_n1_L2/report.json,/home/dreamboat/npu_r12_verify/NPU_R12/work/one6_B1L21/case_025_n1_L2/control/r7/control_r6/control_work/component_batch512_result.official.json,fe4c4cc263c9478c2cbbaf59e2b4f07f96033c5aae70c735eab29e3615f4a742,4863026,0,0,0,0,4122624,0.0,3f5dc2348339a3d1965ad54a4d5e6f856f82cdf618f40937c94d3c4643f7467c,4863026,1.0
case_026,1,L2,600.0,5.277189977000035,/home/dreamboat/npu_r12_verify/NPU_R12/work/one5_B1L21/case_026_n1_L2/selected_plan.json,/home/dreamboat/npu_r12_verify/NPU_R12/work/one5_B1L21/case_026_n1_L2/report.json,/home/dreamboat/npu_r12_verify/NPU_R12/work/one5_B1L21/case_026_n1_L2/control/r7/control_r6/control_work/component_ordered_result.official.json,378166d5a1a10f0e21a67d4641bd1e69a8934830f5f5520af007d94a32c9f686,90235,0,0,0,0,488886,0.0,87a2ed2e5a8a8d113ddbc594cbb12901dfa9bdadaa1fff733e719bde140a8ebe,99203,1.0993849393250956
case_027,1,L2,600.0,10.849632204000045,/home/dreamboat/npu_r12_verify/NPU_R12/work/one1_B1L21/case_027_n1_L2/selected_plan.json,/home/dreamboat/npu_r12_verify/NPU_R12/work/one1_B1L21/case_027_n1_L2/report.json,/home/dreamboat/npu_r12_verify/NPU_R12/work/one1_B1L21/case_027_n1_L2/control/r7/control_r6/control_work/component_batch512_result.official.json,324b55b5f5ca6ca1b89120e55f131afbd417da262838c041efa8b749b3e92981,2359515,1400832,0,1400832,872448,2371584,0.2689393939393939,3e76a29c448dfd652a71ac1a2aafde56c3ee65d8b15bd7e55ea5cc77128072a3,2363952,1.0018804711985303
case_028,1,L2,600.0,215.925704398,/home/dreamboat/npu_r12_verify/NPU_R12/work/one3_B1L21/case_028_n1_L2/selected_plan.json,/home/dreamboat/npu_r12_verify/NPU_R12/work/one3_B1L21/case_028_n1_L2/report.json,/home/dreamboat/npu_r12_verify/NPU_R12/work/one3_B1L21/case_028_n1_L2/control/r7/control_r6/control_work/chainwave_result.official.json,93a486f7e445993a22240f4372d7969b4d5d6e10eaf7ea057ab928a1ee748e78,41555374,62779392,0,62779392,1320960,37743744,0.03381466809527086,9e7e3cceffc533350da76a9f5c9afa92ea4c5a7a68c11b37189a4dd48370537a,43836040,1.0548825766794927
case_029,1,L2,600.0,1.9086225099999865,/home/dreamboat/npu_r12_verify/NPU_R12/work/one1_B1L21/case_029_n1_L2/selected_plan.json,/home/dreamboat/npu_r12_verify/NPU_R12/work/one1_B1L21/case_029_n1_L2/report.json,/home/dreamboat/npu_r12_verify/NPU_R12/work/one1_B1L21/case_029_n1_L2/control/r7/control_r6/control_work/components_result.official.json,3614dd8e23e59294f6c05009aeb02731d5d033d1adf7fd47b16a48fe8a9393f4,37555,0,0,0,0,258132,0.0,b9c5e98f5a60db5dbb554b0be8f44241688883eb61445ee593c3e0eb4e443973,37555,1.0
case_030,1,L2,600.0,37.077067677999935,/home/dreamboat/npu_r12_verify/NPU_R12/work/one5_B1L21/case_030_n1_L2/selected_plan.json,/home/dreamboat/npu_r12_verify/NPU_R12/work/one5_B1L21/case_030_n1_L2/report.json,/home/dreamboat/npu_r12_verify/NPU_R12/work/one5_B1L21/case_030_n1_L2/control/r7/control_r6/control_work/components_result.official.json,5c773d07573133dd02063a131d47c9cf51229394eb84fbb347c7e0210fa73d6e,2807891,5519360,0,5519360,2056192,5856256,0.259867995341012,c6ef4bf3df18b7f1eecbabf286e3a89ba6c0ef02c739baf63b7d6d097fb1282e,2808034,1.0000509279028282
case_031,1,L2,600.0,51.231840386000044,/home/dreamboat/npu_r12_verify/NPU_R12/work/one1_B1L21/case_031_n1_L2/selected_plan.json,/home/dreamboat/npu_r12_verify/NPU_R12/work/one1_B1L21/case_031_n1_L2/report.json,/home/dreamboat/npu_r12_verify/NPU_R12/work/one1_B1L21/case_031_n1_L2/control/r7/control_r6/control_work/component_batch512_result.official.json,faa1ef41751b4f4fbc2bb6a2c97d89c8985770cdad95d9453c30eb3cfa44c9a2,1412441,2251776,0,2251776,1606656,2829940,0.3621370979011837,d7e6c54da7434a529d4f2c1d6fb7137449bd12bf41cf8c05582f16e44c7516ac,1414369,1.0013650127686748
case_032,1,L2,600.0,3.0860375999999974,/home/dreamboat/npu_r12_verify/NPU_R12/work/one2_B1L21/case_032_n1_L2/selected_plan.json,/home/dreamboat/npu_r12_verify/NPU_R12/work/one2_B1L21/case_032_n1_L2/report.json,/home/dreamboat/npu_r12_verify/NPU_R12/work/one2_B1L21/case_032_n1_L2/control/r7/control_r6/control_work/component_ordered_result.official.json,9a65bf4d1e12c523c42d6577967c39e8a9acbbc733ede02aca2eafd9efc7f02e,34524,0,0,0,0,279156,0.0,bbe82f05635dac46ca629badfd268da09eb51d241f8369883162f287b56ef0ff,41443,1.2004113080755416
case_033,1,L2,600.0,12.470826474000035,/home/dreamboat/npu_r12_verify/NPU_R12/work/one4_B1L21/case_033_n1_L2/selected_plan.json,/home/dreamboat/npu_r12_verify/NPU_R12/work/one4_B1L21/case_033_n1_L2/report.json,/home/dreamboat/npu_r12_verify/NPU_R12/work/one4_B1L21/case_033_n1_L2/control/r7/control_r6/control_work/components_result.official.json,d546f3cb978d5020ad85be6d92975bbf41612781a5e49d4b667244465fea2f8f,1774080,4592640,0,4592640,720384,6762032,0.09627692445862406,16917b3e3d8db93fd5a0b1264911500af961ac729f1b35ec6658e8c9087fb97a,1774196,1.000065386002886
case_034,1,L2,600.0,30.52493790099993,/home/dreamboat/npu_r12_verify/NPU_R12/work/one6_B1L21/case_034_n1_L2/selected_plan.json,/home/dreamboat/npu_r12_verify/NPU_R12/work/one6_B1L21/case_034_n1_L2/report.json,/home/dreamboat/npu_r12_verify/NPU_R12/work/one6_B1L21/case_034_n1_L2/control/r7/control_r6/control_work/component_ordered_result.official.json,0b9df7619c32c8e8df3429b7fab5b733356814c2c43ee4036058dd1ceed2e37a,825894,0,0,0,0,2279984,0.0,4d3bcc6035f828819be4d49dfba383c7f6dcdca84bbc800554789b41dcfaf185,842996,1.0207072578321188
case_035,1,L2,600.0,26.19820510600016,/home/dreamboat/npu_r12_verify/NPU_R12/work/one1_B1L21/case_035_n1_L2/selected_plan.json,/home/dreamboat/npu_r12_verify/NPU_R12/work/one1_B1L21/case_035_n1_L2/report.json,/home/dreamboat/npu_r12_verify/NPU_R12/work/one1_B1L21/case_035_n1_L2/indexed_insertion/plan.meta.official.json,34db32a2bad2c3207264b5458486a596253cc6c2e27f208b83f0ee9d3d522321,162870,0,0,0,0,396878,0.0,956f7f8b6ae7fe450e8612eaea9c132367aea423391458ce3ff8aed99d177fdf,169571,1.0411432430773009
case_036,1,L2,600.0,8.505107436000003,/home/dreamboat/npu_r12_verify/NPU_R12/work/one3_B1L21/case_036_n1_L2/selected_plan.json,/home/dreamboat/npu_r12_verify/NPU_R12/work/one3_B1L21/case_036_n1_L2/report.json,/home/dreamboat/npu_r12_verify/NPU_R12/work/one3_B1L21/case_036_n1_L2/control/r7/control_r6/control_work/components_result.official.json,b4176507eabb201fea34bfc6d3e027158b20b729cd23af1cce7d1e0400d2f405,931510,0,0,0,0,3277952,0.0,7127be375826ba36e862e8068d584e7c6f4287c658a80ab9c1b16ce7dfb07947,931510,1.0
case_037,1,L2,600.0,2.9233457489999637,/home/dreamboat/npu_r12_verify/NPU_R12/work/one1_B1L21/case_037_n1_L2/selected_plan.json,/home/dreamboat/npu_r12_verify/NPU_R12/work/one1_B1L21/case_037_n1_L2/report.json,/home/dreamboat/npu_r12_verify/NPU_R12/work/one1_B1L21/case_037_n1_L2/control/r7/control_r6/control_work/components_result.official.json,7046067438b0709e9f58c780d3b20663b4a85bd47cdf1177005889dcc1908a5d,210001,0,0,0,0,532480,0.0,199d7a08d06c1b22ed2a0292112f44f60162c05430c356ddc518fcb78fc96337,210001,1.0
case_038,1,L2,600.0,17.42552691000003,/home/dreamboat/npu_r12_verify/NPU_R12/work/one5_B1L21/case_038_n1_L2/selected_plan.json,/home/dreamboat/npu_r12_verify/NPU_R12/work/one5_B1L21/case_038_n1_L2/report.json,/home/dreamboat/npu_r12_verify/NPU_R12/work/one5_B1L21/case_038_n1_L2/control/r7/control_r6/control_work/components_result.official.json,ecf4cd96ff8f27ae664c61a5ede3b1684cbc8eb3ad9dad47b1ad90eba594edb4,1363312,5627904,0,5627904,1462272,6960138,0.1736168151396097,4a2607f2bfea209a8e50ddb80046bc9d6f7ecab77f239db953c49fe40d343cc8,1364555,1.0009117502083162
case_039,1,L2,600.0,66.79792125099993,/home/dreamboat/npu_r12_verify/NPU_R12/work/one2_B1L21/case_039_n1_L2/selected_plan.json,/home/dreamboat/npu_r12_verify/NPU_R12/work/one2_B1L21/case_039_n1_L2/report.json,/home/dreamboat/npu_r12_verify/NPU_R12/work/one2_B1L21/case_039_n1_L2/control/r7/control_r6/control_work/component_batch512_result.official.json,903063571a123270d36ef8e51edeb76d6d3075ba42cf396d9c866c1ad2e9985a,1435262,7929856,0,7929856,0,12132352,0.0,f3513a8d32291b3266d7c64ec6b9d78c2d5b3cfe6756f7de2b8da233e35e44e0,1435262,1.0
case_040,1,L2,600.0,17.314227840000058,/home/dreamboat/npu_r12_verify/NPU_R12/work/one1_B1L21/case_040_n1_L2/selected_plan.json,/home/dreamboat/npu_r12_verify/NPU_R12/work/one1_B1L21/case_040_n1_L2/report.json,/home/dreamboat/npu_r12_verify/NPU_R12/work/one1_B1L21/case_040_n1_L2/control/r7/control_r6/control_work/component_ordered_result.official.json,c6431e416a1a5379202b4eadf34e1ee754a98e52abd775b15b1b1625a4ca6944,236131,0,0,0,0,911174,0.0,3251241eadaf61a2c08b9f4e106d9b7ce20adc580a7e1a29f732718990940967,253454,1.0733618203454862
case_041,1,L2,600.0,75.5372169709999,/home/dreamboat/npu_r12_verify/NPU_R12/work/one1_B1L21/case_041_n1_L2/selected_plan.json,/home/dreamboat/npu_r12_verify/NPU_R12/work/one1_B1L21/case_041_n1_L2/report.json,/home/dreamboat/npu_r12_verify/NPU_R12/work/one1_B1L21/case_041_n1_L2/control/r7/control_r6/control_work/components_result.official.json,4df5d023b3fad0d3438d1ce6274a70957d7f0ca28ec049f1e2237eb1c1f7bf76,6001575,30898176,0,30898176,3643392,32203776,0.10163681549404405,5c3cf3cceb4da1a307e86a3dfd0a6fc97ecde8b1d79bd204a86e2edd2307a555,6003957,1.0003968958148486
case_042,1,L2,600.0,47.32195484600004,/home/dreamboat/npu_r12_verify/NPU_R12/work/one2_B1L21/case_042_n1_L2/selected_plan.json,/home/dreamboat/npu_r12_verify/NPU_R12/work/one2_B1L21/case_042_n1_L2/report.json,/home/dreamboat/npu_r12_verify/NPU_R12/work/one2_B1L21/case_042_n1_L2/control/r7/control_r6/control_work/components_result.official.json,5b733b7e159ec8a11af53b4578b1fe6c46dd953b457ef025ba14571250ce0243,1675633,6629376,0,6629376,2866176,6127392,0.3186917583766532,47fb22797bcdfa2acd8abfe3595faacc24cf467fd41fe8b7e7fab46ae0de10e7,1686740,1.0066285397816825
case_043,1,L2,600.0,90.18985024599999,/home/dreamboat/npu_r12_verify/NPU_R12/work/one4_B1L21/case_043_n1_L2/selected_plan.json,/home/dreamboat/npu_r12_verify/NPU_R12/work/one4_B1L21/case_043_n1_L2/report.json,/home/dreamboat/npu_r12_verify/NPU_R12/work/one4_B1L21/case_043_n1_L2/control/r7/control_r6/control_work/chainwave_result.official.json,97014bf54aa725ca85d5e13facea772c50f4d870c8b705f35660d44236b92e33,642964,2867036,0,2867036,66576,2847230,0.022848466919211507,60d291e72033d81937005c4d1b2a751b3021824db145dd80a6039cf91bc1d2bc,677656,1.0539563645865087
case_044,1,L2,600.0,10.039197650000006,/home/dreamboat/npu_r12_verify/NPU_R12/work/one5_B1L21/case_044_n1_L2/selected_plan.json,/home/dreamboat/npu_r12_verify/NPU_R12/work/one5_B1L21/case_044_n1_L2/report.json,/home/dreamboat/npu_r12_verify/NPU_R12/work/one5_B1L21/case_044_n1_L2/control/r7/control_r6/control_work/chainwave_result.official.json,7edca8e168543668b0f9cf28508cace15953f324c33d56061a375132cc8d090d,78274,0,0,0,0,952928,0.0,0712df1dcf5ce0570d6cf0d4d9ba5d6a35dbc0c7af5abe4512ec00ee0edff49e,154407,1.9726473669417686
case_045,1,L2,600.0,3.42164112699993,/home/dreamboat/npu_r12_verify/NPU_R12/work/one4_B1L21/case_045_n1_L2/selected_plan.json,/home/dreamboat/npu_r12_verify/NPU_R12/work/one4_B1L21/case_045_n1_L2/report.json,/home/dreamboat/npu_r12_verify/NPU_R12/work/one4_B1L21/case_045_n1_L2/control/r7/control_r6/control_work/components_result.official.json,7ad3962edeac697157131e79c047ae329e056e621f9c53e1be22b084eb9ef318,125614,0,0,0,0,278528,0.0,2d93db93a3c20468177a46276dfd4a4b38464f0c246b6aa84e65cd7244425d74,125614,1.0
case_046,1,L2,600.0,7.22614282699999,/home/dreamboat/npu_r12_verify/NPU_R12/work/one5_B1L21/case_046_n1_L2/selected_plan.json,/home/dreamboat/npu_r12_verify/NPU_R12/work/one5_B1L21/case_046_n1_L2/report.json,/home/dreamboat/npu_r12_verify/NPU_R12/work/one5_B1L21/case_046_n1_L2/control/r7/control_r6/control_work/chainwave_result.official.json,1c097c8b711dd55d64841d2b29d80adf314d6d8d14b4667441dfd7d38727303f,216726,0,0,0,0,995936,0.0,c8ac6cff787df0b21c0cde1f59979f06e811a3471ef5189375565e264fb872bd,276455,1.275596836558604
case_047,1,L2,600.0,49.057076842000015,/home/dreamboat/npu_r12_verify/NPU_R12/work/one2_B1L21/case_047_n1_L2/selected_plan.json,/home/dreamboat/npu_r12_verify/NPU_R12/work/one2_B1L21/case_047_n1_L2/report.json,/home/dreamboat/npu_r12_verify/NPU_R12/work/one2_B1L21/case_047_n1_L2/indexed_insertion/plan.meta.official.json,aeb05c74739b85e9352934735ddbae77cde05bf5d3261a5d7722885507dde082,291280,0,0,0,0,457286,0.0,c9806836b56fa55879fc4eb26317acac234b37e94f7ef22d7a5e20f3a711af53,326508,1.1209420488876682
case_048,1,L2,600.0,9.689584541000045,/home/dreamboat/npu_r12_verify/NPU_R12/work/one5_B1L21/case_048_n1_L2/selected_plan.json,/home/dreamboat/npu_r12_verify/NPU_R12/work/one5_B1L21/case_048_n1_L2/report.json,/home/dreamboat/npu_r12_verify/NPU_R12/work/one5_B1L21/case_048_n1_L2/indexed_insertion/plan.meta.official.json,d35053df70a37ced3dfc2ceb0a25034ea408bd90dd5e37fdd9d8ca4439587ba5,198369,0,0,0,0,410182,0.0,a4cc06e17202fe22b4ae3a7490150897499ff4b20db832c40b0476183344b19f,222220,1.1202355206710726
case_049,1,L2,600.0,26.313266148000025,/home/dreamboat/npu_r12_verify/NPU_R12/work/one5_B1L21/case_049_n1_L2/selected_plan.json,/home/dreamboat/npu_r12_verify/NPU_R12/work/one5_B1L21/case_049_n1_L2/report.json,/home/dreamboat/npu_r12_verify/NPU_R12/work/one5_B1L21/case_049_n1_L2/indexed_insertion/plan.meta.official.json,7c06218c651350abba1b0324c323fc7686ed7bf0d30ead41188ba6a8ea41cb7f,181681,27658,0,27658,10,166328,6.011855378807007e-05,2499353a86576093cc8467ab6e21cae2a61277b8e8b9871901d722c59d3238bd,196276,1.0803331113325003
case_050,1,L2,600.0,27.54017996899995,/home/dreamboat/npu_r12_verify/NPU_R12/work/one2_B1L21/case_050_n1_L2/selected_plan.json,/home/dreamboat/npu_r12_verify/NPU_R12/work/one2_B1L21/case_050_n1_L2/report.json,/home/dreamboat/npu_r12_verify/NPU_R12/work/one2_B1L21/case_050_n1_L2/control/r7/control_r6/control_work/chainwave_result.official.json,96e73edd0d61a134cd68c39a5ae9ef30eb7b89b14cbc9ee64da1ff06ab28ee10,141691,372270,0,372270,69634,470618,0.12889170239073616,d681bc6d4e4c0f195eaa96bc0abd1bb07fd0b669f9aa4d14280784b8ccffb038,149690,1.0564538326358062
case_051,1,L2,600.0,2.0174152959998537,/home/dreamboat/npu_r12_verify/NPU_R12/work/one6_B1L21/case_051_n1_L2/selected_plan.json,/home/dreamboat/npu_r12_verify/NPU_R12/work/one6_B1L21/case_051_n1_L2/report.json,/home/dreamboat/npu_r12_verify/NPU_R12/work/one6_B1L21/case_051_n1_L2/control/r7/control_r6/control_work/components_result.official.json,83f3f07cbfbd63c1c0b5dce02e0764dd1aec6bd5ffccf8234400c440c371e772,607628,0,0,0,0,393216,0.0,85c0a07166ce34d5323f2b7052a351ad7088227627d2d109bfddc3630a2ac8da,607628,1.0
case_052,1,L2,600.0,7.432630141000004,/home/dreamboat/npu_r12_verify/NPU_R12/work/one2_B1L21/case_052_n1_L2/selected_plan.json,/home/dreamboat/npu_r12_verify/NPU_R12/work/one2_B1L21/case_052_n1_L2/report.json,/home/dreamboat/npu_r12_verify/NPU_R12/work/one2_B1L21/case_052_n1_L2/control/r7/control_r6/control_work/component_batch512_result.official.json,6ab4f83837c66c16ab9c6218c8662494ded20a27985e788c41d7be841f5a81ec,175278,0,0,0,0,810044,0.0,efebafcf6f71c23cdb5d65662a46e765ffba111a833e0cb988d7cf57efb0acda,180301,1.0286573329225572
case_053,1,L2,600.0,81.12593795700013,/home/dreamboat/npu_r12_verify/NPU_R12/work/one6_B1L21/case_053_n1_L2/selected_plan.json,/home/dreamboat/npu_r12_verify/NPU_R12/work/one6_B1L21/case_053_n1_L2/report.json,/home/dreamboat/npu_r12_verify/NPU_R12/work/one6_B1L21/case_053_n1_L2/indexed_insertion/plan.meta.official.json,055ba2b7f73337fa1c69251a46a84649bcc8978d1da5c10e0efa3beb927a82fb,1341846,855054,0,855054,10,3324442,3.008014553977618e-06,545f6e4c022be4df50e749efb459be14a3169706b8f71054b0e94bfe0c8f80d7,1472686,1.0975074635986544
case_054,1,L2,600.0,89.92388485599997,/home/dreamboat/npu_r12_verify/NPU_R12/work/one4_B1L21/case_054_n1_L2/selected_plan.json,/home/dreamboat/npu_r12_verify/NPU_R12/work/one4_B1L21/case_054_n1_L2/report.json,/home/dreamboat/npu_r12_verify/NPU_R12/work/one4_B1L21/case_054_n1_L2/control/r7/control_r6/control_work/components_result.official.json,92d8ee24f77a4866d3586c8a0d5b5eb4fc76ad935215840f0f69de4dc0ba620d,815051,0,0,0,0,1606214,0.0,d457271b4399d80938952cfd50e7680c2988cb3545f22119750cd53186adbf1f,815051,1.0
case_055,1,L2,600.0,8.825825903000009,/home/dreamboat/npu_r12_verify/NPU_R12/work/one5_B1L21/case_055_n1_L2/selected_plan.json,/home/dreamboat/npu_r12_verify/NPU_R12/work/one5_B1L21/case_055_n1_L2/report.json,/home/dreamboat/npu_r12_verify/NPU_R12/work/one5_B1L21/case_055_n1_L2/indexed_insertion/plan.meta.official.json,a76ab851be9a4e8d430d6845f276d48504bf7a259986e9ae0c84ba6c9c6fefc8,105512,282696,0,282696,90112,721984,0.11096225076838206,490a0d4cb26043dfe6b753342872071e91dad60c0fb70af7cd76be1a07bcf255,118835,1.1262699977253772
case_056,1,L2,600.0,61.02204039700007,/home/dreamboat/npu_r12_verify/NPU_R12/work/one3_B1L21/case_056_n1_L2/selected_plan.json,/home/dreamboat/npu_r12_verify/NPU_R12/work/one3_B1L21/case_056_n1_L2/report.json,/home/dreamboat/npu_r12_verify/NPU_R12/work/one3_B1L21/case_056_n1_L2/indexed_insertion/plan.meta.official.json,b0675a35131e9a0d0300c4bafe68d14b92273c6dfd2b841f1c7e2a02ec4be8e2,258692,25618,0,25618,18,234326,7.681015942375312e-05,9c1bd817f9e78fc5deffe29c60370a33cd99cd77dfac57942182493bb1e2d0ad,277285,1.071873115519614
case_057,1,L2,600.0,5.572969021000063,/home/dreamboat/npu_r12_verify/NPU_R12/work/one3_B1L21/case_057_n1_L2/selected_plan.json,/home/dreamboat/npu_r12_verify/NPU_R12/work/one3_B1L21/case_057_n1_L2/report.json,/home/dreamboat/npu_r12_verify/NPU_R12/work/one3_B1L21/case_057_n1_L2/control/r7/control_r6/control_work/component_ordered_result.official.json,cc2b48d8f5f03735692e56c82a1decf5f9afbd6e7baa233157b460c1f71c1288,59056,0,0,0,0,336588,0.0,b98feb8e0af3d14eb4cadab49670c1ac479748cdde3b22c1d92cf929b6b64d24,59726,1.0113451639122188
case_058,1,L2,600.0,193.12059137999995,/home/dreamboat/npu_r12_verify/NPU_R12/work/one2_B1L21/case_058_n1_L2/selected_plan.json,/home/dreamboat/npu_r12_verify/NPU_R12/work/one2_B1L21/case_058_n1_L2/report.json,/home/dreamboat/npu_r12_verify/NPU_R12/work/one2_B1L21/case_058_n1_L2/control/r7/control_r6/control_work/component_batch512_result.official.json,19d0db250631e62ebe314c361690d63cd6274d914125a564fb23e59ff21b3cd1,4539717,28696576,0,28696576,0,35319808,0.0,994cb9e8db88e8af0cabcd8a1ea4df9836e9cc65f7944c5846b6a544410d77f8,4539717,1.0
case_059,1,L2,600.0,7.031289388999994,/home/dreamboat/npu_r12_verify/NPU_R12/work/one5_B1L21/case_059_n1_L2/selected_plan.json,/home/dreamboat/npu_r12_verify/NPU_R12/work/one5_B1L21/case_059_n1_L2/report.json,/home/dreamboat/npu_r12_verify/NPU_R12/work/one5_B1L21/case_059_n1_L2/control/r7/control_r6/control_work/component_ordered_result.official.json,1615cdb4204e801ffcc8e80b0269b8b6cd332a62d2deabdda43a72b07bbd10f5,738041,0,0,0,0,1081344,0.0,8ab69cd9c692b106e7a9f3de170fa5475424c0dc831ca4a60056fad3e7c8e551,829473,1.123884716431743
case_060,1,L2,600.0,61.71150654200005,/home/dreamboat/npu_r12_verify/NPU_R12/work/one6_B1L21/case_060_n1_L2/selected_plan.json,/home/dreamboat/npu_r12_verify/NPU_R12/work/one6_B1L21/case_060_n1_L2/report.json,/home/dreamboat/npu_r12_verify/NPU_R12/work/one6_B1L21/case_060_n1_L2/control/r7/control_r6/control_work/component_batch512_result.official.json,93d88b3022f75832629cce5d57af57dfa8f3b17af0ec1af058fe957cd8837cba,882534,1439748,0,1439748,1101824,2436650,0.31138394686523063,e549a8abace06a4800ff5175a95e3af14125450eb5c6ec78aeec4b911bd95370,888789,1.0070875456356356
case_061,1,L2,600.0,7.535014844999978,/home/dreamboat/npu_r12_verify/NPU_R12/work/one4_B1L21/case_061_n1_L2/selected_plan.json,/home/dreamboat/npu_r12_verify/NPU_R12/work/one4_B1L21/case_061_n1_L2/report.json,/home/dreamboat/npu_r12_verify/NPU_R12/work/one4_B1L21/case_061_n1_L2/control/r7/control_r6/control_work/components_result.official.json,b0097a1935a159b3e51d311f5eb8c37eb8240290bfb00d479d8257e8bb04978d,77191,0,0,0,0,544036,0.0,6aa79cdb153dadcf503ccb895b3793a508fe8ff7ab4a5f82626513317024789f,77191,1.0
case_062,1,L2,600.0,124.61325250899995,/home/dreamboat/npu_r12_verify/NPU_R12/work/one6_B1L21/case_062_n1_L2/selected_plan.json,/home/dreamboat/npu_r12_verify/NPU_R12/work/one6_B1L21/case_062_n1_L2/report.json,/home/dreamboat/npu_r12_verify/NPU_R12/work/one6_B1L21/case_062_n1_L2/control/r7/control_r6/control_work/components_result.official.json,f4d2b7ee10d4d815438ba3972b3cdfec22ce283d3d04d0276f5f3ef7ebbf1327,2854809,0,0,0,0,13400064,0.0,a99d18ff9ba63aa51e2a5d5b987b5be935fdfe27be930b2f133803df8b623792,2854809,1.0
case_063,1,L2,600.0,43.37447785699999,/home/dreamboat/npu_r12_verify/NPU_R12/work/one3_B1L21/case_063_n1_L2/selected_plan.json,/home/dreamboat/npu_r12_verify/NPU_R12/work/one3_B1L21/case_063_n1_L2/report.json,/home/dreamboat/npu_r12_verify/NPU_R12/work/one3_B1L21/case_063_n1_L2/control/r7/control_r6/control_work/components_result.official.json,25c08e0e49a32b1b096bdfbe1d0ea08123eae352a2398cea21d99d4e472ff0e2,1070397,0,0,0,0,5019648,0.0,331c8f5b47db9debcd2735641b364798f511592b368f32114bc697f773b1ec45,1070397,1.0
case_064,1,L2,600.0,6.144546137000134,/home/dreamboat/npu_r12_verify/NPU_R12/work/one2_B1L21/case_064_n1_L2/selected_plan.json,/home/dreamboat/npu_r12_verify/NPU_R12/work/one2_B1L21/case_064_n1_L2/report.json,/home/dreamboat/npu_r12_verify/NPU_R12/work/one2_B1L21/case_064_n1_L2/indexed_insertion/plan.meta.official.json,e94fe8756aaf6df4ce19ff259e99407c3bb0194f126d02d82ba93ae958cac8ff,17184,0,0,0,0,35622,0.0,8c9483f386ddf1ee6c303f5a2f9158f23c2d18a10526ad7d59c65fa187fd5850,19116,1.1124301675977655
case_065,1,L2,600.0,4.802044673999944,/home/dreamboat/npu_r12_verify/NPU_R12/work/one5_B1L21/case_065_n1_L2/selected_plan.json,/home/dreamboat/npu_r12_verify/NPU_R12/work/one5_B1L21/case_065_n1_L2/report.json,/home/dreamboat/npu_r12_verify/NPU_R12/work/one5_B1L21/case_065_n1_L2/indexed_insertion/plan.meta.official.json,40d0a9a241356c27db52de40caae523a5bf0a3b21895ff6fc664be7c6aebfbf5,44156,0,0,0,0,299720,0.0,14ea7820d0b782dc248c9f41a2f7444f57af0adb54eed5e124c60f9f1b67ce2d,53068,1.2018298758945556
case_066,1,L2,600.0,40.61322236199999,/home/dreamboat/npu_r12_verify/NPU_R12/work/one3_B1L21/case_066_n1_L2/selected_plan.json,/home/dreamboat/npu_r12_verify/NPU_R12/work/one3_B1L21/case_066_n1_L2/report.json,/home/dreamboat/npu_r12_verify/NPU_R12/work/one3_B1L21/case_066_n1_L2/indexed_insertion/plan.meta.official.json,458bb4a512ed7faa7e1763f2c29bf3f28834bb85889d26776a05e33710833cfc,318124,75272,0,75272,8,1064748,7.51345848250679e-06,3399f1bc7194160b7ad9eec92c1ec9550d34dd308f3debe282d307d91ee1d3dd,359070,1.1287108171656335
case_067,1,L2,600.0,108.93085277199998,/home/dreamboat/npu_r12_verify/NPU_R12/work/one2_B1L21/case_067_n1_L2/selected_plan.json,/home/dreamboat/npu_r12_verify/NPU_R12/work/one2_B1L21/case_067_n1_L2/report.json,/home/dreamboat/npu_r12_verify/NPU_R12/work/one2_B1L21/case_067_n1_L2/control/r7/control_r6/control_work/chainwave_result.official.json,15478ddfad902c07348efc7dce885f5aeaceb9b12e4913c593fbbe6fd0e8a435,61875727,197050368,0,197050368,166514688,21512576,0.8855879964301347,bd5d13ec5c30428a021cf91079e5903f2393f76a4200ddda92442df4669c4504,63834834,1.031661963341457
case_068,1,L2,600.0,43.19017530600013,/home/dreamboat/npu_r12_verify/NPU_R12/work/one1_B1L21/case_068_n1_L2/selected_plan.json,/home/dreamboat/npu_r12_verify/NPU_R12/work/one1_B1L21/case_068_n1_L2/report.json,/home/dreamboat/npu_r12_verify/NPU_R12/work/one1_B1L21/case_068_n1_L2/indexed_insertion/plan.meta.official.json,d02d4b95f883be3e038c962815246cf390fed5017bccfb62543a53fc29dc2796,327848,531976,0,531976,107520,2952202,0.03514044740012328,ae36ad0fba9ba0730a766658836217d4cb2e597e8dc6e1335ef74896cb63b569,362095,1.1044599936555966
case_069,1,L2,600.0,4.28265814700012,/home/dreamboat/npu_r12_verify/NPU_R12/work/one3_B1L21/case_069_n1_L2/selected_plan.json,/home/dreamboat/npu_r12_verify/NPU_R12/work/one3_B1L21/case_069_n1_L2/report.json,/home/dreamboat/npu_r12_verify/NPU_R12/work/one3_B1L21/case_069_n1_L2/indexed_insertion/plan.meta.official.json,f96dea28c15c24a5692d3b7eaac37c31446784fec1ea630912da742c4e877e18,21597,0,0,0,0,113766,0.0,4e77cfa9282fa354993a3911b50fd58e8b2ffadf97fd98c09939e909b470cc12,25144,1.1642357734870583
case_070,1,L2,600.0,9.340161131000059,/home/dreamboat/npu_r12_verify/NPU_R12/work/one1_B1L21/case_070_n1_L2/selected_plan.json,/home/dreamboat/npu_r12_verify/NPU_R12/work/one1_B1L21/case_070_n1_L2/report.json,/home/dreamboat/npu_r12_verify/NPU_R12/work/one1_B1L21/case_070_n1_L2/indexed_insertion/plan.meta.official.json,6e22b64b8d5f6dc759cf79132f164a015c11a8329fc538b38b4ed689b38a7837,110849,0,0,0,0,419858,0.0,2fea2fa50647d2d44ebccc612b7d0de6cbdfd61753ff95f61f0fc335735c8070,117300,1.0581962850364008
case_071,1,L2,600.0,4.915966187999857,/home/dreamboat/npu_r12_verify/NPU_R12/work/one1_B1L21/case_071_n1_L2/selected_plan.json,/home/dreamboat/npu_r12_verify/NPU_R12/work/one1_B1L21/case_071_n1_L2/report.json,/home/dreamboat/npu_r12_verify/NPU_R12/work/one1_B1L21/case_071_n1_L2/indexed_insertion/plan.meta.official.json,0879463fe04d54016c51e3ef4abd5fbe47a142a5da683dc89e6746acfee1724e,15824,0,0,0,0,111462,0.0,45cf59975e98b4f9142971696c6322980dfdd97bfcc9b6a12693f27ed9e853d3,18919,1.1955889787664307
case_072,1,L2,600.0,385.450982692,/home/dreamboat/npu_r12_verify/NPU_R12/work/one4_B1L21/case_072_n1_L2/selected_plan.json,/home/dreamboat/npu_r12_verify/NPU_R12/work/one4_B1L21/case_072_n1_L2/report.json,/home/dreamboat/npu_r12_verify/NPU_R12/work/one4_B1L21/case_072_n1_L2/control/r7/control_r6/control_work/components_result.official.json,3839e1056ef12aab9f66e6e5222f50ae265213f2c4fa46027592492dc2f2b164,23890756,108613680,0,108613680,3137536,116569150,0.026210198484652728,b22d248d50d1745b31d8450a43037b856ad3bcc8abc010d4fb97adba27174940,23897828,1.000296014073393
case_073,1,L2,600.0,53.873678487999996,/home/dreamboat/npu_r12_verify/NPU_R12/work/one1_B1L21/case_073_n1_L2/selected_plan.json,/home/dreamboat/npu_r12_verify/NPU_R12/work/one1_B1L21/case_073_n1_L2/report.json,/home/dreamboat/npu_r12_verify/NPU_R12/work/one1_B1L21/case_073_n1_L2/control/r7/control_r6/control_work/chainwave_result.official.json,b46f9bb52158d2054f2a0a571dd7ed070e5908593e2f7b1368ec7ebec7940049,8702659,90447872,0,90447872,89691136,4259712,0.954660207005263,49476d7635cd75bf112f10e168933c364dd2b63b874dd76f83d2fed6b48f4578,10081626,1.158453525525934
case_074,1,L2,600.0,36.379062919000035,/home/dreamboat/npu_r12_verify/NPU_R12/work/one2_B1L21/case_074_n1_L2/selected_plan.json,/home/dreamboat/npu_r12_verify/NPU_R12/work/one2_B1L21/case_074_n1_L2/report.json,/home/dreamboat/npu_r12_verify/NPU_R12/work/one2_B1L21/case_074_n1_L2/control/extra/m1_ordered_2048.official.json,40ca695c92c5c9d3b4fcb9ca7a9199db2cfb8be0b782d777ec2027c0cbf2c6f5,1647335,5255176,0,5255176,2121728,6909980,0.2349199066223133,1be6a606fc8bcec104c1bb1c77281ced9529af02aa98cc35b28632a7166a517a,1682239,1.0211881614850653
case_075,1,L2,600.0,36.63174045000005,/home/dreamboat/npu_r12_verify/NPU_R12/work/one4_B1L21/case_075_n1_L2/selected_plan.json,/home/dreamboat/npu_r12_verify/NPU_R12/work/one4_B1L21/case_075_n1_L2/report.json,/home/dreamboat/npu_r12_verify/NPU_R12/work/one4_B1L21/case_075_n1_L2/control/r7/control_r6/control_work/chainwave_result.official.json,2ed0204d90ec05bcdad2a06798ef8903397c780ba31631a9ebcbe05c63abfa44,1334897,0,0,0,0,1819782,0.0,60a8bcbe36f0d6595f7391cece8bc6f2cbe4769b5499715cc98d669626023207,1441809,1.0800900743652881
case_076,1,L2,600.0,184.61792671500007,/home/dreamboat/npu_r12_verify/NPU_R12/work/one2_B1L21/case_076_n1_L2/selected_plan.json,/home/dreamboat/npu_r12_verify/NPU_R12/work/one2_B1L21/case_076_n1_L2/report.json,/home/dreamboat/npu_r12_verify/NPU_R12/work/one2_B1L21/case_076_n1_L2/control/r7/control_r6/control_work/components_result.official.json,c5899e7cb5f11216cc3c30a5409d528cc74b2e51999c51f56b8ced82e12b085b,6183098,28280832,0,28280832,4347904,28201984,0.13357661937269952,d251a84507bdcab38d2c6bbcd682bf32c71411ea7f91807684c9ed83625ea6cc,6185113,1.0003258884138664
case_077,1,L2,600.0,41.33458432899988,/home/dreamboat/npu_r12_verify/NPU_R12/work/one4_B1L21/case_077_n1_L2/selected_plan.json,/home/dreamboat/npu_r12_verify/NPU_R12/work/one4_B1L21/case_077_n1_L2/report.json,/home/dreamboat/npu_r12_verify/NPU_R12/work/one4_B1L21/case_077_n1_L2/control/r7/control_r6/control_work/components_result.official.json,e76e5d3756c04eadf4a76b70a5e5a7ddba4b77545af31f8299cea419822f0ece,495320,0,0,0,0,2141260,0.0,ebebd5aff94340d5b7eba84c1cff879beb37b2870bbd8cf4a141ef8e1a92c1f8,495320,1.0
case_078,1,L2,600.0,3.7296285120000903,/home/dreamboat/npu_r12_verify/NPU_R12/work/one2_B1L21/case_078_n1_L2/selected_plan.json,/home/dreamboat/npu_r12_verify/NPU_R12/work/one2_B1L21/case_078_n1_L2/report.json,/home/dreamboat/npu_r12_verify/NPU_R12/work/one2_B1L21/case_078_n1_L2/control/r7/control_r6/control_work/chainwave_result.official.json,037e10189c23253841891142ec68121d001a72be13acef37fa7c9d7071328f0f,2095621,24576,0,24576,0,2259072,0.0,7518d6843bbd3773bed9fd94b446ed932f984cbc8bcf833875e54a6369111930,2296143,1.0956861951660153
case_079,1,L2,600.0,256.5990813039999,/home/dreamboat/npu_r12_verify/NPU_R12/work/one5_B1L21/case_079_n1_L2/selected_plan.json,/home/dreamboat/npu_r12_verify/NPU_R12/work/one5_B1L21/case_079_n1_L2/report.json,/home/dreamboat/npu_r12_verify/NPU_R12/work/one5_B1L21/case_079_n1_L2/control/r7/control_r6/control_work/component_batch512_result.official.json,abdc0021385a940884273a949e59b07d0c37b3304031ecb3210cc05585b62d17,31052251,32448512,0,32448512,0,38260736,0.0,c7429985544f3d90c12124790829eeef8fcf7f7826af6cffb853ef315d51b39c,31052251,1.0
case_080,1,L2,600.0,4.026735064999912,/home/dreamboat/npu_r12_verify/NPU_R12/work/one6_B1L21/case_080_n1_L2/selected_plan.json,/home/dreamboat/npu_r12_verify/NPU_R12/work/one6_B1L21/case_080_n1_L2/report.json,/home/dreamboat/npu_r12_verify/NPU_R12/work/one6_B1L21/case_080_n1_L2/control/r7/control_r6/control_work/components_result.official.json,92e45b100a5fcb2fc5f3129eaf9321f9ebffeb2480d5da6da78f28034576ebc4,291826,548864,0,548864,413696,2039808,0.1686143572621035,ac164e995a70ec941f3dc5187eec8c42b30a4f521305e44accc650bdd9b73eae,292138,1.0010691302351402
case_081,1,L2,600.0,9.10054391499989,/home/dreamboat/npu_r12_verify/NPU_R12/work/one5_B1L21/case_081_n1_L2/selected_plan.json,/home/dreamboat/npu_r12_verify/NPU_R12/work/one5_B1L21/case_081_n1_L2/report.json,/home/dreamboat/npu_r12_verify/NPU_R12/work/one5_B1L21/case_081_n1_L2/control/r7/control_r6/control_work/components_result.official.json,0cd5f335fbcc9ea40dcf1bef0298a4f41e3598b958664ae44c3a73aa647ad397,151795,0,0,0,0,1044820,0.0,817287ed70fa7bc91016c1f44864af7fcebb7b917cbbb876bf9e7885099a7d4c,151795,1.0
case_082,1,L2,600.0,18.09648326499996,/home/dreamboat/npu_r12_verify/NPU_R12/work/one1_B1L21/case_082_n1_L2/selected_plan.json,/home/dreamboat/npu_r12_verify/NPU_R12/work/one1_B1L21/case_082_n1_L2/report.json,/home/dreamboat/npu_r12_verify/NPU_R12/work/one1_B1L21/case_082_n1_L2/control/r7/control_r6/control_work/chainwave_result.official.json,a8c93f2f36378f75667d1dbab465948ac023c4b60130a1fb3cb1823f3e9e382a,717869,597130,0,597130,78730,825606,0.08705834999380761,c8c3a37fb1c32c123c572c18f66bf0f4014d7d73b0fb89119f798d491103f8ce,721041,1.0044186334832679
case_083,1,L2,600.0,32.64804646499988,/home/dreamboat/npu_r12_verify/NPU_R12/work/one3_B1L21/case_083_n1_L2/selected_plan.json,/home/dreamboat/npu_r12_verify/NPU_R12/work/one3_B1L21/case_083_n1_L2/report.json,/home/dreamboat/npu_r12_verify/NPU_R12/work/one3_B1L21/case_083_n1_L2/control/r7/control_r6/control_work/chainwave_result.official.json,c97a7654a1e93ff278f0bcb0bb657485a8f9dea423251b1b36a6fcebd21b9894,851601,262144,0,262144,0,1315424,0.0,03d1aed5b03f00fea830b604c9524c4293c593b0087321d51d4251fef02d1f06,1057993,1.2423576299229333
case_084,1,L2,600.0,159.7701749339999,/home/dreamboat/npu_r12_verify/NPU_R12/work/one3_B1L21/case_084_n1_L2/selected_plan.json,/home/dreamboat/npu_r12_verify/NPU_R12/work/one3_B1L21/case_084_n1_L2/report.json,/home/dreamboat/npu_r12_verify/NPU_R12/work/one3_B1L21/case_084_n1_L2/control/r7/control_r6/control_work/chainwave_result.official.json,9fac63dac97455c8865518a242136d59bacf286eb3c2cc456d63d0e04295627e,2191327,29453952,0,29453952,0,29488554,0.0,1c3276ccdf845325637d66b130365c34f4874bc10a4688dc871a5b0a3e230edf,2507412,1.1442436477987996
case_085,1,L2,600.0,111.24695049599995,/home/dreamboat/npu_r12_verify/NPU_R12/work/one4_B1L21/case_085_n1_L2/selected_plan.json,/home/dreamboat/npu_r12_verify/NPU_R12/work/one4_B1L21/case_085_n1_L2/report.json,/home/dreamboat/npu_r12_verify/NPU_R12/work/one4_B1L21/case_085_n1_L2/control/r7/control_r6/control_work/components_result.official.json,119e0cfa552ca6f5d06c077f30c278e2985f1dddfbf5ee3138c2f70ff7ba48ff,3187899,0,0,0,0,1655942,0.0,9b8ad9b3cbd6f0a1243f1e70c9ddc5f073fa13ae44bc081fc57c90b5b6e5f792,3187899,1.0
case_086,1,L2,600.0,26.951435672000116,/home/dreamboat/npu_r12_verify/NPU_R12/work/one5_B1L21/case_086_n1_L2/selected_plan.json,/home/dreamboat/npu_r12_verify/NPU_R12/work/one5_B1L21/case_086_n1_L2/report.json,/home/dreamboat/npu_r12_verify/NPU_R12/work/one5_B1L21/case_086_n1_L2/indexed_insertion/plan.meta.official.json,a3810192398adc3eb557e11cdbe369587fe39374223a1e3639b22a3e4f270042,105557,155146,0,155146,10,398694,2.5081263293069546e-05,a43ffcaba33a3faf9917d95752c891ea12d49b7257240b684d10a10a152e1bae,118403,1.121697282037193
case_087,1,L2,600.0,314.16156507100004,/home/dreamboat/npu_r12_verify/NPU_R12/work/one5_B1L21/case_087_n1_L2/selected_plan.json,/home/dreamboat/npu_r12_verify/NPU_R12/work/one5_B1L21/case_087_n1_L2/report.json,/home/dreamboat/npu_r12_verify/NPU_R12/work/one5_B1L21/case_087_n1_L2/control/r7/control_r6/control_work/components_result.official.json,826eceb9e3d1bb40375187bbc70663cb4a3c40c6b58f7ab3d20aee09e928c558,3969779,7902720,0,7902720,2534400,11287004,0.18336776784760794,29946f7d5e4acf97a69d28aa0d718c66a521eb820fae74d5385e1cc98af42a0a,3974071,1.0010811684982968
case_088,1,L2,600.0,19.465666832999887,/home/dreamboat/npu_r12_verify/NPU_R12/work/one6_B1L21/case_088_n1_L2/selected_plan.json,/home/dreamboat/npu_r12_verify/NPU_R12/work/one6_B1L21/case_088_n1_L2/report.json,/home/dreamboat/npu_r12_verify/NPU_R12/work/one6_B1L21/case_088_n1_L2/indexed_insertion/plan.meta.official.json,d5aa3e086f2f9fc49744806ec5be4e3ffed86c7457af569e11650cc7cbf81ca2,219539,544128,0,544128,25600,2088994,0.012106342872437925,8e8071454505dcf586f07a08d10fd2a2880c1d25c9c91386ec77b1123b6e538c,243623,1.1097026040931224
case_089,1,L2,600.0,33.996647061999965,/home/dreamboat/npu_r12_verify/NPU_R12/work/one3_B1L21/case_089_n1_L2/selected_plan.json,/home/dreamboat/npu_r12_verify/NPU_R12/work/one3_B1L21/case_089_n1_L2/report.json,/home/dreamboat/npu_r12_verify/NPU_R12/work/one3_B1L21/case_089_n1_L2/control/r7/control_r6/control_work/chainwave_result.official.json,0bbaddd8c9bf260853f9860c6757d0f4a2fa099d4e6df1e1ae5e27ef2b877950,659152,0,0,0,0,402560,0.0,34e4e47b7e637dd5ea06a362c4d9f7507c6730b9be1bdf91a6a10bb06daaa4ee,693092,1.0514903997863922
case_090,1,L2,600.0,12.255761469999925,/home/dreamboat/npu_r12_verify/NPU_R12/work/one6_B1L21/case_090_n1_L2/selected_plan.json,/home/dreamboat/npu_r12_verify/NPU_R12/work/one6_B1L21/case_090_n1_L2/report.json,/home/dreamboat/npu_r12_verify/NPU_R12/work/one6_B1L21/case_090_n1_L2/indexed_insertion/plan.meta.official.json,72d2ba0847fbd20470cc6144df756e977e7b3ddae5c25b3e486d16b3aa14a0c4,882630,0,0,0,0,2188416,0.0,0c957da4334bc59f28a2e509664f0bfe18cdd27dbbee2b062186bfab6ee27b16,1178363,1.3350588581851965
case_091,1,L2,600.0,147.94859266100002,/home/dreamboat/npu_r12_verify/NPU_R12/work/one3_B1L21/case_091_n1_L2/selected_plan.json,/home/dreamboat/npu_r12_verify/NPU_R12/work/one3_B1L21/case_091_n1_L2/report.json,/home/dreamboat/npu_r12_verify/NPU_R12/work/one3_B1L21/case_091_n1_L2/control/r7/control_r6/control_work/components_result.official.json,616175a1475045c1428a7ba3f4114bfdd72b5bf0be000d50eb655a65229a264d,9168820,53947008,0,53947008,6374016,54108672,0.10538579237748164,1190ac1122cac6a54fc2810f976f0590d871b99c4d3084ae1605d70c271a1f55,9186769,1.001957612866214
case_092,1,L2,600.0,166.9453599809999,/home/dreamboat/npu_r12_verify/NPU_R12/work/one6_B1L21/case_092_n1_L2/selected_plan.json,/home/dreamboat/npu_r12_verify/NPU_R12/work/one6_B1L21/case_092_n1_L2/report.json,/home/dreamboat/npu_r12_verify/NPU_R12/work/one6_B1L21/case_092_n1_L2/control/r7/control_r6/control_work/component_batch512_result.official.json,6961016b953e92d70888166494737c00414140c29630ff7a967318186c6d65c3,4333631,66000096,0,66000096,52970464,13780832,0.7935495964003455,ec4b0e905872022945551bc256f02a23d7c91910461f01becb550d2e4a84ec9c,4815554,1.111205361047122
case_093,1,L2,600.0,1.2580507339998803,/home/dreamboat/npu_r12_verify/NPU_R12/work/one3_B1L21/case_093_n1_L2/selected_plan.json,/home/dreamboat/npu_r12_verify/NPU_R12/work/one3_B1L21/case_093_n1_L2/report.json,/home/dreamboat/npu_r12_verify/NPU_R12/work/one3_B1L21/case_093_n1_L2/control/r7/control_r6/control_work/components_result.official.json,7ae357bc764d9ade2d9ad6c9561d05816fe549e492d579b85216dc0d2ec5b2fb,74205,0,0,0,0,573440,0.0,fed673116eec092fb7dc3f03ccd7a7fce4a838851a75908650d1dde8ff42a4fa,74205,1.0
case_094,1,L2,600.0,6.232119503999911,/home/dreamboat/npu_r12_verify/NPU_R12/work/one4_B1L21/case_094_n1_L2/selected_plan.json,/home/dreamboat/npu_r12_verify/NPU_R12/work/one4_B1L21/case_094_n1_L2/report.json,/home/dreamboat/npu_r12_verify/NPU_R12/work/one4_B1L21/case_094_n1_L2/indexed_insertion/plan.meta.official.json,193efbb4136e737c2fe935edfef893273eba446e6a9dc84a48ecc2b4f2c138b3,84874,458752,0,458752,24576,688416,0.03446882994479601,c94ed5c49e67c6edb80c65633e1b3de1a60c3a4e494ba64f9e8b933cd39d7734,94892,1.1180337912670546
case_095,1,L2,600.0,38.76415475199997,/home/dreamboat/npu_r12_verify/NPU_R12/work/one4_B1L21/case_095_n1_L2/selected_plan.json,/home/dreamboat/npu_r12_verify/NPU_R12/work/one4_B1L21/case_095_n1_L2/report.json,/home/dreamboat/npu_r12_verify/NPU_R12/work/one4_B1L21/case_095_n1_L2/control/r7/control_r6/control_work/component_batch512_result.official.json,db3990b7c607b37ec8858db25b75d915fdaaded30e94cdcfab99d35e4483d771,2084853,0,0,0,0,8516508,0.0,85928873dccff668f9ab0933d127bfcb55c3d2023fa6a0ddc47502d486a28caf,2084853,1.0
case_096,1,L2,600.0,6.788261617999979,/home/dreamboat/npu_r12_verify/NPU_R12/work/one3_B1L21/case_096_n1_L2/selected_plan.json,/home/dreamboat/npu_r12_verify/NPU_R12/work/one3_B1L21/case_096_n1_L2/report.json,/home/dreamboat/npu_r12_verify/NPU_R12/work/one3_B1L21/case_096_n1_L2/indexed_insertion/plan.meta.official.json,51c336cdd188af1dcd0ce9956e8a17c80868c690caffb70a96d3b6b60c8da3f2,75393,107552,0,107552,4096,261988,0.0153936350926775,bd51a75641c9709df39dddb5184798368bca9c3f03e6a5bbf00e4efb76cbe869,84194,1.1167349753955937
case_097,1,L2,600.0,109.98320072399997,/home/dreamboat/npu_r12_verify/NPU_R12/work/one1_B1L21/case_097_n1_L2/selected_plan.json,/home/dreamboat/npu_r12_verify/NPU_R12/work/one1_B1L21/case_097_n1_L2/report.json,/home/dreamboat/npu_r12_verify/NPU_R12/work/one1_B1L21/case_097_n1_L2/control/r7/control_r6/control_work/component_batch512_result.official.json,f09b0b6947580debab40e8f96f7bc57d69e0831fc2a30c938fa4dc3ed3c4d17f,11491509,10584064,0,10584064,0,14843904,0.0,21e87c9a6bdc39139c8f50206ce8a85fc7d8816a4f0325aae040dca5011be414,11491509,1.0
case_098,1,L2,600.0,6.700279163000005,/home/dreamboat/npu_r12_verify/NPU_R12/work/one3_B1L21/case_098_n1_L2/selected_plan.json,/home/dreamboat/npu_r12_verify/NPU_R12/work/one3_B1L21/case_098_n1_L2/report.json,/home/dreamboat/npu_r12_verify/NPU_R12/work/one3_B1L21/case_098_n1_L2/indexed_insertion/plan.meta.official.json,19f752a367b605c65027502bb9784bbe95fe4d3bc0ed8e6a6c4fc11a894a341c,175431,852332,0,852332,147456,1050350,0.12310507711599374,d98dd76206bfbd73b2ad80e7653b036a64616df560846bd90db4dcd28804b2e7,177430,1.011394793394554
case_099,1,L2,600.0,13.280037312999866,/home/dreamboat/npu_r12_verify/NPU_R12/work/one6_B1L21/case_099_n1_L2/selected_plan.json,/home/dreamboat/npu_r12_verify/NPU_R12/work/one6_B1L21/case_099_n1_L2/report.json,/home/dreamboat/npu_r12_verify/NPU_R12/work/one6_B1L21/case_099_n1_L2/control/r7/control_r6/control_work/components_result.official.json,a6856887510e071e92fa422dc9624b3bb60987470e27f9612a368f493aee6e51,1618902,5484544,0,5484544,2023424,5994752,0.25235465023466686,44a086e847125835d47619714526dabc9de2df8d8705203552e1da597fe6c842,1622999,1.002530727616619
case_100,1,L2,600.0,5.95033833399998,/home/dreamboat/npu_r12_verify/NPU_R12/work/one4_B1L21/case_100_n1_L2/selected_plan.json,/home/dreamboat/npu_r12_verify/NPU_R12/work/one4_B1L21/case_100_n1_L2/report.json,/home/dreamboat/npu_r12_verify/NPU_R12/work/one4_B1L21/case_100_n1_L2/control/r7/control_r6/control_work/component_ordered_result.official.json,b38fa62bb7592f2ec01cdda0d70237e205c0ea6a4ef5fe04a3210e21c825b610,141463,0,0,0,0,436006,0.0,6501cd587d080aff495bd1ff36181814ce92f2e225b96380da890ff23f31460b,151223,1.0689933056700338
case_001,2,L2,600.0,1.6110104339995814,/home/dreamboat/npu_r12_verify/NPU_R12/work/par6_L2/case_001_n2_L2/selected_plan.json,/home/dreamboat/npu_r12_verify/NPU_R12/work/par6_L2/case_001_n2_L2/report.json,/home/dreamboat/npu_r12_verify/NPU_R12/work/par6_L2/case_001_n2_L2/control/r7/control_r6/control_work/components_result.official.json,1e409629d571a694149af3cb7a63f0e0e64d2e59d3ac9405eca12666ad00777b,116868,1152,1152,0,0,821504,0.0,ded4801bde790507d6b2d67b607be90c580caa9539f05441253f35582516723d,233110,1.9946435294520313
case_002,2,L2,600.0,15.855531868000071,/home/dreamboat/npu_r12_verify/NPU_R12/work/par2_L2/case_002_n2_L2/selected_plan.json,/home/dreamboat/npu_r12_verify/NPU_R12/work/par2_L2/case_002_n2_L2/report.json,/home/dreamboat/npu_r12_verify/NPU_R12/work/par2_L2/case_002_n2_L2/indexed_insertion/plan.meta.official.json,11b10d0733913282644cf43dfc1505906d5c5cc42d82b064cdfb4a298dbc596f,137089,562176,562176,0,0,1503744,0.0,e5e10702db09910fab88022db29670d319f3a13e5e95e379df8acdd3beb0b4d4,261945,1.9107659987307515
case_003,2,L2,600.0,83.3290841170001,/home/dreamboat/npu_r12_verify/NPU_R12/work/par1_L2/case_003_n2_L2/selected_plan.json,/home/dreamboat/npu_r12_verify/NPU_R12/work/par1_L2/case_003_n2_L2/report.json,/home/dreamboat/npu_r12_verify/NPU_R12/work/par1_L2/case_003_n2_L2/indexed_insertion/plan.meta.official.json,5b9feb3da103bb6d36116cd7287f1ffcf96c65816cbac035931665aa0f2af890,314363,6408454,6408454,0,290950,4431046,0.06161589294018885,038b2c5a3e08379224549190a61bc9eb6b1e1060d78a1b8796bbc5a1624f45e4,602212,1.915658013188575
case_004,2,L2,600.0,5.496748069000205,/home/dreamboat/npu_r12_verify/NPU_R12/work/par4_L2/case_004_n2_L2/selected_plan.json,/home/dreamboat/npu_r12_verify/NPU_R12/work/par4_L2/case_004_n2_L2/report.json,/home/dreamboat/npu_r12_verify/NPU_R12/work/par4_L2/case_004_n2_L2/control/r7/control_r6/control_work/component_ordered_result.official.json,3e8301976eeb34869b87157b8bfa3cf3c75768138baae93d14baf5979e3c3b22,199074,110592,110592,0,0,562176,0.0,5942f9e1eb5c7c18e8b6d2e834f97278de026796ac44f9623f9fd2f1ec8ea5d9,392357,1.9709103147573264
case_005,2,L2,600.0,65.46135845400022,/home/dreamboat/npu_r12_verify/NPU_R12/work/par6_L2/case_005_n2_L2/selected_plan.json,/home/dreamboat/npu_r12_verify/NPU_R12/work/par6_L2/case_005_n2_L2/report.json,/home/dreamboat/npu_r12_verify/NPU_R12/work/par6_L2/case_005_n2_L2/indexed_insertion/plan.meta.official.json,f412c38eebfec498ae6283996c02fe4176de18b0f645174250224d0c2494366c,60375,2190534,2190534,0,154470,1340310,0.10333962188415687,2e233d1ccb9bfbab7978dbdaf99e8f452e74f27b04fd567aa91c6070e9356836,95618,1.583734989648033
case_006,2,L2,600.0,5.96093389699945,/home/dreamboat/npu_r12_verify/NPU_R12/work/par4_L2/case_006_n2_L2/selected_plan.json,/home/dreamboat/npu_r12_verify/NPU_R12/work/par4_L2/case_006_n2_L2/report.json,/home/dreamboat/npu_r12_verify/NPU_R12/work/par4_L2/case_006_n2_L2/indexed_insertion/plan.meta.official.json,aae9223b485ddba08c178037ee71899d15299f8593f22b5d1bb87f068ebbc551,39326,614532,614532,0,265476,717792,0.2699935317736365,6c9d171c97d5db5bebd97976b42624bfb4a56ecdf4228129b105404d9e10c1de,82837,2.1064181457559883
case_007,2,L2,600.0,25.843507851999675,/home/dreamboat/npu_r12_verify/NPU_R12/work/par4_L2/case_007_n2_L2/selected_plan.json,/home/dreamboat/npu_r12_verify/NPU_R12/work/par4_L2/case_007_n2_L2/report.json,/home/dreamboat/npu_r12_verify/NPU_R12/work/par4_L2/case_007_n2_L2/control/r7/control_r6/control_work/component_batch512_result.official.json,e7052047e4200082e2b1c0bfa75f964cc899f8c71499b039392ea1d92f42f028,507494,27648,27648,0,0,907776,0.0,3c4a5c2221ceeacd3669f7706f62790f1e31ef511f8d656d2361d0895678d3a8,1012562,1.9952196479170197
case_008,2,L2,600.0,6.493918773999212,/home/dreamboat/npu_r12_verify/NPU_R12/work/par1_L2/case_008_n2_L2/selected_plan.json,/home/dreamboat/npu_r12_verify/NPU_R12/work/par1_L2/case_008_n2_L2/report.json,/home/dreamboat/npu_r12_verify/NPU_R12/work/par1_L2/case_008_n2_L2/control/r7/control_r6/control_work/component_ordered_result.official.json,e0e0badbf0f6203c58bc8784d3f6f5db885490617f6ae3d742208b623befa831,244266,0,0,0,0,1990872,0.0,d0c1a7b4f5f31d5bff53f34432db76f541d4c7c06eccb1ab5c074a3839be9d77,487605,1.9962049568912579
case_009,2,L2,600.0,40.23881627100036,/home/dreamboat/npu_r12_verify/NPU_R12/work/par5_L2/case_009_n2_L2/selected_plan.json,/home/dreamboat/npu_r12_verify/NPU_R12/work/par5_L2/case_009_n2_L2/report.json,/home/dreamboat/npu_r12_verify/NPU_R12/work/par5_L2/case_009_n2_L2/indexed_insertion/plan.meta.official.json,bc6ef795820898d115e10667cf4b88f678670d376d942edd6528d96726ab4d23,84423,1236498,1236498,0,222772,1003338,0.18169006043503438,769bb021327dd91b9e088e929a986c7f79dfdb508a585cf2ea065abb83f68ff8,153261,1.8153939092427418
case_010,2,L2,600.0,6.175433469999916,/home/dreamboat/npu_r12_verify/NPU_R12/work/par1_L2/case_010_n2_L2/selected_plan.json,/home/dreamboat/npu_r12_verify/NPU_R12/work/par1_L2/case_010_n2_L2/report.json,/home/dreamboat/npu_r12_verify/NPU_R12/work/par1_L2/case_010_n2_L2/control/r7/control_r6/control_work/migrate0_result.official.json,98065418979bd9953de237bb7473b4ad0cc4fe91ecf6fbd5943e31406101753a,42721,471500,471500,0,216000,511828,0.29677341349879366,698e2b381abbcedcd75d5ae36f528449c7e4aef0b493c046ce09e698d90a9a70,86969,2.035743545328995
case_011,2,L2,600.0,1.332767419999982,/home/dreamboat/npu_r12_verify/NPU_R12/work/par6_L2/case_011_n2_L2/selected_plan.json,/home/dreamboat/npu_r12_verify/NPU_R12/work/par6_L2/case_011_n2_L2/report.json,/home/dreamboat/npu_r12_verify/NPU_R12/work/par6_L2/case_011_n2_L2/control/r7/control_r6/control_work/components_result.official.json,9b257ce5653e95bf14437014ce24fcb5e6875e6bc42cacadb3b35c9a24c43716,92646,180224,180224,0,0,720896,0.0,4ecb5c130b3c7b90f332546eb65fceaae5345b6cad1a470adfe05c78b9531f92,184697,1.9935777043801135
case_012,2,L2,600.0,5.805468311000368,/home/dreamboat/npu_r12_verify/NPU_R12/work/par6_L2/case_012_n2_L2/selected_plan.json,/home/dreamboat/npu_r12_verify/NPU_R12/work/par6_L2/case_012_n2_L2/report.json,/home/dreamboat/npu_r12_verify/NPU_R12/work/par6_L2/case_012_n2_L2/indexed_insertion/plan.meta.official.json,d73098694dc1f8f41bb651d14bf7ed376440e7892881df6170b42619d976b441,29689,461572,461572,0,91080,671390,0.11945388015266174,98814a724e5be7aa59a41a3c7a8f1523f90aef874ddd10e62fbdc480f17f9ce5,59088,1.9902320724847586
case_013,2,L2,600.0,3.8063063119998333,/home/dreamboat/npu_r12_verify/NPU_R12/work/par4_L2/case_013_n2_L2/selected_plan.json,/home/dreamboat/npu_r12_verify/NPU_R12/work/par4_L2/case_013_n2_L2/report.json,/home/dreamboat/npu_r12_verify/NPU_R12/work/par4_L2/case_013_n2_L2/control/r7/control_r6/control_work/components_result.official.json,3ea1ed63cdb2cafbc824e47de08d88b444ade8e42c3fc90e977085e2e2098336,132198,8192,8192,0,0,2031616,0.0,2f801c8e97ee4c6253d07750763424f8e90298a101f803cdc06ac6edb9e6b3f0,263949,1.9966187083011846
case_014,2,L2,600.0,235.35320982800022,/home/dreamboat/npu_r12_verify/NPU_R12/work/par1_L2/case_014_n2_L2/selected_plan.json,/home/dreamboat/npu_r12_verify/NPU_R12/work/par1_L2/case_014_n2_L2/report.json,/home/dreamboat/npu_r12_verify/NPU_R12/work/par1_L2/case_014_n2_L2/control/r7/control_r6/control_work/component_batch512_result.official.json,3cbfebd7d5620fe632b6a7be6031ed5f0cdaa3861e4171039317c891e0ca8eea,8857863,51088824,9893208,41195616,14119344,46881120,0.23146289510191267,c36b9c3a6bbbb5215339f9287a13d4e8837477921d39eafae865f89577dbf151,17698626,1.998069511799855
case_015,2,L2,600.0,7.492639838999821,/home/dreamboat/npu_r12_verify/NPU_R12/work/par4_L2/case_015_n2_L2/selected_plan.json,/home/dreamboat/npu_r12_verify/NPU_R12/work/par4_L2/case_015_n2_L2/report.json,/home/dreamboat/npu_r12_verify/NPU_R12/work/par4_L2/case_015_n2_L2/indexed_insertion/plan.meta.official.json,20a5c9e44dfb47a2db36da317773ad744a4e4f5ada9eeb7169cedeab9cf17914,87960,1786394,1786394,0,600846,1493640,0.2868703825186705,3f777483c49e03659106a2f007d53c631583bc6ce7dc0d05c461d8856c25bdae,177362,2.016393815370623
case_016,2,L2,600.0,72.01241620899964,/home/dreamboat/npu_r12_verify/NPU_R12/work/par5_L2/case_016_n2_L2/selected_plan.json,/home/dreamboat/npu_r12_verify/NPU_R12/work/par5_L2/case_016_n2_L2/report.json,/home/dreamboat/npu_r12_verify/NPU_R12/work/par5_L2/case_016_n2_L2/indexed_insertion/plan.meta.official.json,bc43944487c1c3c4a75e02c14fe0d8b3a6bd6a0a1a80f588c6409a955c4bf681,4025717,404192,404192,0,393216,398704,0.4965350035357107,87aef3facb273c1a6da52b44cf4468f923f2e49252fc04dfd28dc7cd7847d1b9,7715523,1.9165587148823426
case_017,2,L2,600.0,14.28918689800048,/home/dreamboat/npu_r12_verify/NPU_R12/work/par3_L2/case_017_n2_L2/selected_plan.json,/home/dreamboat/npu_r12_verify/NPU_R12/work/par3_L2/case_017_n2_L2/report.json,/home/dreamboat/npu_r12_verify/NPU_R12/work/par3_L2/case_017_n2_L2/control/r7/control_r6/critical/critical_01_result.official.json,1b24f5ea546a37d6980b1dfa493464152339e4346ee11aef58be68acd966043d,86028,394974,372446,22528,228870,630458,0.26633602070455054,1c0cbc78f14bccd0e21631b46b16db9ef5d616c6c1f2c534b668d3ff0b8745ef,162810,1.8925233644859814
case_018,2,L2,600.0,6.948897776999729,/home/dreamboat/npu_r12_verify/NPU_R12/work/par2_L2/case_018_n2_L2/selected_plan.json,/home/dreamboat/npu_r12_verify/NPU_R12/work/par2_L2/case_018_n2_L2/report.json,/home/dreamboat/npu_r12_verify/NPU_R12/work/par2_L2/case_018_n2_L2/control/r7/control_r6/control_work/component_ordered_result.official.json,468f831c4b73bf92d1785b2da7686355081964cf340985160f35135865fc526b,498614,1377280,1299456,77824,1278976,1690900,0.43064962981619437,025e97ab1a822cf69c591579f7d4112e59327d631eec532bffaa4205e3000f1a,1004367,2.0143176886328904
case_019,2,L2,600.0,5.2916940400000385,/home/dreamboat/npu_r12_verify/NPU_R12/work/par2_L2/case_019_n2_L2/selected_plan.json,/home/dreamboat/npu_r12_verify/NPU_R12/work/par2_L2/case_019_n2_L2/report.json,/home/dreamboat/npu_r12_verify/NPU_R12/work/par2_L2/case_019_n2_L2/indexed_insertion/plan.meta.official.json,8f0c1bed074d3f7ecfaedfc9a7549e0c1aa27a574a889ec96af70d26f6619b7d,40392,814128,814128,0,52000,560316,0.08492347088758093,89ccb71eebd7db3f052fab14021e4a3dfabed0365c041b917849391f52be57df,81144,2.0089126559714794
case_020,2,L2,600.0,10.771912841999892,/home/dreamboat/npu_r12_verify/NPU_R12/work/par2_L2/case_020_n2_L2/selected_plan.json,/home/dreamboat/npu_r12_verify/NPU_R12/work/par2_L2/case_020_n2_L2/report.json,/home/dreamboat/npu_r12_verify/NPU_R12/work/par2_L2/case_020_n2_L2/control/r7/control_r6/control_work/components_result.official.json,711e2e739ba13280f9e4b6c92b9bec4e88c609603b1436eb5dfbb93ed0d1173c,266580,0,0,0,0,1179648,0.0,d0800f6e76efe73521cc4de213ff7b02896d1b427f3ac163f47324c7c210d6bd,532746,1.9984469952734638
case_021,2,L2,600.0,38.18280075700022,/home/dreamboat/npu_r12_verify/NPU_R12/work/par3_L2/case_021_n2_L2/selected_plan.json,/home/dreamboat/npu_r12_verify/NPU_R12/work/par3_L2/case_021_n2_L2/report.json,/home/dreamboat/npu_r12_verify/NPU_R12/work/par3_L2/case_021_n2_L2/control/r7/control_r6/control_work/component_batch512_result.official.json,f57e3012828de1013aef928d09dc8bf475f7dd3d54df8c8f85141c60d003286a,3193634,3174400,1536000,1638400,1204224,4325376,0.21777777777777776,5a3c6be3b2757126c7ef53377a4f47d139c037c1e968a9de9df701a80d9a84f8,6567937,2.0565716046359728
case_022,2,L2,600.0,9.768559085999186,/home/dreamboat/npu_r12_verify/NPU_R12/work/par2_L2/case_022_n2_L2/selected_plan.json,/home/dreamboat/npu_r12_verify/NPU_R12/work/par2_L2/case_022_n2_L2/report.json,/home/dreamboat/npu_r12_verify/NPU_R12/work/par2_L2/case_022_n2_L2/control/r7/control_r6/control_work/component_batch512_result.official.json,224eb49fb5809d7dd8db541fbba44c57c712970637fb4cb9f41d1c36a1945f75,28851,6912,6912,0,6912,213540,0.03135376408469871,0b4e88620254be848f7c913ee03712e55d91f404ab26d754e0a0e3dba9bfab92,56780,1.9680427021593705
case_023,2,L2,600.0,6.642706237999846,/home/dreamboat/npu_r12_verify/NPU_R12/work/par5_L2/case_023_n2_L2/selected_plan.json,/home/dreamboat/npu_r12_verify/NPU_R12/work/par5_L2/case_023_n2_L2/report.json,/home/dreamboat/npu_r12_verify/NPU_R12/work/par5_L2/case_023_n2_L2/indexed_insertion/plan.meta.official.json,b64579d59e8dac63d42b0509661f9c28c94ba90a2ae67675b5dc7468bf8c4ebe,57260,1523296,1351264,172032,276132,1033128,0.2109069245222492,5e99e756851ca590d23bd7b52db338f0547c5735967f794bb777298df486b8bf,122614,2.14135522179532
case_024,2,L2,600.0,72.90229685400027,/home/dreamboat/npu_r12_verify/NPU_R12/work/par6_L2/case_024_n2_L2/selected_plan.json,/home/dreamboat/npu_r12_verify/NPU_R12/work/par6_L2/case_024_n2_L2/report.json,/home/dreamboat/npu_r12_verify/NPU_R12/work/par6_L2/case_024_n2_L2/indexed_insertion/plan.meta.official.json,b6c724c9aeeeeff447a7a6e0ee6b7e48b5b8cff268a9de4ef03055d173c47841,1333937,396848,396848,0,393216,395032,0.4988480782697831,a561fb088bf0642c1865135f99565320da65477a77822065c19c603ec87a89ad,2555343,1.915639944015347
case_025,2,L2,600.0,182.4246101609997,/home/dreamboat/npu_r12_verify/NPU_R12/work/par6_L2/case_025_n2_L2/selected_plan.json,/home/dreamboat/npu_r12_verify/NPU_R12/work/par6_L2/case_025_n2_L2/report.json,/home/dreamboat/npu_r12_verify/NPU_R12/work/par6_L2/case_025_n2_L2/control/r7/control_r6/control_work/component_batch512_result.official.json,527628071fdbada635523d2faedcca9c19f26c2f29bd4868103e66714faf399f,2431840,27648,27648,0,0,4150272,0.0,2f112aae798894b9285dfc85fce4415efcde99d4cf997a869bc440fdea967b7a,4863026,1.9997310678334101
case_026,2,L2,600.0,8.104717060999974,/home/dreamboat/npu_r12_verify/NPU_R12/work/par5_L2/case_026_n2_L2/selected_plan.json,/home/dreamboat/npu_r12_verify/NPU_R12/work/par5_L2/case_026_n2_L2/report.json,/home/dreamboat/npu_r12_verify/NPU_R12/work/par5_L2/case_026_n2_L2/indexed_insertion/plan.meta.official.json,39a15de0567031b6ab5793fc8324fb2491e42624f1465ad1527c0299e5383e5d,51165,1301728,1129696,172032,355760,974158,0.2675052146072164,9696e69918323297ee7f9b2a579795691c812ddb41531d93e854382fe7e0bc51,99203,1.9388840027362455
case_027,2,L2,600.0,2.8652024519997212,/home/dreamboat/npu_r12_verify/NPU_R12/work/par1_L2/case_027_n2_L2/selected_plan.json,/home/dreamboat/npu_r12_verify/NPU_R12/work/par1_L2/case_027_n2_L2/report.json,/home/dreamboat/npu_r12_verify/NPU_R12/work/par1_L2/case_027_n2_L2/indexed_insertion/plan.meta.official.json,670c6365d53c3ee12f6c2c0ed37577d065fbec7655dff652ac7c841f58706dbf,1118352,1449984,1449984,0,0,3096576,0.0,7841ec4414a90d5770858e00cfd8ecbaaa002fdf72fb2f12068c5bdcf0f5cde4,2363952,2.113781707369415
case_028,2,L2,600.0,212.34980757599988,/home/dreamboat/npu_r12_verify/NPU_R12/work/par3_L2/case_028_n2_L2/selected_plan.json,/home/dreamboat/npu_r12_verify/NPU_R12/work/par3_L2/case_028_n2_L2/report.json,/home/dreamboat/npu_r12_verify/NPU_R12/work/par3_L2/case_028_n2_L2/indexed_insertion/plan.meta.official.json,9f7e4c79df8f7ee950502593326b4ea728eb0538615709cb9af85947767f4094,20601621,82416768,55850112,26566656,1696632,46150536,0.03545940273831881,40d85733233e56c619c5d900057e62433cfece2b4b9fe761a9c99e4cc6a41c2e,43836040,2.1277956720007616
case_029,2,L2,600.0,6.917508422000537,/home/dreamboat/npu_r12_verify/NPU_R12/work/par1_L2/case_029_n2_L2/selected_plan.json,/home/dreamboat/npu_r12_verify/NPU_R12/work/par1_L2/case_029_n2_L2/report.json,/home/dreamboat/npu_r12_verify/NPU_R12/work/par1_L2/case_029_n2_L2/control/r7/control_r6/control_work/component_ordered_result.official.json,e58d91e31ce51af555aa3f0b5dff9b1ab62230d64cdfbff95fff1f8346e0db8d,19740,0,0,0,0,258132,0.0,8020f5f52bc95eab9d713a5739c095f0e62af89f1ebc5cfef533d1a932597450,37555,1.9024822695035462
case_030,2,L2,600.0,25.76516213600007,/home/dreamboat/npu_r12_verify/NPU_R12/work/par5_L2/case_030_n2_L2/selected_plan.json,/home/dreamboat/npu_r12_verify/NPU_R12/work/par5_L2/case_030_n2_L2/report.json,/home/dreamboat/npu_r12_verify/NPU_R12/work/par5_L2/case_030_n2_L2/control/r7/control_r6/control_work/components_result.official.json,17f64468382b369e0c429182f573ae9730674a6b5042f801f7acbccf5b932184,1403449,7644160,1950720,5693440,4651008,5386240,0.46337482146500714,860db3695c730d396376a7f7a1700f3aaa27478c94365775a048526fbc6d1204,2808034,2.0008094344717904
case_031,2,L2,600.0,53.61104849300045,/home/dreamboat/npu_r12_verify/NPU_R12/work/par1_L2/case_031_n2_L2/selected_plan.json,/home/dreamboat/npu_r12_verify/NPU_R12/work/par1_L2/case_031_n2_L2/report.json,/home/dreamboat/npu_r12_verify/NPU_R12/work/par1_L2/case_031_n2_L2/control/r7/control_r6/control_work/component_ordered_result.official.json,c0f1649e20646f721753dbd86c5dda8395f108289bb86bf109bcf5e09f2c1223,732205,2139648,1731072,408576,1844736,2479732,0.42658102684538307,51685a57acfdc6650dfa23322ec0c0348fd4086df8954d2c567544977de67aaa,1414369,1.9316571178836528
case_032,2,L2,600.0,5.715900800999407,/home/dreamboat/npu_r12_verify/NPU_R12/work/par2_L2/case_032_n2_L2/selected_plan.json,/home/dreamboat/npu_r12_verify/NPU_R12/work/par2_L2/case_032_n2_L2/report.json,/home/dreamboat/npu_r12_verify/NPU_R12/work/par2_L2/case_032_n2_L2/control/r7/control_r6/control_work/component_ordered_result.official.json,c6b3f2276cc6900db796e87b41681f932cb9bb2ccbb251737828eb35c994d4ab,17554,6216,6216,0,6216,279156,0.0217820949497498,b74ac6eee7c214ff563813a0d6407b43182a863ee7182510cba0763b3239dde5,41443,2.3608864076563747
case_033,2,L2,600.0,26.57696978599961,/home/dreamboat/npu_r12_verify/NPU_R12/work/par4_L2/case_033_n2_L2/selected_plan.json,/home/dreamboat/npu_r12_verify/NPU_R12/work/par4_L2/case_033_n2_L2/report.json,/home/dreamboat/npu_r12_verify/NPU_R12/work/par4_L2/case_033_n2_L2/control/r7/control_r6/control_work/component_ordered_result.official.json,27e43df867d73a960d432060be9100ae2759fd448f2fe808e5e491b67cd45f26,896372,3391008,2059296,1331712,2243616,4037168,0.35721909876219277,839cbb743b5129769942c8c3ac97de1386707c3943f170ba8601829a9b4e85b6,1774196,1.9793076981431816
case_034,2,L2,600.0,27.125654700999803,/home/dreamboat/npu_r12_verify/NPU_R12/work/par6_L2/case_034_n2_L2/selected_plan.json,/home/dreamboat/npu_r12_verify/NPU_R12/work/par6_L2/case_034_n2_L2/report.json,/home/dreamboat/npu_r12_verify/NPU_R12/work/par6_L2/case_034_n2_L2/control/r7/control_r6/control_work/component_batch512_result.official.json,0d21cd15fe3b1a340e7bc631ba75d7d4af411120b619757fd988b48ebdb80586,440340,1459712,1238528,221184,1349120,2390576,0.3607565962580916,a4308840ac053daf26f9fd5d1b70e4dc044586084af0bee05bd9741ec83deac3,842996,1.9144206749330064
case_035,2,L2,600.0,25.267868042999908,/home/dreamboat/npu_r12_verify/NPU_R12/work/par1_L2/case_035_n2_L2/selected_plan.json,/home/dreamboat/npu_r12_verify/NPU_R12/work/par1_L2/case_035_n2_L2/report.json,/home/dreamboat/npu_r12_verify/NPU_R12/work/par1_L2/case_035_n2_L2/indexed_insertion/plan.meta.official.json,64d5fe0adaa8657aaaa58d64106e58ef4fe49f972481e90f5866ec19ba5d6c7a,95319,1195418,1195418,0,228910,881156,0.20621296391385738,d623f07942d86842823deb38c1d69fdc3a4074d8c5aed01a4ff44fe39e526809,169571,1.7789842528771809
case_036,2,L2,600.0,5.138173134999306,/home/dreamboat/npu_r12_verify/NPU_R12/work/par3_L2/case_036_n2_L2/selected_plan.json,/home/dreamboat/npu_r12_verify/NPU_R12/work/par3_L2/case_036_n2_L2/report.json,/home/dreamboat/npu_r12_verify/NPU_R12/work/par3_L2/case_036_n2_L2/control/r7/control_r6/control_work/components_result.official.json,5b5d38937c5f39f495c9833d5c014bf710bd31705b7198dd049ca8f5f7ad8167,466068,1152,1152,0,0,3279104,0.0,ac34e96061f44c8342b528828e7119ab973bd14ce983cb7ec48c3f38e76da874,931510,1.998656848356892
case_037,2,L2,600.0,1.5027776309998444,/home/dreamboat/npu_r12_verify/NPU_R12/work/par1_L2/case_037_n2_L2/selected_plan.json,/home/dreamboat/npu_r12_verify/NPU_R12/work/par1_L2/case_037_n2_L2/report.json,/home/dreamboat/npu_r12_verify/NPU_R12/work/par1_L2/case_037_n2_L2/control/r7/control_r6/control_work/components_result.official.json,ad185d6c4b9fb748894d0b538d13955924977265458e7ff6d20e239ae2009d60,105374,204800,204800,0,0,737280,0.0,bfc3552fe3f6e5361b11fe4cbb33f10c6ef82fa6342f78aa5cfbefca22882820,210001,1.992910964754114
case_038,2,L2,600.0,14.111282079000375,/home/dreamboat/npu_r12_verify/NPU_R12/work/par5_L2/case_038_n2_L2/selected_plan.json,/home/dreamboat/npu_r12_verify/NPU_R12/work/par5_L2/case_038_n2_L2/report.json,/home/dreamboat/npu_r12_verify/NPU_R12/work/par5_L2/case_038_n2_L2/control/r7/control_r6/control_work/components_result.official.json,cc543347bb5e85ae966fa33ad0056f657617797e24478d292d1b31be25cc3cc4,681309,6790656,2517504,4273152,2601984,6983178,0.27145957470515364,b8f3b450589fe64dabf6d9d57a76f77c8659d113178ac2fb6b67f034621938e7,1364555,2.0028430565279485
case_039,2,L2,600.0,12.740652479000346,/home/dreamboat/npu_r12_verify/NPU_R12/work/par2_L2/case_039_n2_L2/selected_plan.json,/home/dreamboat/npu_r12_verify/NPU_R12/work/par2_L2/case_039_n2_L2/report.json,/home/dreamboat/npu_r12_verify/NPU_R12/work/par2_L2/case_039_n2_L2/control/r7/control_r6/control_work/components_result.official.json,705b80cee0af4899ddfef2d331a2bdfa8d60579d6b51412e4704ecbeec8eaa69,705615,11067392,4202496,6864896,5652480,9617408,0.3701716738197425,9bd1953d143c293564062a7845a08486c5fd657bd042ecff471da61e6fab4510,1435262,2.03405823288904
case_040,2,L2,600.0,47.289883761000056,/home/dreamboat/npu_r12_verify/NPU_R12/work/par1_L2/case_040_n2_L2/selected_plan.json,/home/dreamboat/npu_r12_verify/NPU_R12/work/par1_L2/case_040_n2_L2/report.json,/home/dreamboat/npu_r12_verify/NPU_R12/work/par1_L2/case_040_n2_L2/indexed_insertion/plan.meta.official.json,4566a042510fc4635e7221ad1833ef902bbe996de89da6ab43e848dd94dd1513,139995,2475470,2475470,0,374020,1968844,0.15964221568131995,1d093b8d5a95e05a0b9c677f8edf402213224d38270f143134a04fe23f16f114,253454,1.8104503732276154
case_041,2,L2,600.0,49.349049117000504,/home/dreamboat/npu_r12_verify/NPU_R12/work/par1_L2/case_041_n2_L2/selected_plan.json,/home/dreamboat/npu_r12_verify/NPU_R12/work/par1_L2/case_041_n2_L2/report.json,/home/dreamboat/npu_r12_verify/NPU_R12/work/par1_L2/case_041_n2_L2/control/r7/control_r6/control_work/components_result.official.json,be2346648c3c702a4d8ede4a69767e5b9a87edaa63c51f9df6e2ed6f0df511ea,2987139,33490944,4893696,28597248,8573952,29865984,0.2230480300487493,f52b30bc32ebf5390cbbda72c6a50797f0fbff073f711c66d8d39942113da17e,6003957,2.0099355938910106
case_042,2,L2,600.0,48.53862437800035,/home/dreamboat/npu_r12_verify/NPU_R12/work/par2_L2/case_042_n2_L2/selected_plan.json,/home/dreamboat/npu_r12_verify/NPU_R12/work/par2_L2/case_042_n2_L2/report.json,/home/dreamboat/npu_r12_verify/NPU_R12/work/par2_L2/case_042_n2_L2/control/r7/control_r6/control_work/components_result.official.json,db5afa81cfe7ab7a4d4e9659a2f5bad0574d7ff2a48a4005933d7f5eb638119f,840258,7262496,2052384,5210112,3975456,5651232,0.412961965735256,dc25faeb7eac6ece769d4c69a683e1dace7e6020b39d997a799e0a22ae434bb6,1686740,2.0074072487259866
case_043,2,L2,600.0,76.64205519700045,/home/dreamboat/npu_r12_verify/NPU_R12/work/par4_L2/case_043_n2_L2/selected_plan.json,/home/dreamboat/npu_r12_verify/NPU_R12/work/par4_L2/case_043_n2_L2/report.json,/home/dreamboat/npu_r12_verify/NPU_R12/work/par4_L2/case_043_n2_L2/indexed_insertion/plan.meta.official.json,76125615d36ea5521775aec57f975fd6a8910a7c40b9e98c919ef42dd8c1aa56,348941,9505206,9505206,0,840774,5834508,0.12595333051098065,8c9612ac484c8e90b52a772334825c349c342e8463ec4ff70aa4cc0c530261d3,677656,1.9420360462083848
case_044,2,L2,600.0,6.419264328000281,/home/dreamboat/npu_r12_verify/NPU_R12/work/par5_L2/case_044_n2_L2/selected_plan.json,/home/dreamboat/npu_r12_verify/NPU_R12/work/par5_L2/case_044_n2_L2/report.json,/home/dreamboat/npu_r12_verify/NPU_R12/work/par5_L2/case_044_n2_L2/control/r7/control_r6/control_work/chainwave_result.official.json,0a822dd5526d7fa12dd8123e22fbdee73506459cba625d307c987a51f87cfcf6,45244,930400,930400,0,6464,1876864,0.0034322221089475653,2965712498820f9eb7034ffae1f6af2ab21eebcd7c42960647eaa0edc0ccceeb,154407,3.4127619131818583
case_045,2,L2,600.0,1.9873125579997577,/home/dreamboat/npu_r12_verify/NPU_R12/work/par4_L2/case_045_n2_L2/selected_plan.json,/home/dreamboat/npu_r12_verify/NPU_R12/work/par4_L2/case_045_n2_L2/report.json,/home/dreamboat/npu_r12_verify/NPU_R12/work/par4_L2/case_045_n2_L2/control/r7/control_r6/control_work/components_result.official.json,71576ced60d311f4d3e2b189d6cf0f68babb7eebff9b666d7b56a2c7d992ab11,63059,0,0,0,0,278528,0.0,b850f72635589788dcdcb783d6ec7df7f6093b0484aa8a71aabc6cfc41874fae,125614,1.99200748505368
case_046,2,L2,600.0,4.329331343000376,/home/dreamboat/npu_r12_verify/NPU_R12/work/par5_L2/case_046_n2_L2/selected_plan.json,/home/dreamboat/npu_r12_verify/NPU_R12/work/par5_L2/case_046_n2_L2/report.json,/home/dreamboat/npu_r12_verify/NPU_R12/work/par5_L2/case_046_n2_L2/control/r7/control_r6/control_work/chainwave_result.official.json,06967c66c6c3827a2a64bdcd0d299f228ebd3bb229910f690db891f11bb77f9e,109740,930400,930400,0,0,1926336,0.0,98fd7db428d02014a6b323dda5b4e5267d62b9b0b8aad1e6f43107b1ead1c138,276455,2.5191817022052123
case_047,2,L2,600.0,70.7213035120003,/home/dreamboat/npu_r12_verify/NPU_R12/work/par2_L2/case_047_n2_L2/selected_plan.json,/home/dreamboat/npu_r12_verify/NPU_R12/work/par2_L2/case_047_n2_L2/report.json,/home/dreamboat/npu_r12_verify/NPU_R12/work/par2_L2/case_047_n2_L2/indexed_insertion/plan.meta.official.json,08f607810479c36265544170c0b6a79edfb11ebffcc39e06083f595605167efb,166346,3012550,3012550,0,148036,1892616,0.07254348120110632,7eacb881270d6c45fe367a54937c3b4fa62fa54cc5f6e9c249c09fdd5f92e368,326508,1.9628244742885312
case_048,2,L2,600.0,20.218545937000272,/home/dreamboat/npu_r12_verify/NPU_R12/work/par5_L2/case_048_n2_L2/selected_plan.json,/home/dreamboat/npu_r12_verify/NPU_R12/work/par5_L2/case_048_n2_L2/report.json,/home/dreamboat/npu_r12_verify/NPU_R12/work/par5_L2/case_048_n2_L2/control/r7/control_r6/critical/critical_02_result.official.json,55914cc3eb773aa778fc9a3e07379918762bb128673c22fb66fca5d410fea6d6,125568,391302,391302,0,135750,546150,0.199076110866696,2f9e837ce1f83730b262da3b764fdac8c8ca3c229f66563a6a5185422b5e35db,222220,1.7697183995922527
case_049,2,L2,600.0,60.075972341000124,/home/dreamboat/npu_r12_verify/NPU_R12/work/par5_L2/case_049_n2_L2/selected_plan.json,/home/dreamboat/npu_r12_verify/NPU_R12/work/par5_L2/case_049_n2_L2/report.json,/home/dreamboat/npu_r12_verify/NPU_R12/work/par5_L2/case_049_n2_L2/indexed_insertion/plan.meta.official.json,4f4d3cc81d9b74ebe3385121fef33a1ac0863c85215f1f4cba184b33eff0b2e2,106108,2803330,2803330,0,28708,1540584,0.01829359991639542,4342eb61e1c6fa7c7d30f51598317ccb2858ef55bac46cfda7a752eafc5ce20b,196276,1.8497757002299544
case_050,2,L2,600.0,84.54289332799999,/home/dreamboat/npu_r12_verify/NPU_R12/work/par2_L2/case_050_n2_L2/selected_plan.json,/home/dreamboat/npu_r12_verify/NPU_R12/work/par2_L2/case_050_n2_L2/report.json,/home/dreamboat/npu_r12_verify/NPU_R12/work/par2_L2/case_050_n2_L2/indexed_insertion/plan.meta.official.json,6e4fe89a1415dabb40baf6c3942877577d3ab27ccbe41ad9c605a02cacaebe1a,76865,1958198,1896438,61760,240358,1175374,0.1697764831196865,714ef65161175f872fd2a5f744549d53667ea6e37c09edc34a1bca729c5551cd,149690,1.947440317439667
case_051,2,L2,600.0,13.134450354000364,/home/dreamboat/npu_r12_verify/NPU_R12/work/par6_L2/case_051_n2_L2/selected_plan.json,/home/dreamboat/npu_r12_verify/NPU_R12/work/par6_L2/case_051_n2_L2/report.json,/home/dreamboat/npu_r12_verify/NPU_R12/work/par6_L2/case_051_n2_L2/indexed_insertion/plan.meta.official.json,24ea335a358c03b5f52cc97b227445ceb3ca8d3ff10576f5646f74c487de802d,317922,394076,394076,0,393216,393646,0.4997267627614499,96f13a7bd51d65c861cd2a520ecdaac972a16f0e8983d43f6b56bdb9ad7caed5,607628,1.9112486710576808
case_052,2,L2,600.0,6.715659399999822,/home/dreamboat/npu_r12_verify/NPU_R12/work/par2_L2/case_052_n2_L2/selected_plan.json,/home/dreamboat/npu_r12_verify/NPU_R12/work/par2_L2/case_052_n2_L2/report.json,/home/dreamboat/npu_r12_verify/NPU_R12/work/par2_L2/case_052_n2_L2/control/r7/control_r6/control_work/component_ordered_result.official.json,2c9f81f0eeba17714fd13ebd9714b6c94ff351751576af200c7339227b104c38,86703,102912,102912,0,78336,834620,0.08580479234486657,cb49460fd7775616a12548b9f8bc2cb693336570377752be40d65a3c2bf969d7,180301,2.079524353251906
case_053,2,L2,600.0,63.59809572300037,/home/dreamboat/npu_r12_verify/NPU_R12/work/par6_L2/case_053_n2_L2/selected_plan.json,/home/dreamboat/npu_r12_verify/NPU_R12/work/par6_L2/case_053_n2_L2/report.json,/home/dreamboat/npu_r12_verify/NPU_R12/work/par6_L2/case_053_n2_L2/control/r7/control_r6/control_work/chainwave_result.official.json,d48e4d94144fa6468a4b3d061c0f08a838d73a74569b52d1a2f70233551ff712,728352,5317152,5317152,0,732420,5578860,0.11604935924249915,9c833b70d5467e5444a749a177a45651e6f3510a5e417b03c660538038adb33b,1472686,2.021942687052414
case_054,2,L2,600.0,79.36176778200024,/home/dreamboat/npu_r12_verify/NPU_R12/work/par4_L2/case_054_n2_L2/selected_plan.json,/home/dreamboat/npu_r12_verify/NPU_R12/work/par4_L2/case_054_n2_L2/report.json,/home/dreamboat/npu_r12_verify/NPU_R12/work/par4_L2/case_054_n2_L2/indexed_insertion/plan.meta.official.json,961a56672457770aa2f6b8086f96f74dff3744eb6c6b182c2bd0ee111204f8fa,438266,8276074,8276074,0,131142,5685336,0.022546633890818464,84feba23afcbfa582af16bebd9cc1c82ff396d1cd2777a8db5a4f64e13ff4a19,815051,1.8597176144168153
case_055,2,L2,600.0,7.653159584000605,/home/dreamboat/npu_r12_verify/NPU_R12/work/par5_L2/case_055_n2_L2/selected_plan.json,/home/dreamboat/npu_r12_verify/NPU_R12/work/par5_L2/case_055_n2_L2/report.json,/home/dreamboat/npu_r12_verify/NPU_R12/work/par5_L2/case_055_n2_L2/indexed_insertion/plan.meta.official.json,6187076c384dd477658808cb87bbd523babb30577741b3401ee4a6442f167b94,55755,852212,852212,0,244744,936338,0.2072201591422103,da4fb88cc40ac877e3a66beb06eb3fbb23a3064c1d6918098f16d048b8bc7de5,118835,2.1313783517173346
case_056,2,L2,600.0,147.02895291599998,/home/dreamboat/npu_r12_verify/NPU_R12/work/par3_L2/case_056_n2_L2/selected_plan.json,/home/dreamboat/npu_r12_verify/NPU_R12/work/par3_L2/case_056_n2_L2/report.json,/home/dreamboat/npu_r12_verify/NPU_R12/work/par3_L2/case_056_n2_L2/indexed_insertion/plan.meta.official.json,d49c801756e54d8b7777fed744ccd36dd8d8f6ea7ab5b7f0e831c30a95baafca,147676,3622398,3622398,0,93698,1987174,0.045028238161693754,4f0d3bc3801f7ea15d91309f2e5549f95ac8e571cb5f5278a97fbe65357d1c1e,277285,1.8776578455537798
case_057,2,L2,600.0,7.873912856000061,/home/dreamboat/npu_r12_verify/NPU_R12/work/par3_L2/case_057_n2_L2/selected_plan.json,/home/dreamboat/npu_r12_verify/NPU_R12/work/par3_L2/case_057_n2_L2/report.json,/home/dreamboat/npu_r12_verify/NPU_R12/work/par3_L2/case_057_n2_L2/indexed_insertion/plan.meta.official.json,d2ded8694bf51454dd1585635e96a053e60833b236f15a0731e956e6717f8951,29987,416890,416890,0,237230,426418,0.35746359515887943,f3613c982abcca3c5a431b1aeab6984372d0a651d14cd2546a5b0148646d0650,59726,1.9917297495581419
case_058,2,L2,600.0,210.88589756500005,/home/dreamboat/npu_r12_verify/NPU_R12/work/par2_L2/case_058_n2_L2/selected_plan.json,/home/dreamboat/npu_r12_verify/NPU_R12/work/par2_L2/case_058_n2_L2/report.json,/home/dreamboat/npu_r12_verify/NPU_R12/work/par2_L2/case_058_n2_L2/control/extra/m2_ordered_2048.official.json,21bc4af3e8b4789057ea28bd9753ebb2e08b5c9158e5ecb2ccc91a2310539d15,2260689,30621696,6623232,23998464,3289088,33955840,0.08830968877158253,d0a7be40081ae225f6bb8a27e7f7bdf13d809bbb93277bf93f90d17238eac15d,4539717,2.008112128647505
case_059,2,L2,600.0,3.648292984999898,/home/dreamboat/npu_r12_verify/NPU_R12/work/par5_L2/case_059_n2_L2/selected_plan.json,/home/dreamboat/npu_r12_verify/NPU_R12/work/par5_L2/case_059_n2_L2/report.json,/home/dreamboat/npu_r12_verify/NPU_R12/work/par5_L2/case_059_n2_L2/control/r7/control_r6/control_work/components_result.official.json,2cf1a3e1f97c5f34ae1c22274c672b29c4fbaca9447daf9b6d87b1db75a45043,369318,360448,360448,0,0,1441792,0.0,3200d155277f10d0cb598b97cddd545f1722a17666c056bcced9e6901583d5cd,829473,2.2459587672412393
case_060,2,L2,600.0,39.16576994600109,/home/dreamboat/npu_r12_verify/NPU_R12/work/par6_L2/case_060_n2_L2/selected_plan.json,/home/dreamboat/npu_r12_verify/NPU_R12/work/par6_L2/case_060_n2_L2/report.json,/home/dreamboat/npu_r12_verify/NPU_R12/work/par6_L2/case_060_n2_L2/control/r7/control_r6/control_work/component_ordered_result.official.json,63097437c7ce1b1e860b6bbd6bc5bfa622c8669ba13ca529c0f22100f67aa629,472697,1255552,1198080,57472,1002496,2351784,0.29887069654292425,6fde7e2c366d58de0003f05b6227d66d890c5fbb185a477c23bae6a988929f75,888789,1.880250985303482
case_061,2,L2,600.0,6.3828583839986095,/home/dreamboat/npu_r12_verify/NPU_R12/work/par4_L2/case_061_n2_L2/selected_plan.json,/home/dreamboat/npu_r12_verify/NPU_R12/work/par4_L2/case_061_n2_L2/report.json,/home/dreamboat/npu_r12_verify/NPU_R12/work/par4_L2/case_061_n2_L2/control/r7/control_r6/control_work/components_result.official.json,852a4d02eeae4a8cdf729b1a07755ec8e201cec36a948c89107889f6e7e6cb36,39272,34560,34560,0,34560,544036,0.05973079661802017,9a5376794d172f599f3fca41856993c1e0b26e3089fef76f54627b3c270a117e,77191,1.9655479731106131
case_062,2,L2,600.0,108.73686074699981,/home/dreamboat/npu_r12_verify/NPU_R12/work/par6_L2/case_062_n2_L2/selected_plan.json,/home/dreamboat/npu_r12_verify/NPU_R12/work/par6_L2/case_062_n2_L2/report.json,/home/dreamboat/npu_r12_verify/NPU_R12/work/par6_L2/case_062_n2_L2/indexed_insertion/plan.meta.official.json,b74a0dc2ff2e46982e768d3ba020be8f540f7a4044f0657cbc1a1ec9b56232bd,1572635,10856448,6678528,4177920,0,18828288,0.0,6fd53d7817dbab0aa8a9fd513fede0684f3bcb093c3f5016fe83740a7cd40053,2854809,1.8153029787585804
case_063,2,L2,600.0,97.10493728399979,/home/dreamboat/npu_r12_verify/NPU_R12/work/par3_L2/case_063_n2_L2/selected_plan.json,/home/dreamboat/npu_r12_verify/NPU_R12/work/par3_L2/case_063_n2_L2/report.json,/home/dreamboat/npu_r12_verify/NPU_R12/work/par3_L2/case_063_n2_L2/indexed_insertion/plan.meta.official.json,3fc85d723ddd3e525a4e8cb81b3dc10953d0d4ab8bef4d604a9613b863b46878,575202,3323904,2497536,826368,0,6681600,0.0,5e0549e47218cd6322407b7bd6a7d2be83ff5f04186ee88a00c08bbbca34cfbe,1070397,1.8609062555415314
case_064,2,L2,600.0,9.63759330799985,/home/dreamboat/npu_r12_verify/NPU_R12/work/par2_L2/case_064_n2_L2/selected_plan.json,/home/dreamboat/npu_r12_verify/NPU_R12/work/par2_L2/case_064_n2_L2/report.json,/home/dreamboat/npu_r12_verify/NPU_R12/work/par2_L2/case_064_n2_L2/indexed_insertion/plan.meta.official.json,1994ed28e5beaea1190b833cfe1f08b1cc2d567c4d41959e87d3f887c57cc787,13417,95590,95590,0,8486,79174,0.09680584074834588,6699084f5681c70188d228da3b2dd03667fc183783280910162f8f6e8cbbb116,19116,1.424759633301036
case_065,2,L2,600.0,4.162955341999805,/home/dreamboat/npu_r12_verify/NPU_R12/work/par5_L2/case_065_n2_L2/selected_plan.json,/home/dreamboat/npu_r12_verify/NPU_R12/work/par5_L2/case_065_n2_L2/report.json,/home/dreamboat/npu_r12_verify/NPU_R12/work/par5_L2/case_065_n2_L2/control/r7/control_r6/control_work/component_ordered_result.official.json,1c858321520305d16d78e952605eae45a6afab226f9b5fd4c66d10d4aa5a77ba,22021,13968,13968,0,13968,299720,0.044528321134375555,4e01fa279125da21342c2ba53f4a9ee404d298b071617a3537033232e0834de1,53068,2.409881476772172
case_066,2,L2,600.0,96.71669242600001,/home/dreamboat/npu_r12_verify/NPU_R12/work/par3_L2/case_066_n2_L2/selected_plan.json,/home/dreamboat/npu_r12_verify/NPU_R12/work/par3_L2/case_066_n2_L2/report.json,/home/dreamboat/npu_r12_verify/NPU_R12/work/par3_L2/case_066_n2_L2/indexed_insertion/plan.meta.official.json,f10c7d2a35906f751bd68d82245ad491d2facd58f4556041e77a7969cfd6c6af,189749,3937564,3937564,0,243626,2971942,0.07576453055883128,497d5d560482374958018660bbd83b90ca7beb0b5caa035216bd07f3dd4172b6,359070,1.8923419886270811
case_067,2,L2,600.0,100.28773792300035,/home/dreamboat/npu_r12_verify/NPU_R12/work/par2_L2/case_067_n2_L2/selected_plan.json,/home/dreamboat/npu_r12_verify/NPU_R12/work/par2_L2/case_067_n2_L2/report.json,/home/dreamboat/npu_r12_verify/NPU_R12/work/par2_L2/case_067_n2_L2/local_microbatch/affinity_window8.plan.meta.official.json,d6a9344e452d73fb0ef3b493738b072aae88ec959b304b84ff8f4aabc5e175be,30483124,148560256,37964160,110596096,105316864,27181312,0.7948551986104322,f7f367ee2be7da20932e81dedfb9c3f437c3aa09f7f668d94a7f54a030430abb,63834834,2.0941040688611836
case_068,2,L2,600.0,81.5237926209993,/home/dreamboat/npu_r12_verify/NPU_R12/work/par1_L2/case_068_n2_L2/selected_plan.json,/home/dreamboat/npu_r12_verify/NPU_R12/work/par1_L2/case_068_n2_L2/report.json,/home/dreamboat/npu_r12_verify/NPU_R12/work/par1_L2/case_068_n2_L2/indexed_insertion/plan.meta.official.json,ab7bacf434cf9cb1a212d85212d533daa8c78bc95ebcb5b52a3125b8eaf29a3e,198360,3519186,3471050,48136,515414,4415940,0.1045177450249972,52ca6d57b98d6cc85de67edc1f10ac8071205476d93598f4bdc9c55abf84fbb7,362095,1.8254436378302077
case_069,2,L2,600.0,7.729562163999617,/home/dreamboat/npu_r12_verify/NPU_R12/work/par3_L2/case_069_n2_L2/selected_plan.json,/home/dreamboat/npu_r12_verify/NPU_R12/work/par3_L2/case_069_n2_L2/report.json,/home/dreamboat/npu_r12_verify/NPU_R12/work/par3_L2/case_069_n2_L2/control/r7/control_r6/control_work/chainwave_result.official.json,6033cd517c4a1a203a0a22c92f98aeb96e088d4b3492ec059ee88bbc46243f9e,16094,233732,233732,0,52994,206488,0.20422996585504968,ca3b876cfcb9015a81f5e2bfb630cb495bc51c935adb1663bd14beeabf96e9c6,25144,1.5623213619982603
case_070,2,L2,600.0,7.49703717400007,/home/dreamboat/npu_r12_verify/NPU_R12/work/par1_L2/case_070_n2_L2/selected_plan.json,/home/dreamboat/npu_r12_verify/NPU_R12/work/par1_L2/case_070_n2_L2/report.json,/home/dreamboat/npu_r12_verify/NPU_R12/work/par1_L2/case_070_n2_L2/control/r7/control_r6/control_work/components_result.official.json,73765b0efe99936055b5e5643ea76cec699ce06e1c989ec5b05cfafed9dab0d1,58234,129536,129536,0,104960,444434,0.19104686254309294,8d97875daa7f39b19dfb52f1820d0a0468581cd30e5af611520624f1ff50d133,117300,2.014287186179895
case_071,2,L2,600.0,7.059815386999617,/home/dreamboat/npu_r12_verify/NPU_R12/work/par1_L2/case_071_n2_L2/selected_plan.json,/home/dreamboat/npu_r12_verify/NPU_R12/work/par1_L2/case_071_n2_L2/report.json,/home/dreamboat/npu_r12_verify/NPU_R12/work/par1_L2/case_071_n2_L2/control/r7/control_r6/critical/critical_00_result.official.json,3d2379d9d957d16fc107b2f2fe4774ec4cb001eff1569d3de352a1bede02ee7f,12813,208452,208452,0,71524,179926,0.2844462119705707,da7dcc23eeda21266297f4fbcfbd905a7e9a83678903f46931bbdfdc3c327dc3,18919,1.4765472566924218
case_072,2,L2,600.0,301.0510913970011,/home/dreamboat/npu_r12_verify/NPU_R12/work/par4_L2/case_072_n2_L2/selected_plan.json,/home/dreamboat/npu_r12_verify/NPU_R12/work/par4_L2/case_072_n2_L2/report.json,/home/dreamboat/npu_r12_verify/NPU_R12/work/par4_L2/case_072_n2_L2/control/r7/control_r6/control_work/components_result.official.json,760fa8e002784c7b9db40f11aac645caab8f45ba21444d7721284c024df62a00,11826643,113724192,10948952,102775240,15499264,109317934,0.1241757085429846,507f78353ce9e620c628e8d762941b74302755deb6e90c82f284e5fadfe61c61,23897828,2.0206772116144878
case_073,2,L2,600.0,39.316321332999905,/home/dreamboat/npu_r12_verify/NPU_R12/work/par1_L2/case_073_n2_L2/selected_plan.json,/home/dreamboat/npu_r12_verify/NPU_R12/work/par1_L2/case_073_n2_L2/report.json,/home/dreamboat/npu_r12_verify/NPU_R12/work/par1_L2/case_073_n2_L2/local_microbatch/affinity_window8.plan.meta.official.json,7023972213114caec8e24d1eff7d0627052eef3e92f8890b624789de63f8783c,4270350,36216704,7985536,28231168,29771392,8021120,0.787759014272457,74a58dcd2bb367a144ded721f180355d83c6727653ee094f6873a175f7c6dc0f,10081626,2.3608430222347114
case_074,2,L2,600.0,11.454032112999812,/home/dreamboat/npu_r12_verify/NPU_R12/work/par2_L2/case_074_n2_L2/selected_plan.json,/home/dreamboat/npu_r12_verify/NPU_R12/work/par2_L2/case_074_n2_L2/report.json,/home/dreamboat/npu_r12_verify/NPU_R12/work/par2_L2/case_074_n2_L2/control/r7/control_r6/control_work/component_ordered_result.official.json,702542beb8c7a5758150b3cd7ba1faa8f443a37fcbea97632494604ffba40b87,803065,3747840,2285568,1462272,1945600,5578776,0.25857293681230176,6385d2ecb732c43241b2c3a266276d0e664b7ed0a0ced3c76ce3344f17efef0a,1682239,2.094773150367654
case_075,2,L2,600.0,115.14213870999993,/home/dreamboat/npu_r12_verify/NPU_R12/work/par4_L2/case_075_n2_L2/selected_plan.json,/home/dreamboat/npu_r12_verify/NPU_R12/work/par4_L2/case_075_n2_L2/report.json,/home/dreamboat/npu_r12_verify/NPU_R12/work/par4_L2/case_075_n2_L2/indexed_insertion/plan.meta.official.json,b7384970b4cea273fe51998ad2b1c6325f014cc1c70836120d937ba3c3f4975d,727824,7124774,7124774,0,377986,5209562,0.06764791998207442,c7e5e598806fe3911da579666a4193bc57bc103f9bd00f58d5cb312bbe7682e2,1441809,1.9809857877728683
case_076,2,L2,600.0,126.96378894400004,/home/dreamboat/npu_r12_verify/NPU_R12/work/par2_L2/case_076_n2_L2/selected_plan.json,/home/dreamboat/npu_r12_verify/NPU_R12/work/par2_L2/case_076_n2_L2/report.json,/home/dreamboat/npu_r12_verify/NPU_R12/work/par2_L2/case_076_n2_L2/control/r7/control_r6/control_work/components_result.official.json,c43a8fe67918e52a15d9985af3d50b4709df0088b6e648065823d08dbfd50938,3063843,31095808,4074496,27021312,9859072,25505792,0.27878156126940007,3a3224a0dd86e2d430ebd2366a8d31d9e829d5a170e928581005d0ebce5c2f46,6185113,2.0187434538910773
case_077,2,L2,600.0,18.9312874999996,/home/dreamboat/npu_r12_verify/NPU_R12/work/par4_L2/case_077_n2_L2/selected_plan.json,/home/dreamboat/npu_r12_verify/NPU_R12/work/par4_L2/case_077_n2_L2/report.json,/home/dreamboat/npu_r12_verify/NPU_R12/work/par4_L2/case_077_n2_L2/control/r7/control_r6/control_work/components_result.official.json,ba45fd68cc63d787597e8cf9b7a2056ac794b92c74af512fc8517d629da2f2f6,250735,57344,57344,0,57344,2141260,0.026082004763022353,f60de3decba3eb2428b8f12262bc78fbddef0a5ad6ad1affa793166154112d9a,495320,1.9754721119907472
case_078,2,L2,600.0,4.5658059339994,/home/dreamboat/npu_r12_verify/NPU_R12/work/par2_L2/case_078_n2_L2/selected_plan.json,/home/dreamboat/npu_r12_verify/NPU_R12/work/par2_L2/case_078_n2_L2/report.json,/home/dreamboat/npu_r12_verify/NPU_R12/work/par2_L2/case_078_n2_L2/control/r7/control_r6/control_work/chainwave_result.official.json,8cd04e1b073049a37c096954ece854b449990c9fb933000757c431a6230a256f,1051374,2148480,2148480,0,0,4395264,0.0,e49d0f3fcab827ce5128442e68e204e10c4e6c9b1e2af53d37181ea4c0bfb2c8,2296143,2.1839450091023744
case_079,2,L2,600.0,193.85992369799988,/home/dreamboat/npu_r12_verify/NPU_R12/work/par5_L2/case_079_n2_L2/selected_plan.json,/home/dreamboat/npu_r12_verify/NPU_R12/work/par5_L2/case_079_n2_L2/report.json,/home/dreamboat/npu_r12_verify/NPU_R12/work/par5_L2/case_079_n2_L2/control/r7/control_r6/control_work/component_batch512_result.official.json,e33dbbd27e68e3fe9da242a80e2bb35df8473f1c305f1b443c918ca0a733923a,15446486,31780864,3649536,28131328,0,37593088,0.0,f601e5125b26a12a3d33afedab1d980fb871199bf20dcc4b7b87a57c6c473f1e,31052251,2.010311665708304
case_080,2,L2,600.0,2.226957394999772,/home/dreamboat/npu_r12_verify/NPU_R12/work/par6_L2/case_080_n2_L2/selected_plan.json,/home/dreamboat/npu_r12_verify/NPU_R12/work/par6_L2/case_080_n2_L2/report.json,/home/dreamboat/npu_r12_verify/NPU_R12/work/par6_L2/case_080_n2_L2/control/r7/control_r6/control_work/components_result.official.json,1351e9834c37fb97b8ddbd24f4a41c1b0f00608d4aa242bd92b4553cfd68fc93,145674,2191360,1904640,286720,1785856,2310144,0.436,da8c8fdc4eb45b7b4f9bd8aa5608faecb0652ca249eafb06a355f900db29807c,292138,2.005423067946236
case_081,2,L2,600.0,5.684517203999349,/home/dreamboat/npu_r12_verify/NPU_R12/work/par5_L2/case_081_n2_L2/selected_plan.json,/home/dreamboat/npu_r12_verify/NPU_R12/work/par5_L2/case_081_n2_L2/report.json,/home/dreamboat/npu_r12_verify/NPU_R12/work/par5_L2/case_081_n2_L2/control/r7/control_r6/control_work/components_result.official.json,4e20da7d2e3c74343896ea44826877e62c262476157504c8a9baabae2c20c5e8,76860,0,0,0,0,1044820,0.0,bcaa7622e5d88c81e1c2900fd0b3a5f2f6d6ec88ae724d03ef360e63b8e8243b,151795,1.9749544626593807
case_082,2,L2,600.0,54.28233706100036,/home/dreamboat/npu_r12_verify/NPU_R12/work/par1_L2/case_082_n2_L2/selected_plan.json,/home/dreamboat/npu_r12_verify/NPU_R12/work/par1_L2/case_082_n2_L2/report.json,/home/dreamboat/npu_r12_verify/NPU_R12/work/par1_L2/case_082_n2_L2/indexed_insertion/plan.meta.official.json,3bd41761aa24e706d5901c1ea6503d8d4b618930462000e405c57ff4fd0f0f7e,387499,3234278,3234278,0,106628,2146616,0.04732199442226408,2758ddd24e58f0818c271a5124b617cfa0961af542f7e798c8669f427b637e5c,721041,1.860755769692309
case_083,2,L2,600.0,19.227305161000004,/home/dreamboat/npu_r12_verify/NPU_R12/work/par3_L2/case_083_n2_L2/selected_plan.json,/home/dreamboat/npu_r12_verify/NPU_R12/work/par3_L2/case_083_n2_L2/report.json,/home/dreamboat/npu_r12_verify/NPU_R12/work/par3_L2/case_083_n2_L2/control/r7/control_r6/control_work/chainwave_result.official.json,49aa9992c7db3febbb8cd308bb0591f718fa7702db9154d30d5760f6a3784db8,433240,930400,930400,0,930112,1184640,0.43982083951215084,8570bf01ca1fa11d8f2dd7dde770ebb32068a44adf3550aca372f60197210208,1057993,2.4420482873234235
case_084,2,L2,600.0,99.58029880200047,/home/dreamboat/npu_r12_verify/NPU_R12/work/par3_L2/case_084_n2_L2/selected_plan.json,/home/dreamboat/npu_r12_verify/NPU_R12/work/par3_L2/case_084_n2_L2/report.json,/home/dreamboat/npu_r12_verify/NPU_R12/work/par3_L2/case_084_n2_L2/control/r7/control_r6/control_work/chainwave_result.official.json,af7e824394e2e6520a01e74ba3d1e8393b6971c145faa672eee5bc6f14ee72c0,1168951,28717440,0,28717440,0,28991274,0.0,0d7742b63f0e48193bd83c9be902107d0ef02c1aaa18c4517c817ebee54d1f3b,2507412,2.1450103554383375
case_085,2,L2,600.0,83.07018477499878,/home/dreamboat/npu_r12_verify/NPU_R12/work/par4_L2/case_085_n2_L2/selected_plan.json,/home/dreamboat/npu_r12_verify/NPU_R12/work/par4_L2/case_085_n2_L2/report.json,/home/dreamboat/npu_r12_verify/NPU_R12/work/par4_L2/case_085_n2_L2/control/r7/control_r6/control_work/chainwave_result.official.json,52aa0a7484c9cee88df012f2e415cc702ced2dc9ff94ed0bb2a6be00b5458f00,1810773,9335690,7981254,1354436,327738,6217334,0.05007400988102194,3d466a757218c73325bdff507d23090cafcf3bc3ed773a338de2a730cc4fdd30,3187899,1.7605182979865506
case_086,2,L2,600.0,58.13451594899925,/home/dreamboat/npu_r12_verify/NPU_R12/work/par5_L2/case_086_n2_L2/selected_plan.json,/home/dreamboat/npu_r12_verify/NPU_R12/work/par5_L2/case_086_n2_L2/report.json,/home/dreamboat/npu_r12_verify/NPU_R12/work/par5_L2/case_086_n2_L2/control/r7/control_r6/critical/critical_00_result.official.json,fb19163b494b0850f5b46def8b79079b82f5523dedd880b16b56c76ced92256b,67520,1185860,1185860,0,117506,907192,0.11467378681328548,49e3186442579a399a769964e39a95f1a79424cd9ac27b0438afdad6868f8c3d,118403,1.7535989336492892
case_087,2,L2,600.0,224.6255956139994,/home/dreamboat/npu_r12_verify/NPU_R12/work/par5_L2/case_087_n2_L2/selected_plan.json,/home/dreamboat/npu_r12_verify/NPU_R12/work/par5_L2/case_087_n2_L2/report.json,/home/dreamboat/npu_r12_verify/NPU_R12/work/par5_L2/case_087_n2_L2/control/r7/control_r6/control_work/components_result.official.json,7ad6e2799e125d81efaa750e580fb6fee5c30674d4d65c9a4b4515184b456c92,1984150,10142208,2004480,8137728,4746240,11314652,0.29551534248533645,d5156ca2a77b1d8120aa93eaabe6f36fc14f6cd3836292f2d44ae8b33ee29650,3974071,2.002908550260817
case_088,2,L2,600.0,36.82189907400061,/home/dreamboat/npu_r12_verify/NPU_R12/work/par6_L2/case_088_n2_L2/selected_plan.json,/home/dreamboat/npu_r12_verify/NPU_R12/work/par6_L2/case_088_n2_L2/report.json,/home/dreamboat/npu_r12_verify/NPU_R12/work/par6_L2/case_088_n2_L2/indexed_insertion/plan.meta.official.json,7fa005e66666f767f5a69a64390c5200cbaf50c31c83acf144cbd30f981cb49a,133573,2582030,2582030,0,374470,3043078,0.10957271119527802,8cfeeaad5b0efb3dc1974c4dbf3e3034fc96df18eb49c9272be165bc15539662,243623,1.8238940504443264
case_089,2,L2,600.0,22.75069175200042,/home/dreamboat/npu_r12_verify/NPU_R12/work/par3_L2/case_089_n2_L2/selected_plan.json,/home/dreamboat/npu_r12_verify/NPU_R12/work/par3_L2/case_089_n2_L2/report.json,/home/dreamboat/npu_r12_verify/NPU_R12/work/par3_L2/case_089_n2_L2/control/r7/control_r6/control_work/chainwave_result.official.json,43166b1d48f4ce0ac19be0c72133a316b531959fef6a76d66b19565b43a41f6d,329430,238720,238720,0,0,641280,0.0,312c4302e2838b3128b33cacc5695675d3e7dceb766528f8ee10316f13fbd37c,693092,2.103912819111799
case_090,2,L2,600.0,12.750316263998684,/home/dreamboat/npu_r12_verify/NPU_R12/work/par6_L2/case_090_n2_L2/selected_plan.json,/home/dreamboat/npu_r12_verify/NPU_R12/work/par6_L2/case_090_n2_L2/report.json,/home/dreamboat/npu_r12_verify/NPU_R12/work/par6_L2/case_090_n2_L2/control/r7/control_r6/critical/critical_00_result.official.json,d3e4150027476895ea107d377533abef92faa83d3c9137e5b4d1d6a963aafafe,456431,2341200,2341200,0,1608120,2823192,0.36289929483638256,945430b6cc40b8ecca266615487ce0caf9f77fefe7aec49cf686774c9b6aa384,1178363,2.5816892367082866
case_091,2,L2,600.0,106.56233226399854,/home/dreamboat/npu_r12_verify/NPU_R12/work/par3_L2/case_091_n2_L2/selected_plan.json,/home/dreamboat/npu_r12_verify/NPU_R12/work/par3_L2/case_091_n2_L2/report.json,/home/dreamboat/npu_r12_verify/NPU_R12/work/par3_L2/case_091_n2_L2/control/r7/control_r6/control_work/components_result.official.json,4da776ed4d298cc4144a0856a6db8a5a6f52a1c63d729d9b5a9c5bb075c0c8b8,4569395,57904096,6478336,51425760,11590464,52849312,0.17986505725904448,3ca69de9ab8c8e3df29ff4dd912cacb8135f41fe1f43cae134fa6544532b9986,9186769,2.010500077143692
case_092,2,L2,600.0,101.7904917779997,/home/dreamboat/npu_r12_verify/NPU_R12/work/par6_L2/case_092_n2_L2/selected_plan.json,/home/dreamboat/npu_r12_verify/NPU_R12/work/par6_L2/case_092_n2_L2/report.json,/home/dreamboat/npu_r12_verify/NPU_R12/work/par6_L2/case_092_n2_L2/control/r7/control_r6/control_work/chainwave_result.official.json,79760fe97877518b78062c7ba6674a1e2bca3abccd29d0cd451fdc38e65a9907,2161490,16642656,930400,15712256,98304,11150528,0.008739040639952664,8717c8dad8c8c651a6153bb0315fb6ee902ac039494d871c561d203d4ba46278,4815554,2.227886319159469
case_093,2,L2,600.0,1.2600070960015728,/home/dreamboat/npu_r12_verify/NPU_R12/work/par3_L2/case_093_n2_L2/selected_plan.json,/home/dreamboat/npu_r12_verify/NPU_R12/work/par3_L2/case_093_n2_L2/report.json,/home/dreamboat/npu_r12_verify/NPU_R12/work/par3_L2/case_093_n2_L2/control/r7/control_r6/control_work/components_result.official.json,7e4a4c78b1445e504cb1cd87637967ce2b3f5d20b63cc8627a92bfa8003c8587,37827,8192,8192,0,0,581632,0.0,d7592e5c94aa602ccbfbdcd528f570f39f3f317c88160c7621b9459efbb2a5d6,74205,1.9616940280751844
case_094,2,L2,600.0,3.412672159000067,/home/dreamboat/npu_r12_verify/NPU_R12/work/par4_L2/case_094_n2_L2/selected_plan.json,/home/dreamboat/npu_r12_verify/NPU_R12/work/par4_L2/case_094_n2_L2/report.json,/home/dreamboat/npu_r12_verify/NPU_R12/work/par4_L2/case_094_n2_L2/control/r7/control_r6/control_work/component_ordered_result.official.json,be3ccb0e7b5ba74920f466240bca5865111fcc76a830fae1f2ccd19da2a3ee49,48430,106272,106272,0,106272,471328,0.18398891966759004,b28a1cc8b148cf1b0d8b40a3a1699c632b317e982cc4c959127c21e5a3c96e8c,94892,1.9593640305595705
case_095,2,L2,600.0,19.02759465100098,/home/dreamboat/npu_r12_verify/NPU_R12/work/par4_L2/case_095_n2_L2/selected_plan.json,/home/dreamboat/npu_r12_verify/NPU_R12/work/par4_L2/case_095_n2_L2/report.json,/home/dreamboat/npu_r12_verify/NPU_R12/work/par4_L2/case_095_n2_L2/control/r7/control_r6/control_work/component_batch512_result.official.json,bb68a590ac87fd7bd1454e3219f6d3c86e3511d4ea9bf6b8622a3ca3b1294bb6,1042890,0,0,0,0,8516508,0.0,dda49d4dd589f36e73116ada0d0b528e2f03e0b278d83bad56be19176f3944c6,2084853,1.9991111238960964
case_096,2,L2,600.0,5.852252495998982,/home/dreamboat/npu_r12_verify/NPU_R12/work/par3_L2/case_096_n2_L2/selected_plan.json,/home/dreamboat/npu_r12_verify/NPU_R12/work/par3_L2/case_096_n2_L2/report.json,/home/dreamboat/npu_r12_verify/NPU_R12/work/par3_L2/case_096_n2_L2/indexed_insertion/plan.meta.official.json,7ba98c5b109b9ea6e7c5121b5230ef216558d9bd2e50332ad5ca1af5b2212de2,40991,719692,719692,0,113472,531802,0.17585087885146464,7d6c8d93656667c6f9149797b5a2553b70d8baae1569c1c0aa06a5236aeba61d,84194,2.0539630650630625
case_097,2,L2,600.0,48.49281456200151,/home/dreamboat/npu_r12_verify/NPU_R12/work/par1_L2/case_097_n2_L2/selected_plan.json,/home/dreamboat/npu_r12_verify/NPU_R12/work/par1_L2/case_097_n2_L2/report.json,/home/dreamboat/npu_r12_verify/NPU_R12/work/par1_L2/case_097_n2_L2/control/r7/control_r6/control_work/component_batch512_result.official.json,f0bdd69ff6361d2c8a1726029f5f3400fbbdaa1f8e6f49d1991ef45023f3b25c,5617602,11796480,2555904,9240576,0,16056320,0.0,f13c1f1a4be8ad934331a08dffc70918acbcdf30e8b70f3a4d71d3dba10a44bc,11491509,2.045625339780212
case_098,2,L2,600.0,7.257535520999227,/home/dreamboat/npu_r12_verify/NPU_R12/work/par3_L2/case_098_n2_L2/selected_plan.json,/home/dreamboat/npu_r12_verify/NPU_R12/work/par3_L2/case_098_n2_L2/report.json,/home/dreamboat/npu_r12_verify/NPU_R12/work/par3_L2/case_098_n2_L2/control/r7/control_r6/control_work/component_batch512_result.official.json,62bc3a30431951a780b2689095132f43730b32dcd8c7a6d2183d4417f8d767a0,89551,0,0,0,0,697912,0.0,03079db9c100e2ea2614db3656ddaa2b44c1288897d6b83862d1762747d7591c,177430,1.9813290750522048
case_099,2,L2,600.0,11.889743875999557,/home/dreamboat/npu_r12_verify/NPU_R12/work/par6_L2/case_099_n2_L2/selected_plan.json,/home/dreamboat/npu_r12_verify/NPU_R12/work/par6_L2/case_099_n2_L2/report.json,/home/dreamboat/npu_r12_verify/NPU_R12/work/par6_L2/case_099_n2_L2/control/r7/control_r6/control_work/components_result.official.json,1a916c58b2b3eecb7e05ddd31cc4d5ead7440f77e63657b0e7359310eb63ef9b,807032,7319552,1904640,5414912,4354048,5499136,0.44189248876302323,d9460a833438b0f65d210fc2cc6bbebd238c7597886c84384f3e6cd4cea7af9d,1622999,2.0110714321117378
case_100,2,L2,600.0,7.47421729600137,/home/dreamboat/npu_r12_verify/NPU_R12/work/par4_L2/case_100_n2_L2/selected_plan.json,/home/dreamboat/npu_r12_verify/NPU_R12/work/par4_L2/case_100_n2_L2/report.json,/home/dreamboat/npu_r12_verify/NPU_R12/work/par4_L2/case_100_n2_L2/indexed_insertion/plan.meta.official.json,3450ebbe6fd919b4d46c3886d71d4a8679885e02c9b93694e81d0d757dc8fbf1,73335,1161942,1126614,35328,364802,848912,0.300566690340558,7814be65994e892651fdd36f3da19609065ec9aaa0697417971fb7910d423c48,151223,2.0620849526147134
case_001,3,L2,600.0,1.4800247359999048,/home/dreamboat/npu_r12_verify/NPU_R12/work/par6_L2/case_001_n3_L2/selected_plan.json,/home/dreamboat/npu_r12_verify/NPU_R12/work/par6_L2/case_001_n3_L2/report.json,/home/dreamboat/npu_r12_verify/NPU_R12/work/par6_L2/case_001_n3_L2/control/r7/control_r6/control_work/components_result.official.json,687542daaca6bccee18ac18e6d00b93fec3b667950bbc26fad36013c06e1bab5,78545,2304,2304,0,0,822656,0.0,fc5f779390effbd7bbe09887052c446d55028c9e7e4fe533a435f4496f944a17,233110,2.9678528232223567
case_002,3,L2,600.0,15.823406307999903,/home/dreamboat/npu_r12_verify/NPU_R12/work/par2_L2/case_002_n3_L2/selected_plan.json,/home/dreamboat/npu_r12_verify/NPU_R12/work/par2_L2/case_002_n3_L2/report.json,/home/dreamboat/npu_r12_verify/NPU_R12/work/par2_L2/case_002_n3_L2/indexed_insertion/plan.meta.official.json,0dd9babcb43623724b2db222d4fdbbd5a9fa7a264399a44072a142b708e770a6,94149,746496,746496,0,0,1595904,0.0,d7cd4fe576691b84d0ca0042f66a1921e845686a1cb5aabdc66caf15e940cdc3,261945,2.782238791702514
case_003,3,L2,600.0,146.68400141200073,/home/dreamboat/npu_r12_verify/NPU_R12/work/par1_L2/case_003_n3_L2/selected_plan.json,/home/dreamboat/npu_r12_verify/NPU_R12/work/par1_L2/case_003_n3_L2/report.json,/home/dreamboat/npu_r12_verify/NPU_R12/work/par1_L2/case_003_n3_L2/indexed_insertion/plan.meta.official.json,930ba02db877b6890a665823a7a31a44e214555212560554d8ed057d0f57f1de,247555,9518568,9518568,0,1550028,5025076,0.23574197457561127,3d262b3dfa0d81a00d76154edcbe90cd688649e150c4de69c933feb97374832c,602212,2.432639211488356
case_004,3,L2,600.0,4.148425284000041,/home/dreamboat/npu_r12_verify/NPU_R12/work/par4_L2/case_004_n3_L2/selected_plan.json,/home/dreamboat/npu_r12_verify/NPU_R12/work/par4_L2/case_004_n3_L2/report.json,/home/dreamboat/npu_r12_verify/NPU_R12/work/par4_L2/case_004_n3_L2/control/r7/control_r6/control_work/component_ordered_result.official.json,04db0c57b5d598388f252cb7c3f852220fff1d5a2bfed59cf63dc27034836a63,134043,221184,221184,0,0,672768,0.0,54d5b378ff88a94c5518a013582a28c66c13347e02c871530e174244eebf06e8,392357,2.927098020784375
case_005,3,L2,600.0,79.1994078710004,/home/dreamboat/npu_r12_verify/NPU_R12/work/par6_L2/case_005_n3_L2/selected_plan.json,/home/dreamboat/npu_r12_verify/NPU_R12/work/par6_L2/case_005_n3_L2/report.json,/home/dreamboat/npu_r12_verify/NPU_R12/work/par6_L2/case_005_n3_L2/control/r7/control_r6/critical/critical_03_result.official.json,f42dfe48aba45dda68ee48f580743ded3954e6e169a6f79f7473998c5a9a7d82,52396,1733514,1733514,0,248698,1079830,0.18719816217648405,67c648fda457d642fbd2500d34cbd2513e3c977fbd2bf58226d8053d4f588016,95618,1.8249102984960683
case_006,3,L2,600.0,6.876381795999805,/home/dreamboat/npu_r12_verify/NPU_R12/work/par4_L2/case_006_n3_L2/selected_plan.json,/home/dreamboat/npu_r12_verify/NPU_R12/work/par4_L2/case_006_n3_L2/report.json,/home/dreamboat/npu_r12_verify/NPU_R12/work/par4_L2/case_006_n3_L2/indexed_insertion/plan.meta.official.json,6cfcf089de4b85a6fe1a5960a3bebedf661c04034f3a9f8b36ec2d43cb6df083,27859,841742,841742,0,443154,747928,0.3720600260939213,10846f0f7c593cd85d1144791184da91b2ea6807d0490bf1df1eb4b802533153,82837,2.9734376682580135
case_007,3,L2,600.0,23.667812446000426,/home/dreamboat/npu_r12_verify/NPU_R12/work/par4_L2/case_007_n3_L2/selected_plan.json,/home/dreamboat/npu_r12_verify/NPU_R12/work/par4_L2/case_007_n3_L2/report.json,/home/dreamboat/npu_r12_verify/NPU_R12/work/par4_L2/case_007_n3_L2/control/r7/control_r6/control_work/component_batch512_result.official.json,e01a8ecaf4a25e517daa170f54e97002fc1268d03d006a65467bfa90f78f9b3c,338094,55296,55296,0,0,935424,0.0,d94d0f6d6700ccfad15372f32d80a4a5add802a9011ccfbc6505b0bceeadef89,1012562,2.994912657426633
case_008,3,L2,600.0,7.470408013999986,/home/dreamboat/npu_r12_verify/NPU_R12/work/par1_L2/case_008_n3_L2/selected_plan.json,/home/dreamboat/npu_r12_verify/NPU_R12/work/par1_L2/case_008_n3_L2/report.json,/home/dreamboat/npu_r12_verify/NPU_R12/work/par1_L2/case_008_n3_L2/control/r7/control_r6/control_work/component_ordered_result.official.json,e43b3a6170b860f72a18bb9f577c1330655bb3ad8bcd09e4d1fda1b4d3b1b689,163359,0,0,0,0,1990872,0.0,1e31346e5ba0181ff0cd7f39a2b6e916f3af19903622289b45081751f056af09,487605,2.984867684057811
case_009,3,L2,600.0,129.91052066599968,/home/dreamboat/npu_r12_verify/NPU_R12/work/par5_L2/case_009_n3_L2/selected_plan.json,/home/dreamboat/npu_r12_verify/NPU_R12/work/par5_L2/case_009_n3_L2/report.json,/home/dreamboat/npu_r12_verify/NPU_R12/work/par5_L2/case_009_n3_L2/indexed_insertion/plan.meta.official.json,8c0f0b14e59a3d853f0f0eedefbd79a48cbb5e24c787ac4c36e61471daa62ea2,62869,1616024,1616024,0,399780,1077552,0.2706094500085289,a1a04addbab526ee8090a8cc7826728356a3ae78c0ab408a08c06a1a82b78445,153261,2.4377833272359988
case_010,3,L2,600.0,7.001156246999926,/home/dreamboat/npu_r12_verify/NPU_R12/work/par1_L2/case_010_n3_L2/selected_plan.json,/home/dreamboat/npu_r12_verify/NPU_R12/work/par1_L2/case_010_n3_L2/report.json,/home/dreamboat/npu_r12_verify/NPU_R12/work/par1_L2/case_010_n3_L2/control/r7/control_r6/control_work/components_result.official.json,7a098921ace5ded595360ab1f3bad31980dcf56a4336b2d147131ba52264dae9,30856,48384,48384,0,48384,384078,0.11188035018105637,e8eda427def996dc687386a839c03aaeca5bf11a4243e62e0a0958a2891e42cc,86969,2.8185442053409386
case_011,3,L2,600.0,5.86267768200014,/home/dreamboat/npu_r12_verify/NPU_R12/work/par6_L2/case_011_n3_L2/selected_plan.json,/home/dreamboat/npu_r12_verify/NPU_R12/work/par6_L2/case_011_n3_L2/report.json,/home/dreamboat/npu_r12_verify/NPU_R12/work/par6_L2/case_011_n3_L2/control/r7/control_r6/control_work/component_ordered_result.official.json,304cd754e8489f4030067f5426e8c9d24649fe10312c780ab440e7e6a527433f,69625,1081344,1081344,0,761856,860160,0.4696969696969697,e54601ff913ff889a4093571527f2f8820cdd0c1a3a104b017f502e06b1d11ee,184697,2.6527396768402154
case_012,3,L2,600.0,7.818590396999753,/home/dreamboat/npu_r12_verify/NPU_R12/work/par6_L2/case_012_n3_L2/selected_plan.json,/home/dreamboat/npu_r12_verify/NPU_R12/work/par6_L2/case_012_n3_L2/report.json,/home/dreamboat/npu_r12_verify/NPU_R12/work/par6_L2/case_012_n3_L2/control/r7/control_r6/control_work/component_ordered_result.official.json,826b3910be56b47a30a377484d7d347dcb355aa3932e91657651e9ff3977047b,18114,20160,20160,0,20160,484096,0.03997969285442315,47f6783298e9e4f1057ce6c30c1ee888102e68d6e8c2ae4fcb0281dd71cd7070,59088,3.262007287181186
case_013,3,L2,600.0,3.8306399089997285,/home/dreamboat/npu_r12_verify/NPU_R12/work/par4_L2/case_013_n3_L2/selected_plan.json,/home/dreamboat/npu_r12_verify/NPU_R12/work/par4_L2/case_013_n3_L2/report.json,/home/dreamboat/npu_r12_verify/NPU_R12/work/par4_L2/case_013_n3_L2/control/r7/control_r6/control_work/components_result.official.json,43ffa32ea283b0d8ff8ff61e6a1dd54c4c5f62f9836df29554460037db219227,88351,16384,16384,0,0,2039808,0.0,5a9a08eada9e30de4c315562072f3381aba38ed6d4f65ec4962ed9289bc404f7,263949,2.98750438591527
case_014,3,L2,600.0,223.09004672500032,/home/dreamboat/npu_r12_verify/NPU_R12/work/par1_L2/case_014_n3_L2/selected_plan.json,/home/dreamboat/npu_r12_verify/NPU_R12/work/par1_L2/case_014_n3_L2/report.json,/home/dreamboat/npu_r12_verify/NPU_R12/work/par1_L2/case_014_n3_L2/control/r7/control_r6/control_work/component_batch512_result.official.json,157bf59735eb0f7326072a37fdb6eff12a1ed2050c70eaf4fcb52ac1cf6050cf,5896850,57474216,19786416,37687800,15110304,52275552,0.22423554284151262,5695cc64d5253098818ce6874739b55e6cde57419346f4aa4338fb61665c61e5,17698626,3.0013695447569466
case_015,3,L2,600.0,10.085603459000595,/home/dreamboat/npu_r12_verify/NPU_R12/work/par4_L2/case_015_n3_L2/selected_plan.json,/home/dreamboat/npu_r12_verify/NPU_R12/work/par4_L2/case_015_n3_L2/report.json,/home/dreamboat/npu_r12_verify/NPU_R12/work/par4_L2/case_015_n3_L2/control/r7/control_r6/control_work/component_ordered_result.official.json,df62680e08a4d9e1979bc1d5c1c8704571eec51f581026685bd83f2a9f58a448,58906,208128,208128,0,208128,884482,0.19048699902069358,228a63f5e6e6391000c7c7ef19c77c1d8f8a6ec153ace1b5b865bdf6386db729,177362,3.0109326723933045
case_016,3,L2,600.0,93.67927466899982,/home/dreamboat/npu_r12_verify/NPU_R12/work/par5_L2/case_016_n3_L2/selected_plan.json,/home/dreamboat/npu_r12_verify/NPU_R12/work/par5_L2/case_016_n3_L2/report.json,/home/dreamboat/npu_r12_verify/NPU_R12/work/par5_L2/case_016_n3_L2/indexed_insertion/plan.meta.official.json,7ee52ecd4c3ecffd4490b2c29e440a129d5cd3051a4cd55706e2eacd9d788799,2876720,12200,12200,0,608,398708,0.0015226036522453395,37d3d316beed6cb7edc9cd1d148fc563e7f579cd48a49f3173a61e35b571a220,7715523,2.682055604994577
case_017,3,L2,600.0,9.717440225000246,/home/dreamboat/npu_r12_verify/NPU_R12/work/par3_L2/case_017_n3_L2/selected_plan.json,/home/dreamboat/npu_r12_verify/NPU_R12/work/par3_L2/case_017_n3_L2/report.json,/home/dreamboat/npu_r12_verify/NPU_R12/work/par3_L2/case_017_n3_L2/control/r7/control_r6/control_work/component_ordered_result.official.json,e32b7129c657322eca3006331d97df676f44a36f7d6d3f466d7d442fe05320f3,52439,175104,175104,0,175104,535118,0.24654826237429986,9f48da2f0d5e1610ee4d1aa410d4559ff9f0b20394d32b393e7c1d5a78de2cbf,162810,3.1047502812792005
case_018,3,L2,600.0,20.706660774000284,/home/dreamboat/npu_r12_verify/NPU_R12/work/par2_L2/case_018_n3_L2/selected_plan.json,/home/dreamboat/npu_r12_verify/NPU_R12/work/par2_L2/case_018_n3_L2/report.json,/home/dreamboat/npu_r12_verify/NPU_R12/work/par2_L2/case_018_n3_L2/indexed_insertion/plan.meta.official.json,5c4465cda075d923b42bda986c0507ac479ac3c65a94b14b0da3015d8cc78938,334589,12853772,12853772,0,2468864,6839066,0.2652430776767767,322546cfa2b38619d1ae920622cddc7d9eb0b5326818bf36d9c040746189c69c,1004367,3.0017932448466627
case_019,3,L2,600.0,6.658047849000013,/home/dreamboat/npu_r12_verify/NPU_R12/work/par2_L2/case_019_n3_L2/selected_plan.json,/home/dreamboat/npu_r12_verify/NPU_R12/work/par2_L2/case_019_n3_L2/report.json,/home/dreamboat/npu_r12_verify/NPU_R12/work/par2_L2/case_019_n3_L2/control/r7/control_r6/control_work/component_ordered_result.official.json,b13cd0e6dcddbd20916668d89a55dc960594858dd8aa10cea09aa14cd5c29c75,28195,24576,24576,0,24576,179252,0.12057224718880624,0472f5800dc7ab64d190edcec87a1908edb1a5ce8becde1d4b6e56b95979a30e,81144,2.8779570845894664
case_020,3,L2,600.0,10.536109507999754,/home/dreamboat/npu_r12_verify/NPU_R12/work/par2_L2/case_020_n3_L2/selected_plan.json,/home/dreamboat/npu_r12_verify/NPU_R12/work/par2_L2/case_020_n3_L2/report.json,/home/dreamboat/npu_r12_verify/NPU_R12/work/par2_L2/case_020_n3_L2/control/r7/control_r6/control_work/components_result.official.json,baec7ca0881137113be7574f9d8e7a8479b47610e9e860e09008d1b7736efc8b,177950,0,0,0,0,1179648,0.0,d8052f191c8fe9ead343f97f8b2047348408413cf6a73aac8184b065bd7115df,532746,2.993796010115201
case_021,3,L2,600.0,13.031708170999991,/home/dreamboat/npu_r12_verify/NPU_R12/work/par3_L2/case_021_n3_L2/selected_plan.json,/home/dreamboat/npu_r12_verify/NPU_R12/work/par3_L2/case_021_n3_L2/report.json,/home/dreamboat/npu_r12_verify/NPU_R12/work/par3_L2/case_021_n3_L2/control/r7/control_r6/control_work/component_ordered_result.official.json,e27713f09fbc162f552eae816e44ec612d2900e02ce5063f7221cf45703bb7ea,2106355,4710400,4710400,0,3194880,3870720,0.45217391304347826,f2405399d92ae608195e7c40b1f060c3e73b8cc5cfdd310704933e47f55084ba,6567937,3.11815292294034
case_022,3,L2,600.0,7.989994524999929,/home/dreamboat/npu_r12_verify/NPU_R12/work/par2_L2/case_022_n3_L2/selected_plan.json,/home/dreamboat/npu_r12_verify/NPU_R12/work/par2_L2/case_022_n3_L2/report.json,/home/dreamboat/npu_r12_verify/NPU_R12/work/par2_L2/case_022_n3_L2/control/r7/control_r6/control_work/components_result.official.json,1d54b9d5f21149af6562f0eea9971efdba461d4774baf649fb51b67bdb19719a,19370,13824,13824,0,13824,213540,0.060801182245210326,5dc389bb7bb09f21ff32e85bad1e5801ce9d1c0ff8ccf89b6f49cc83d77305c6,56780,2.9313371192565825
case_023,3,L2,600.0,12.28492521499993,/home/dreamboat/npu_r12_verify/NPU_R12/work/par5_L2/case_023_n3_L2/selected_plan.json,/home/dreamboat/npu_r12_verify/NPU_R12/work/par5_L2/case_023_n3_L2/report.json,/home/dreamboat/npu_r12_verify/NPU_R12/work/par5_L2/case_023_n3_L2/control/r7/control_r6/critical/critical_01_result.official.json,2bf5f983cb7c923b4842a8913b4fbfe56d56ed45370bfa9a5c2509036cb7b67c,41357,1160938,1160938,0,315176,875304,0.264746992809623,1082aa1a80d7fe1407051e2d4a6fc0df45f084d377bd825112161909bdba6e04,122614,2.964770171917692
case_024,3,L2,600.0,82.29424695299986,/home/dreamboat/npu_r12_verify/NPU_R12/work/par6_L2/case_024_n3_L2/selected_plan.json,/home/dreamboat/npu_r12_verify/NPU_R12/work/par6_L2/case_024_n3_L2/report.json,/home/dreamboat/npu_r12_verify/NPU_R12/work/par6_L2/case_024_n3_L2/indexed_insertion/plan.meta.official.json,5ac7a88a3d0c27d4e1e155abf31a09026e94a7aabf4f02e7bee011ce76c026f9,953408,4040,4040,0,200,395036,0.0005060267789371414,27886f6c8fdcef1272dfac71e341725e967bca2b5f9dc2fba8e6b7ea3b22ea82,2555343,2.6802198009666376
case_025,3,L2,600.0,210.6716561379999,/home/dreamboat/npu_r12_verify/NPU_R12/work/par6_L2/case_025_n3_L2/selected_plan.json,/home/dreamboat/npu_r12_verify/NPU_R12/work/par6_L2/case_025_n3_L2/report.json,/home/dreamboat/npu_r12_verify/NPU_R12/work/par6_L2/case_025_n3_L2/control/r7/control_r6/control_work/component_batch512_result.official.json,258b24f747731d9154e72e72626bf20fc2c98ead3d50ce5b60a31c8c1fed41aa,1622164,55296,55296,0,0,4177920,0.0,0bd944fab84014e5a929714b46c72f020febcbe28503fa957f49ac0739d20e3a,4863026,2.9978633479722148
case_026,3,L2,600.0,8.942090164000547,/home/dreamboat/npu_r12_verify/NPU_R12/work/par5_L2/case_026_n3_L2/selected_plan.json,/home/dreamboat/npu_r12_verify/NPU_R12/work/par5_L2/case_026_n3_L2/report.json,/home/dreamboat/npu_r12_verify/NPU_R12/work/par5_L2/case_026_n3_L2/indexed_insertion/plan.meta.official.json,c10260272da7c0062c47b2a10b31a9fb8da7a9c921aa2e4ef6416766e2178f13,37376,1491816,1491816,0,377446,1039924,0.2663002603413364,22e295a0fa3f7f387475ce11e54dc6428155b64da18c48faf24f6a137762e0c1,99203,2.6541898544520546
case_027,3,L2,600.0,10.875554072000341,/home/dreamboat/npu_r12_verify/NPU_R12/work/par1_L2/case_027_n3_L2/selected_plan.json,/home/dreamboat/npu_r12_verify/NPU_R12/work/par1_L2/case_027_n3_L2/report.json,/home/dreamboat/npu_r12_verify/NPU_R12/work/par1_L2/case_027_n3_L2/indexed_insertion/plan.meta.official.json,f431ecfbb3517bd0440c803f380c99f216c2718e991a7cf3cb5302248ec016ea,765280,33890304,33890304,0,3219456,17412096,0.15604526503871352,51b991fa1350688cc9661e76f36c3ce51d19c02650ccc24e69265818cdbf41c4,2363952,3.0890027179594397
case_028,3,L2,600.0,152.4343760920001,/home/dreamboat/npu_r12_verify/NPU_R12/work/par3_L2/case_028_n3_L2/selected_plan.json,/home/dreamboat/npu_r12_verify/NPU_R12/work/par3_L2/case_028_n3_L2/report.json,/home/dreamboat/npu_r12_verify/NPU_R12/work/par3_L2/case_028_n3_L2/control/r7/control_r6/control_work/chainwave_result.official.json,ddb007c004ee63fed58d7eebe7e5285c47449875ea0ec18bba0a1170a0971b01,13848390,34820352,4296960,30523392,0,24361344,0.0,ad49845b7dae51f9f3f3ec0b6a8efaced175f428f6f82ee6f5abdc7a8cb222e5,43836040,3.1654250060837397
case_029,3,L2,600.0,1.9171059079999395,/home/dreamboat/npu_r12_verify/NPU_R12/work/par1_L2/case_029_n3_L2/selected_plan.json,/home/dreamboat/npu_r12_verify/NPU_R12/work/par1_L2/case_029_n3_L2/report.json,/home/dreamboat/npu_r12_verify/NPU_R12/work/par1_L2/case_029_n3_L2/control/r7/control_r6/control_work/components_result.official.json,8fbd203234d3636e9d36247515d108a837e88c8cb9183f3ab968cffc809e075f,12743,0,0,0,0,258132,0.0,6956c982e7847a66c3bee9ebf1aac01ccdaccce335482f56fd9d7a107888a585,37555,2.9471082162756024
case_030,3,L2,600.0,26.309974045000672,/home/dreamboat/npu_r12_verify/NPU_R12/work/par5_L2/case_030_n3_L2/selected_plan.json,/home/dreamboat/npu_r12_verify/NPU_R12/work/par5_L2/case_030_n3_L2/report.json,/home/dreamboat/npu_r12_verify/NPU_R12/work/par5_L2/case_030_n3_L2/control/r7/control_r6/control_work/components_result.official.json,51fd8013a1aa99b182de10809865b54fbde524afdaa653ca239bc1c92626d76f,933236,9242624,3901440,5341184,6359040,5276672,0.5465106045938573,43e80aaf824d3e5457ad1400f6683b3645b730b0e9d37fc693207519b7cad798,2808034,3.008921644685803
case_031,3,L2,600.0,57.07773893600006,/home/dreamboat/npu_r12_verify/NPU_R12/work/par1_L2/case_031_n3_L2/selected_plan.json,/home/dreamboat/npu_r12_verify/NPU_R12/work/par1_L2/case_031_n3_L2/report.json,/home/dreamboat/npu_r12_verify/NPU_R12/work/par1_L2/case_031_n3_L2/control/r7/control_r6/control_work/component_ordered_result.official.json,56d0a98055d69db548616b977d85987ee4cd6bb4f00a1cb54c7b551c1d84c749,483567,3462144,3462144,0,2836992,2809972,0.5023924360063212,4c42363bd46ab893d4332774007a7f5be4cf48b3f13472f932344d15629bb302,1414369,2.924866667907446
case_032,3,L2,600.0,4.892374696999468,/home/dreamboat/npu_r12_verify/NPU_R12/work/par2_L2/case_032_n3_L2/selected_plan.json,/home/dreamboat/npu_r12_verify/NPU_R12/work/par2_L2/case_032_n3_L2/report.json,/home/dreamboat/npu_r12_verify/NPU_R12/work/par2_L2/case_032_n3_L2/control/r7/control_r6/control_work/component_ordered_result.official.json,713e114399e2ca5c185ac1ce6b08f82b14c00fc17dd9aad5bb2e23178104a5d4,11808,12360,12360,0,12360,279156,0.04239904499238464,4f26750f7db15ca3d24112684a7479ec6d3bb724e2628e492927eb9b635b2e6e,41443,3.509739159891599
case_033,3,L2,600.0,28.107575101999828,/home/dreamboat/npu_r12_verify/NPU_R12/work/par4_L2/case_033_n3_L2/selected_plan.json,/home/dreamboat/npu_r12_verify/NPU_R12/work/par4_L2/case_033_n3_L2/report.json,/home/dreamboat/npu_r12_verify/NPU_R12/work/par4_L2/case_033_n3_L2/control/r7/control_r6/control_work/component_ordered_result.official.json,15ab4da8be0f6ae2191b1ef53852f86c4cf7fb6b4f200f0a9c06f5a45e35a6dc,602363,4180032,3952704,227328,2001952,5067856,0.28316921760817265,98efc1643da59708f9ed03204569e412ca5d28114bf50e0b503144c0988a62a5,1774196,2.9453933923564364
case_034,3,L2,600.0,27.477212486999633,/home/dreamboat/npu_r12_verify/NPU_R12/work/par6_L2/case_034_n3_L2/selected_plan.json,/home/dreamboat/npu_r12_verify/NPU_R12/work/par6_L2/case_034_n3_L2/report.json,/home/dreamboat/npu_r12_verify/NPU_R12/work/par6_L2/case_034_n3_L2/control/r7/control_r6/control_work/component_ordered_result.official.json,9c3080a09b192893386cf5814d7622840859d77dc51cfdbc957415235330e71d,280601,2341888,2341888,0,2058240,2563632,0.4453260497045353,14b2155738ce4513f2b9f2061e3b7c56b7b664c2ca554480523e758d85a22e80,842996,3.004251588554567
case_035,3,L2,600.0,84.22897275200012,/home/dreamboat/npu_r12_verify/NPU_R12/work/par1_L2/case_035_n3_L2/selected_plan.json,/home/dreamboat/npu_r12_verify/NPU_R12/work/par1_L2/case_035_n3_L2/report.json,/home/dreamboat/npu_r12_verify/NPU_R12/work/par1_L2/case_035_n3_L2/indexed_insertion/plan.meta.official.json,7b7342f0ce31c94ac9eb8311fde5a94c83e5e1a74985b2ce7349ea3d5c882e3f,71125,1735510,1735510,0,435080,1015454,0.2999447100171385,418bb7c9e6611941e67d696c173bcef55dedf6a412f22af7d8d542c95b9d88b0,169571,2.3841265377855887
case_036,3,L2,600.0,4.776478073999897,/home/dreamboat/npu_r12_verify/NPU_R12/work/par3_L2/case_036_n3_L2/selected_plan.json,/home/dreamboat/npu_r12_verify/NPU_R12/work/par3_L2/case_036_n3_L2/report.json,/home/dreamboat/npu_r12_verify/NPU_R12/work/par3_L2/case_036_n3_L2/control/r7/control_r6/control_work/components_result.official.json,d98c357e63e8072bd2dfffcead987cb51871a5623b4eaa9a09b5242e4c3ae83b,311345,2304,2304,0,0,3280256,0.0,da1517a51e4ababc072c81ea8ad54a893f5193304ff3f7c4ffbcca2d3eff0536,931510,2.991890025534375
case_037,3,L2,600.0,5.053206487000352,/home/dreamboat/npu_r12_verify/NPU_R12/work/par1_L2/case_037_n3_L2/selected_plan.json,/home/dreamboat/npu_r12_verify/NPU_R12/work/par1_L2/case_037_n3_L2/report.json,/home/dreamboat/npu_r12_verify/NPU_R12/work/par1_L2/case_037_n3_L2/control/r7/control_r6/control_work/component_ordered_result.official.json,6aa29fc0342ec3f01ecfb22e396e89eba7ad0ccf7f460e786864f1a3e7c7ae64,74038,1064960,1064960,0,983040,614400,0.6153846153846154,29479e2be92e1ae716d8db7b580554107cc7ae19bf90083b3351b7826dd36751,210001,2.836394824279424
case_038,3,L2,600.0,55.95439293100026,/home/dreamboat/npu_r12_verify/NPU_R12/work/par5_L2/case_038_n3_L2/selected_plan.json,/home/dreamboat/npu_r12_verify/NPU_R12/work/par5_L2/case_038_n3_L2/report.json,/home/dreamboat/npu_r12_verify/NPU_R12/work/par5_L2/case_038_n3_L2/control/r7/control_r6/control_work/component_batch512_result.official.json,1ea4e86ebeb2990580bf673f12c9e7a0656894f8ffe5daec1830638cdb449b29,459314,5534208,4932096,602112,3714048,4614666,0.445932949552596,28250fc5c37cb9325c609ff8c4c2ddf28bf48267aeae59777d93db0ece4cbf00,1364555,2.9708543610688984
case_039,3,L2,600.0,44.38114866899923,/home/dreamboat/npu_r12_verify/NPU_R12/work/par2_L2/case_039_n3_L2/selected_plan.json,/home/dreamboat/npu_r12_verify/NPU_R12/work/par2_L2/case_039_n3_L2/report.json,/home/dreamboat/npu_r12_verify/NPU_R12/work/par2_L2/case_039_n3_L2/control/r7/control_r6/control_work/component_batch512_result.official.json,35da1b99a18113764ed261b144504ad54789e1d4fd9d6a38a819a74f9d8779eb,482552,12414976,8404992,4009984,5292032,11325440,0.3184619176731575,f3bb3e8ead483fa14a82cf3ae45c32cf47d47bf1821fe4174c9b74b9b086b0fa,1435262,2.9743157214144795
case_040,3,L2,600.0,28.626531942999463,/home/dreamboat/npu_r12_verify/NPU_R12/work/par1_L2/case_040_n3_L2/selected_plan.json,/home/dreamboat/npu_r12_verify/NPU_R12/work/par1_L2/case_040_n3_L2/report.json,/home/dreamboat/npu_r12_verify/NPU_R12/work/par1_L2/case_040_n3_L2/indexed_insertion/plan.meta.official.json,0fa7822717d5c9ce6690eed2e0943cbb05df794046802abebe5f3ad899fad99b,103722,3308532,3308532,0,771840,2154630,0.26374437462198486,194118c009d44423a70ef486d988412c34b9c2675331d564e3c0af55e6b780f6,253454,2.443589595264264
case_041,3,L2,600.0,48.941106847999436,/home/dreamboat/npu_r12_verify/NPU_R12/work/par1_L2/case_041_n3_L2/selected_plan.json,/home/dreamboat/npu_r12_verify/NPU_R12/work/par1_L2/case_041_n3_L2/report.json,/home/dreamboat/npu_r12_verify/NPU_R12/work/par1_L2/case_041_n3_L2/control/r7/control_r6/control_work/components_result.official.json,493c64ffb1a01912853d7e5c10315a62e0854efda65ebdabb9d7c1f8ff51d64d,1991302,34879488,9787392,25092096,10202112,29626368,0.2561511762437331,5affa350ed8102c59e2630b76217d8e6b5ebf0a70dd4ae25159779858477eef9,6003957,3.0150911313301547
case_042,3,L2,600.0,40.28428477499983,/home/dreamboat/npu_r12_verify/NPU_R12/work/par2_L2/case_042_n3_L2/selected_plan.json,/home/dreamboat/npu_r12_verify/NPU_R12/work/par2_L2/case_042_n3_L2/report.json,/home/dreamboat/npu_r12_verify/NPU_R12/work/par2_L2/case_042_n3_L2/indexed_insertion/plan.meta.official.json,1544bd59ab460bc23e618c336fcc803ba05c29653382fda9bf7991cb4e9f314f,569347,29111164,29111164,0,3765832,15295414,0.19756483915059908,9c04d006ae923c57722bdbb5866c3bc731fbaac463da38a2c35f547cde063f71,1686740,2.962586963661879
case_043,3,L2,600.0,252.68998642499992,/home/dreamboat/npu_r12_verify/NPU_R12/work/par4_L2/case_043_n3_L2/selected_plan.json,/home/dreamboat/npu_r12_verify/NPU_R12/work/par4_L2/case_043_n3_L2/report.json,/home/dreamboat/npu_r12_verify/NPU_R12/work/par4_L2/case_043_n3_L2/control/r7/control_r6/critical/critical_00_result.official.json,51c98d2db4f0f864685b7ddb1c4c922e8d2f99501afe636cc243ada4da015698,265912,8238192,8238192,0,1868900,4542500,0.2914963970427676,bd48980d0850dfe90764eadcfcb649e14a228d84238ffcaa553d256b01f3a8f8,677656,2.548422034357231
case_044,3,L2,600.0,8.399724039999455,/home/dreamboat/npu_r12_verify/NPU_R12/work/par5_L2/case_044_n3_L2/selected_plan.json,/home/dreamboat/npu_r12_verify/NPU_R12/work/par5_L2/case_044_n3_L2/report.json,/home/dreamboat/npu_r12_verify/NPU_R12/work/par5_L2/case_044_n3_L2/control/r7/control_r6/core/active2_chainwave_result.official.json,00e7ceb695d152d3030cd32537b0db01e7fd209c16e0f11f34ca159a8c12debd,45244,930400,930400,0,6464,1876864,0.0034322221089475653,2783606dea483a92e039c771523d95dce8a03743768cfc07d22a2d09898fd687,154407,3.4127619131818583
case_045,3,L2,600.0,1.428120783999475,/home/dreamboat/npu_r12_verify/NPU_R12/work/par4_L2/case_045_n3_L2/selected_plan.json,/home/dreamboat/npu_r12_verify/NPU_R12/work/par4_L2/case_045_n3_L2/report.json,/home/dreamboat/npu_r12_verify/NPU_R12/work/par4_L2/case_045_n3_L2/control/r7/control_r6/control_work/components_result.official.json,9b31037bf28f80594577e0043ec239186978d4011f479623a5c5336acebaf57d,42601,0,0,0,0,278528,0.0,8f5d3910c09954763dd4e9c48e0565af95a5f722caaddfe78c6886d5816ccdf6,125614,2.94861622966597
case_046,3,L2,600.0,4.631717604000187,/home/dreamboat/npu_r12_verify/NPU_R12/work/par5_L2/case_046_n3_L2/selected_plan.json,/home/dreamboat/npu_r12_verify/NPU_R12/work/par5_L2/case_046_n3_L2/report.json,/home/dreamboat/npu_r12_verify/NPU_R12/work/par5_L2/case_046_n3_L2/control/r7/control_r6/control_work/chainwave_result.official.json,700083e3146506aba572a1d397811f9ea8e5c2c373a0a707e42d7f6ebddd32cf,82826,1860800,1860800,0,1823360,1033376,0.6382668892050228,e835710ad4aeec991419dadca6f0828b28ff8191bcecc4e95f0a5840384e0d6b,276455,3.3377804071185375
case_047,3,L2,600.0,127.80296573399937,/home/dreamboat/npu_r12_verify/NPU_R12/work/par2_L2/case_047_n3_L2/selected_plan.json,/home/dreamboat/npu_r12_verify/NPU_R12/work/par2_L2/case_047_n3_L2/report.json,/home/dreamboat/npu_r12_verify/NPU_R12/work/par2_L2/case_047_n3_L2/indexed_insertion/plan.meta.official.json,2f772d8f24159754956b4e9c55f353693e838220f05e676edc3d964d8aa19503,134415,4387628,4387628,0,665542,2149980,0.2363831644718102,6a947c5176a2b159939ee2ba53174e8f13a5a0997e1861e18bc04890dec159c5,326508,2.4291038946546144
case_048,3,L2,600.0,27.082164049999847,/home/dreamboat/npu_r12_verify/NPU_R12/work/par5_L2/case_048_n3_L2/selected_plan.json,/home/dreamboat/npu_r12_verify/NPU_R12/work/par5_L2/case_048_n3_L2/report.json,/home/dreamboat/npu_r12_verify/NPU_R12/work/par5_L2/case_048_n3_L2/indexed_insertion/plan.meta.official.json,9ae153a9f1d1fbeaf047267563699d1488dcc2e81d7725fb945cd32690216255,99785,1016076,1016076,0,136074,851848,0.137737594668405,cb2e91d66e233263d167f823e4f969fba661b3e01d483349619c2a607ff94e9a,222220,2.226988024252142
case_049,3,L2,600.0,74.2921214880007,/home/dreamboat/npu_r12_verify/NPU_R12/work/par5_L2/case_049_n3_L2/selected_plan.json,/home/dreamboat/npu_r12_verify/NPU_R12/work/par5_L2/case_049_n3_L2/report.json,/home/dreamboat/npu_r12_verify/NPU_R12/work/par5_L2/case_049_n3_L2/indexed_insertion/plan.meta.official.json,936c3b6f41494a4fd98a300555e5a1aa70979270db41b319660d18a10d41a98c,80938,3516344,3516344,0,360434,1576904,0.1860460074597205,9ab293ee703c3703c0e26feef0c140a023c739cd39815d7b21e2cfbf3779465b,196276,2.4250166794336407
case_050,3,L2,600.0,109.11299754599986,/home/dreamboat/npu_r12_verify/NPU_R12/work/par2_L2/case_050_n3_L2/selected_plan.json,/home/dreamboat/npu_r12_verify/NPU_R12/work/par2_L2/case_050_n3_L2/report.json,/home/dreamboat/npu_r12_verify/NPU_R12/work/par2_L2/case_050_n3_L2/indexed_insertion/plan.meta.official.json,4bf2098cfc4d67a9f43129cd6e33e4496845572cacd17d6b774e083f08f1257f,64455,2735846,2735846,0,416512,1407840,0.2283068179824946,475c1102ae1d59ac2497e5a69559d371a78e8b18b20decd7354f35d320936fe5,149690,2.3223954697075477
case_051,3,L2,600.0,14.696115352999186,/home/dreamboat/npu_r12_verify/NPU_R12/work/par6_L2/case_051_n3_L2/selected_plan.json,/home/dreamboat/npu_r12_verify/NPU_R12/work/par6_L2/case_051_n3_L2/report.json,/home/dreamboat/npu_r12_verify/NPU_R12/work/par6_L2/case_051_n3_L2/indexed_insertion/plan.meta.official.json,6af317e2bdc20c8b80a03c1f2bf6ff1144301a4fc7b6adb33e79a7755ff0c7b8,227452,960,960,0,46,393650,0.00011684142079167683,41e5be0db628aeeb5097d030f3c55f0235cd980a542f8fd95005f01245da902f,607628,2.6714559555422683
case_052,3,L2,600.0,7.735240693999913,/home/dreamboat/npu_r12_verify/NPU_R12/work/par2_L2/case_052_n3_L2/selected_plan.json,/home/dreamboat/npu_r12_verify/NPU_R12/work/par2_L2/case_052_n3_L2/report.json,/home/dreamboat/npu_r12_verify/NPU_R12/work/par2_L2/case_052_n3_L2/control/r7/control_r6/control_work/component_ordered_result.official.json,646d35b2380a2d41192db9860147e7db4a44ec5ed4638570a7c5e1c690e85371,61902,181248,181248,0,156672,834620,0.15804828446108715,fbcd01861ae5cab708172c397812b525b58ffa259eeed4abb0312c09edf32320,180301,2.9126845659267877
case_053,3,L2,600.0,76.50835436499983,/home/dreamboat/npu_r12_verify/NPU_R12/work/par6_L2/case_053_n3_L2/selected_plan.json,/home/dreamboat/npu_r12_verify/NPU_R12/work/par6_L2/case_053_n3_L2/report.json,/home/dreamboat/npu_r12_verify/NPU_R12/work/par6_L2/case_053_n3_L2/control/r7/control_r6/control_work/chainwave_result.official.json,3301061fa7f03d394bd42a142e42d622a8bf29c1133accdbaf3667a93d5ae189,489248,7442990,7442990,0,1608714,6503096,0.19831751483331095,939753cfddb999bf6bf0123203af20cf5ff4fc1e8b6a9a4d9b4bcd462f31f1b2,1472686,3.010101216560926
case_054,3,L2,600.0,114.97804490199997,/home/dreamboat/npu_r12_verify/NPU_R12/work/par4_L2/case_054_n3_L2/selected_plan.json,/home/dreamboat/npu_r12_verify/NPU_R12/work/par4_L2/case_054_n3_L2/report.json,/home/dreamboat/npu_r12_verify/NPU_R12/work/par4_L2/case_054_n3_L2/control/r7/control_r6/control_work/migrate0_result.official.json,0b0b0bda94f27f89ecd1bda2b712f42d73a282776541ebd829ad300d3caaa77c,316308,6482640,6482640,0,665932,4406184,0.1312927385730137,2b4d81276795c3a57bccace434471d4a83edcea57b8dcf9e9e0ff15ff8ff32b1,815051,2.5767637871947597
case_055,3,L2,600.0,11.073019464000026,/home/dreamboat/npu_r12_verify/NPU_R12/work/par5_L2/case_055_n3_L2/selected_plan.json,/home/dreamboat/npu_r12_verify/NPU_R12/work/par5_L2/case_055_n3_L2/report.json,/home/dreamboat/npu_r12_verify/NPU_R12/work/par5_L2/case_055_n3_L2/control/r7/control_r6/control_work/component_ordered_result.official.json,f8e9654d164836a29e43d8caacb736264261b68aa69ad26414439fb79df62836,40063,115712,115712,0,99328,642076,0.13397284071842072,748cbe2aa5baf11bb859293363acd7bfaf6e1c1b012b2f0602191e352a857d35,118835,2.966203229912887
case_056,3,L2,600.0,164.94890483100062,/home/dreamboat/npu_r12_verify/NPU_R12/work/par3_L2/case_056_n3_L2/selected_plan.json,/home/dreamboat/npu_r12_verify/NPU_R12/work/par3_L2/case_056_n3_L2/report.json,/home/dreamboat/npu_r12_verify/NPU_R12/work/par3_L2/case_056_n3_L2/control/r7/control_r6/critical/critical_03_result.official.json,3743219fb3ff6dc9f8e00869c5db39b359feb2f884bd11f2f1d5e2d6ed4bf145,116861,1870000,1870000,0,180276,1065120,0.1447539577772853,b97d1c939d07b5e958629cf9eb7f641b4c9445394911e02190f7d9bccfaaba8b,277285,2.3727762042084186
case_057,3,L2,600.0,10.85310604299957,/home/dreamboat/npu_r12_verify/NPU_R12/work/par3_L2/case_057_n3_L2/selected_plan.json,/home/dreamboat/npu_r12_verify/NPU_R12/work/par3_L2/case_057_n3_L2/report.json,/home/dreamboat/npu_r12_verify/NPU_R12/work/par3_L2/case_057_n3_L2/indexed_insertion/plan.meta.official.json,e8fc6749b221d76abdab1c74c6590d638700eb917246ee45675a639cfc80f98e,20872,549116,549116,0,329714,450622,0.4225282442435054,f81af1d269344a2323352a88fd002a0b008bffd726a133e860c61f6954eb5879,59726,2.8615369873514758
case_058,3,L2,600.0,154.93088000099942,/home/dreamboat/npu_r12_verify/NPU_R12/work/par2_L2/case_058_n3_L2/selected_plan.json,/home/dreamboat/npu_r12_verify/NPU_R12/work/par2_L2/case_058_n3_L2/report.json,/home/dreamboat/npu_r12_verify/NPU_R12/work/par2_L2/case_058_n3_L2/control/r7/control_r6/control_work/component_batch512_result.official.json,393a072f2eb619848c378e17a7e3a484c58b2a93b6937406aca9846b5e34ebfd,1554831,30400512,9191424,21209088,0,37023744,0.0,7880435f2f2b24439e296ac9359479d97b6b0f7c9f9d3d9c4ee7a04e778bfb7f,4539717,2.9197494775959574
case_059,3,L2,600.0,20.06066163200012,/home/dreamboat/npu_r12_verify/NPU_R12/work/par5_L2/case_059_n3_L2/selected_plan.json,/home/dreamboat/npu_r12_verify/NPU_R12/work/par5_L2/case_059_n3_L2/report.json,/home/dreamboat/npu_r12_verify/NPU_R12/work/par5_L2/case_059_n3_L2/control/r7/control_r6/control_work/component_ordered_result.official.json,f5b9b589875bd937ad41ca8420fea09953e013a2e31a4a6bbb66db1f9b88490e,254073,2162688,2162688,0,1789952,1454080,0.5517676767676768,ba7a01be6732bc7d7668968c55ba70ec7634114f9fe269f173a35ef2b4bce416,829473,3.2647034513702753
case_060,3,L2,600.0,35.229947690999325,/home/dreamboat/npu_r12_verify/NPU_R12/work/par6_L2/case_060_n3_L2/selected_plan.json,/home/dreamboat/npu_r12_verify/NPU_R12/work/par6_L2/case_060_n3_L2/report.json,/home/dreamboat/npu_r12_verify/NPU_R12/work/par6_L2/case_060_n3_L2/control/r7/control_r6/control_work/components_result.official.json,c8ab6dec60750a618b9dd6f4d1c0715acd3573d027214f9fd9d1094214722052,323606,3290252,2345088,945164,2526208,2862766,0.4687734622583074,ca29a38b0f6b474c2133675674b6ea7a14c6c5c26c4c10c96a1c5ba10b1db7ef,888789,2.746515824799293
case_061,3,L2,600.0,6.3721534380001685,/home/dreamboat/npu_r12_verify/NPU_R12/work/par4_L2/case_061_n3_L2/selected_plan.json,/home/dreamboat/npu_r12_verify/NPU_R12/work/par4_L2/case_061_n3_L2/report.json,/home/dreamboat/npu_r12_verify/NPU_R12/work/par4_L2/case_061_n3_L2/control/r7/control_r6/control_work/components_result.official.json,6cb2b0200bc32d9556cba8197c06eab2f65c5e825c08d006f5d0b8e01b20af46,28316,43008,43008,0,43008,544036,0.07326197014193143,d1235ba9e734257bda3c798c3d8898e940c1ad826d720d62a632ee3b91b379c7,77191,2.7260559401045343
case_062,3,L2,600.0,103.53811317300097,/home/dreamboat/npu_r12_verify/NPU_R12/work/par6_L2/case_062_n3_L2/selected_plan.json,/home/dreamboat/npu_r12_verify/NPU_R12/work/par6_L2/case_062_n3_L2/report.json,/home/dreamboat/npu_r12_verify/NPU_R12/work/par6_L2/case_062_n3_L2/indexed_insertion/plan.meta.official.json,a61b8085a807478b6adf856926e35c73e964bcca6b1ddeba4c34688941913c35,1083992,10865664,8871936,1993728,0,18832896,0.0,294ef147fd6fd8359d6f1d912b30118dc186a9569a4153271a918bf28593e529,2854809,2.6336070745909566
case_063,3,L2,600.0,90.23049915999945,/home/dreamboat/npu_r12_verify/NPU_R12/work/par3_L2/case_063_n3_L2/selected_plan.json,/home/dreamboat/npu_r12_verify/NPU_R12/work/par3_L2/case_063_n3_L2/report.json,/home/dreamboat/npu_r12_verify/NPU_R12/work/par3_L2/case_063_n3_L2/control/r7/control_r6/critical/critical_03_result.official.json,dd5674c3c058713b8859f6abe3f622a298455707b5367e08d6f7f18908a356b9,396695,3133440,2641920,491520,0,6586368,0.0,894f65a64dc184449201b5d79418741f05eeab0a3132839adc5aec17ea43b7c2,1070397,2.69828709714012
case_064,3,L2,600.0,14.378681077999317,/home/dreamboat/npu_r12_verify/NPU_R12/work/par2_L2/case_064_n3_L2/selected_plan.json,/home/dreamboat/npu_r12_verify/NPU_R12/work/par2_L2/case_064_n3_L2/report.json,/home/dreamboat/npu_r12_verify/NPU_R12/work/par2_L2/case_064_n3_L2/indexed_insertion/plan.meta.official.json,2bb70d9dc61c8686ccc5cd0fa43323e70597f2fcb5a8ab5818dbc3a33cb06a59,14097,126220,126220,0,21114,84184,0.2005166289958024,87d1faff801209373bd8aa758e1176121fced531eb8087f78a1b873d0afc52e5,19116,1.3560331985528835
case_065,3,L2,600.0,6.076990911000394,/home/dreamboat/npu_r12_verify/NPU_R12/work/par5_L2/case_065_n3_L2/selected_plan.json,/home/dreamboat/npu_r12_verify/NPU_R12/work/par5_L2/case_065_n3_L2/report.json,/home/dreamboat/npu_r12_verify/NPU_R12/work/par5_L2/case_065_n3_L2/control/r7/control_r6/control_work/component_ordered_result.official.json,191992fa0109863a3bb606c0db69d0a61d5022d23b954a7d699b1d8b60c4dbf6,16963,27936,27936,0,27936,299720,0.08526015088995777,3774fd985c2e6b8f3993c5def17b2aefd52c886e2233f3c675b438347295670b,53068,3.128456051406001
case_066,3,L2,600.0,111.40497960099947,/home/dreamboat/npu_r12_verify/NPU_R12/work/par3_L2/case_066_n3_L2/selected_plan.json,/home/dreamboat/npu_r12_verify/NPU_R12/work/par3_L2/case_066_n3_L2/report.json,/home/dreamboat/npu_r12_verify/NPU_R12/work/par3_L2/case_066_n3_L2/control/r7/control_r6/critical/critical_00_result.official.json,fe75f3174c2c746a96094e4577546a9e5b94480d4cb10a618c60ccf0b99669de,137156,3077354,3077354,0,680454,2342406,0.22510271729421805,5a6ecdc6be551438739040f9a52c05b8852d76848e57593c9eea7dfb46529d27,359070,2.6179678614132813
case_067,3,L2,600.0,89.76204954599962,/home/dreamboat/npu_r12_verify/NPU_R12/work/par2_L2/case_067_n3_L2/selected_plan.json,/home/dreamboat/npu_r12_verify/NPU_R12/work/par2_L2/case_067_n3_L2/report.json,/home/dreamboat/npu_r12_verify/NPU_R12/work/par2_L2/case_067_n3_L2/local_microbatch/affinity_window8.plan.meta.official.json,65c2ff908b6066a4bef2087adc98c2643d66e8dd398abe0be69e1058e996060e,20274197,150320896,50977536,99343360,103141504,28402688,0.7840825385890089,ce5fd2b1e26bcf96583abc13b07a82784655adcea06178e751361d9e957e6d8a,63834834,3.1485752062091534
case_068,3,L2,600.0,109.64046923600017,/home/dreamboat/npu_r12_verify/NPU_R12/work/par1_L2/case_068_n3_L2/selected_plan.json,/home/dreamboat/npu_r12_verify/NPU_R12/work/par1_L2/case_068_n3_L2/report.json,/home/dreamboat/npu_r12_verify/NPU_R12/work/par1_L2/case_068_n3_L2/indexed_insertion/plan.meta.official.json,eb6f3dfec483a038aa135f5ed0b2dac59f7d4bed12c3c189e9207adea0bd91ca,160947,5172720,5172720,0,1152184,5078426,0.18492314556680647,5f0643fb469f5a3cd01de56bade8b90096e05e071fcc946a559c957f96527555,362095,2.2497778771893855
case_069,3,L2,600.0,12.74362469100015,/home/dreamboat/npu_r12_verify/NPU_R12/work/par3_L2/case_069_n3_L2/selected_plan.json,/home/dreamboat/npu_r12_verify/NPU_R12/work/par3_L2/case_069_n3_L2/report.json,/home/dreamboat/npu_r12_verify/NPU_R12/work/par3_L2/case_069_n3_L2/control/r7/control_r6/critical/critical_00_result.official.json,a9b9f8ab0962d993742b2bd7f007219cc53b19a2799929dba1b724371e332f43,14474,489770,489770,0,96058,316838,0.2326445400294505,321ee17aaf8817dc6df4252123f5f61bfef3f1bca5471cc7234f349270b7a9fd,25144,1.7371839159872875
case_070,3,L2,600.0,7.744136050999259,/home/dreamboat/npu_r12_verify/NPU_R12/work/par1_L2/case_070_n3_L2/selected_plan.json,/home/dreamboat/npu_r12_verify/NPU_R12/work/par1_L2/case_070_n3_L2/report.json,/home/dreamboat/npu_r12_verify/NPU_R12/work/par1_L2/case_070_n3_L2/indexed_insertion/plan.meta.official.json,99b56375dbb55ef04d0e6be61d86395e4e52429866164f4457c087621039cb9c,41101,1523108,1523108,0,400660,979026,0.29039940972076256,a0e6f96eeb410700fab013d409809fea8bf71de634b1568c148e32e469476e87,117300,2.853945159485171
case_071,3,L2,600.0,8.422577470999386,/home/dreamboat/npu_r12_verify/NPU_R12/work/par1_L2/case_071_n3_L2/selected_plan.json,/home/dreamboat/npu_r12_verify/NPU_R12/work/par1_L2/case_071_n3_L2/report.json,/home/dreamboat/npu_r12_verify/NPU_R12/work/par1_L2/case_071_n3_L2/control/r7/control_r6/critical/critical_00_result.official.json,7ccae8d5a7c2caf93adc5c3fb78377898323033162d4eae0992e9a53bf815ade,10460,235082,235082,0,92458,183110,0.3355179120942925,ff6c3001beae6ab0be598c0a28d7eebe468cca9be869987692266a9ecbf0aa85,18919,1.8086998087954111
case_072,3,L2,600.0,287.9195554859998,/home/dreamboat/npu_r12_verify/NPU_R12/work/par4_L2/case_072_n3_L2/selected_plan.json,/home/dreamboat/npu_r12_verify/NPU_R12/work/par4_L2/case_072_n3_L2/report.json,/home/dreamboat/npu_r12_verify/NPU_R12/work/par4_L2/case_072_n3_L2/control/r7/control_r6/control_work/component_ordered_result.official.json,7a9941030ed9c6069d068f8e2cf30eedc4a2fb76cd68c0d2f707989627589c4b,7944880,82414368,19804504,62609864,13656064,79851310,0.14604264258346086,a053e98c453aea4723e2811d898ecbb6d2bf5e685460da681dc0e5dc0b26e921,23897828,3.0079532982247685
case_073,3,L2,600.0,29.67653460099973,/home/dreamboat/npu_r12_verify/NPU_R12/work/par1_L2/case_073_n3_L2/selected_plan.json,/home/dreamboat/npu_r12_verify/NPU_R12/work/par1_L2/case_073_n3_L2/report.json,/home/dreamboat/npu_r12_verify/NPU_R12/work/par1_L2/case_073_n3_L2/control/r7/control_r6/control_work/chainwave_result.official.json,6b065531d4cdc168b866ee3115258dfc4a9bc1da594cc11963b7069b5b910d04,3223907,93164288,7443200,85721088,84968448,11700864,0.8789598916355171,ae850875669c86265d97b16c732080cd9ac333bfc72ca45b2f7c592ca41b91f5,10081626,3.1271454170359134
case_074,3,L2,600.0,12.722690312999475,/home/dreamboat/npu_r12_verify/NPU_R12/work/par2_L2/case_074_n3_L2/selected_plan.json,/home/dreamboat/npu_r12_verify/NPU_R12/work/par2_L2/case_074_n3_L2/report.json,/home/dreamboat/npu_r12_verify/NPU_R12/work/par2_L2/case_074_n3_L2/control/r7/control_r6/control_work/component_ordered_result.official.json,528ead5e31069f5ac6160f8fd52b376e5a6ef3c11a398c347efb67c4f4b9142f,537389,4923392,4571136,352256,2809856,5890072,0.3229746269164526,74e6fa4d08f5ccc851dc98747eb757bd4a4d56a84a47a02965607bfbe49d150c,1682239,3.130393439389344
case_075,3,L2,600.0,120.85819905600147,/home/dreamboat/npu_r12_verify/NPU_R12/work/par4_L2/case_075_n3_L2/selected_plan.json,/home/dreamboat/npu_r12_verify/NPU_R12/work/par4_L2/case_075_n3_L2/report.json,/home/dreamboat/npu_r12_verify/NPU_R12/work/par4_L2/case_075_n3_L2/indexed_insertion/plan.meta.official.json,e4d9046999d642b20ce3bf7e72eb56922ea1bde172205bbbb6bd907adebd727e,524721,12146060,12146060,0,1975050,6577352,0.23093512208616948,4a04f0d40bcbac4e584a00c8e595b2719cfd6c708de85089bac9cb19073c6b2c,1441809,2.747763096960099
case_076,3,L2,600.0,124.25154932300029,/home/dreamboat/npu_r12_verify/NPU_R12/work/par2_L2/case_076_n3_L2/selected_plan.json,/home/dreamboat/npu_r12_verify/NPU_R12/work/par2_L2/case_076_n3_L2/report.json,/home/dreamboat/npu_r12_verify/NPU_R12/work/par2_L2/case_076_n3_L2/control/r7/control_r6/control_work/components_result.official.json,b8c5a0f41a3ea823a9b38ebf370197e2bfaf1d7ef3f334319350127fae184eae,2047868,34332672,8148992,26183680,13006848,25594880,0.3369498899116641,b43866b3f70693778c3c77150198ace0a135024f157089d92364feb09e1dccdb,6185113,3.0202693728306707
case_077,3,L2,600.0,19.977354980999735,/home/dreamboat/npu_r12_verify/NPU_R12/work/par4_L2/case_077_n3_L2/selected_plan.json,/home/dreamboat/npu_r12_verify/NPU_R12/work/par4_L2/case_077_n3_L2/report.json,/home/dreamboat/npu_r12_verify/NPU_R12/work/par4_L2/case_077_n3_L2/control/r7/control_r6/control_work/components_result.official.json,07fb8b6812e77389bdb37f3bcb5ac4257ee6ed065ab905a8c487bbe7dc0cbe8f,178739,114688,114688,0,57344,2198604,0.025419025615838663,7e3e952c6cb560b9280ff45e53dda732d397c0217e2d0df89a0aaa773e5e6fe1,495320,2.771191513883372
case_078,3,L2,600.0,6.211358750999352,/home/dreamboat/npu_r12_verify/NPU_R12/work/par2_L2/case_078_n3_L2/selected_plan.json,/home/dreamboat/npu_r12_verify/NPU_R12/work/par2_L2/case_078_n3_L2/report.json,/home/dreamboat/npu_r12_verify/NPU_R12/work/par2_L2/case_078_n3_L2/indexed_insertion/plan.meta.official.json,d9162b67e7a5943a486fc35cd1757a16ccf4038077ec2867778b292fa6fc7ea7,709786,8054016,8054016,0,3224424,5197848,0.3828449140564446,57f7b973ac16640e6d551171e095ceb37b531d9c48da0edcec7ad4e79d873ac1,2296143,3.2349792754435844
case_079,3,L2,600.0,201.41495122099877,/home/dreamboat/npu_r12_verify/NPU_R12/work/par5_L2/case_079_n3_L2/selected_plan.json,/home/dreamboat/npu_r12_verify/NPU_R12/work/par5_L2/case_079_n3_L2/report.json,/home/dreamboat/npu_r12_verify/NPU_R12/work/par5_L2/case_079_n3_L2/control/extra/m3_ordered_2048.official.json,2fc2629d5a6f3c725a320f9d5f698b965614b11b243de19b9800f9a16ec7a22b,10140199,33890304,11624448,22265856,6146048,33556480,0.15480243474672445,2b0ad80c8643517c24d87e34e19cf9f1666b05cf4e31ed9f81275c2f8d68bbd0,31052251,3.0622920713883426
case_080,3,L2,600.0,5.627298031000464,/home/dreamboat/npu_r12_verify/NPU_R12/work/par6_L2/case_080_n3_L2/selected_plan.json,/home/dreamboat/npu_r12_verify/NPU_R12/work/par6_L2/case_080_n3_L2/report.json,/home/dreamboat/npu_r12_verify/NPU_R12/work/par6_L2/case_080_n3_L2/control/r7/control_r6/control_work/component_ordered_result.official.json,7cc70f794e2bab5b734dc068005074bcd04d1b91a5bafe712910e77be03d5fcd,100325,3047424,3047424,0,0,4952064,0.0,f2884a7521f497df6be41793f90c6ec1c33e38899d3bce182a894c2f3e175ed2,292138,2.9119162721156244
case_081,3,L2,600.0,5.520503744000962,/home/dreamboat/npu_r12_verify/NPU_R12/work/par5_L2/case_081_n3_L2/selected_plan.json,/home/dreamboat/npu_r12_verify/NPU_R12/work/par5_L2/case_081_n3_L2/report.json,/home/dreamboat/npu_r12_verify/NPU_R12/work/par5_L2/case_081_n3_L2/control/r7/control_r6/control_work/components_result.official.json,e0610e54cdb72fa81238516aea0565b4b2a91135b82ef3c74947a08a54d3cf27,51943,0,0,0,0,1044820,0.0,f840e2ae900018f31630192231934a66b3c9992184c44bd84fac43207fa3bf81,151795,2.9223379473653814
case_082,3,L2,600.0,63.78319678099979,/home/dreamboat/npu_r12_verify/NPU_R12/work/par1_L2/case_082_n3_L2/selected_plan.json,/home/dreamboat/npu_r12_verify/NPU_R12/work/par1_L2/case_082_n3_L2/report.json,/home/dreamboat/npu_r12_verify/NPU_R12/work/par1_L2/case_082_n3_L2/control/r7/control_r6/critical/critical_02_result.official.json,39ec04a490ee9262fd27277a7cc891859a42a99e1c526595fa9fc7bd3d5a34db,263832,2788460,2788460,0,373100,1772502,0.17389059107886737,061174191115c8b71d8861480502b8706c27fede20c7b862795b86e4235f5a00,721041,2.7329550623123806
case_083,3,L2,600.0,18.38614158099972,/home/dreamboat/npu_r12_verify/NPU_R12/work/par3_L2/case_083_n3_L2/selected_plan.json,/home/dreamboat/npu_r12_verify/NPU_R12/work/par3_L2/case_083_n3_L2/report.json,/home/dreamboat/npu_r12_verify/NPU_R12/work/par3_L2/case_083_n3_L2/control/r7/control_r6/control_work/chainwave_result.official.json,65e72e8eedc91485d12608a7d13395e86b734154fe81b336f265c773c93fc2bb,298003,1860800,1860800,0,930112,2115040,0.3054402538855203,8615156e8cef6fc148766f960d4f7c229f87e35636551e27cf447ef58542dc74,1057993,3.5502763394999377
case_084,3,L2,600.0,121.97302600799958,/home/dreamboat/npu_r12_verify/NPU_R12/work/par3_L2/case_084_n3_L2/selected_plan.json,/home/dreamboat/npu_r12_verify/NPU_R12/work/par3_L2/case_084_n3_L2/report.json,/home/dreamboat/npu_r12_verify/NPU_R12/work/par3_L2/case_084_n3_L2/control/r7/control_r6/control_work/component_batch512_result.official.json,fe9fc751a31aa679d29eb0b9a6690bb70a01341c6e37e96c73c712b782825c2a,836220,0,0,0,0,9927786,0.0,5729cc6667b1ba2dea255bee3dc8ab00bc8735ad41dfe6132488980ddac2889c,2507412,2.998507569778288
case_085,3,L2,600.0,81.63281063499926,/home/dreamboat/npu_r12_verify/NPU_R12/work/par4_L2/case_085_n3_L2/selected_plan.json,/home/dreamboat/npu_r12_verify/NPU_R12/work/par4_L2/case_085_n3_L2/report.json,/home/dreamboat/npu_r12_verify/NPU_R12/work/par4_L2/case_085_n3_L2/indexed_insertion/plan.meta.official.json,9b592dcbae62c1e21141b2e73703e0e2c44d21fd21e0506215929671770f4fec,1224333,29372396,29372396,0,2905818,14036520,0.17151221986009252,056fad514f3408eb978daddc8dbdb00bafd953f806ebc7a840589141fc1b5c8a,3187899,2.603784264575079
case_086,3,L2,600.0,90.06060020099903,/home/dreamboat/npu_r12_verify/NPU_R12/work/par5_L2/case_086_n3_L2/selected_plan.json,/home/dreamboat/npu_r12_verify/NPU_R12/work/par5_L2/case_086_n3_L2/report.json,/home/dreamboat/npu_r12_verify/NPU_R12/work/par5_L2/case_086_n3_L2/control/extra/B_plan_evaluated_in_L2.official.json,bb95bddf021053f3c15fbbf90d1f51b876e317a4e4619165b1618dbf74917db7,59919,1851498,1851498,0,250858,1130518,0.18160008571163824,ff40fdd157dca8ad4c2ddb7aec70fad05e8f55a8561733c3a20ebeb718038b63,118403,1.9760510021862847
case_087,3,L2,600.0,230.15343154799848,/home/dreamboat/npu_r12_verify/NPU_R12/work/par5_L2/case_087_n3_L2/selected_plan.json,/home/dreamboat/npu_r12_verify/NPU_R12/work/par5_L2/case_087_n3_L2/report.json,/home/dreamboat/npu_r12_verify/NPU_R12/work/par5_L2/case_087_n3_L2/control/r7/control_r6/control_work/component_ordered_result.official.json,deffc458c98e43f33efb4371ea90adcb761686ee30f40010933ac1e8e3215d11,1371815,5465088,4008960,1456128,2511360,8872412,0.22060877536900775,3fe1eb3498713f5a2d222ed717c17b6a28da14a03df1c433c4d32c1cb0710a66,3974071,2.8969438298895986
case_088,3,L2,600.0,55.068053171999054,/home/dreamboat/npu_r12_verify/NPU_R12/work/par6_L2/case_088_n3_L2/selected_plan.json,/home/dreamboat/npu_r12_verify/NPU_R12/work/par6_L2/case_088_n3_L2/report.json,/home/dreamboat/npu_r12_verify/NPU_R12/work/par6_L2/case_088_n3_L2/indexed_insertion/plan.meta.official.json,d939e106ea18c022a6d2b34f6f62c07f08fa21fc0c9963fc5026ea6bdd827f01,112104,4023768,4023768,0,888008,3581772,0.19866928573665818,be4aaa4a70f515218a2f6d6470881cfeaec5c07da8236c4930eaeb4740c6386b,243623,2.1731873974166844
case_089,3,L2,600.0,22.791421219999393,/home/dreamboat/npu_r12_verify/NPU_R12/work/par3_L2/case_089_n3_L2/selected_plan.json,/home/dreamboat/npu_r12_verify/NPU_R12/work/par3_L2/case_089_n3_L2/report.json,/home/dreamboat/npu_r12_verify/NPU_R12/work/par3_L2/case_089_n3_L2/control/r7/control_r6/control_work/chainwave_result.official.json,55e4f1eef169ddb664ff69153c792ef7c2e243b85e6d1d6979157c67e455174a,229298,477440,477440,0,238648,641352,0.2711909090909091,f92bd8c5478663a1b385a40ead679b7eba82f9f503ced744040dda0aca2342ea,693092,3.022669190311298
case_090,3,L2,600.0,10.27316780000001,/home/dreamboat/npu_r12_verify/NPU_R12/work/par6_L2/case_090_n3_L2/selected_plan.json,/home/dreamboat/npu_r12_verify/NPU_R12/work/par6_L2/case_090_n3_L2/report.json,/home/dreamboat/npu_r12_verify/NPU_R12/work/par6_L2/case_090_n3_L2/control/r7/control_r6/critical/critical_02_result.official.json,393f800ae4f564a9602d11cba6eb91c15311bc5c53a70af465ddb26d37bf3c31,312336,4409088,4409088,0,3950280,2591160,0.6038853830349281,7d6bde50c04ce621cecc0bbdfcf3b230acd22c910d36bbb65ad2987efe6c0c0f,1178363,3.772741534757441
case_091,3,L2,600.0,104.02991625100003,/home/dreamboat/npu_r12_verify/NPU_R12/work/par3_L2/case_091_n3_L2/selected_plan.json,/home/dreamboat/npu_r12_verify/NPU_R12/work/par3_L2/case_091_n3_L2/report.json,/home/dreamboat/npu_r12_verify/NPU_R12/work/par3_L2/case_091_n3_L2/control/r7/control_r6/control_work/components_result.official.json,81c70af28bfc6e3735b4810fca9f18a1d6d79f23889049a5266f07c1e87ddd7f,3070819,64602944,12956672,51646272,17402432,53736192,0.24462705379288754,edb005ee952a4eca00f923c538a71f0fe5a52b1dbf84f1de3af4827df6e94f04,9186769,2.991634804916864
case_092,3,L2,600.0,102.40129679799975,/home/dreamboat/npu_r12_verify/NPU_R12/work/par6_L2/case_092_n3_L2/selected_plan.json,/home/dreamboat/npu_r12_verify/NPU_R12/work/par6_L2/case_092_n3_L2/report.json,/home/dreamboat/npu_r12_verify/NPU_R12/work/par6_L2/case_092_n3_L2/control/r7/control_r6/control_work/chainwave_result.official.json,a0574b22d7138e37c2d94fe9f6cd66ff46ff116fc871c65fba556c8039d71675,1421140,10675392,1860800,8814592,930112,7431648,0.11123399858403016,f52c750ecaafd7797459968e93a3e97f2b0d5c0ad05f147262f16045dd7f2277,4815554,3.3885148542719223
case_093,3,L2,600.0,1.2846624800004065,/home/dreamboat/npu_r12_verify/NPU_R12/work/par3_L2/case_093_n3_L2/selected_plan.json,/home/dreamboat/npu_r12_verify/NPU_R12/work/par3_L2/case_093_n3_L2/report.json,/home/dreamboat/npu_r12_verify/NPU_R12/work/par3_L2/case_093_n3_L2/control/r7/control_r6/control_work/components_result.official.json,d721c98c757c9f15583231823ede1290f7eea984ff79d732baff7ff7cd9bf976,25103,16384,16384,0,0,589824,0.0,fd10f4f82062f4262791ce81521beb26c8bb9ad105b50e11ccafa5b571b87859,74205,2.956021192686133
case_094,3,L2,600.0,5.4194181130005745,/home/dreamboat/npu_r12_verify/NPU_R12/work/par4_L2/case_094_n3_L2/selected_plan.json,/home/dreamboat/npu_r12_verify/NPU_R12/work/par4_L2/case_094_n3_L2/report.json,/home/dreamboat/npu_r12_verify/NPU_R12/work/par4_L2/case_094_n3_L2/control/r7/control_r6/critical/critical_00_result.official.json,6169e964005206ae9bffc86c8165d5f487d7bd1b81c139d32bb0fce243bdec91,35039,737860,737860,0,122432,815906,0.13047750384189918,d5edd367a136fb29b5c6c3c373ef3d27c3d2905ba9687c6050ee5d2576c71ee8,94892,2.7081823111390166
case_095,3,L2,600.0,26.352133141001104,/home/dreamboat/npu_r12_verify/NPU_R12/work/par4_L2/case_095_n3_L2/selected_plan.json,/home/dreamboat/npu_r12_verify/NPU_R12/work/par4_L2/case_095_n3_L2/report.json,/home/dreamboat/npu_r12_verify/NPU_R12/work/par4_L2/case_095_n3_L2/control/r7/control_r6/control_work/component_batch512_result.official.json,3da96f2d5b141a464fd9b19277819e19f0064a5ef8da2171ecf07553af5d28d4,695775,0,0,0,0,8516508,0.0,4ed5a55121d62f97b65b1b0e33b5d4df05d2ec3134591402cb4e030a6efa3c77,2084853,2.9964471273040854
case_096,3,L2,600.0,7.021520576001421,/home/dreamboat/npu_r12_verify/NPU_R12/work/par3_L2/case_096_n3_L2/selected_plan.json,/home/dreamboat/npu_r12_verify/NPU_R12/work/par3_L2/case_096_n3_L2/report.json,/home/dreamboat/npu_r12_verify/NPU_R12/work/par3_L2/case_096_n3_L2/indexed_insertion/plan.meta.official.json,d85525c6cc4fc2072d336bf04231334c9cc6b774d9a9d1cc74c702d1cd14e323,30252,934048,934048,0,207746,576610,0.2648618739449944,dc4d2cc66f72b12d1d1065f8ad93ac73eb50299a84d47c60d6cbddc6b3697b75,84194,2.783088721406849
case_097,3,L2,600.0,63.823487989999194,/home/dreamboat/npu_r12_verify/NPU_R12/work/par1_L2/case_097_n3_L2/selected_plan.json,/home/dreamboat/npu_r12_verify/NPU_R12/work/par1_L2/case_097_n3_L2/report.json,/home/dreamboat/npu_r12_verify/NPU_R12/work/par1_L2/case_097_n3_L2/control/r7/control_r6/control_work/components_result.official.json,8c0400ca887ebd82e4e5a0ceabdccf1e8ec8f892d3eff6c4a9ed166761b4cdbf,3660338,16031744,8519680,7512064,4458496,15833088,0.2197214372224465,e1209bc3bd7b8e4b7b9d48ff5d8cbb61258c8ceb912cfb07270fb49f9c60afc5,11491509,3.139466628491686
case_098,3,L2,600.0,12.56257377699876,/home/dreamboat/npu_r12_verify/NPU_R12/work/par3_L2/case_098_n3_L2/selected_plan.json,/home/dreamboat/npu_r12_verify/NPU_R12/work/par3_L2/case_098_n3_L2/report.json,/home/dreamboat/npu_r12_verify/NPU_R12/work/par3_L2/case_098_n3_L2/indexed_insertion/plan.meta.official.json,83e8c35095251e640dbc25b69c647d6380bbf55b2bd83e5385ff7cc56b587ac2,64144,1619618,1619618,0,546340,1213290,0.31048572711308625,24cfc04e5ea4b11a7003ba0e417d870c90464edba9bab260f4fa8c2446404fe5,177430,2.766119980044899
case_099,3,L2,600.0,13.117349931000717,/home/dreamboat/npu_r12_verify/NPU_R12/work/par6_L2/case_099_n3_L2/selected_plan.json,/home/dreamboat/npu_r12_verify/NPU_R12/work/par6_L2/case_099_n3_L2/report.json,/home/dreamboat/npu_r12_verify/NPU_R12/work/par6_L2/case_099_n3_L2/control/r7/control_r6/control_work/components_result.official.json,a487b97022492ae8c856863a68cb478b7d24101337a7a8653ed74ef3996820da,540586,8798208,3809280,4988928,5783552,5548288,0.5103806619225122,c0c4374d0fbee880e7193c59ccd48e9b2e5fb8c21f64b80fc2c43cedfbf41dc0,1622999,3.0022956569352517
case_100,3,L2,600.0,8.623490034999122,/home/dreamboat/npu_r12_verify/NPU_R12/work/par4_L2/case_100_n3_L2/selected_plan.json,/home/dreamboat/npu_r12_verify/NPU_R12/work/par4_L2/case_100_n3_L2/report.json,/home/dreamboat/npu_r12_verify/NPU_R12/work/par4_L2/case_100_n3_L2/indexed_insertion/plan.meta.official.json,7859385b67288ba44cc60966e2cea1decb74d48a3241af9db9d4c7cf5aa356c6,51556,1640268,1640268,0,549170,957218,0.36456079044708267,f8bffff23c0c8865b0dcac9b402b04a83d54bc9f91ca1565c3a60eda0d94d6b5,151223,2.933179455349523
case_001,4,L2,600.0,1.3242173009994076,/home/dreamboat/npu_r12_verify/NPU_R12/work/par6_L2/case_001_n4_L2/selected_plan.json,/home/dreamboat/npu_r12_verify/NPU_R12/work/par6_L2/case_001_n4_L2/report.json,/home/dreamboat/npu_r12_verify/NPU_R12/work/par6_L2/case_001_n4_L2/control/r7/control_r6/control_work/components_result.official.json,b638dd2253b2323043a1601837c076b4f062167779ff616a1a946e2fa929d98a,58984,3456,3456,0,0,823808,0.0,56a83f06de40a136315fa9e41b1a9d8b458a6292d618d1a042b6c9d45577aa8f,233110,3.952088702020887
case_002,4,L2,600.0,14.798320166000394,/home/dreamboat/npu_r12_verify/NPU_R12/work/par2_L2/case_002_n4_L2/selected_plan.json,/home/dreamboat/npu_r12_verify/NPU_R12/work/par2_L2/case_002_n4_L2/report.json,/home/dreamboat/npu_r12_verify/NPU_R12/work/par2_L2/case_002_n4_L2/indexed_insertion/plan.meta.official.json,4f209c3e75285d06d6651226d5e8f9e9c306800a8db682f3738fb0a2d5a0cdc4,73120,841728,841728,0,0,1643520,0.0,dbcbaabe3b253ab387e29607466d3a2bf0a2a93d2e7fd327592ebb27f6727ffd,261945,3.582398796498906
case_003,4,L2,600.0,214.97147775200028,/home/dreamboat/npu_r12_verify/NPU_R12/work/par1_L2/case_003_n4_L2/selected_plan.json,/home/dreamboat/npu_r12_verify/NPU_R12/work/par1_L2/case_003_n4_L2/report.json,/home/dreamboat/npu_r12_verify/NPU_R12/work/par1_L2/case_003_n4_L2/control/r7/control_r6/control_work/chainwave_result.official.json,227e070198cfae70e45f6cb1ffd548f223f187c8d6e95b285709908c5f094c65,229275,7733990,7733990,0,1420126,4487012,0.24040846853417003,8f16a4235335caba8392e32550430b0b8ba7f802e579e24945028229dca7ec93,602212,2.626592519899684
case_004,4,L2,600.0,5.006925343000148,/home/dreamboat/npu_r12_verify/NPU_R12/work/par4_L2/case_004_n4_L2/selected_plan.json,/home/dreamboat/npu_r12_verify/NPU_R12/work/par4_L2/case_004_n4_L2/report.json,/home/dreamboat/npu_r12_verify/NPU_R12/work/par4_L2/case_004_n4_L2/control/r7/control_r6/control_work/component_ordered_result.official.json,a03b2da92145989073b5e7f4432b5fbc5bb8409a8c2812a6d9255ece948245dd,104188,331776,331776,0,0,783360,0.0,2fdffafb7f6d3d8cb3a2d1c95269f213aad96d58d9e467c310511e27df7f89fe,392357,3.765855952700887
case_005,4,L2,600.0,99.70751876900067,/home/dreamboat/npu_r12_verify/NPU_R12/work/par6_L2/case_005_n4_L2/selected_plan.json,/home/dreamboat/npu_r12_verify/NPU_R12/work/par6_L2/case_005_n4_L2/report.json,/home/dreamboat/npu_r12_verify/NPU_R12/work/par6_L2/case_005_n4_L2/control/r7/control_r6/critical/critical_03_result.official.json,07cad9001c0166bd360627dfe1e25cb6c6f44abee6da9579f2d056c02e90171a,50800,2224782,2224782,0,460302,1194934,0.2780884417690287,b34ac939ad6be03d1c466e790de78f82562d154b34d4fdf0bde984cdbfdca44a,95618,1.882244094488189
case_006,4,L2,600.0,10.885213266999926,/home/dreamboat/npu_r12_verify/NPU_R12/work/par4_L2/case_006_n4_L2/selected_plan.json,/home/dreamboat/npu_r12_verify/NPU_R12/work/par4_L2/case_006_n4_L2/report.json,/home/dreamboat/npu_r12_verify/NPU_R12/work/par4_L2/case_006_n4_L2/indexed_insertion/plan.meta.official.json,8450cccfea0dc61f872aeba5ff99f12319ea0c1d818bcb4836471579fa6e1416,24645,913168,913168,0,411552,806348,0.3379193694063552,19af2854edccbf26c2cf711fbbd89218914611300fe019a3aaf61cc04367fdd8,82837,3.3612091702170828
case_007,4,L2,600.0,24.356481759000417,/home/dreamboat/npu_r12_verify/NPU_R12/work/par4_L2/case_007_n4_L2/selected_plan.json,/home/dreamboat/npu_r12_verify/NPU_R12/work/par4_L2/case_007_n4_L2/report.json,/home/dreamboat/npu_r12_verify/NPU_R12/work/par4_L2/case_007_n4_L2/control/r7/control_r6/control_work/component_batch512_result.official.json,7cd027bd90581f4c7c089da9a716dc02406acd34c782dc140e7571bcabe5361d,254398,82944,82944,0,0,963072,0.0,059840ffcf5668605c32962e6eb5189545624f5e8a7313f6292deae030b109fe,1012562,3.980227831979811
case_008,4,L2,600.0,9.053857261999838,/home/dreamboat/npu_r12_verify/NPU_R12/work/par1_L2/case_008_n4_L2/selected_plan.json,/home/dreamboat/npu_r12_verify/NPU_R12/work/par1_L2/case_008_n4_L2/report.json,/home/dreamboat/npu_r12_verify/NPU_R12/work/par1_L2/case_008_n4_L2/control/r7/control_r6/control_work/component_ordered_result.official.json,38333be1701519892c1a53de6d41cb9e4ff95e7b4e44f03d2e3b2c542dab8d3c,123060,0,0,0,0,1990872,0.0,c6dc86852e88e47ea0c7d095a6027b7cfa99465b1f86f1002ae02c8d5b70fa40,487605,3.962335446123842
case_009,4,L2,600.0,137.2402858280002,/home/dreamboat/npu_r12_verify/NPU_R12/work/par5_L2/case_009_n4_L2/selected_plan.json,/home/dreamboat/npu_r12_verify/NPU_R12/work/par5_L2/case_009_n4_L2/report.json,/home/dreamboat/npu_r12_verify/NPU_R12/work/par5_L2/case_009_n4_L2/indexed_insertion/plan.meta.official.json,0a1591d56ec5a2c7a61183f63c81d77bd86db23bbf47a48c830d506cf88e5f6a,52843,1890898,1890898,0,502940,1140264,0.30607277002733685,e27c1b7c8a60658c1bc9dfc5bbedbbac7f4c46c8648efdc65735882ba8cbd43c,153261,2.9003084609125143
case_010,4,L2,600.0,8.77908084200044,/home/dreamboat/npu_r12_verify/NPU_R12/work/par1_L2/case_010_n4_L2/selected_plan.json,/home/dreamboat/npu_r12_verify/NPU_R12/work/par1_L2/case_010_n4_L2/report.json,/home/dreamboat/npu_r12_verify/NPU_R12/work/par1_L2/case_010_n4_L2/control/r7/control_r6/critical/critical_03_result.official.json,a7a3fd4b5157fcdfafb948e1fc6def8b1cae8567578aea1def08d516299182e1,24135,774836,774836,0,368580,598148,0.3812654645360432,4fa957ec64b5ef14105f92af2fce93599244cebb6a5fa00ff21cb8ba0d9de31b,86969,3.6034389890200953
case_011,4,L2,600.0,1.525598596999771,/home/dreamboat/npu_r12_verify/NPU_R12/work/par6_L2/case_011_n4_L2/selected_plan.json,/home/dreamboat/npu_r12_verify/NPU_R12/work/par6_L2/case_011_n4_L2/report.json,/home/dreamboat/npu_r12_verify/NPU_R12/work/par6_L2/case_011_n4_L2/indexed_insertion/plan.meta.official.json,0eed7071d2244c2bb1f4aabe1af7f624004a15dfe2b7f4f6ebc0356c0422e501,46808,704512,704512,0,120832,1026048,0.10535714285714286,f12158012eeb7b60f4b213fd727cb91cfd6a34ccd6bccc302cae5e047b7e88c1,184697,3.945842591010084
case_012,4,L2,600.0,9.582715222000843,/home/dreamboat/npu_r12_verify/NPU_R12/work/par6_L2/case_012_n4_L2/selected_plan.json,/home/dreamboat/npu_r12_verify/NPU_R12/work/par6_L2/case_012_n4_L2/report.json,/home/dreamboat/npu_r12_verify/NPU_R12/work/par6_L2/case_012_n4_L2/control/r7/control_r6/control_work/component_ordered_result.official.json,c847e3d97cc46c0ccbafc5d3f8e9dc6fe28121c668c45471ff9a9488397df8cd,14884,21888,21888,0,21888,484096,0.04325828484695168,90a92ad3d50280a8c1a66dc25364149490a25182a4159ad8164aefeb41528ac0,59088,3.9699005643644183
case_013,4,L2,600.0,3.818877816999702,/home/dreamboat/npu_r12_verify/NPU_R12/work/par4_L2/case_013_n4_L2/selected_plan.json,/home/dreamboat/npu_r12_verify/NPU_R12/work/par4_L2/case_013_n4_L2/report.json,/home/dreamboat/npu_r12_verify/NPU_R12/work/par4_L2/case_013_n4_L2/control/r7/control_r6/control_work/components_result.official.json,a2e2da0135dc42e84eadaca7a8c13b0b9b91a43301e92c226be417ffc622eaa2,66982,24576,24576,0,0,2048000,0.0,21281493d5fc3a33f49e948553f4c3f4dc372fdbcb58ea52a74bd5cdba2b9413,263949,3.9405959810098237
case_014,4,L2,600.0,197.1506058949999,/home/dreamboat/npu_r12_verify/NPU_R12/work/par1_L2/case_014_n4_L2/selected_plan.json,/home/dreamboat/npu_r12_verify/NPU_R12/work/par1_L2/case_014_n4_L2/report.json,/home/dreamboat/npu_r12_verify/NPU_R12/work/par1_L2/case_014_n4_L2/control/r7/control_r6/control_work/component_ordered_result.official.json,54278c60afb36877301ffe9d4df36b26351a07b5c183bd1114e5db1acb8ec790,4426698,48577944,29628936,18949008,17750208,40739376,0.3034763933352646,df588734512d1dc1e892b44ccb2a770745cd091578e5438b70ed1feae2645c27,17698626,3.998155284141814
case_015,4,L2,600.0,10.687500643000021,/home/dreamboat/npu_r12_verify/NPU_R12/work/par4_L2/case_015_n4_L2/selected_plan.json,/home/dreamboat/npu_r12_verify/NPU_R12/work/par4_L2/case_015_n4_L2/report.json,/home/dreamboat/npu_r12_verify/NPU_R12/work/par4_L2/case_015_n4_L2/control/r7/control_r6/control_work/component_ordered_result.official.json,9a6ceb957f835df9d689b312dfc24ae9e773e25c6a191caeaf985ba4be7dcf6c,51503,231168,231168,0,198400,917250,0.17783354994846054,3e876c5dab81680cc3bcedf8eec33726be561cdf6901c3f671e3c3e3db7b15d2,177362,3.443721724948061
case_016,4,L2,600.0,95.05034762000014,/home/dreamboat/npu_r12_verify/NPU_R12/work/par5_L2/case_016_n4_L2/selected_plan.json,/home/dreamboat/npu_r12_verify/NPU_R12/work/par5_L2/case_016_n4_L2/report.json,/home/dreamboat/npu_r12_verify/NPU_R12/work/par5_L2/case_016_n4_L2/indexed_insertion/plan.meta.official.json,29ef0fc956007efc7108388bc02b6ac3514cc9ea06e46ddd7949626fc60e8da7,2238959,15864,15864,0,1216,399932,0.003031300168516358,7f9ef9eb2bf61d8bff24cd87e767783bf667ab7f026517c88190181aa3a20685,7715523,3.4460313922675674
case_017,4,L2,600.0,16.099897170000077,/home/dreamboat/npu_r12_verify/NPU_R12/work/par3_L2/case_017_n4_L2/selected_plan.json,/home/dreamboat/npu_r12_verify/NPU_R12/work/par3_L2/case_017_n4_L2/report.json,/home/dreamboat/npu_r12_verify/NPU_R12/work/par3_L2/case_017_n4_L2/control/r7/control_r6/control_work/component_ordered_result.official.json,8ff295fb236360d12221f76d1e55262ecf5dfbb5a85c6d5eabfd0c9d4cad36d0,42924,260352,260352,0,258048,537422,0.324396897431707,3ef1e9a61d3b1faedeaa5162c6fa4430825047d5ba9a5d81f3c5860a37b222eb,162810,3.7929829466032987
case_018,4,L2,600.0,23.192639703999703,/home/dreamboat/npu_r12_verify/NPU_R12/work/par2_L2/case_018_n4_L2/selected_plan.json,/home/dreamboat/npu_r12_verify/NPU_R12/work/par2_L2/case_018_n4_L2/report.json,/home/dreamboat/npu_r12_verify/NPU_R12/work/par2_L2/case_018_n4_L2/control/r7/control_r6/control_work/component_ordered_result.official.json,5256224856a4713146780ef95b8166dbf1ea8ab10c68df37042fd97a5fa4c6b0,255632,3755776,3755776,0,2818432,2529940,0.5269700761278385,50b275dcdee7db8490949d469bcc4917eb4eb1c5f0a0704c8eafb87169874df1,1004367,3.9289564686737184
case_019,4,L2,600.0,6.632503940000333,/home/dreamboat/npu_r12_verify/NPU_R12/work/par2_L2/case_019_n4_L2/selected_plan.json,/home/dreamboat/npu_r12_verify/NPU_R12/work/par2_L2/case_019_n4_L2/report.json,/home/dreamboat/npu_r12_verify/NPU_R12/work/par2_L2/case_019_n4_L2/control/r7/control_r6/critical/critical_00_result.official.json,647602ab06235aa9007ae4e358fb366670bfbfbd76f3de686dc3434cbd040386,21598,359504,359504,0,93760,307516,0.23365464169299932,9399788a1c9e98d41b5b82d361f4e73632144d6c171afebd824fa5220d70da78,81144,3.7570145383831837
case_020,4,L2,600.0,11.346626001000004,/home/dreamboat/npu_r12_verify/NPU_R12/work/par2_L2/case_020_n4_L2/selected_plan.json,/home/dreamboat/npu_r12_verify/NPU_R12/work/par2_L2/case_020_n4_L2/report.json,/home/dreamboat/npu_r12_verify/NPU_R12/work/par2_L2/case_020_n4_L2/control/r7/control_r6/control_work/components_result.official.json,93dc644ea2f78920974c0fe011ab95dfb6d2a0c6a9b0bc3c1b4df03c12151db4,133704,0,0,0,0,1179648,0.0,701ed04395ef07726a9ae3dce6a4f9d1153d61224b8266755d17496379e54463,532746,3.984518039849219
case_021,4,L2,600.0,8.94694914199954,/home/dreamboat/npu_r12_verify/NPU_R12/work/par3_L2/case_021_n4_L2/selected_plan.json,/home/dreamboat/npu_r12_verify/NPU_R12/work/par3_L2/case_021_n4_L2/report.json,/home/dreamboat/npu_r12_verify/NPU_R12/work/par3_L2/case_021_n4_L2/control/r7/control_r6/control_work/components_result.official.json,872bed53e8de368c1885c1aa510a6dfa6939c25d3388732daeb0d91aba3844a6,1550324,4608000,4608000,0,0,6963200,0.0,21517db0b884e3d2da2c7d6e27c0f3669d6db80b1f32cd1072df6f2c72d4a4f9,6567937,4.236493145948847
case_022,4,L2,600.0,9.392170893999719,/home/dreamboat/npu_r12_verify/NPU_R12/work/par2_L2/case_022_n4_L2/selected_plan.json,/home/dreamboat/npu_r12_verify/NPU_R12/work/par2_L2/case_022_n4_L2/report.json,/home/dreamboat/npu_r12_verify/NPU_R12/work/par2_L2/case_022_n4_L2/control/r7/control_r6/control_work/component_ordered_result.official.json,d62b247b5442df3d4ab2b73269d9cee52cd9e51b028fe1b2d8e91cf72eb39247,14574,13824,13824,0,13824,213540,0.060801182245210326,6760ef9ad363fb4f9b59794a8cd3ece0a3c06700f46f25f120f4411ec1390bda,56780,3.8959791409359132
case_023,4,L2,600.0,9.751737194999805,/home/dreamboat/npu_r12_verify/NPU_R12/work/par5_L2/case_023_n4_L2/selected_plan.json,/home/dreamboat/npu_r12_verify/NPU_R12/work/par5_L2/case_023_n4_L2/report.json,/home/dreamboat/npu_r12_verify/NPU_R12/work/par5_L2/case_023_n4_L2/control/r7/control_r6/control_work/components_result.official.json,718f5250ace4001b22d146fa2890f8841e1fd16059d2c3a7af7f7df5fa7e6e4f,30522,207552,207552,0,60096,581578,0.0936550335528633,6713f3015421c5a94b78a768c2f364aeb5a03a964041c41237b22d19927ed3fb,122614,4.0172334709389945
case_024,4,L2,600.0,98.78954087300008,/home/dreamboat/npu_r12_verify/NPU_R12/work/par6_L2/case_024_n4_L2/selected_plan.json,/home/dreamboat/npu_r12_verify/NPU_R12/work/par6_L2/case_024_n4_L2/report.json,/home/dreamboat/npu_r12_verify/NPU_R12/work/par6_L2/case_024_n4_L2/indexed_insertion/plan.meta.official.json,3b112d3f0beeab63b5fcdb7927484992db73f11b2c1b11181d7096e31693c239,743027,5256,5256,0,400,395444,0.0010104990854983276,8a9fd5782661835d643da4f3419772b1090dc318c751caa838670b3d989b5f2c,2555343,3.439098444605647
case_025,4,L2,600.0,165.7663344370003,/home/dreamboat/npu_r12_verify/NPU_R12/work/par6_L2/case_025_n4_L2/selected_plan.json,/home/dreamboat/npu_r12_verify/NPU_R12/work/par6_L2/case_025_n4_L2/report.json,/home/dreamboat/npu_r12_verify/NPU_R12/work/par6_L2/case_025_n4_L2/control/r7/control_r6/control_work/component_batch512_result.official.json,300dad9f2bf9449e050a528048afb86e165d460bf75980f951d839c55daecd38,1217444,82944,82944,0,0,4205568,0.0,07c8af925fd86f272c300cbb31c4b61ebf5b333810770b926925aecaf7d7daa8,4863026,3.9944555971362954
case_026,4,L2,600.0,12.752237270000478,/home/dreamboat/npu_r12_verify/NPU_R12/work/par5_L2/case_026_n4_L2/selected_plan.json,/home/dreamboat/npu_r12_verify/NPU_R12/work/par5_L2/case_026_n4_L2/report.json,/home/dreamboat/npu_r12_verify/NPU_R12/work/par5_L2/case_026_n4_L2/control/extra/B_plan_evaluated_in_L2.official.json,b07578851e18d420597a0360340720b2b7f2db4e21c9b546e3ae263bd4f7f2c2,34962,724704,724704,0,311552,720030,0.3020138001632444,411fb612887c98bb47ee0423b24cb578d00fd1c7e0f32c7344a05e720f201320,99203,2.837452090841485
case_027,4,L2,600.0,2.721200277999742,/home/dreamboat/npu_r12_verify/NPU_R12/work/par1_L2/case_027_n4_L2/selected_plan.json,/home/dreamboat/npu_r12_verify/NPU_R12/work/par1_L2/case_027_n4_L2/report.json,/home/dreamboat/npu_r12_verify/NPU_R12/work/par1_L2/case_027_n4_L2/control/r7/control_r6/control_work/components_result.official.json,0fa988c1a4b6f34c0be60b48ca862706fa8270c794468dcd0b14c7fcaeb466f1,559196,3317760,3317760,0,0,5160960,0.0,7aeeaadab1b02388397fafb9e11734225a91c99ffe70605f15f3b559b863831c,2363952,4.227412213249022
case_028,4,L2,600.0,189.83243343499998,/home/dreamboat/npu_r12_verify/NPU_R12/work/par3_L2/case_028_n4_L2/selected_plan.json,/home/dreamboat/npu_r12_verify/NPU_R12/work/par3_L2/case_028_n4_L2/report.json,/home/dreamboat/npu_r12_verify/NPU_R12/work/par3_L2/case_028_n4_L2/control/r7/control_r6/control_work/migrate0_result.official.json,78ce49c658665992201e9e937d0ecb75bb7d831b73b0c6e4d06112d26b8cd861,10250076,31777152,15212928,16564224,6018408,17121432,0.2600885745104547,440b5e0f688320fb0e69113f3f086f2596dbe51322a8c37f5a8c16cc0a1adff7,43836040,4.276655119435212
case_029,4,L2,600.0,5.72986460500033,/home/dreamboat/npu_r12_verify/NPU_R12/work/par1_L2/case_029_n4_L2/selected_plan.json,/home/dreamboat/npu_r12_verify/NPU_R12/work/par1_L2/case_029_n4_L2/report.json,/home/dreamboat/npu_r12_verify/NPU_R12/work/par1_L2/case_029_n4_L2/control/r7/control_r6/control_work/component_ordered_result.official.json,51a986ff518bbfb735c79cccafcae903383606d38269c22a42b2c9e63c1bc17c,11028,0,0,0,0,258132,0.0,828a23ace480fcb7ab987d444983384800afb579e74c83f52bab145ef44b4aa9,37555,3.405422560754443
case_030,4,L2,600.0,27.732037415999912,/home/dreamboat/npu_r12_verify/NPU_R12/work/par5_L2/case_030_n4_L2/selected_plan.json,/home/dreamboat/npu_r12_verify/NPU_R12/work/par5_L2/case_030_n4_L2/report.json,/home/dreamboat/npu_r12_verify/NPU_R12/work/par5_L2/case_030_n4_L2/control/r7/control_r6/control_work/components_result.official.json,a448d24f0d73c43bcf12377e97bc43bae98ffc12fd0ef40e93b95740439a5877,700156,10404864,5819392,4585472,7634944,5163008,0.5965754520723315,7614b583e3915282b64c5c3e51209ff479441bc66cdb8b8eaa99163fb57d849c,2808034,4.010583355709299
case_031,4,L2,600.0,55.23467430200071,/home/dreamboat/npu_r12_verify/NPU_R12/work/par1_L2/case_031_n4_L2/selected_plan.json,/home/dreamboat/npu_r12_verify/NPU_R12/work/par1_L2/case_031_n4_L2/report.json,/home/dreamboat/npu_r12_verify/NPU_R12/work/par1_L2/case_031_n4_L2/control/r7/control_r6/control_work/component_ordered_result.official.json,758d27337c5637450eb5029ca3bf19aca8256177204f08a0208e630bc8aa2ae0,394388,4922880,4922880,0,2873856,4233844,0.40432995202386146,5ec002f44ecfd3de3b3f9318bd69ea8eb76928ec2e1aa10536f737463f755992,1414369,3.58623741087457
case_032,4,L2,600.0,6.236955131999821,/home/dreamboat/npu_r12_verify/NPU_R12/work/par2_L2/case_032_n4_L2/selected_plan.json,/home/dreamboat/npu_r12_verify/NPU_R12/work/par2_L2/case_032_n4_L2/report.json,/home/dreamboat/npu_r12_verify/NPU_R12/work/par2_L2/case_032_n4_L2/control/r7/control_r6/control_work/component_ordered_result.official.json,de0798fe55e047eb5febd7bc690f96ba1a1fd67b8cfcb2bca88732af9ceb51fe,10764,12360,12360,0,8264,283252,0.028348358237626752,312834753300651a2e456b438510698cc9f397c911552f5e213d140329889b80,41443,3.8501486436269046
case_033,4,L2,600.0,24.782475857000463,/home/dreamboat/npu_r12_verify/NPU_R12/work/par4_L2/case_033_n4_L2/selected_plan.json,/home/dreamboat/npu_r12_verify/NPU_R12/work/par4_L2/case_033_n4_L2/report.json,/home/dreamboat/npu_r12_verify/NPU_R12/work/par4_L2/case_033_n4_L2/control/r7/control_r6/control_work/component_ordered_result.official.json,b6cc1c07698f3712644594ef6101a129caa1d09794dd19f7181b07296705234a,457038,5251680,5224032,27648,2631712,5509744,0.32324832315006063,543faa4fa5a0f46e1261c5b6aa94038fb9a88877aa7ec163dc5c03ca37a9979d,1774196,3.88194417094421
case_034,4,L2,600.0,34.818902256,/home/dreamboat/npu_r12_verify/NPU_R12/work/par6_L2/case_034_n4_L2/selected_plan.json,/home/dreamboat/npu_r12_verify/NPU_R12/work/par6_L2/case_034_n4_L2/report.json,/home/dreamboat/npu_r12_verify/NPU_R12/work/par6_L2/case_034_n4_L2/control/r7/control_r6/control_work/component_ordered_result.official.json,0efeb3da909b42921c9fe16469244acdf29ffae348729182c80ed54d26fc5b80,252450,2979328,2979328,0,2250752,3008560,0.4279555957128993,e8cb0b86aab4919551500b1c406ed109838bb5bfc278151f3ea700db9696c5be,842996,3.339259259259259
case_035,4,L2,600.0,97.35425382300036,/home/dreamboat/npu_r12_verify/NPU_R12/work/par1_L2/case_035_n4_L2/selected_plan.json,/home/dreamboat/npu_r12_verify/NPU_R12/work/par1_L2/case_035_n4_L2/report.json,/home/dreamboat/npu_r12_verify/NPU_R12/work/par1_L2/case_035_n4_L2/indexed_insertion/plan.meta.official.json,35da7ca2a9639d083f1680ac66f34a199514d146b1ca09881f5b3c67f1ae18a2,54927,1675904,1675904,0,538286,924448,0.3679999234310545,aa0f5c7ca1901d14a12888fa340e13d465b1cd7ce282c6667c1f8aecaf6d1d8b,169571,3.0872066561071967
case_036,4,L2,600.0,4.203989772000568,/home/dreamboat/npu_r12_verify/NPU_R12/work/par3_L2/case_036_n4_L2/selected_plan.json,/home/dreamboat/npu_r12_verify/NPU_R12/work/par3_L2/case_036_n4_L2/report.json,/home/dreamboat/npu_r12_verify/NPU_R12/work/par3_L2/case_036_n4_L2/control/r7/control_r6/control_work/components_result.official.json,ae603904f4cd825726d632411c3a713e933cf4d97301d460438fc27ddd5cfe30,233584,3456,3456,0,0,3281408,0.0,3bc0806b99ac5538acd099c98550e6a6ca436209679c7044d3a1a3f57fb8bb65,931510,3.987901568600589
case_037,4,L2,600.0,1.7175742440003887,/home/dreamboat/npu_r12_verify/NPU_R12/work/par1_L2/case_037_n4_L2/selected_plan.json,/home/dreamboat/npu_r12_verify/NPU_R12/work/par1_L2/case_037_n4_L2/report.json,/home/dreamboat/npu_r12_verify/NPU_R12/work/par1_L2/case_037_n4_L2/control/r7/control_r6/control_work/components_result.official.json,9d236c3a0be8d8b2650ef6c46a31e3891644f1f102e421bdc55db1f14bd9c5b6,53320,614400,614400,0,0,1146880,0.0,6205ab7146d3662892f7b3f56c9168a6645a73f194d1baa7644fda4ed7bb9fa6,210001,3.938503375843961
case_038,4,L2,600.0,53.11181740400025,/home/dreamboat/npu_r12_verify/NPU_R12/work/par5_L2/case_038_n4_L2/selected_plan.json,/home/dreamboat/npu_r12_verify/NPU_R12/work/par5_L2/case_038_n4_L2/report.json,/home/dreamboat/npu_r12_verify/NPU_R12/work/par5_L2/case_038_n4_L2/control/r7/control_r6/control_work/components_result.official.json,e45d994343edc758e2ff9710c2f3e78f9686cc434f415b8a35b2a8dc8b7b71fa,344678,9295872,6514176,2781696,4304896,7785482,0.3560596699292611,8d913266b1811e7724cc6abac704daf11e2ae4a709891f95b6eb093a4682ca15,1364555,3.9589268824816206
case_039,4,L2,600.0,43.43535453499953,/home/dreamboat/npu_r12_verify/NPU_R12/work/par2_L2/case_039_n4_L2/selected_plan.json,/home/dreamboat/npu_r12_verify/NPU_R12/work/par2_L2/case_039_n4_L2/report.json,/home/dreamboat/npu_r12_verify/NPU_R12/work/par2_L2/case_039_n4_L2/control/r7/control_r6/control_work/components_result.official.json,8e6dfd2f4721c131b9fda6bcf9d6796b4b53725265f649455a1b4da57816a7aa,368055,17604608,12607488,4997120,10428416,11378688,0.47821187077385424,7951df5b031c5353cabe403ac1ce9f9456bdb6b7c826a73f0b5351465c763369,1435262,3.8995856597519394
case_040,4,L2,600.0,59.93804996899962,/home/dreamboat/npu_r12_verify/NPU_R12/work/par1_L2/case_040_n4_L2/selected_plan.json,/home/dreamboat/npu_r12_verify/NPU_R12/work/par1_L2/case_040_n4_L2/report.json,/home/dreamboat/npu_r12_verify/NPU_R12/work/par1_L2/case_040_n4_L2/indexed_insertion/plan.meta.official.json,8e40f1f00c7c3e597e559a480ff7f3856d0a0107d9e8007facd3040e715efdfb,90709,3717274,3717274,0,940676,2243320,0.29543881336534344,841a9482f27d1700d71a982b82a0cf6e20ab5e5e4624e87a06a427ea7a5084a3,253454,2.794143910747555
case_041,4,L2,600.0,48.45807350599989,/home/dreamboat/npu_r12_verify/NPU_R12/work/par1_L2/case_041_n4_L2/selected_plan.json,/home/dreamboat/npu_r12_verify/NPU_R12/work/par1_L2/case_041_n4_L2/report.json,/home/dreamboat/npu_r12_verify/NPU_R12/work/par1_L2/case_041_n4_L2/control/r7/control_r6/control_work/components_result.official.json,a1e2661c710f38bb89745878a3494fe71446979cfe9f8c35e04e15237d441d6e,1487676,39164928,14349312,24815616,15166464,28947456,0.34380222841225627,ac67024d7a4d3324b4ee275572fdf83028bd4fa9c624eac5bcf06ed86a8b62b5,6003957,4.035796100763876
case_042,4,L2,600.0,41.6864708309995,/home/dreamboat/npu_r12_verify/NPU_R12/work/par2_L2/case_042_n4_L2/selected_plan.json,/home/dreamboat/npu_r12_verify/NPU_R12/work/par2_L2/case_042_n4_L2/report.json,/home/dreamboat/npu_r12_verify/NPU_R12/work/par2_L2/case_042_n4_L2/control/r7/control_r6/control_work/component_batch512_result.official.json,3f67727b34a466b092fd24c1524b3cb696a31be93e16582894fbc1bceff06fb1,435882,7059744,6002976,1056768,3594528,5829408,0.3814253407493429,538c16641bb78066a3638109b1bfca71dabe865e6c1807b4423d31be3e1b160e,1686740,3.869717033509069
case_043,4,L2,600.0,261.79218227099955,/home/dreamboat/npu_r12_verify/NPU_R12/work/par4_L2/case_043_n4_L2/selected_plan.json,/home/dreamboat/npu_r12_verify/NPU_R12/work/par4_L2/case_043_n4_L2/report.json,/home/dreamboat/npu_r12_verify/NPU_R12/work/par4_L2/case_043_n4_L2/control/r7/control_r6/critical/critical_01_result.official.json,0503f9fc9d9990b3e514c28bf14119121c91a7aea9be7d022fd0430c267ca642,227159,10019550,10019550,0,2498306,5127388,0.3276168700186501,df131822222f5cbbc3b01449fd5a3579ae1ebdaa11d9cbcbc7f87cb01d6e1234,677656,2.983179182863105
case_044,4,L2,600.0,9.458312895000745,/home/dreamboat/npu_r12_verify/NPU_R12/work/par5_L2/case_044_n4_L2/selected_plan.json,/home/dreamboat/npu_r12_verify/NPU_R12/work/par5_L2/case_044_n4_L2/report.json,/home/dreamboat/npu_r12_verify/NPU_R12/work/par5_L2/case_044_n4_L2/control/r7/control_r6/core/active2_chainwave_result.official.json,33aab95363ac5bf1ac169e3cd70d12d662b468f265953e5e122ebb3ad808f76d,45244,930400,930400,0,6464,1876864,0.0034322221089475653,95b5b1459e727517426d0d59cb5b9196297d3d9987893f68ba36e757ae567238,154407,3.4127619131818583
case_045,4,L2,600.0,1.3318286020003143,/home/dreamboat/npu_r12_verify/NPU_R12/work/par4_L2/case_045_n4_L2/selected_plan.json,/home/dreamboat/npu_r12_verify/NPU_R12/work/par4_L2/case_045_n4_L2/report.json,/home/dreamboat/npu_r12_verify/NPU_R12/work/par4_L2/case_045_n4_L2/control/r7/control_r6/control_work/components_result.official.json,bda3fa82c8b08c14dd3910e6976c49b762b7c6e0ed4a249037acc676b9ea1d5d,31878,0,0,0,0,278528,0.0,8c832a8046f814d08e298056255f6a5d06994c576c2e374fa6a203cc838be529,125614,3.940460505677897
case_046,4,L2,600.0,5.684682563000024,/home/dreamboat/npu_r12_verify/NPU_R12/work/par5_L2/case_046_n4_L2/selected_plan.json,/home/dreamboat/npu_r12_verify/NPU_R12/work/par5_L2/case_046_n4_L2/report.json,/home/dreamboat/npu_r12_verify/NPU_R12/work/par5_L2/case_046_n4_L2/control/r7/control_r6/control_work/chainwave_result.official.json,788e288c5c387119962f45c63c7016af4609cdffb1e65d50b9360191993aa19f,79918,2791200,2791200,0,0,3787136,0.0,cb3bf7a15fa473a8b6ddda90a7ff91ffee3b6d8e8a84c12df481f690ae052652,276455,3.4592332140443953
case_047,4,L2,600.0,181.9948520300004,/home/dreamboat/npu_r12_verify/NPU_R12/work/par2_L2/case_047_n4_L2/selected_plan.json,/home/dreamboat/npu_r12_verify/NPU_R12/work/par2_L2/case_047_n4_L2/report.json,/home/dreamboat/npu_r12_verify/NPU_R12/work/par2_L2/case_047_n4_L2/indexed_insertion/plan.meta.official.json,96c9b6034b8a9b21bda04d8ee3cddc4751ffcb90d07471baf05657b17ceff283,118989,5012946,5012946,0,862896,2324456,0.2707250407234595,3e18dfee86ad0c7a90b866b6f8be5a99afc0b421b2488968211010a35271b378,326508,2.7440183546378236
case_048,4,L2,600.0,31.72106216100019,/home/dreamboat/npu_r12_verify/NPU_R12/work/par5_L2/case_048_n4_L2/selected_plan.json,/home/dreamboat/npu_r12_verify/NPU_R12/work/par5_L2/case_048_n4_L2/report.json,/home/dreamboat/npu_r12_verify/NPU_R12/work/par5_L2/case_048_n4_L2/indexed_insertion/plan.meta.official.json,3da8e010bd21bafc2ac062815e2bd4819444035357cfdaa222dfa51902b8b0ae,97321,1114512,1114512,0,201166,842120,0.1928196103465397,6d8b2839de754c2ca7d953cce1a8bcd87908e131e6d5fcc0b503f1bc39925eb4,222220,2.283371523103955
case_049,4,L2,600.0,83.59348709099959,/home/dreamboat/npu_r12_verify/NPU_R12/work/par5_L2/case_049_n4_L2/selected_plan.json,/home/dreamboat/npu_r12_verify/NPU_R12/work/par5_L2/case_049_n4_L2/report.json,/home/dreamboat/npu_r12_verify/NPU_R12/work/par5_L2/case_049_n4_L2/control/r7/control_r6/critical/critical_00_result.official.json,5374c3f4afb2951a217e537352a465531c1fcec1c30ab859a31fe15f3bbfd0e4,70332,1743366,1743366,0,225978,834618,0.2130669925211862,68b98c929dc157a208ac5472d3fbf427686a0afd1f483c75d306ea5e5c32167f,196276,2.7907069328328498
case_050,4,L2,600.0,107.38813745000061,/home/dreamboat/npu_r12_verify/NPU_R12/work/par2_L2/case_050_n4_L2/selected_plan.json,/home/dreamboat/npu_r12_verify/NPU_R12/work/par2_L2/case_050_n4_L2/report.json,/home/dreamboat/npu_r12_verify/NPU_R12/work/par2_L2/case_050_n4_L2/control/r7/control_r6/critical/critical_00_result.official.json,e9bfd25b8dff6c98949ed7934595e9144c9fa773fb72111d113aeeb5d71cf567,58829,1628226,1628226,0,265070,987632,0.21159860844797884,a15dd1b9ec7752c2bc9dc79d4e3afab8d470057efd887d395cac306a9f1df259,149690,2.544493362117323
case_051,4,L2,600.0,17.38462206300028,/home/dreamboat/npu_r12_verify/NPU_R12/work/par6_L2/case_051_n4_L2/selected_plan.json,/home/dreamboat/npu_r12_verify/NPU_R12/work/par6_L2/case_051_n4_L2/report.json,/home/dreamboat/npu_r12_verify/NPU_R12/work/par6_L2/case_051_n4_L2/indexed_insertion/plan.meta.official.json,48ae3a58f9d573458b369c77f781086f3e9ae40d19ad9aeb38319062c00daad8,178386,1252,1252,0,92,393750,0.00023359621371006647,3377cc8f5b4e5a0543e201d0cf60ccf1277b56525ca099430672b8f04c3c783b,607628,3.4062538540019958
case_052,4,L2,600.0,7.91887229599979,/home/dreamboat/npu_r12_verify/NPU_R12/work/par2_L2/case_052_n4_L2/selected_plan.json,/home/dreamboat/npu_r12_verify/NPU_R12/work/par2_L2/case_052_n4_L2/report.json,/home/dreamboat/npu_r12_verify/NPU_R12/work/par2_L2/case_052_n4_L2/control/r7/control_r6/control_work/component_ordered_result.official.json,c39ee40e1e770761348b0736db0a317703819e134e13509bd4ad9b0499b6019e,45216,259584,259584,0,156672,912956,0.1464733533527544,2a83b249f6d9cec0b20e3d9b9c6803986bc8c3717a037e88e5202fc697c47260,180301,3.9875486553432413
case_053,4,L2,600.0,124.01137499099968,/home/dreamboat/npu_r12_verify/NPU_R12/work/par6_L2/case_053_n4_L2/selected_plan.json,/home/dreamboat/npu_r12_verify/NPU_R12/work/par6_L2/case_053_n4_L2/report.json,/home/dreamboat/npu_r12_verify/NPU_R12/work/par6_L2/case_053_n4_L2/control/r7/control_r6/control_work/chainwave_result.official.json,0dcc8e3ad0c40567e8bf785484f34507ea735e6e9671cdb59b8909ac63cee602,415932,11152366,11152366,0,2551406,8236990,0.23649539746223627,a5b7b36152c2f89d69f4f428dc2f7cd9125a80d609f52795889a6737373663c0,1472686,3.5406893434503717
case_054,4,L2,600.0,122.7754148640015,/home/dreamboat/npu_r12_verify/NPU_R12/work/par4_L2/case_054_n4_L2/selected_plan.json,/home/dreamboat/npu_r12_verify/NPU_R12/work/par4_L2/case_054_n4_L2/report.json,/home/dreamboat/npu_r12_verify/NPU_R12/work/par4_L2/case_054_n4_L2/control/r7/control_r6/control_work/migrate0_result.official.json,6457f11fa7c1179d392965db166bdb4c1836945a33d6ff71b15dacafb14a2b3f,262300,7592222,7592222,0,702930,4897900,0.12550461270918775,82f374da0a156f86534d9427c6e3e0a8c0939d2b0cdc61df423ef39370c51880,815051,3.10732367518109
case_055,4,L2,600.0,8.668593055000201,/home/dreamboat/npu_r12_verify/NPU_R12/work/par5_L2/case_055_n4_L2/selected_plan.json,/home/dreamboat/npu_r12_verify/NPU_R12/work/par5_L2/case_055_n4_L2/report.json,/home/dreamboat/npu_r12_verify/NPU_R12/work/par5_L2/case_055_n4_L2/control/r7/control_r6/control_work/components_result.official.json,077db109982e1a1baf8548cb280be107891739233da7dcd105b8e73962726f86,31823,115712,115712,0,88064,653340,0.11878004434829054,f904b8ff66b527afcd1092a4083e7faddb3c3b3510cff5c99e6a78a2c718e033,118835,3.7342488137510608
case_056,4,L2,600.0,200.8957642710002,/home/dreamboat/npu_r12_verify/NPU_R12/work/par3_L2/case_056_n4_L2/selected_plan.json,/home/dreamboat/npu_r12_verify/NPU_R12/work/par3_L2/case_056_n4_L2/report.json,/home/dreamboat/npu_r12_verify/NPU_R12/work/par3_L2/case_056_n4_L2/control/r7/control_r6/critical/critical_01_result.official.json,7f5b4afc7931c8559b08b566871718fe1c20e0b0da79af92f9493a407ceee5c2,103277,3214102,3214102,0,395810,1548026,0.20362314516245197,a69310297480ed96914d63791fae17da44d21f85cf34aa94c136b4a488f24aaf,277285,2.684866911316169
case_057,4,L2,600.0,11.268657618999896,/home/dreamboat/npu_r12_verify/NPU_R12/work/par3_L2/case_057_n4_L2/selected_plan.json,/home/dreamboat/npu_r12_verify/NPU_R12/work/par3_L2/case_057_n4_L2/report.json,/home/dreamboat/npu_r12_verify/NPU_R12/work/par3_L2/case_057_n4_L2/control/r7/control_r6/critical/critical_00_result.official.json,5b6aefc08ba86a70235a68b4b5b3c2b40a16072072bb1fdb3b033d9d243465a8,18687,797094,797094,0,447226,527886,0.4586406484588437,5baccb9e399c7c41276157f23af64b499f00f57d430433ca6bdc02a9b767038e,59726,3.1961256488467917
case_058,4,L2,600.0,153.76883099600036,/home/dreamboat/npu_r12_verify/NPU_R12/work/par2_L2/case_058_n4_L2/selected_plan.json,/home/dreamboat/npu_r12_verify/NPU_R12/work/par2_L2/case_058_n4_L2/report.json,/home/dreamboat/npu_r12_verify/NPU_R12/work/par2_L2/case_058_n4_L2/control/r7/control_r6/control_work/component_batch512_result.official.json,d45c71dc12e4b7635f909f3118ecb116dcff06690c0e1ac5e667468d216b4dc6,1136056,37580800,19869696,17711104,11096064,33107968,0.25101927353595255,26e1296dd9906d88f6efd5c0b09569e59026deabdd44c8870ce50b8ee45b3a7d,4539717,3.996032765990409
case_059,4,L2,600.0,3.903452706999815,/home/dreamboat/npu_r12_verify/NPU_R12/work/par5_L2/case_059_n4_L2/selected_plan.json,/home/dreamboat/npu_r12_verify/NPU_R12/work/par5_L2/case_059_n4_L2/report.json,/home/dreamboat/npu_r12_verify/NPU_R12/work/par5_L2/case_059_n4_L2/indexed_insertion/plan.meta.official.json,7f73ad826aa2efde6202ee75943a3ecb7a3daea22869eb2c8dcb2765f5811de5,185144,1802240,1802240,0,827392,1662976,0.33223684210526316,b936e6400137731705eb0d1de1fe9b237e347f34da0541ccf2b4417d88698447,829473,4.480150585490213
case_060,4,L2,600.0,34.70314442200106,/home/dreamboat/npu_r12_verify/NPU_R12/work/par6_L2/case_060_n4_L2/selected_plan.json,/home/dreamboat/npu_r12_verify/NPU_R12/work/par6_L2/case_060_n4_L2/report.json,/home/dreamboat/npu_r12_verify/NPU_R12/work/par6_L2/case_060_n4_L2/control/r7/control_r6/control_work/component_ordered_result.official.json,def516e3b2a8d1f8fc7986a27c462a9d65b0a0c453ad7fca96101d8a1f40e50a,239861,3131648,3123456,8192,2006144,3224232,0.38355636382546876,9bf135681085a589365885f481f8081f88250e715f6e2b80cdf6d384338b3305,888789,3.705433563605588
case_061,4,L2,600.0,10.481424219999099,/home/dreamboat/npu_r12_verify/NPU_R12/work/par4_L2/case_061_n4_L2/selected_plan.json,/home/dreamboat/npu_r12_verify/NPU_R12/work/par4_L2/case_061_n4_L2/report.json,/home/dreamboat/npu_r12_verify/NPU_R12/work/par4_L2/case_061_n4_L2/control/r7/control_r6/control_work/component_ordered_result.official.json,a2a8629d12d368050d39bfb43e14dc2b3c9f88e168f67c8830b167aca34b88bb,26678,62208,62208,0,62208,544036,0.10261214956354207,0accb65dab6c2d3fe3b67a6fc2168c7c45e70efb5993ea671335c2fa1360f810,77191,2.893432791063798
case_062,4,L2,600.0,98.43639207300112,/home/dreamboat/npu_r12_verify/NPU_R12/work/par6_L2/case_062_n4_L2/selected_plan.json,/home/dreamboat/npu_r12_verify/NPU_R12/work/par6_L2/case_062_n4_L2/report.json,/home/dreamboat/npu_r12_verify/NPU_R12/work/par6_L2/case_062_n4_L2/control/r7/control_r6/control_work/migrate0_result.official.json,1569ef63a3570f17a10776583fd7cfe98c3de8e72098dea251f6cb2a56aae725,838854,10054656,8165376,1889280,0,18427392,0.0,9663303bb11743739a272840b5fac57acc23650731edf42c2c55ac46b1f1a72f,2854809,3.40322511426303
case_063,4,L2,600.0,96.02088920400001,/home/dreamboat/npu_r12_verify/NPU_R12/work/par3_L2/case_063_n4_L2/selected_plan.json,/home/dreamboat/npu_r12_verify/NPU_R12/work/par3_L2/case_063_n4_L2/report.json,/home/dreamboat/npu_r12_verify/NPU_R12/work/par3_L2/case_063_n4_L2/control/r7/control_r6/critical/critical_02_result.official.json,e19a6e301e0650e31147d434ace0ce738d74fa3ebcaccccb927a50df07d89bb6,313176,3538944,3443712,95232,0,6789120,0.0,aa26bacc9caa28c9986a7332a6c000de15aad81b4f873ff64056fa36a66b06f9,1070397,3.4178768488006743
case_064,4,L2,600.0,13.318326395999975,/home/dreamboat/npu_r12_verify/NPU_R12/work/par2_L2/case_064_n4_L2/selected_plan.json,/home/dreamboat/npu_r12_verify/NPU_R12/work/par2_L2/case_064_n4_L2/report.json,/home/dreamboat/npu_r12_verify/NPU_R12/work/par2_L2/case_064_n4_L2/control/r7/control_r6/critical/critical_03_result.official.json,dec907515f6178ac2d14eb0bf764599400e66c169df31913f2ad4336115c9de1,10532,152784,152784,0,40206,84920,0.32132410530185573,7556d2c390df77c81f88621ee6b50799a93683d170bb63df6001df358d7287fa,19116,1.8150398784656285
case_065,4,L2,600.0,6.8807601990001785,/home/dreamboat/npu_r12_verify/NPU_R12/work/par5_L2/case_065_n4_L2/selected_plan.json,/home/dreamboat/npu_r12_verify/NPU_R12/work/par5_L2/case_065_n4_L2/report.json,/home/dreamboat/npu_r12_verify/NPU_R12/work/par5_L2/case_065_n4_L2/control/r7/control_r6/control_work/component_ordered_result.official.json,406bb509612a7d450b865da35344a95aba0abf4fb18fb33f7bb28aca3c396a5f,11769,41760,41760,0,41760,299720,0.12229120299871149,c9879541ba875bd90f1b2e3dfaf56580131de08d0b86bad2fa69746aa88cd980,53068,4.5091341660293995
case_066,4,L2,600.0,121.34177445400019,/home/dreamboat/npu_r12_verify/NPU_R12/work/par3_L2/case_066_n4_L2/selected_plan.json,/home/dreamboat/npu_r12_verify/NPU_R12/work/par3_L2/case_066_n4_L2/report.json,/home/dreamboat/npu_r12_verify/NPU_R12/work/par3_L2/case_066_n4_L2/control/r7/control_r6/critical/critical_02_result.official.json,c0b49b3d44ee84ce6ce6cba124d1dd4c359a4010020e4702ca508c1ffb5cbc19,120237,3943030,3943030,0,910874,2501900,0.26690135356164807,c7804dda61f9802bffd8cce7b63cc61e6d6235615ea1d00f82d15fc6f3a6c272,359070,2.986351954889094
case_067,4,L2,600.0,89.36213789900012,/home/dreamboat/npu_r12_verify/NPU_R12/work/par2_L2/case_067_n4_L2/selected_plan.json,/home/dreamboat/npu_r12_verify/NPU_R12/work/par2_L2/case_067_n4_L2/report.json,/home/dreamboat/npu_r12_verify/NPU_R12/work/par2_L2/case_067_n4_L2/local_microbatch/affinity_window8.plan.meta.official.json,a3bee0cf57062dc498da44184807206700e08a3484951c47e70650863c720c1c,15291889,154190976,58049664,96141312,105689728,28727168,0.7862830577489306,eee742cd455fcbcf2a545cb0f963a847c348eeeef37ef9ccffcaef1f9c1a63dd,63834834,4.17442436313787
case_068,4,L2,600.0,122.02700955199998,/home/dreamboat/npu_r12_verify/NPU_R12/work/par1_L2/case_068_n4_L2/selected_plan.json,/home/dreamboat/npu_r12_verify/NPU_R12/work/par1_L2/case_068_n4_L2/report.json,/home/dreamboat/npu_r12_verify/NPU_R12/work/par1_L2/case_068_n4_L2/control/r7/control_r6/critical/critical_00_result.official.json,ca813f47a7bb8860087e5b93a524c2c28ab85e84bf3de4b082ef36616ea2c082,138618,4065986,4065986,0,1187238,4532080,0.20758384129016783,f8d6c17be0f6aeefeb8f3738a665500de94b0a6d4c853c7e22ad83099018e62b,362095,2.612178793518879
case_069,4,L2,600.0,14.523442230999535,/home/dreamboat/npu_r12_verify/NPU_R12/work/par3_L2/case_069_n4_L2/selected_plan.json,/home/dreamboat/npu_r12_verify/NPU_R12/work/par3_L2/case_069_n4_L2/report.json,/home/dreamboat/npu_r12_verify/NPU_R12/work/par3_L2/case_069_n4_L2/control/r7/control_r6/critical/critical_03_result.official.json,4740ba796162975816c0e786ab5bdab140e52d93b4a689d051cf4338f3a2b583,12569,503470,503470,0,146668,295400,0.3317770116814608,170302ea4c23f98bc61f9afde2f4aba9ce5ff07958cd69841c4941e69e9ac53a,25144,2.000477364945501
case_070,4,L2,600.0,11.405862626999806,/home/dreamboat/npu_r12_verify/NPU_R12/work/par1_L2/case_070_n4_L2/selected_plan.json,/home/dreamboat/npu_r12_verify/NPU_R12/work/par1_L2/case_070_n4_L2/report.json,/home/dreamboat/npu_r12_verify/NPU_R12/work/par1_L2/case_070_n4_L2/control/r7/control_r6/control_work/components_result.official.json,3bd118247fca3bfe691d46483fb080fa3e963807ee136130887affc33b95d12e,34658,360960,360960,0,88576,692242,0.11344000778670574,cde88c28cc7956474f631b62c31b3b9e2ecc3a670ce30ca0d8b3297829463a81,117300,3.384499971146633
case_071,4,L2,600.0,10.437083418999464,/home/dreamboat/npu_r12_verify/NPU_R12/work/par1_L2/case_071_n4_L2/selected_plan.json,/home/dreamboat/npu_r12_verify/NPU_R12/work/par1_L2/case_071_n4_L2/report.json,/home/dreamboat/npu_r12_verify/NPU_R12/work/par1_L2/case_071_n4_L2/control/r7/control_r6/critical/critical_01_result.official.json,3a9823bca5c8b29f000bb1ea70a1adf99a4e018d8f8a8c402fbb5aa42c13088d,9203,329390,329390,0,103694,230598,0.31018989386524354,e077e5034e7e6083b4ab45b55b989e9a5164ed54f03398a788556ea5590c012f,18919,2.055742692600239
case_072,4,L2,600.0,121.7591127070009,/home/dreamboat/npu_r12_verify/NPU_R12/work/par4_L2/case_072_n4_L2/selected_plan.json,/home/dreamboat/npu_r12_verify/NPU_R12/work/par4_L2/case_072_n4_L2/report.json,/home/dreamboat/npu_r12_verify/NPU_R12/work/par4_L2/case_072_n4_L2/control/r7/control_r6/control_work/component_ordered_result.official.json,7a2c6a780b1708c59649491c95737d5e378af44e5be71df124c6d2fdb09d99a4,5901949,85994272,28660056,57334216,18604032,78483246,0.1916217282350835,8f862d6cbaafb857022418f6185c6939cdbd66279b272569568785150d283313,23897828,4.049141732671699
case_073,4,L2,600.0,38.313926084999366,/home/dreamboat/npu_r12_verify/NPU_R12/work/par1_L2/case_073_n4_L2/selected_plan.json,/home/dreamboat/npu_r12_verify/NPU_R12/work/par1_L2/case_073_n4_L2/report.json,/home/dreamboat/npu_r12_verify/NPU_R12/work/par1_L2/case_073_n4_L2/local_microbatch/affinity_window8.plan.meta.official.json,152ea24501fbec83690e1bcf1c857c34f1faf067033f89c87125111bec979e7c,2194944,44120192,17933440,26186752,33360384,11168512,0.7491850685002386,65f8ff312e90627a97faefb21a0b92d427266a177abd181bb9b71033124cf109,10081626,4.59311308170049
case_074,4,L2,600.0,12.472269484000208,/home/dreamboat/npu_r12_verify/NPU_R12/work/par2_L2/case_074_n4_L2/selected_plan.json,/home/dreamboat/npu_r12_verify/NPU_R12/work/par2_L2/case_074_n4_L2/report.json,/home/dreamboat/npu_r12_verify/NPU_R12/work/par2_L2/case_074_n4_L2/control/r7/control_r6/control_work/component_ordered_result.official.json,6193e5028da8408a5974bc6a796f5cfa7b568ab98a2b69e669a8eca690a412ac,406017,6230016,6217728,12288,2846720,7159832,0.2844856050315833,759675a6b900723f01bdf342fa6a46b1a0470fe0b979c7ae0cdfd1df00fb9a64,1682239,4.14327232603561
case_075,4,L2,600.0,131.06325944200034,/home/dreamboat/npu_r12_verify/NPU_R12/work/par4_L2/case_075_n4_L2/selected_plan.json,/home/dreamboat/npu_r12_verify/NPU_R12/work/par4_L2/case_075_n4_L2/report.json,/home/dreamboat/npu_r12_verify/NPU_R12/work/par4_L2/case_075_n4_L2/indexed_insertion/plan.meta.official.json,24ed5c65ea412ebe082fe9f1b7d27197daeedb349fc6715c0d8c3e98a2956495,417743,12171570,12171570,0,1985688,6640976,0.23018028753641037,65036f4424ef668b6bb2846fa4ab590c77f0659f26220d5d145cd2fe08da8f4c,1441809,3.4514258766753723
case_076,4,L2,600.0,119.38987860100042,/home/dreamboat/npu_r12_verify/NPU_R12/work/par2_L2/case_076_n4_L2/selected_plan.json,/home/dreamboat/npu_r12_verify/NPU_R12/work/par2_L2/case_076_n4_L2/report.json,/home/dreamboat/npu_r12_verify/NPU_R12/work/par2_L2/case_076_n4_L2/control/r7/control_r6/control_work/components_result.official.json,739d7e9ed10b4b2070c451cb3691f7cf6cce88a3391fc4108a4add3c1a944d95,1536306,37442560,12223488,25219072,17399808,24311808,0.41714538223597,1ee2685d2aaab78f166cc1b26a6b7118652905275dee42a09ef7da10881a218e,6185113,4.025964228480524
case_077,4,L2,600.0,31.674760182999307,/home/dreamboat/npu_r12_verify/NPU_R12/work/par4_L2/case_077_n4_L2/selected_plan.json,/home/dreamboat/npu_r12_verify/NPU_R12/work/par4_L2/case_077_n4_L2/report.json,/home/dreamboat/npu_r12_verify/NPU_R12/work/par4_L2/case_077_n4_L2/control/r7/control_r6/control_work/component_batch512_result.official.json,cd5132a942c97f79d2ef81e489d393c5fc4021a83ffedbba2d923fa10e533798,144734,172032,172032,0,114688,2198604,0.04957783107363878,e6b0a542a3cae9c7549e1022bd010162e079c116361bdcee9020e143fab63e24,495320,3.4222781101883455
case_078,4,L2,600.0,4.782966401000522,/home/dreamboat/npu_r12_verify/NPU_R12/work/par2_L2/case_078_n4_L2/selected_plan.json,/home/dreamboat/npu_r12_verify/NPU_R12/work/par2_L2/case_078_n4_L2/report.json,/home/dreamboat/npu_r12_verify/NPU_R12/work/par2_L2/case_078_n4_L2/control/r7/control_r6/control_work/chainwave_result.official.json,80bab16e83e28edec4df8c973aa437a0166526a2d8f7a721bafd392f3af87a2d,568228,6445440,6445440,0,0,8692224,0.0,c1f02cc0311bec3f5a7b7cbbff47a1786a3634d0992adccf9ad02028b23d0e56,2296143,4.040883237010496
case_079,4,L2,600.0,172.5205701949999,/home/dreamboat/npu_r12_verify/NPU_R12/work/par5_L2/case_079_n4_L2/selected_plan.json,/home/dreamboat/npu_r12_verify/NPU_R12/work/par5_L2/case_079_n4_L2/report.json,/home/dreamboat/npu_r12_verify/NPU_R12/work/par5_L2/case_079_n4_L2/control/r7/control_r6/control_work/component_batch512_result.official.json,d6f73c104304ab2afdf7874f0c5d2879334aa3b59d78cd67ab3b7d52c65b4f14,7635624,30445568,10948608,19496960,0,36257792,0.0,bea3a7194644d649c0435e060b191919eade0e87483a79da39aedd7034701dc5,31052251,4.066760097144647
case_080,4,L2,600.0,6.297452644999794,/home/dreamboat/npu_r12_verify/NPU_R12/work/par6_L2/case_080_n4_L2/selected_plan.json,/home/dreamboat/npu_r12_verify/NPU_R12/work/par6_L2/case_080_n4_L2/report.json,/home/dreamboat/npu_r12_verify/NPU_R12/work/par6_L2/case_080_n4_L2/control/r7/control_r6/control_work/component_ordered_result.official.json,2399cb2eb5969d6ec2db90d7ad26b0533b228d7f42b5a87cdd3da9c51a2ec1a5,90584,4190208,4190208,0,2793472,3301376,0.4583333333333333,71236638c51b7ea445c3dccf0b2ba6eebd4d3b3f1a0116e1082be03b83ac1b8c,292138,3.225050781594984
case_081,4,L2,600.0,21.367966297999374,/home/dreamboat/npu_r12_verify/NPU_R12/work/par5_L2/case_081_n4_L2/selected_plan.json,/home/dreamboat/npu_r12_verify/NPU_R12/work/par5_L2/case_081_n4_L2/report.json,/home/dreamboat/npu_r12_verify/NPU_R12/work/par5_L2/case_081_n4_L2/control/r7/control_r6/control_work/component_batch512_result.official.json,e5976268ed3e28f0d0fb3860112e36aca6585545f42ce38480a19c783e973f4d,39588,0,0,0,0,1044820,0.0,5ffea793f2a4d23a7e569f43f670bdd42f459ac47946a028afa3c5d9e240bc6c,151795,3.834369000707285
case_082,4,L2,600.0,78.45797437599867,/home/dreamboat/npu_r12_verify/NPU_R12/work/par1_L2/case_082_n4_L2/selected_plan.json,/home/dreamboat/npu_r12_verify/NPU_R12/work/par1_L2/case_082_n4_L2/report.json,/home/dreamboat/npu_r12_verify/NPU_R12/work/par1_L2/case_082_n4_L2/indexed_insertion/plan.meta.official.json,42cd32c50f8e7544c891fab5d4086ab13ac3b571710e9da7465b7a8376f89efd,210359,6970608,6970608,0,1127550,3141960,0.2640935376659148,42f6e62dfa6b53636b2b4ae45529f09e6bd4fbaf6a8cfb96e6a9d0d4ba068d65,721041,3.4276688898502083
case_083,4,L2,600.0,18.307876047999343,/home/dreamboat/npu_r12_verify/NPU_R12/work/par3_L2/case_083_n4_L2/selected_plan.json,/home/dreamboat/npu_r12_verify/NPU_R12/work/par3_L2/case_083_n4_L2/report.json,/home/dreamboat/npu_r12_verify/NPU_R12/work/par3_L2/case_083_n4_L2/control/r7/control_r6/control_work/chainwave_result.official.json,fa23317ae59e45b7ac55684d470fddd785d0bc134ace09a7b47c831cf67eea06,219344,2791200,2791200,0,2790336,1185216,0.7018738529894717,5dcf303ec1550deaf9cb304462da3a43772a5eae2e86b77308f9fae4f6521a1f,1057993,4.82344171712014
case_084,4,L2,600.0,119.69357084400053,/home/dreamboat/npu_r12_verify/NPU_R12/work/par3_L2/case_084_n4_L2/selected_plan.json,/home/dreamboat/npu_r12_verify/NPU_R12/work/par3_L2/case_084_n4_L2/report.json,/home/dreamboat/npu_r12_verify/NPU_R12/work/par3_L2/case_084_n4_L2/control/r7/control_r6/control_work/component_batch512_result.official.json,b2a88c84b697246f0bf07aa7f528232e60ffa7dd0f27eae57865c44413845701,629028,0,0,0,0,9927786,0.0,5aca5dd30fc30cebe7af9dc308de1d970dcd6b9de3c5805a141540899776e189,2507412,3.986169137144928
case_085,4,L2,600.0,154.58309505800025,/home/dreamboat/npu_r12_verify/NPU_R12/work/par4_L2/case_085_n4_L2/selected_plan.json,/home/dreamboat/npu_r12_verify/NPU_R12/work/par4_L2/case_085_n4_L2/report.json,/home/dreamboat/npu_r12_verify/NPU_R12/work/par4_L2/case_085_n4_L2/indexed_insertion/plan.meta.official.json,049f6e9e451eaa9cadebc22512036c1e74b9f65d22bca6bf6232c03a3e50ac21,923869,29385842,29385842,0,3809510,13131938,0.22486330566312868,b4609bf989d85c642a9568e1b0833f63a5b99e5669a698244f100670d2477121,3187899,3.4505963507813338
case_086,4,L2,600.0,103.24942408800052,/home/dreamboat/npu_r12_verify/NPU_R12/work/par5_L2/case_086_n4_L2/selected_plan.json,/home/dreamboat/npu_r12_verify/NPU_R12/work/par5_L2/case_086_n4_L2/report.json,/home/dreamboat/npu_r12_verify/NPU_R12/work/par5_L2/case_086_n4_L2/control/r7/control_r6/critical/critical_00_result.official.json,d3180ea77cb1dea4cc61c33b71f5af806a839afbaa095f3da54b500a7e7425c3,51263,2266894,2266894,0,539052,1143384,0.32039970614038216,cd784ea7fa16e3d0a66be8130edaf54ac17fce0d3167c1bc8c33270bc22632e7,118403,2.309716559701929
case_087,4,L2,600.0,236.44674175399996,/home/dreamboat/npu_r12_verify/NPU_R12/work/par5_L2/case_087_n4_L2/selected_plan.json,/home/dreamboat/npu_r12_verify/NPU_R12/work/par5_L2/case_087_n4_L2/report.json,/home/dreamboat/npu_r12_verify/NPU_R12/work/par5_L2/case_087_n4_L2/control/r7/control_r6/control_work/component_ordered_result.official.json,30b1f6726d5f8e6f15bf70c2ba9567f39beb8ec87c0a44a2af91cf2af4c64a76,1069325,7133184,5806080,1327104,2990592,10061276,0.2291313396672415,0eb19f3d1f3664a4d35e13deedeaaf4313e97fbc16f343ed1491bc64cef6322b,3974071,3.7164295232974074
case_088,4,L2,600.0,59.10510950800017,/home/dreamboat/npu_r12_verify/NPU_R12/work/par6_L2/case_088_n4_L2/selected_plan.json,/home/dreamboat/npu_r12_verify/NPU_R12/work/par6_L2/case_088_n4_L2/report.json,/home/dreamboat/npu_r12_verify/NPU_R12/work/par6_L2/case_088_n4_L2/control/r7/control_r6/critical/critical_03_result.official.json,b7338e83939046fd8cca865bb8b04b6299239b366f8710db4753d2a77e3add92,91991,2712598,2712598,0,801118,3082294,0.20629230171817978,612e39ada8f9388d9ff288e275e0ebf2c311eefddc35e52d5f74d3d0692d7bf9,243623,2.648335163222489
case_089,4,L2,600.0,20.432595770000262,/home/dreamboat/npu_r12_verify/NPU_R12/work/par3_L2/case_089_n4_L2/selected_plan.json,/home/dreamboat/npu_r12_verify/NPU_R12/work/par3_L2/case_089_n4_L2/report.json,/home/dreamboat/npu_r12_verify/NPU_R12/work/par3_L2/case_089_n4_L2/control/r7/control_r6/control_work/chainwave_result.official.json,bc9212bc61bed30a5c791c06d732fd159f645e1df720ccdecdc8b0913f857a1d,165616,716160,716160,0,0,1118720,0.0,66c922fad583c1813189eb861fcbe7b6a5add0fc8978d8fc38f36e2e90c15508,693092,4.184933822819051
case_090,4,L2,600.0,13.41937280899947,/home/dreamboat/npu_r12_verify/NPU_R12/work/par6_L2/case_090_n4_L2/selected_plan.json,/home/dreamboat/npu_r12_verify/NPU_R12/work/par6_L2/case_090_n4_L2/report.json,/home/dreamboat/npu_r12_verify/NPU_R12/work/par6_L2/case_090_n4_L2/control/r7/control_r6/critical/critical_03_result.official.json,ae9c3d4e4c3d830ee4b30aa59cef8b944758464a567b85aa1f28e5964fc93270,248631,6515328,6515328,0,4033224,4635576,0.4652574750830565,8f59bcf48eae06bff835f046bb1f8c5e794c4be9207f0e5a0d878ce633ac26ad,1178363,4.7394049816796775
case_091,4,L2,600.0,100.29962780599999,/home/dreamboat/npu_r12_verify/NPU_R12/work/par3_L2/case_091_n4_L2/selected_plan.json,/home/dreamboat/npu_r12_verify/NPU_R12/work/par3_L2/case_091_n4_L2/report.json,/home/dreamboat/npu_r12_verify/NPU_R12/work/par3_L2/case_091_n4_L2/control/r7/control_r6/control_work/components_result.official.json,215e457299c9844704a808d5a8ee42b6daf12c8b6aefbddccfdfe4c4b86bbc0e,2307637,69360288,19435008,49925280,21282592,54613376,0.2804179531645212,858480a9d089eaa241c2c93a1834f79c771ecce65ae9ee732bef7cb9797c7014,9186769,3.981028645319866
case_092,4,L2,600.0,97.18768789600108,/home/dreamboat/npu_r12_verify/NPU_R12/work/par6_L2/case_092_n4_L2/selected_plan.json,/home/dreamboat/npu_r12_verify/NPU_R12/work/par6_L2/case_092_n4_L2/report.json,/home/dreamboat/npu_r12_verify/NPU_R12/work/par6_L2/case_092_n4_L2/control/r7/control_r6/control_work/chainwave_result.official.json,48bd5c94be4686395c739e1b3f6387214c65dffaf35d83773cffebe2346a50e5,1018349,6788896,2791200,3997696,1860224,5023488,0.27023559381914874,f0a8b71936d6abf44cd9ffc6284fbf8a568ec1b1598446c1b271c0448759e85b,4815554,4.7287855145927375
case_093,4,L2,600.0,3.404616354000609,/home/dreamboat/npu_r12_verify/NPU_R12/work/par3_L2/case_093_n4_L2/selected_plan.json,/home/dreamboat/npu_r12_verify/NPU_R12/work/par3_L2/case_093_n4_L2/report.json,/home/dreamboat/npu_r12_verify/NPU_R12/work/par3_L2/case_093_n4_L2/control/r7/control_r6/control_work/component_ordered_result.official.json,320672424d2c77bfe2f3f13c9c9fe861f49a247833f31c77cf02f1f810e54c7c,19779,24576,24576,0,0,598016,0.0,61123485c4781301ef8a0a859acbfd0342fb8db44b2751d2d8ab12cd4a8d0110,74205,3.751706355225239
case_094,4,L2,600.0,4.753640828999778,/home/dreamboat/npu_r12_verify/NPU_R12/work/par4_L2/case_094_n4_L2/selected_plan.json,/home/dreamboat/npu_r12_verify/NPU_R12/work/par4_L2/case_094_n4_L2/report.json,/home/dreamboat/npu_r12_verify/NPU_R12/work/par4_L2/case_094_n4_L2/control/r7/control_r6/control_work/component_ordered_result.official.json,fc0138ff4e5e0bae68c88af2876904caf72d94283e313d5ae1abda670fbfd481,26940,318816,318816,0,313920,476224,0.3972946703385712,1457411dccd5151ecdf866a3ad866b401b5b3c24395ef55d0426683e8fdbb74a,94892,3.522345953971789
case_095,4,L2,600.0,25.34121733700158,/home/dreamboat/npu_r12_verify/NPU_R12/work/par4_L2/case_095_n4_L2/selected_plan.json,/home/dreamboat/npu_r12_verify/NPU_R12/work/par4_L2/case_095_n4_L2/report.json,/home/dreamboat/npu_r12_verify/NPU_R12/work/par4_L2/case_095_n4_L2/control/r7/control_r6/control_work/component_batch512_result.official.json,70dc00640339e37df3292fe3d602ba7dc1fa8d8bcbc2a16d4bed315a7a11eeb7,524422,0,0,0,0,8516508,0.0,e7eefbfd2dba8e6a4af37466717ae538e2b1d8a4180a0c09969ba0528f49e8e0,2084853,3.9755254356224565
case_096,4,L2,600.0,8.407689708001271,/home/dreamboat/npu_r12_verify/NPU_R12/work/par3_L2/case_096_n4_L2/selected_plan.json,/home/dreamboat/npu_r12_verify/NPU_R12/work/par3_L2/case_096_n4_L2/report.json,/home/dreamboat/npu_r12_verify/NPU_R12/work/par3_L2/case_096_n4_L2/control/r7/control_r6/control_work/component_ordered_result.official.json,82587aedc3205f2a6b5f826c39b55092f362f9dd810eb694311bb68cd81426f1,26984,78336,78336,0,78336,210260,0.2714382735727453,d3a8c64b6eae729ae6f5d68ea8cd30249c6cbbbfe69904c5ab3c9e2ec0c46227,84194,3.120145271271865
case_097,4,L2,600.0,12.591506093000135,/home/dreamboat/npu_r12_verify/NPU_R12/work/par1_L2/case_097_n4_L2/selected_plan.json,/home/dreamboat/npu_r12_verify/NPU_R12/work/par1_L2/case_097_n4_L2/report.json,/home/dreamboat/npu_r12_verify/NPU_R12/work/par1_L2/case_097_n4_L2/control/r7/control_r6/control_work/components_result.official.json,edbdc01cea430ea129d269150ba71a6bda7ad1e0dc8064022515dbde37f9e2ed,2626908,14221312,7667712,6553600,770048,17711104,0.041666666666666664,d1b7ab53e9bdfa50b46e6873c9529dbcbe552d7c0a3c03f4a8dac562c2f5a89c,11491509,4.37453805005733
case_098,4,L2,600.0,14.028858208999736,/home/dreamboat/npu_r12_verify/NPU_R12/work/par3_L2/case_098_n4_L2/selected_plan.json,/home/dreamboat/npu_r12_verify/NPU_R12/work/par3_L2/case_098_n4_L2/report.json,/home/dreamboat/npu_r12_verify/NPU_R12/work/par3_L2/case_098_n4_L2/indexed_insertion/plan.meta.official.json,1a2ea8f6a48cb172d7ad741269c0c32b50f4a2cc11918c898be4f95a1702e911,50584,1806012,1806012,0,602678,1233764,0.328176985714768,5b2b4bb636b8752be7ad9a22c963baf8c48e677c2d660a3436d733af70ea3f30,177430,3.5076308714217936
case_099,4,L2,600.0,13.914036355999997,/home/dreamboat/npu_r12_verify/NPU_R12/work/par6_L2/case_099_n4_L2/selected_plan.json,/home/dreamboat/npu_r12_verify/NPU_R12/work/par6_L2/case_099_n4_L2/report.json,/home/dreamboat/npu_r12_verify/NPU_R12/work/par6_L2/case_099_n4_L2/control/r7/control_r6/control_work/components_result.official.json,8184605d47146f30428377e2e6492abe695d62fe41a4f0c6d39ec8a29b157914,403542,9764864,5652480,4112384,6819840,5478656,0.5545263420828043,f17a8d1e4b8627cc4ce7af66d6fd2f19ec4a974cca7c681e89289050bd1a6717,1622999,4.021883719662389
case_100,4,L2,600.0,11.966188516998955,/home/dreamboat/npu_r12_verify/NPU_R12/work/par4_L2/case_100_n4_L2/selected_plan.json,/home/dreamboat/npu_r12_verify/NPU_R12/work/par4_L2/case_100_n4_L2/report.json,/home/dreamboat/npu_r12_verify/NPU_R12/work/par4_L2/case_100_n4_L2/indexed_insertion/plan.meta.official.json,de0fd78d3c289828bd5eefcfb595757cdacbd2994988dff341169361de5c8b60,45240,1961860,1961860,0,673108,1052700,0.3900248463328482,b4b578963c8feb80eac6470b9e94b263a39746f6c3f743f7ebf8053acddd53d7,151223,3.342683465959328
case_001,5,L2,600.0,1.395343647000118,/home/dreamboat/npu_r12_verify/NPU_R12/work/par6_L2/case_001_n5_L2/selected_plan.json,/home/dreamboat/npu_r12_verify/NPU_R12/work/par6_L2/case_001_n5_L2/report.json,/home/dreamboat/npu_r12_verify/NPU_R12/work/par6_L2/case_001_n5_L2/control/r7/control_r6/control_work/components_result.official.json,153eed2f49a665a1b3029e78d768396e06d292c5b1dcbfa81a34aacec9547373,47502,4608,4608,0,0,824960,0.0,8098954c54344af9884afc919dbe2acdfc8e1cac6e69c0487f11d1ae8cd7d252,233110,4.9073723211654245
case_002,5,L2,600.0,17.494020670999817,/home/dreamboat/npu_r12_verify/NPU_R12/work/par2_L2/case_002_n5_L2/selected_plan.json,/home/dreamboat/npu_r12_verify/NPU_R12/work/par2_L2/case_002_n5_L2/report.json,/home/dreamboat/npu_r12_verify/NPU_R12/work/par2_L2/case_002_n5_L2/indexed_insertion/plan.meta.official.json,f5c78d9c4a3d43902abb36ef9c5d45e57f3e4feffad0d0d196653138bc20349f,59575,872448,872448,0,0,1658880,0.0,35c010ad3194408af1c956c6c0e12d41bb071c0742eb339717675bc358cd733e,261945,4.396894670583299
case_003,5,L2,600.0,245.72970087700014,/home/dreamboat/npu_r12_verify/NPU_R12/work/par1_L2/case_003_n5_L2/selected_plan.json,/home/dreamboat/npu_r12_verify/NPU_R12/work/par1_L2/case_003_n5_L2/report.json,/home/dreamboat/npu_r12_verify/NPU_R12/work/par1_L2/case_003_n5_L2/control/r7/control_r6/control_work/chainwave_result.official.json,ec0f0cc5ae0041ce21e2e3876924fb188a481fd7c862221d33a73d760e63cb65,212297,9779292,9779292,0,2230088,4951672,0.31052109789243865,4b53e390137670295084378325e6f30bae03d1bf106e454b3f37c28304d364ed,602212,2.836648657305567
case_004,5,L2,600.0,4.717801385000712,/home/dreamboat/npu_r12_verify/NPU_R12/work/par4_L2/case_004_n5_L2/selected_plan.json,/home/dreamboat/npu_r12_verify/NPU_R12/work/par4_L2/case_004_n5_L2/report.json,/home/dreamboat/npu_r12_verify/NPU_R12/work/par4_L2/case_004_n5_L2/control/r7/control_r6/control_work/component_ordered_result.official.json,c7d0f47e663d3939ccb5f1b72f4a77c2950662ab36e02c066997421008bb5453,88341,442368,442368,0,0,893952,0.0,c08331e81c1815a8a9dbb4c38cdd5d025ef495079650dc4bcad07dae4cc284c8,392357,4.441391879195391
case_005,5,L2,600.0,103.17060402400057,/home/dreamboat/npu_r12_verify/NPU_R12/work/par6_L2/case_005_n5_L2/selected_plan.json,/home/dreamboat/npu_r12_verify/NPU_R12/work/par6_L2/case_005_n5_L2/report.json,/home/dreamboat/npu_r12_verify/NPU_R12/work/par6_L2/case_005_n5_L2/control/r7/control_r6/critical/critical_03_result.official.json,4707bfedd0b5be33597501dc87220d063d684edfc94371fe941dd31ed8ff760f,49484,2547864,2547864,0,614596,1259834,0.32788421013321384,34535d6050a5932ced1d27fcb0ebef80569e383a63954cbf3235a5473f309f4d,95618,1.9323013499312909
case_006,5,L2,600.0,10.352815868999642,/home/dreamboat/npu_r12_verify/NPU_R12/work/par4_L2/case_006_n5_L2/selected_plan.json,/home/dreamboat/npu_r12_verify/NPU_R12/work/par4_L2/case_006_n5_L2/report.json,/home/dreamboat/npu_r12_verify/NPU_R12/work/par4_L2/case_006_n5_L2/control/r7/control_r6/critical/critical_02_result.official.json,075706177e193b66f2586428c2488cdbed237a4306506a44fb71bcd4bb87a77f,21965,710016,710016,0,311058,766032,0.2887948082332953,f0eeb1267c2c7e7f458e4fa3e1822015b700c7e3cfa997e1462425ea9ead9ce6,82837,3.7713180059185065
case_007,5,L2,600.0,21.245267373999923,/home/dreamboat/npu_r12_verify/NPU_R12/work/par4_L2/case_007_n5_L2/selected_plan.json,/home/dreamboat/npu_r12_verify/NPU_R12/work/par4_L2/case_007_n5_L2/report.json,/home/dreamboat/npu_r12_verify/NPU_R12/work/par4_L2/case_007_n5_L2/control/r7/control_r6/control_work/component_batch512_result.official.json,ac1ea9da18d17272a9518c4c781c3dc2205f3631a6c1b1244470b043ca01bc5e,203834,110592,110592,0,0,990720,0.0,59ea5ec5cddf488c5d389de2786c19a4a946bfdb217e4bd865382e087fdfa771,1012562,4.967581463347626
case_008,5,L2,600.0,9.67208595000011,/home/dreamboat/npu_r12_verify/NPU_R12/work/par1_L2/case_008_n5_L2/selected_plan.json,/home/dreamboat/npu_r12_verify/NPU_R12/work/par1_L2/case_008_n5_L2/report.json,/home/dreamboat/npu_r12_verify/NPU_R12/work/par1_L2/case_008_n5_L2/control/r7/control_r6/control_work/component_ordered_result.official.json,31120b7bda2b625dcd1cd0fd37a661a186db5f19e5590e5031e9a036d1a2781b,100603,0,0,0,0,1990872,0.0,8ccb4e7b8a81acc3a88f52f63a947be03f63910db097c8fc7e0b031f9afdbc38,487605,4.846823653370178
case_009,5,L2,600.0,143.91253050500018,/home/dreamboat/npu_r12_verify/NPU_R12/work/par5_L2/case_009_n5_L2/selected_plan.json,/home/dreamboat/npu_r12_verify/NPU_R12/work/par5_L2/case_009_n5_L2/report.json,/home/dreamboat/npu_r12_verify/NPU_R12/work/par5_L2/case_009_n5_L2/indexed_insertion/plan.meta.official.json,36db1452b68b0968c368037bd4895d15df384cbcf12bb9ed2d7821ec924e0340,46342,2008978,2008978,0,576382,1157112,0.33249725698502564,4e3affe66d23171c02ab8197550d7c21a058729e3ae7f24af32ccb49c55447d7,153261,3.3071727590522637
case_010,5,L2,600.0,13.107177941000373,/home/dreamboat/npu_r12_verify/NPU_R12/work/par1_L2/case_010_n5_L2/selected_plan.json,/home/dreamboat/npu_r12_verify/NPU_R12/work/par1_L2/case_010_n5_L2/report.json,/home/dreamboat/npu_r12_verify/NPU_R12/work/par1_L2/case_010_n5_L2/control/r7/control_r6/critical/critical_03_result.official.json,100debff395db1081c2638deb2bfc2f8835c5eacfe63cd86da4bf0c88886fd58,24724,1011020,1011020,0,334470,739662,0.31138631006245043,e44bb8ddf032637e25874e44b9850c171803cc5a91b2750400333797c49f9a85,86969,3.5175942404141725
case_011,5,L2,600.0,7.188811632000579,/home/dreamboat/npu_r12_verify/NPU_R12/work/par6_L2/case_011_n5_L2/selected_plan.json,/home/dreamboat/npu_r12_verify/NPU_R12/work/par6_L2/case_011_n5_L2/report.json,/home/dreamboat/npu_r12_verify/NPU_R12/work/par6_L2/case_011_n5_L2/control/r7/control_r6/control_work/component_ordered_result.official.json,70e7ca7ed2fef2085d31d269041f33bab348ef708d41bdac7930dbc5cb0b0485,46777,1622016,1622016,0,1347584,815104,0.6231060606060606,1c20dc3e3630dd34edd963de7b5288ef41f8d968ddf50b1442fd03865e7b94d6,184697,3.9484575753041025
case_012,5,L2,600.0,8.50083382899993,/home/dreamboat/npu_r12_verify/NPU_R12/work/par6_L2/case_012_n5_L2/selected_plan.json,/home/dreamboat/npu_r12_verify/NPU_R12/work/par6_L2/case_012_n5_L2/report.json,/home/dreamboat/npu_r12_verify/NPU_R12/work/par6_L2/case_012_n5_L2/control/r7/control_r6/control_work/component_ordered_result.official.json,dcfcd32b27137fc3f93f19d37a6cd5565b4b595cc59519fcbdffd1b258b54439,12622,31104,31104,0,31104,484096,0.06037267080745341,c45578fad6048dec717ca790f951fd554e12b99bfa49875b83f36a1351dd460f,59088,4.681350023768024
case_013,5,L2,600.0,8.120525360000102,/home/dreamboat/npu_r12_verify/NPU_R12/work/par4_L2/case_013_n5_L2/selected_plan.json,/home/dreamboat/npu_r12_verify/NPU_R12/work/par4_L2/case_013_n5_L2/report.json,/home/dreamboat/npu_r12_verify/NPU_R12/work/par4_L2/case_013_n5_L2/control/r7/control_r6/control_work/component_ordered_result.official.json,e49bec99016640cd83408b3fbfa0a6a06a18211ec86ea163632fc263c3d145be,54363,32768,32768,0,0,2056192,0.0,f9aaa4674b9e78d6f44d6438d9bec19c6f72838510e8a781b6bc52e38cf815a3,263949,4.855305998565201
case_014,5,L2,600.0,423.6722880790003,/home/dreamboat/npu_r12_verify/NPU_R12/work/par1_L2/case_014_n5_L2/selected_plan.json,/home/dreamboat/npu_r12_verify/NPU_R12/work/par1_L2/case_014_n5_L2/report.json,/home/dreamboat/npu_r12_verify/NPU_R12/work/par1_L2/case_014_n5_L2/control/r7/control_r6/control_work/component_ordered_result.official.json,d40adb0aac518133403d5f19eb7789d39f0e1c44f10367c8f1b51ba54bec71b2,3592432,53128200,35233968,17894232,19503168,43536672,0.3093784501991122,40ba1beca65062b44ab5e302c1a77e37ffb986b00be660633296ed41c5e3cf73,17698626,4.92664189607486
case_015,5,L2,600.0,11.2805850499999,/home/dreamboat/npu_r12_verify/NPU_R12/work/par4_L2/case_015_n5_L2/selected_plan.json,/home/dreamboat/npu_r12_verify/NPU_R12/work/par4_L2/case_015_n5_L2/report.json,/home/dreamboat/npu_r12_verify/NPU_R12/work/par4_L2/case_015_n5_L2/control/r7/control_r6/control_work/component_ordered_result.official.json,e2dc91f3709c24163f73ccb68bff23600bbf0c090bfafe5a63e6e86ae189d943,39837,317952,317952,0,317952,884482,0.264423660674931,ac5bcc061c72f82fcd946fd1f9864dcc96499c07237dcd7976e39c1529bc2ea7,177362,4.452192685192158
case_016,5,L2,600.0,119.5590181309999,/home/dreamboat/npu_r12_verify/NPU_R12/work/par5_L2/case_016_n5_L2/selected_plan.json,/home/dreamboat/npu_r12_verify/NPU_R12/work/par5_L2/case_016_n5_L2/report.json,/home/dreamboat/npu_r12_verify/NPU_R12/work/par5_L2/case_016_n5_L2/indexed_insertion/plan.meta.official.json,ca477b2ff6b7725ad42a798135991b509d451094712be4743ccfc4abac65fd9a,2086359,214900,214900,0,198432,400538,0.3312887122894302,b53465fa87df4bd33a4cc72a34c76f8cccd4d2b6d3722fcc6268a3eb00b50a67,7715523,3.698080244099889
case_017,5,L2,600.0,17.704204775000107,/home/dreamboat/npu_r12_verify/NPU_R12/work/par3_L2/case_017_n5_L2/selected_plan.json,/home/dreamboat/npu_r12_verify/NPU_R12/work/par3_L2/case_017_n5_L2/report.json,/home/dreamboat/npu_r12_verify/NPU_R12/work/par3_L2/case_017_n5_L2/control/r7/control_r6/control_work/component_ordered_result.official.json,f09d98642843b2538735a9a62700de3ada385ce89edbad4a29d4abd87f378610,30495,343296,343296,0,238080,640334,0.27103393160855815,aaf69d4d3cd5b597a17ae8839e637a6b21ea0fbe009c27e7ebcfd789e4dfa6f9,162810,5.338908017707821
case_018,5,L2,600.0,18.62622026600002,/home/dreamboat/npu_r12_verify/NPU_R12/work/par2_L2/case_018_n5_L2/selected_plan.json,/home/dreamboat/npu_r12_verify/NPU_R12/work/par2_L2/case_018_n5_L2/report.json,/home/dreamboat/npu_r12_verify/NPU_R12/work/par2_L2/case_018_n5_L2/control/r7/control_r6/control_work/component_ordered_result.official.json,0d18963f8afb40f66ed90fe89b896f0f7bb9cd4e009f216f3482e9dbcffd5981,201337,4681728,4681728,0,3854464,2419860,0.6143233916514352,22162b69b2707f916427342e9708f141f070764d5cdd72d684b8f88cb35a97b6,1004367,4.988486964641372
case_019,5,L2,600.0,6.3013233289998425,/home/dreamboat/npu_r12_verify/NPU_R12/work/par2_L2/case_019_n5_L2/selected_plan.json,/home/dreamboat/npu_r12_verify/NPU_R12/work/par2_L2/case_019_n5_L2/report.json,/home/dreamboat/npu_r12_verify/NPU_R12/work/par2_L2/case_019_n5_L2/control/r7/control_r6/control_work/chainwave_result.official.json,6dfbc76cd61e48d4077d56c98bb3011882845f3e6c2de552070889bdd07d40b3,18640,327032,327032,0,83552,313280,0.21054753648899283,be5caabfc41055577ec1394b364367fa102d41eaa8396d55bc917e4ca36b392f,81144,4.353218884120172
case_020,5,L2,600.0,6.241525839000133,/home/dreamboat/npu_r12_verify/NPU_R12/work/par2_L2/case_020_n5_L2/selected_plan.json,/home/dreamboat/npu_r12_verify/NPU_R12/work/par2_L2/case_020_n5_L2/report.json,/home/dreamboat/npu_r12_verify/NPU_R12/work/par2_L2/case_020_n5_L2/control/r7/control_r6/control_work/components_result.official.json,66edd0b1eecd85291a7b9422e44f2f144f122e82df209c7973033442589a707d,107650,0,0,0,0,1179648,0.0,469e6405cde273af9fe903dfe054e36f34cc07050013bee75cc1246bfb72a2e5,532746,4.948871342313051
case_021,5,L2,600.0,14.911108559999775,/home/dreamboat/npu_r12_verify/NPU_R12/work/par3_L2/case_021_n5_L2/selected_plan.json,/home/dreamboat/npu_r12_verify/NPU_R12/work/par3_L2/case_021_n5_L2/report.json,/home/dreamboat/npu_r12_verify/NPU_R12/work/par3_L2/case_021_n5_L2/control/r7/control_r6/control_work/components_result.official.json,e575f60957328ad06b487ea83649e7b34c298160e5896b335189a028f721331f,1249380,11431936,9420800,2011136,7858176,5928960,0.5699643493761141,1e6c582d0084cecbe6cb54e7be8a969b78828c273b3be9dc49c0ff03ba37c3ee,6567937,5.256957050697146
case_022,5,L2,600.0,7.279958058000375,/home/dreamboat/npu_r12_verify/NPU_R12/work/par2_L2/case_022_n5_L2/selected_plan.json,/home/dreamboat/npu_r12_verify/NPU_R12/work/par2_L2/case_022_n5_L2/report.json,/home/dreamboat/npu_r12_verify/NPU_R12/work/par2_L2/case_022_n5_L2/control/r7/control_r6/control_work/components_result.official.json,6ebaae5c3136508be283c125123e220794e5207ceb4aaa6510daa1c98b49b974,11813,6912,6912,0,6912,213540,0.03135376408469871,9e06e0558ed6dd1ce4758b1fb4a11d04c5e4d8c789c89c6addbf69aeb9801bac,56780,4.8065690341149585
case_023,5,L2,600.0,11.995718785000463,/home/dreamboat/npu_r12_verify/NPU_R12/work/par5_L2/case_023_n5_L2/selected_plan.json,/home/dreamboat/npu_r12_verify/NPU_R12/work/par5_L2/case_023_n5_L2/report.json,/home/dreamboat/npu_r12_verify/NPU_R12/work/par5_L2/case_023_n5_L2/control/r7/control_r6/control_work/component_ordered_result.official.json,66a007045a358360edf086b98535b37356469c5e2d16eb821a3792fccf8a5b8d,24793,197472,197472,0,196608,434986,0.3112885809554872,c8a529e9ff49516e892c983032aa7fdcf7d6ff33277d79cb95b7dc2a6cd5e1f7,122614,4.945508812971403
case_024,5,L2,600.0,83.40283497400014,/home/dreamboat/npu_r12_verify/NPU_R12/work/par6_L2/case_024_n5_L2/selected_plan.json,/home/dreamboat/npu_r12_verify/NPU_R12/work/par6_L2/case_024_n5_L2/report.json,/home/dreamboat/npu_r12_verify/NPU_R12/work/par6_L2/case_024_n5_L2/indexed_insertion/plan.meta.official.json,22f3f5faa5102d3c65e31a5c5bee93cf2bdc21772b93c3efdc32896436a09a8b,693243,202660,202660,0,197208,395642,0.3326440077591296,75e572c629945fa071754056a04a10cdae10654150519f4c1ae95fdccb96fa51,2555343,3.6860711179196906
case_025,5,L2,600.0,162.01524413199968,/home/dreamboat/npu_r12_verify/NPU_R12/work/par6_L2/case_025_n5_L2/selected_plan.json,/home/dreamboat/npu_r12_verify/NPU_R12/work/par6_L2/case_025_n5_L2/report.json,/home/dreamboat/npu_r12_verify/NPU_R12/work/par6_L2/case_025_n5_L2/control/r7/control_r6/control_work/component_batch512_result.official.json,6b35462520fb6704b79cd05580e2a526497220bf87c81307e4db62a52afefb89,975282,110592,110592,0,0,4233216,0.0,d827ae2222a98b49d4be2f8fc0ce03f4bdfb03e73cc1de2ffed9a3e535a4a77e,4863026,4.986276789687495
case_026,5,L2,600.0,11.766818031000184,/home/dreamboat/npu_r12_verify/NPU_R12/work/par5_L2/case_026_n5_L2/selected_plan.json,/home/dreamboat/npu_r12_verify/NPU_R12/work/par5_L2/case_026_n5_L2/report.json,/home/dreamboat/npu_r12_verify/NPU_R12/work/par5_L2/case_026_n5_L2/control/r7/control_r6/control_work/migrate0.2_result.official.json,a0e02cb16d5842b61416275e43583174bf42ad063f8ca26387a6ca47fb590369,33721,491168,491168,0,138648,706094,0.1641305866169789,b38b5c48a7b4fa6e7093ca3c625613318b11213ea80f04350e84048d6b50c58f,99203,2.941875982325554
case_027,5,L2,600.0,14.346671246999904,/home/dreamboat/npu_r12_verify/NPU_R12/work/par1_L2/case_027_n5_L2/selected_plan.json,/home/dreamboat/npu_r12_verify/NPU_R12/work/par1_L2/case_027_n5_L2/report.json,/home/dreamboat/npu_r12_verify/NPU_R12/work/par1_L2/case_027_n5_L2/control/r7/control_r6/control_work/component_ordered_result.official.json,e888928126793e2484011cfd1a1415dfefebe7f3674326066a355e413ec251c5,558753,5529600,5529600,0,327680,7045120,0.044444444444444446,6c26b145ff138e3a226e7eb122043c808300d8c69095ee20510b1a12675ac6d0,2363952,4.230763861670542
case_028,5,L2,600.0,171.68994295300035,/home/dreamboat/npu_r12_verify/NPU_R12/work/par3_L2/case_028_n5_L2/selected_plan.json,/home/dreamboat/npu_r12_verify/NPU_R12/work/par3_L2/case_028_n5_L2/report.json,/home/dreamboat/npu_r12_verify/NPU_R12/work/par3_L2/case_028_n5_L2/control/r7/control_r6/control_work/chainwave_result.official.json,c0cad239d33f887ed5f9c18177747d1f2828bfd0fcbfe12e5b4375191e22e01b,8209101,31031808,19837440,11194368,6025536,17815872,0.25273406671283843,58894e13b3341a5cd2d1d8943ee9524abbe30551d90aa0f7e471ac09be3732e1,43836040,5.339931863428164
case_029,5,L2,600.0,6.513332374999663,/home/dreamboat/npu_r12_verify/NPU_R12/work/par1_L2/case_029_n5_L2/selected_plan.json,/home/dreamboat/npu_r12_verify/NPU_R12/work/par1_L2/case_029_n5_L2/report.json,/home/dreamboat/npu_r12_verify/NPU_R12/work/par1_L2/case_029_n5_L2/control/r7/control_r6/control_work/component_ordered_result.official.json,4611fe5c298850d925b0c1195a260ead75f6f3eb435c0d8a1f1daf4dccbf0656,9383,0,0,0,0,258132,0.0,2003bb0da59915a1c1c374bc85e8b1187da3851c7d6b6ce4e835e64e01ef2f5f,37555,4.002451241607162
case_030,5,L2,600.0,28.145604590999937,/home/dreamboat/npu_r12_verify/NPU_R12/work/par5_L2/case_030_n5_L2/selected_plan.json,/home/dreamboat/npu_r12_verify/NPU_R12/work/par5_L2/case_030_n5_L2/report.json,/home/dreamboat/npu_r12_verify/NPU_R12/work/par5_L2/case_030_n5_L2/control/r7/control_r6/control_work/components_result.official.json,1758044d0a710fdf505b3c2bffa69866f3d4fbb74aaa9967b0e5e70a16eb88cd,560897,11479040,7463936,4015104,8255488,5616640,0.5951133092197535,f913e26780c2656030b691165c026ce8f446204353c1313005c1acac73549a0e,2808034,5.006327364917267
case_031,5,L2,600.0,51.87212870900021,/home/dreamboat/npu_r12_verify/NPU_R12/work/par1_L2/case_031_n5_L2/selected_plan.json,/home/dreamboat/npu_r12_verify/NPU_R12/work/par1_L2/case_031_n5_L2/report.json,/home/dreamboat/npu_r12_verify/NPU_R12/work/par1_L2/case_031_n5_L2/control/r7/control_r6/control_work/components_result.official.json,e7fc524b1aecc7b0c1840845bc553e3f61decf4ebaa5b87e36a4a1ad29b7f82a,306307,8059392,6248448,1810944,5607936,4636276,0.5474248287716029,779ea7dc81fbd235306fa5419313124e3111f483f53fcf55eda4b28cedc30a8f,1414369,4.617488336864649
case_032,5,L2,600.0,8.256332803000078,/home/dreamboat/npu_r12_verify/NPU_R12/work/par2_L2/case_032_n5_L2/selected_plan.json,/home/dreamboat/npu_r12_verify/NPU_R12/work/par2_L2/case_032_n5_L2/report.json,/home/dreamboat/npu_r12_verify/NPU_R12/work/par2_L2/case_032_n5_L2/control/r7/control_r6/control_work/components_result.official.json,c6ceda3047b597a6b9d37510876c30eb8c70aeed92a5eebd3007d730301804ba,10391,12360,12360,0,8264,283252,0.028348358237626752,80cf95fa270ac617d10d2f60d5cbb0a8d46118efa72590b833f27facb1fba862,41443,3.988355307477625
case_033,5,L2,600.0,24.832160891000058,/home/dreamboat/npu_r12_verify/NPU_R12/work/par4_L2/case_033_n5_L2/selected_plan.json,/home/dreamboat/npu_r12_verify/NPU_R12/work/par4_L2/case_033_n5_L2/report.json,/home/dreamboat/npu_r12_verify/NPU_R12/work/par4_L2/case_033_n5_L2/control/r7/control_r6/control_work/component_ordered_result.official.json,886c65e02b89a0e13e94e2ed2c60bdb3ace4f705a8734f986abf38d98a6486cd,367285,6509184,6509184,0,2486848,6912112,0.2645875713908773,0e86e30bc1430f9a934da084deed0f4a88e7c600caf4ef5408b581aae675b45f,1774196,4.830570265597561
case_034,5,L2,600.0,25.380404956998973,/home/dreamboat/npu_r12_verify/NPU_R12/work/par6_L2/case_034_n5_L2/selected_plan.json,/home/dreamboat/npu_r12_verify/NPU_R12/work/par6_L2/case_034_n5_L2/report.json,/home/dreamboat/npu_r12_verify/NPU_R12/work/par6_L2/case_034_n5_L2/control/r7/control_r6/control_work/component_ordered_result.official.json,562df4bb4814f4f784fc2565b162ef9c46f1d5526e42a8d84e9ae50e196ea50c,171529,3532800,3532800,0,2947072,2865712,0.5069983677356668,34c618478f146a764b3763dd012a8bed5c6ca09f8232f859a5c37fbaf237e423,842996,4.91459753161273
case_035,5,L2,600.0,101.86052792400005,/home/dreamboat/npu_r12_verify/NPU_R12/work/par1_L2/case_035_n5_L2/selected_plan.json,/home/dreamboat/npu_r12_verify/NPU_R12/work/par1_L2/case_035_n5_L2/report.json,/home/dreamboat/npu_r12_verify/NPU_R12/work/par1_L2/case_035_n5_L2/indexed_insertion/plan.meta.official.json,46fbbf70927a8707a9ecdc686ba17e3c53cbe68365a284d829419c062ff78748,56942,1602218,1602218,0,470926,925798,0.33716467963606267,cbc81724d7c2feb7a19bcdb27787dfa13bcd8b39c34028aafa96098a11b06c9b,169571,2.9779600295037056
case_036,5,L2,600.0,4.385034807000011,/home/dreamboat/npu_r12_verify/NPU_R12/work/par3_L2/case_036_n5_L2/selected_plan.json,/home/dreamboat/npu_r12_verify/NPU_R12/work/par3_L2/case_036_n5_L2/report.json,/home/dreamboat/npu_r12_verify/NPU_R12/work/par3_L2/case_036_n5_L2/control/r7/control_r6/control_work/components_result.official.json,99579e84bdd882a4cd7af3fb56f9885b1f7800818aea029891e9c3e0abff36dc,187182,4608,4608,0,0,3282560,0.0,00b29d4463f2eac06e69bf3aecca1acd797c560aa32feb906bd13dad8e57fb51,931510,4.976493466252097
case_037,5,L2,600.0,2.0295083569999406,/home/dreamboat/npu_r12_verify/NPU_R12/work/par1_L2/case_037_n5_L2/selected_plan.json,/home/dreamboat/npu_r12_verify/NPU_R12/work/par1_L2/case_037_n5_L2/report.json,/home/dreamboat/npu_r12_verify/NPU_R12/work/par1_L2/case_037_n5_L2/control/r7/control_r6/control_work/components_result.official.json,326a9889c0cd0a12b88c818a757f44ae08b972a02ec9518df987450eb66be9fa,43013,1925120,1925120,0,1579008,878592,0.6425,a98cc3ff71a106b79064abae28f1684f9499a67bce28eb73dfa62db1e8b415d6,210001,4.882268151489085
case_038,5,L2,600.0,45.94201084700035,/home/dreamboat/npu_r12_verify/NPU_R12/work/par5_L2/case_038_n5_L2/selected_plan.json,/home/dreamboat/npu_r12_verify/NPU_R12/work/par5_L2/case_038_n5_L2/report.json,/home/dreamboat/npu_r12_verify/NPU_R12/work/par5_L2/case_038_n5_L2/control/r7/control_r6/control_work/component_ordered_result.official.json,2869f4db9af0188dde413d89e743151d5b4f3dda0c92c786ea76d515d66a9fd6,273759,8558592,8558592,0,5419008,5934090,0.4773153548044772,5eb296f75c47df15fb74c2b3eb3f88414189aac3e3aa7dcd175fa6402e3f90af,1364555,4.98451192472211
case_039,5,L2,600.0,48.34860836799999,/home/dreamboat/npu_r12_verify/NPU_R12/work/par2_L2/case_039_n5_L2/selected_plan.json,/home/dreamboat/npu_r12_verify/NPU_R12/work/par2_L2/case_039_n5_L2/report.json,/home/dreamboat/npu_r12_verify/NPU_R12/work/par2_L2/case_039_n5_L2/control/r7/control_r6/control_work/components_result.official.json,801660f1456474b03e1cda6e2418c4b801c891218400bd020f705f9435518310,340476,20480000,16809984,3670016,9154560,15527936,0.3708927978758712,7589101509338d5e943237229cb991030fa280829c055b161892f155cf8863da,1435262,4.21545718347255
case_040,5,L2,600.0,67.01164477400016,/home/dreamboat/npu_r12_verify/NPU_R12/work/par1_L2/case_040_n5_L2/selected_plan.json,/home/dreamboat/npu_r12_verify/NPU_R12/work/par1_L2/case_040_n5_L2/report.json,/home/dreamboat/npu_r12_verify/NPU_R12/work/par1_L2/case_040_n5_L2/indexed_insertion/plan.meta.official.json,aa06bcee1c487f0019916ce910f4c80f2e353478a438853a1d4c02c55037fe78,81272,3935920,3935920,0,929056,2357768,0.2826607083312036,6e328d6eba3100c6b638918f82674ebd9c1fa355bef03974a9074eecad291c75,253454,3.1185894280933164
case_041,5,L2,600.0,50.064324338000006,/home/dreamboat/npu_r12_verify/NPU_R12/work/par1_L2/case_041_n5_L2/selected_plan.json,/home/dreamboat/npu_r12_verify/NPU_R12/work/par1_L2/case_041_n5_L2/report.json,/home/dreamboat/npu_r12_verify/NPU_R12/work/par1_L2/case_041_n5_L2/control/r7/control_r6/control_work/components_result.official.json,8f1e2c2ecb156f57eeb32c0ce14b8830a4643cb5b2af3c3e70a7775a8357e2de,1193054,40630272,18020352,22609920,14481408,31097856,0.31771921547482646,5ae49545d8cf5f117112e848a29f517533b91ecd59d8530f208865db97f78b18,6003957,5.03242686416541
case_042,5,L2,600.0,36.765040184999634,/home/dreamboat/npu_r12_verify/NPU_R12/work/par2_L2/case_042_n5_L2/selected_plan.json,/home/dreamboat/npu_r12_verify/NPU_R12/work/par2_L2/case_042_n5_L2/report.json,/home/dreamboat/npu_r12_verify/NPU_R12/work/par2_L2/case_042_n5_L2/control/r7/control_r6/control_work/component_batch512_result.official.json,d97d267ad8f19a02f91792454045e46fc35246a91ca7f21643b0dbd1908d4132,369723,8045568,7286784,758784,4457472,5952288,0.4282012265412459,31ed71eaf0e28a173518cbeea02e462f85fd43b053e324c4d1502112ad3eca74,1686740,4.562172220824779
case_043,5,L2,600.0,284.6292059689986,/home/dreamboat/npu_r12_verify/NPU_R12/work/par4_L2/case_043_n5_L2/selected_plan.json,/home/dreamboat/npu_r12_verify/NPU_R12/work/par4_L2/case_043_n5_L2/report.json,/home/dreamboat/npu_r12_verify/NPU_R12/work/par4_L2/case_043_n5_L2/control/r7/control_r6/critical/critical_02_result.official.json,9fe19ca05325b75c69bdbf66e6c9d7fe9f0740b4cb45337953b65b1011e31418,215630,11060460,11060460,0,2830646,5354122,0.34584315645843594,e54a23b5a30f50718db8f14875e70138c6d353240a475e188731618c4e8ce8e7,677656,3.142679590038492
case_044,5,L2,600.0,11.517556891999448,/home/dreamboat/npu_r12_verify/NPU_R12/work/par5_L2/case_044_n5_L2/selected_plan.json,/home/dreamboat/npu_r12_verify/NPU_R12/work/par5_L2/case_044_n5_L2/report.json,/home/dreamboat/npu_r12_verify/NPU_R12/work/par5_L2/case_044_n5_L2/control/r7/control_r6/core/active2_chainwave_result.official.json,c836c331a53ea07e3eb7395bc39496e06a097e3a86ceeac14916fdb160551971,45244,930400,930400,0,6464,1876864,0.0034322221089475653,aefc88720e78a7d063332e8b2a1ee72f8412edbec1b4265d8a6b0252500b23e7,154407,3.4127619131818583
case_045,5,L2,600.0,5.014425118000872,/home/dreamboat/npu_r12_verify/NPU_R12/work/par4_L2/case_045_n5_L2/selected_plan.json,/home/dreamboat/npu_r12_verify/NPU_R12/work/par4_L2/case_045_n5_L2/report.json,/home/dreamboat/npu_r12_verify/NPU_R12/work/par4_L2/case_045_n5_L2/control/r7/control_r6/control_work/component_ordered_result.official.json,809ef1cebd7939e6382acf4cfadeb111db3d762729ae871ef22762dc0c4a6713,26164,0,0,0,0,278528,0.0,e822616ab451756ed3f7f0e3483f4972cc8e0af422ec4b1a2cc17ae707c103b9,125614,4.801024308209754
case_046,5,L2,600.0,7.883890905000044,/home/dreamboat/npu_r12_verify/NPU_R12/work/par5_L2/case_046_n5_L2/selected_plan.json,/home/dreamboat/npu_r12_verify/NPU_R12/work/par5_L2/case_046_n5_L2/report.json,/home/dreamboat/npu_r12_verify/NPU_R12/work/par5_L2/case_046_n5_L2/control/r7/control_r6/core/active4_chainwave_result.official.json,f1906db1a0660e3095695876e2282497768b85499f91f6051db3861ad288e431,79918,2791200,2791200,0,0,3787136,0.0,24f2cbfaa12cc8683a5e5f9b67aa75a57758733af27a39bd44217698391794db,276455,3.4592332140443953
case_047,5,L2,600.0,188.74490397099999,/home/dreamboat/npu_r12_verify/NPU_R12/work/par2_L2/case_047_n5_L2/selected_plan.json,/home/dreamboat/npu_r12_verify/NPU_R12/work/par2_L2/case_047_n5_L2/report.json,/home/dreamboat/npu_r12_verify/NPU_R12/work/par2_L2/case_047_n5_L2/indexed_insertion/plan.meta.official.json,b4080d5feed411e022af49e9aba97c444baf4405ef6e6d97bb3128e80e8b90dd,114114,5402776,5402776,0,1125426,2296300,0.3289059381142733,f96666967562207ce1359f40f0cba8f2bb61c92f35a104ab0e732c14ee393522,326508,2.861244019138756
case_048,5,L2,600.0,38.29489538100006,/home/dreamboat/npu_r12_verify/NPU_R12/work/par5_L2/case_048_n5_L2/selected_plan.json,/home/dreamboat/npu_r12_verify/NPU_R12/work/par5_L2/case_048_n5_L2/report.json,/home/dreamboat/npu_r12_verify/NPU_R12/work/par5_L2/case_048_n5_L2/indexed_insertion/plan.meta.official.json,976a69b484f2ab1aecc1f97f6538706786f5d7284c4bc81aad9a73ee0fe72da2,98551,1132628,1132628,0,208402,844200,0.1979874634477229,1007dec1a12f71bfa00485631aad30b08376d9a14bd778d032187ee3394f256f,222220,2.2548731113839535
case_049,5,L2,600.0,104.93668677900041,/home/dreamboat/npu_r12_verify/NPU_R12/work/par5_L2/case_049_n5_L2/selected_plan.json,/home/dreamboat/npu_r12_verify/NPU_R12/work/par5_L2/case_049_n5_L2/report.json,/home/dreamboat/npu_r12_verify/NPU_R12/work/par5_L2/case_049_n5_L2/control/r7/control_r6/critical/critical_01_result.official.json,9178abb866f0b7ada93087daa2f22b784682df0bc287fcaead88d933361bac49,63196,2123270,2123270,0,300192,959318,0.23834030694476424,90c2072d58b073e66127408651a71a3fa0fef23b9f1c2768b5e665cad8b75f58,196276,3.1058294828786632
case_050,5,L2,600.0,121.29380877899985,/home/dreamboat/npu_r12_verify/NPU_R12/work/par2_L2/case_050_n5_L2/selected_plan.json,/home/dreamboat/npu_r12_verify/NPU_R12/work/par2_L2/case_050_n5_L2/report.json,/home/dreamboat/npu_r12_verify/NPU_R12/work/par2_L2/case_050_n5_L2/control/r7/control_r6/critical/critical_00_result.official.json,61e2f8482736b6c360b3a6c33bcbd2c19b4001647c993e4cffcb356a8237d4e7,54311,1885008,1885008,0,471348,984820,0.323690673054208,700416e0922d78e69725f2561c0108519abcef9080a55971c9c7ced606a5d6b8,149690,2.7561635764393952
case_051,5,L2,600.0,17.454434253999352,/home/dreamboat/npu_r12_verify/NPU_R12/work/par6_L2/case_051_n5_L2/selected_plan.json,/home/dreamboat/npu_r12_verify/NPU_R12/work/par6_L2/case_051_n5_L2/report.json,/home/dreamboat/npu_r12_verify/NPU_R12/work/par6_L2/case_051_n5_L2/indexed_insertion/plan.meta.official.json,9bb407aa9d0fff7b0121ad601189c04da12b466288dc5deea66a4b8f70a4a2d5,167410,198040,198040,0,196746,393794,0.3331628678836319,e865e54f78804f537b2bb7692f2df01b53f53df58c21345e160624b97d5f5544,607628,3.6295800728749774
case_052,5,L2,600.0,11.058462504999625,/home/dreamboat/npu_r12_verify/NPU_R12/work/par2_L2/case_052_n5_L2/selected_plan.json,/home/dreamboat/npu_r12_verify/NPU_R12/work/par2_L2/case_052_n5_L2/report.json,/home/dreamboat/npu_r12_verify/NPU_R12/work/par2_L2/case_052_n5_L2/control/r7/control_r6/control_work/component_ordered_result.official.json,e0f63674593ee65f19090c9e8bbb94f81da7d82ef4a3785018629927d94182d8,41587,333312,333312,0,315904,827452,0.27629539705918366,3f7d1bcc2289a32cd003b477e65a9714fec4ed1980d13ac2dcc02ef20a38fd7a,180301,4.335513501815472
case_053,5,L2,600.0,106.53918195299957,/home/dreamboat/npu_r12_verify/NPU_R12/work/par6_L2/case_053_n5_L2/selected_plan.json,/home/dreamboat/npu_r12_verify/NPU_R12/work/par6_L2/case_053_n5_L2/report.json,/home/dreamboat/npu_r12_verify/NPU_R12/work/par6_L2/case_053_n5_L2/control/r7/control_r6/control_work/migrate0_result.official.json,4198db331d102d8613d456b8ec09dc536270e7fef943d345328a8bccad7644fc,362303,12135050,12135050,0,2706080,9315788,0.2250964658736895,f5105f95c2ae6a3e14c74bfc12197cae2daa44a835aa52c23886ecade7166cac,1472686,4.064791072665697
case_054,5,L2,600.0,175.44567692099918,/home/dreamboat/npu_r12_verify/NPU_R12/work/par4_L2/case_054_n5_L2/selected_plan.json,/home/dreamboat/npu_r12_verify/NPU_R12/work/par4_L2/case_054_n5_L2/report.json,/home/dreamboat/npu_r12_verify/NPU_R12/work/par4_L2/case_054_n5_L2/control/r7/control_r6/control_work/migrate0_result.official.json,b131f1e67b3e055092c0de67e465661efd925a6b053feaf5de877166112e6046,237165,8940968,8940968,0,1226888,5239838,0.18972320769427992,e47a35c6fc8bdf9649055891933daad2890b0cc7fd8b8a7bd89ae40ff9ef1f0b,815051,3.4366411570004005
case_055,5,L2,600.0,11.342733514999964,/home/dreamboat/npu_r12_verify/NPU_R12/work/par5_L2/case_055_n5_L2/selected_plan.json,/home/dreamboat/npu_r12_verify/NPU_R12/work/par5_L2/case_055_n5_L2/report.json,/home/dreamboat/npu_r12_verify/NPU_R12/work/par5_L2/case_055_n5_L2/control/r7/control_r6/control_work/component_ordered_result.official.json,623aec6217d4c7b63f17f03bd383430d61a3bbc1484746d76ee6353c59546ac5,26183,198656,198656,0,101888,722460,0.12359828616069912,19dc76f310698014b1cb664037c2524ea9d26eda881e4c93abf50ab4d9a420c2,118835,4.5386319367528545
case_056,5,L2,600.0,239.62165289699988,/home/dreamboat/npu_r12_verify/NPU_R12/work/par3_L2/case_056_n5_L2/selected_plan.json,/home/dreamboat/npu_r12_verify/NPU_R12/work/par3_L2/case_056_n5_L2/report.json,/home/dreamboat/npu_r12_verify/NPU_R12/work/par3_L2/case_056_n5_L2/control/extra/B_plan_evaluated_in_L2.official.json,0be9509af544215e3f870024025eee7fd06994e23ef1fef017f304e8a16a95f8,94490,3574548,3574548,0,578308,1569064,0.2693096491898004,d3eea75a880ff1773cdc3bc57db70cc890d4b58e4cdbffef1d768b1b13fea15e,277285,2.9345433379193566
case_057,5,L2,600.0,9.657832093000252,/home/dreamboat/npu_r12_verify/NPU_R12/work/par3_L2/case_057_n5_L2/selected_plan.json,/home/dreamboat/npu_r12_verify/NPU_R12/work/par3_L2/case_057_n5_L2/report.json,/home/dreamboat/npu_r12_verify/NPU_R12/work/par3_L2/case_057_n5_L2/control/r7/control_r6/control_work/component_ordered_result.official.json,cb8253e60de3fc57ec4b4828c4808c987e6739186b0a3ecd054d899e34b5622e,16538,27936,27936,0,288,364236,0.0007900714356256378,aab1509d8e5d08f9a6da5c6b638d3d0f0ed2beecbfc3dd540fb92068a46bbe83,59726,3.6114403192647235
case_058,5,L2,600.0,156.6688568339996,/home/dreamboat/npu_r12_verify/NPU_R12/work/par2_L2/case_058_n5_L2/selected_plan.json,/home/dreamboat/npu_r12_verify/NPU_R12/work/par2_L2/case_058_n5_L2/report.json,/home/dreamboat/npu_r12_verify/NPU_R12/work/par2_L2/case_058_n5_L2/control/r7/control_r6/control_work/component_batch512_result.official.json,ede6e18c37935c72096a96a2494ed99493aabd3159f21931b2cd7b770e23cf51,1004819,32104448,18382848,13721600,0,38727680,0.0,e44632d3ed65864ff3a421e0d0856aa3c5baa3b059a338b3b92bf72791a77a23,4539717,4.517945022934478
case_059,5,L2,600.0,3.3007451169996784,/home/dreamboat/npu_r12_verify/NPU_R12/work/par5_L2/case_059_n5_L2/selected_plan.json,/home/dreamboat/npu_r12_verify/NPU_R12/work/par5_L2/case_059_n5_L2/report.json,/home/dreamboat/npu_r12_verify/NPU_R12/work/par5_L2/case_059_n5_L2/control/r7/control_r6/control_work/components_result.official.json,3c1d63f539d0e736f5b07df6d5483022edb70f40e7595dc78fecf62e7946210d,150736,4325376,4325376,0,3989504,1417216,0.7378787878787879,4a6712db277f18bd0865b61737d87d6289cc4bb4d1e1aa90db5fd805c1ad6495,829473,5.502819498991615
case_060,5,L2,600.0,50.172291782000684,/home/dreamboat/npu_r12_verify/NPU_R12/work/par6_L2/case_060_n5_L2/selected_plan.json,/home/dreamboat/npu_r12_verify/NPU_R12/work/par6_L2/case_060_n5_L2/report.json,/home/dreamboat/npu_r12_verify/NPU_R12/work/par6_L2/case_060_n5_L2/control/r7/control_r6/control_work/components_result.official.json,feae146ab36b51128e0e397b01298ba9ac36a3fec023e76d46098de2064e9c92,184532,3641728,3441024,200704,3041536,2698920,0.5298422285616334,958e00910dc281c7dd2a0466563bd4cf7f0619d3a407e68c67a32587b9545ac4,888789,4.816449179546095
case_061,5,L2,600.0,9.469984180999745,/home/dreamboat/npu_r12_verify/NPU_R12/work/par4_L2/case_061_n5_L2/selected_plan.json,/home/dreamboat/npu_r12_verify/NPU_R12/work/par4_L2/case_061_n5_L2/report.json,/home/dreamboat/npu_r12_verify/NPU_R12/work/par4_L2/case_061_n5_L2/control/r7/control_r6/control_work/components_result.official.json,331758037580d50ed40ba5e951fd0067ba029bc74469158e10bfb2a2ffbbdc00,22283,83712,83712,0,77312,550436,0.12315770022365663,f5189bb959de2dd5f13e72d741812c39db944d699305bc51137358eba2a39481,77191,3.46412063007674
case_062,5,L2,600.0,148.60314570099945,/home/dreamboat/npu_r12_verify/NPU_R12/work/par6_L2/case_062_n5_L2/selected_plan.json,/home/dreamboat/npu_r12_verify/NPU_R12/work/par6_L2/case_062_n5_L2/report.json,/home/dreamboat/npu_r12_verify/NPU_R12/work/par6_L2/case_062_n5_L2/control/r7/control_r6/control_work/migrate0_result.official.json,ae70eea4da020b50288df0f593eb237b65a2b91e9b9e449de51103e61b913bda,703542,10626048,9262080,1363968,0,18713088,0.0,f7397538d88e90ac32a711b6413aa9042b6ff8af86a0da54c734ef3e4b95e5c8,2854809,4.057766274081718
case_063,5,L2,600.0,113.54060718799974,/home/dreamboat/npu_r12_verify/NPU_R12/work/par3_L2/case_063_n5_L2/selected_plan.json,/home/dreamboat/npu_r12_verify/NPU_R12/work/par3_L2/case_063_n5_L2/report.json,/home/dreamboat/npu_r12_verify/NPU_R12/work/par3_L2/case_063_n5_L2/control/r7/control_r6/critical/critical_00_result.official.json,32d6b983a9f1afbe15b794d87b52ccd190088fda5f2b034b67c924983142ff3f,255854,3253248,3234816,18432,0,6646272,0.0,4134ca7882bfbca89205a3e7f76286ae18a51c26765bdf540812dea5c56c1428,1070397,4.18362425445762
case_064,5,L2,600.0,14.78343202799988,/home/dreamboat/npu_r12_verify/NPU_R12/work/par2_L2/case_064_n5_L2/selected_plan.json,/home/dreamboat/npu_r12_verify/NPU_R12/work/par2_L2/case_064_n5_L2/report.json,/home/dreamboat/npu_r12_verify/NPU_R12/work/par2_L2/case_064_n5_L2/indexed_insertion/plan.meta.official.json,25c091b2d0fafe76cedad6058478b244fbd56da4c964b750104ce03f6890c040,8292,132948,132948,0,34612,80614,0.3003835939805252,21c8d8856e26c354518007b23ad854c2ed977c105cbdecef64df1855b3545621,19116,2.305354558610709
case_065,5,L2,600.0,5.051783619000162,/home/dreamboat/npu_r12_verify/NPU_R12/work/par5_L2/case_065_n5_L2/selected_plan.json,/home/dreamboat/npu_r12_verify/NPU_R12/work/par5_L2/case_065_n5_L2/report.json,/home/dreamboat/npu_r12_verify/NPU_R12/work/par5_L2/case_065_n5_L2/control/r7/control_r6/control_work/component_ordered_result.official.json,4306d8d415a8fdaa9078bc03aaf2c674f5578b2dc5af8692ab551360e6244b68,9558,55728,55728,0,55728,299720,0.15678242668407194,8d11ff00f570a00cc1e39b02d42f3a5d5b09433103004911f179ee325b24edfd,53068,5.552207574806445
case_066,5,L2,600.0,148.46333289500035,/home/dreamboat/npu_r12_verify/NPU_R12/work/par3_L2/case_066_n5_L2/selected_plan.json,/home/dreamboat/npu_r12_verify/NPU_R12/work/par3_L2/case_066_n5_L2/report.json,/home/dreamboat/npu_r12_verify/NPU_R12/work/par3_L2/case_066_n5_L2/control/r7/control_r6/critical/critical_02_result.official.json,3a80e19eeea4560887e66e967155f5e38006874653700ee47bc4990ee605bd8b,110103,4610524,4610524,0,1058252,2794468,0.27467659212192946,d515d8f604b730ca405e994e5fde521b4b0e6568271d828dd9610e52a6beb91f,359070,3.261219040353124
case_067,5,L2,600.0,85.23367205500017,/home/dreamboat/npu_r12_verify/NPU_R12/work/par2_L2/case_067_n5_L2/selected_plan.json,/home/dreamboat/npu_r12_verify/NPU_R12/work/par2_L2/case_067_n5_L2/report.json,/home/dreamboat/npu_r12_verify/NPU_R12/work/par2_L2/case_067_n5_L2/local_microbatch/affinity_window8.plan.meta.official.json,3e060dff74f77cc842a4a035670b44dfbe73382bb11e5ec221b3aca3ffa4b75d,12257518,158705152,66256384,92448768,104906496,32281728,0.764690240468453,7e8eb40736630260df62891a40268df525110237b6bf216f6ef326e4069b5ca1,63834834,5.207810749288722
case_068,5,L2,600.0,134.23758619399996,/home/dreamboat/npu_r12_verify/NPU_R12/work/par1_L2/case_068_n5_L2/selected_plan.json,/home/dreamboat/npu_r12_verify/NPU_R12/work/par1_L2/case_068_n5_L2/report.json,/home/dreamboat/npu_r12_verify/NPU_R12/work/par1_L2/case_068_n5_L2/control/r7/control_r6/critical/critical_00_result.official.json,6439eaa9ccd5ad1f774b56dceaf2211d80df855427fbaa8994ac1cdb14b727a4,130386,4177634,4177634,0,1323702,4485406,0.22786665353785815,00af6318da03728c738b0d58793945d141be25928711b105f431bac90a6774ac,362095,2.777100302179682
case_069,5,L2,600.0,16.593732913999702,/home/dreamboat/npu_r12_verify/NPU_R12/work/par3_L2/case_069_n5_L2/selected_plan.json,/home/dreamboat/npu_r12_verify/NPU_R12/work/par3_L2/case_069_n5_L2/report.json,/home/dreamboat/npu_r12_verify/NPU_R12/work/par3_L2/case_069_n5_L2/control/r7/control_r6/critical/critical_03_result.official.json,b27b5f6f285d582b4929adb1399581675ee30b272863f625685c97f6cfc04449,12569,503470,503470,0,146668,295400,0.3317770116814608,f5cd7516d9e5619e9428dfb41e0756ea59c1b839a691bab2cf6a8e95f5e778cc,25144,2.000477364945501
case_070,5,L2,600.0,10.104672335999567,/home/dreamboat/npu_r12_verify/NPU_R12/work/par1_L2/case_070_n5_L2/selected_plan.json,/home/dreamboat/npu_r12_verify/NPU_R12/work/par1_L2/case_070_n5_L2/report.json,/home/dreamboat/npu_r12_verify/NPU_R12/work/par1_L2/case_070_n5_L2/control/r7/control_r6/control_work/component_ordered_result.official.json,387dae90371b451d3848cf1cebad693ea511067648297c511730bd8b455a082f,25840,462848,462848,0,262144,620562,0.2969777026552442,0b3eef710c68a255bfcd5edbc1c155f22cb73a23254a3344058f20b0cb95ecd3,117300,4.5394736842105265
case_071,5,L2,600.0,11.290876091000428,/home/dreamboat/npu_r12_verify/NPU_R12/work/par1_L2/case_071_n5_L2/selected_plan.json,/home/dreamboat/npu_r12_verify/NPU_R12/work/par1_L2/case_071_n5_L2/report.json,/home/dreamboat/npu_r12_verify/NPU_R12/work/par1_L2/case_071_n5_L2/control/r7/control_r6/critical/critical_01_result.official.json,c7e7a9ee3a74a7d1898116c99742aaf12270fa38998850dc27bd4684d8b0681a,9203,329390,329390,0,103694,230598,0.31018989386524354,5a4a01dc06e54580f6b6c5c6680dcf5c841bb49bc973e7582f03e19131c44f15,18919,2.055742692600239
case_072,5,L2,600.0,310.58835157700014,/home/dreamboat/npu_r12_verify/NPU_R12/work/par4_L2/case_072_n5_L2/selected_plan.json,/home/dreamboat/npu_r12_verify/NPU_R12/work/par4_L2/case_072_n5_L2/report.json,/home/dreamboat/npu_r12_verify/NPU_R12/work/par4_L2/case_072_n5_L2/control/r7/control_r6/control_work/components_result.official.json,c442bf8ad6a3f04b14d9159f6614baa706e0ef61354eda9dab4a0e14a6370de4,4817940,131343024,39420592,91922432,27582464,114853566,0.19364808187928292,cabe7a8778cc818356885dbc28ee554da312761ef59250cb6b75c89d179b01f8,23897828,4.960175510695443
case_073,5,L2,600.0,47.42622221599959,/home/dreamboat/npu_r12_verify/NPU_R12/work/par1_L2/case_073_n5_L2/selected_plan.json,/home/dreamboat/npu_r12_verify/NPU_R12/work/par1_L2/case_073_n5_L2/report.json,/home/dreamboat/npu_r12_verify/NPU_R12/work/par1_L2/case_073_n5_L2/local_microbatch/affinity_window4.plan.meta.official.json,67488343fb8999502e71a047a6dc242f8f8e3661fc9be4f4c3b08d7c95e2fdba,1805392,74410240,21712384,52697856,62045824,12763136,0.8293902762449845,84ad9f54b592d3a780b0a7036f75009c2a6cf80535181d1712881fef240e7f82,10081626,5.584175625016617
case_074,5,L2,600.0,26.66188675400008,/home/dreamboat/npu_r12_verify/NPU_R12/work/par2_L2/case_074_n5_L2/selected_plan.json,/home/dreamboat/npu_r12_verify/NPU_R12/work/par2_L2/case_074_n5_L2/report.json,/home/dreamboat/npu_r12_verify/NPU_R12/work/par2_L2/case_074_n5_L2/control/r7/control_r6/control_work/component_ordered_result.official.json,43da8de29a01ab22c34ca9737df598dec3f441664de7526315ebbac14a2ac00f,330183,7118848,7118848,0,2854912,8040472,0.26202949799658276,08e8671c96e4324b87b00d15616ddc95fd6492e3168485dc3121a3e7e500b470,1682239,5.094868603168546
case_075,5,L2,600.0,146.3573684410003,/home/dreamboat/npu_r12_verify/NPU_R12/work/par4_L2/case_075_n5_L2/selected_plan.json,/home/dreamboat/npu_r12_verify/NPU_R12/work/par4_L2/case_075_n5_L2/report.json,/home/dreamboat/npu_r12_verify/NPU_R12/work/par4_L2/case_075_n5_L2/indexed_insertion/plan.meta.official.json,ea2265ab13a4dc816445b1c43801d9e1a966b1a0a1e30caa941812add425b10c,355004,12788022,12788022,0,3133168,6056252,0.34095383604188295,3a7f8e3b870259f02a9e4d4bd0937e8b612bb368478c89923a694fd10af4d7d2,1441809,4.061388040698133
case_076,5,L2,600.0,70.22688302999995,/home/dreamboat/npu_r12_verify/NPU_R12/work/par2_L2/case_076_n5_L2/selected_plan.json,/home/dreamboat/npu_r12_verify/NPU_R12/work/par2_L2/case_076_n5_L2/report.json,/home/dreamboat/npu_r12_verify/NPU_R12/work/par2_L2/case_076_n5_L2/control/r7/control_r6/control_work/components_result.official.json,19e9a689a1f5ef7877334da71e03089fdfb9f65ae1261cfb98e105b47bfaa165,1232435,40553472,16297984,24255488,19993600,24828928,0.4460614091199854,0f6da1da1082e95d3f58503a1605fcdac340d1fe79de0af5f2215d23ee46fd3f,6185113,5.018611934909346
case_077,5,L2,600.0,28.66080096099904,/home/dreamboat/npu_r12_verify/NPU_R12/work/par4_L2/case_077_n5_L2/selected_plan.json,/home/dreamboat/npu_r12_verify/NPU_R12/work/par4_L2/case_077_n5_L2/report.json,/home/dreamboat/npu_r12_verify/NPU_R12/work/par4_L2/case_077_n5_L2/control/r7/control_r6/control_work/components_result.official.json,dfc7043c442aff40410445e954d87a66351ea3e9f65968cbb6a74f07433ba7db,121081,172032,172032,0,0,2313292,0.0,d501e80cf0bbae3a408acb4ed5ca97242a98d94cf89527ebbc6f9d506a0d1912,495320,4.090815239385205
case_078,5,L2,600.0,6.9678456110004845,/home/dreamboat/npu_r12_verify/NPU_R12/work/par2_L2/case_078_n5_L2/selected_plan.json,/home/dreamboat/npu_r12_verify/NPU_R12/work/par2_L2/case_078_n5_L2/report.json,/home/dreamboat/npu_r12_verify/NPU_R12/work/par2_L2/case_078_n5_L2/indexed_insertion/plan.meta.official.json,6f0c4451b68dc77f452ff8e8b33b5a8424650d1bb5a9a6115418a7b39380e374,452545,12822528,12822528,0,4644288,8310720,0.35849364199543526,a4b0a1078403c416809492d169dd51bf66f30ae77c4575ae9e3761d9c3f97693,2296143,5.073844590040769
case_079,5,L2,600.0,83.59702088799895,/home/dreamboat/npu_r12_verify/NPU_R12/work/par5_L2/case_079_n5_L2/selected_plan.json,/home/dreamboat/npu_r12_verify/NPU_R12/work/par5_L2/case_079_n5_L2/report.json,/home/dreamboat/npu_r12_verify/NPU_R12/work/par5_L2/case_079_n5_L2/control/r7/control_r6/control_work/component_ordered_result.official.json,5286cdf2b71286fcf82d3c1a138ae66e02f7d64942739bdb1a050142582fee2c,6043668,31907840,23248896,8658944,8820736,28899328,0.23384732327071342,682555d5fd33729c5bdf22c14ca4c2ebe43fcba54c5b4e30282b7b87289c6fe8,31052251,5.137980941375337
case_080,5,L2,600.0,9.216998419000447,/home/dreamboat/npu_r12_verify/NPU_R12/work/par6_L2/case_080_n5_L2/selected_plan.json,/home/dreamboat/npu_r12_verify/NPU_R12/work/par6_L2/case_080_n5_L2/report.json,/home/dreamboat/npu_r12_verify/NPU_R12/work/par6_L2/case_080_n5_L2/control/r7/control_r6/control_work/component_ordered_result.official.json,4a784e7dc205ab1bdd496095bb1ffcadbecf10a23b62cbb8d59adfadf5f42f8b,86025,4571136,4571136,0,2064384,4411392,0.3187855787476281,7e756a8bee47b367c72a674179ba0fef3463787c4cb61f5b0293a78491791d77,292138,3.3959662888695146
case_081,5,L2,600.0,5.490633543000513,/home/dreamboat/npu_r12_verify/NPU_R12/work/par5_L2/case_081_n5_L2/selected_plan.json,/home/dreamboat/npu_r12_verify/NPU_R12/work/par5_L2/case_081_n5_L2/report.json,/home/dreamboat/npu_r12_verify/NPU_R12/work/par5_L2/case_081_n5_L2/control/r7/control_r6/control_work/components_result.official.json,2d637bd41cfc771d0110c5dbe4f9283005e89db1c267e38f87bc2c763f9e2096,30943,0,0,0,0,1044820,0.0,e31d98e30de26260d538c8e60691d3d1d7e5532442819b6839437df1a4723a25,151795,4.905632937982743
case_082,5,L2,600.0,85.67302746600035,/home/dreamboat/npu_r12_verify/NPU_R12/work/par1_L2/case_082_n5_L2/selected_plan.json,/home/dreamboat/npu_r12_verify/NPU_R12/work/par1_L2/case_082_n5_L2/report.json,/home/dreamboat/npu_r12_verify/NPU_R12/work/par1_L2/case_082_n5_L2/indexed_insertion/plan.meta.official.json,f6b29fe7de3f83c7435ffc7537a3d99cc9e4604415039c6b2e9188ecd48a817e,187467,8565908,8565908,0,1762938,3488608,0.3356988589645792,0591fb51da79b504f4980444e84626f3de9a7184b113628f9a6f526c7f6506d9,721041,3.8462289362927877
case_083,5,L2,600.0,17.4178781720002,/home/dreamboat/npu_r12_verify/NPU_R12/work/par3_L2/case_083_n5_L2/selected_plan.json,/home/dreamboat/npu_r12_verify/NPU_R12/work/par3_L2/case_083_n5_L2/report.json,/home/dreamboat/npu_r12_verify/NPU_R12/work/par3_L2/case_083_n5_L2/control/r7/control_r6/control_work/chainwave_result.official.json,e31329c3336e0e4ddc1a8178f7402a01067df89dff20d41cdf7e69d33cceec50,190890,3721600,3721600,0,930112,3975840,0.18958848353999386,7c616f6fcbea0295ba08b2cca45ea37cf8a3083986b38d0ddbbd749d30c0c129,1057993,5.542422337471843
case_084,5,L2,600.0,143.15889537899966,/home/dreamboat/npu_r12_verify/NPU_R12/work/par3_L2/case_084_n5_L2/selected_plan.json,/home/dreamboat/npu_r12_verify/NPU_R12/work/par3_L2/case_084_n5_L2/report.json,/home/dreamboat/npu_r12_verify/NPU_R12/work/par3_L2/case_084_n5_L2/control/r7/control_r6/control_work/component_batch512_result.official.json,c07358f71817f83dd151be6d3a76a0a793445b57948d191452208989d76bf7a7,503472,0,0,0,0,9927786,0.0,be8495761ed37edad83deb414fd10217a9e65c178fb9e1cb20598980b7f68632,2507412,4.98024120507198
case_085,5,L2,600.0,161.1495327800003,/home/dreamboat/npu_r12_verify/NPU_R12/work/par4_L2/case_085_n5_L2/selected_plan.json,/home/dreamboat/npu_r12_verify/NPU_R12/work/par4_L2/case_085_n5_L2/report.json,/home/dreamboat/npu_r12_verify/NPU_R12/work/par4_L2/case_085_n5_L2/indexed_insertion/plan.meta.official.json,57da5eb35da819e1105b3824d269e8a0eabd0021d5d994a51f8089c60184da58,813738,40853464,40853464,0,7585748,15691690,0.32588414584113595,034cbf4532688f967e59f1c82b422aaf087080456a5c828d1e7603d8df929233,3187899,3.9175987848668736
case_086,5,L2,600.0,111.37648916299986,/home/dreamboat/npu_r12_verify/NPU_R12/work/par5_L2/case_086_n5_L2/selected_plan.json,/home/dreamboat/npu_r12_verify/NPU_R12/work/par5_L2/case_086_n5_L2/report.json,/home/dreamboat/npu_r12_verify/NPU_R12/work/par5_L2/case_086_n5_L2/control/r7/control_r6/critical/critical_00_result.official.json,1ea053746e1aa8ef08ea39ec15d7dabf8e402741348f7beeadd3d3418d1816cf,51263,2266894,2266894,0,539052,1143384,0.32039970614038216,f0e5a67102ed5e972bc2d345403e171f81b5aa5fefd96dea20790e7bc61fb62e,118403,2.309716559701929
case_087,5,L2,600.0,197.70447293300094,/home/dreamboat/npu_r12_verify/NPU_R12/work/par5_L2/case_087_n5_L2/selected_plan.json,/home/dreamboat/npu_r12_verify/NPU_R12/work/par5_L2/case_087_n5_L2/report.json,/home/dreamboat/npu_r12_verify/NPU_R12/work/par5_L2/case_087_n5_L2/control/r7/control_r6/control_work/component_ordered_result.official.json,f7d38733d078ec1bc7c812bbf3ec7a68f94567ef98f6ba0c20c452c972df26f3,885221,8050176,6981120,1069056,2962944,11005916,0.21211065183558286,baa7466364768ae181768c319d3385a52024187ee81bffe4b0439a4b2bff7a9c,3974071,4.489354635735031
case_088,5,L2,600.0,65.08118448400091,/home/dreamboat/npu_r12_verify/NPU_R12/work/par6_L2/case_088_n5_L2/selected_plan.json,/home/dreamboat/npu_r12_verify/NPU_R12/work/par6_L2/case_088_n5_L2/report.json,/home/dreamboat/npu_r12_verify/NPU_R12/work/par6_L2/case_088_n5_L2/control/r7/control_r6/critical/critical_03_result.official.json,6a3f8fce648e197e6b344348e47cd5091747f47625949724debc031ac40f259a,91991,2712598,2712598,0,801118,3082294,0.20629230171817978,fb6c3f915c4953224d19fc8030809b965b22fdfbed7a235152cf0a7eebcb8bbc,243623,2.648335163222489
case_089,5,L2,600.0,20.24547946200073,/home/dreamboat/npu_r12_verify/NPU_R12/work/par3_L2/case_089_n5_L2/selected_plan.json,/home/dreamboat/npu_r12_verify/NPU_R12/work/par3_L2/case_089_n5_L2/report.json,/home/dreamboat/npu_r12_verify/NPU_R12/work/par3_L2/case_089_n5_L2/control/r7/control_r6/control_work/chainwave_result.official.json,235406ce34a86d871d090d8e8cf75958279cbe78f10530694b14e9b562741580,133338,954880,954880,0,0,1357440,0.0,1572fb641252c87d66195e4ac1b2dd83eb72d325d7d00001b7d60b09c38c32d5,693092,5.1980080697175595
case_090,5,L2,600.0,12.14477899800113,/home/dreamboat/npu_r12_verify/NPU_R12/work/par6_L2/case_090_n5_L2/selected_plan.json,/home/dreamboat/npu_r12_verify/NPU_R12/work/par6_L2/case_090_n5_L2/report.json,/home/dreamboat/npu_r12_verify/NPU_R12/work/par6_L2/case_090_n5_L2/control/r7/control_r6/critical/critical_03_result.official.json,20037fb0927bd96428313c28c3acd98763484855d466a750e621af590ce1a610,248631,6515328,6515328,0,4033224,4635576,0.4652574750830565,6b4ee2917c428bf8be682bb44506bac09370e0b858c64f24a9215f6a5e7070ef,1178363,4.7394049816796775
case_091,5,L2,600.0,149.58582398399994,/home/dreamboat/npu_r12_verify/NPU_R12/work/par3_L2/case_091_n5_L2/selected_plan.json,/home/dreamboat/npu_r12_verify/NPU_R12/work/par3_L2/case_091_n5_L2/report.json,/home/dreamboat/npu_r12_verify/NPU_R12/work/par3_L2/case_091_n5_L2/control/r7/control_r6/control_work/component_ordered_result.official.json,16bb6cbbde47c7012632b04c077ae9c1f171ce0ae16b1732a448faab25238267,1848050,39725056,25913344,13811712,11180768,35079968,0.2416902316469846,78efb35f7d29c2c33d59a45793d7f793e232c76ef3afef87741708bf64490175,9186769,4.971060847920781
case_092,5,L2,600.0,100.56518282300021,/home/dreamboat/npu_r12_verify/NPU_R12/work/par6_L2/case_092_n5_L2/selected_plan.json,/home/dreamboat/npu_r12_verify/NPU_R12/work/par6_L2/case_092_n5_L2/report.json,/home/dreamboat/npu_r12_verify/NPU_R12/work/par6_L2/case_092_n5_L2/control/r7/control_r6/control_work/chainwave_result.official.json,2d1bcfef2238900052c703dc91fa2c569a8a43218e45549a69fefac7f31a01c9,816728,4606336,3721600,884736,1270400,4987232,0.20301609298852985,11b59e166f04e644526939af92a058001be9ea881d2039a0f1ac847d8e7a7aad,4815554,5.896153921501406
case_093,5,L2,600.0,3.6889389539992408,/home/dreamboat/npu_r12_verify/NPU_R12/work/par3_L2/case_093_n5_L2/selected_plan.json,/home/dreamboat/npu_r12_verify/NPU_R12/work/par3_L2/case_093_n5_L2/report.json,/home/dreamboat/npu_r12_verify/NPU_R12/work/par3_L2/case_093_n5_L2/control/r7/control_r6/control_work/component_ordered_result.official.json,3f6e6bb0c4f40868036c34279d39703bfc5c02d4036540b2644f73ae7de5e79a,15876,32768,32768,0,0,606208,0.0,8c003af8fbe0d6f4ecc6c743ad68031c0c0077a83a758fd28dabb4f0de7d8fc4,74205,4.674036281179139
case_094,5,L2,600.0,3.694495473999268,/home/dreamboat/npu_r12_verify/NPU_R12/work/par4_L2/case_094_n5_L2/selected_plan.json,/home/dreamboat/npu_r12_verify/NPU_R12/work/par4_L2/case_094_n5_L2/report.json,/home/dreamboat/npu_r12_verify/NPU_R12/work/par4_L2/case_094_n5_L2/control/r7/control_r6/control_work/component_ordered_result.official.json,db06fe966a12ce59c02ef76f97a6d36cd559906019af8fcff0931d325ab194b9,20152,259200,259200,0,87840,642688,0.12024179771343467,7b916e86714fbed1cc2879e08ae159e75a629e9bcc838fbb925895cf5824567d,94892,4.708813021040095
case_095,5,L2,600.0,28.526694566000515,/home/dreamboat/npu_r12_verify/NPU_R12/work/par4_L2/case_095_n5_L2/selected_plan.json,/home/dreamboat/npu_r12_verify/NPU_R12/work/par4_L2/case_095_n5_L2/report.json,/home/dreamboat/npu_r12_verify/NPU_R12/work/par4_L2/case_095_n5_L2/control/r7/control_r6/control_work/component_batch512_result.official.json,2cdce4c613af237ee55cb3dbb3758978c7230f3add616eafc5f0f31e23062120,420852,0,0,0,0,8516508,0.0,48ac5e6b84b747c682b73d8cd6b6432837591511b7e7b36c9790e1fd5051034d,2084853,4.953886401870491
case_096,5,L2,600.0,16.308172316999844,/home/dreamboat/npu_r12_verify/NPU_R12/work/par3_L2/case_096_n5_L2/selected_plan.json,/home/dreamboat/npu_r12_verify/NPU_R12/work/par3_L2/case_096_n5_L2/report.json,/home/dreamboat/npu_r12_verify/NPU_R12/work/par3_L2/case_096_n5_L2/control/r7/control_r6/critical/critical_00_result.official.json,1c4b21d7af000fc41f6d87d778497675927870b54ae268ef4ccd7708fe19265e,24363,623148,623148,0,270098,426872,0.3875317445514154,6671b96d3e477ed450199249b3ef9c3aa364a1754aa6281609ffe3d6347dbd49,84194,3.455814144399294
case_097,5,L2,600.0,18.398040898000545,/home/dreamboat/npu_r12_verify/NPU_R12/work/par1_L2/case_097_n5_L2/selected_plan.json,/home/dreamboat/npu_r12_verify/NPU_R12/work/par1_L2/case_097_n5_L2/report.json,/home/dreamboat/npu_r12_verify/NPU_R12/work/par1_L2/case_097_n5_L2/control/r7/control_r6/control_work/components_result.official.json,17e4cb92151c72e072a1d857b6a86578931370ff634486c2e3551959f287f452,2102250,21311488,17039360,4272128,6270976,19300352,0.24523466282236103,7daf2cc7fe5a79ca16acbf5c45400d6e3cd2cbe5ea2532f6fc6687452e9d7097,11491509,5.466290403139493
case_098,5,L2,600.0,19.408225950999622,/home/dreamboat/npu_r12_verify/NPU_R12/work/par3_L2/case_098_n5_L2/selected_plan.json,/home/dreamboat/npu_r12_verify/NPU_R12/work/par3_L2/case_098_n5_L2/report.json,/home/dreamboat/npu_r12_verify/NPU_R12/work/par3_L2/case_098_n5_L2/control/r7/control_r6/critical/critical_02_result.official.json,f99edf21b8e748c64869f8112b011176b9f9079e1d9389ce39c689195933576c,46116,1533620,1533620,0,865356,1031496,0.45620638826856286,8057e34385e0c47b7545adebfde9129877eab289e62b434caa2fae33dd31febe,177430,3.847471593373233
case_099,5,L2,600.0,14.153630398999667,/home/dreamboat/npu_r12_verify/NPU_R12/work/par6_L2/case_099_n5_L2/selected_plan.json,/home/dreamboat/npu_r12_verify/NPU_R12/work/par6_L2/case_099_n5_L2/report.json,/home/dreamboat/npu_r12_verify/NPU_R12/work/par6_L2/case_099_n5_L2/control/r7/control_r6/control_work/components_result.official.json,96271b8e2a24f1136a79a311617b9393e7c20b9d40905252c95e6ba90d2b92d2,327276,10698752,7065600,3633152,7204864,6027520,0.544487221652576,9270da3640bb47666a33228133920e82ecf316b7ca5a7c032300e55c53df438b,1622999,4.959114019970912
case_100,5,L2,600.0,13.98090793099982,/home/dreamboat/npu_r12_verify/NPU_R12/work/par4_L2/case_100_n5_L2/selected_plan.json,/home/dreamboat/npu_r12_verify/NPU_R12/work/par4_L2/case_100_n5_L2/report.json,/home/dreamboat/npu_r12_verify/NPU_R12/work/par4_L2/case_100_n5_L2/indexed_insertion/plan.meta.official.json,3e54ed48d5ac098dd07c1f28c482b7c1d02b9a5cdc0797ab2c445b0e4cf60271,38158,2170338,2170338,0,771178,1128114,0.40603445915635933,5a76202ef8c445745f1e1ef1796000277915b574c7aba3b75f8f126828b7fd3f,151223,3.9630745846218356
