id,kind,tag,page,x0_w,text
C24_A01,equation,4.1,7,0.828,（4.1） 
C24_A01,equation,4.2,7,0.828,（4.2） 
C24_A01,equation,4.3,9,0.828,（4.3） 
C24_A01,equation,4.4,9,0.828,（4.4） 
C24_A01,equation,4.5,10,0.828,（4.5） 
C24_A01,equation,5.1,18,0.828,（5.1） 
C24_A01,equation,5.2,18,0.828,（5.2） 
C24_A01,equation,5.3,18,0.828,（5.3） 
C24_A01,equation,5.4,19,0.828,（5.4） 
C24_A01,equation,5.5,19,0.828,（5.5） 
C24_A01,equation,5.6,19,0.828,（5.6） 
C24_A01,equation,5.7,19,0.828,（5.7） 
C24_A01,equation,5.8,19,0.828,（5.8） 
C24_A01,equation,5.9,19,0.828,（5.9） 
C24_A01,equation,5.10,19,0.818,（5.10） 
C24_A01,equation,5.11,19,0.818,（5.11） 
C24_A01,equation,5.12,19,0.818,（5.12） 
C24_A01,equation,5.13,19,0.818,（5.13） 
C24_A01,equation,5.14,20,0.818,（5.14） 
C24_A01,equation,5.15,20,0.818,（5.15） 
C24_A01,equation,5.16,20,0.818,（5.16） 
C24_A01,equation,5.17,21,0.818,（5.17） 
C24_A01,equation,6.1,27,0.828,（6.1） 
C24_A01,equation,6.2,27,0.828,（6.2） 
C24_A01,equation,6.3,27,0.828,（6.3） 
C24_A01,equation,6.4,27,0.828,（6.4） 
C24_A01,equation,6.5,28,0.828,（6.5） 
C24_A01,equation,6.6,28,0.828,（6.6） 
C24_A01,equation,6.7,28,0.828,（6.7） 
C24_A01,equation,6.8,28,0.828,（6.8） 
C24_A01,equation,6.9,28,0.828,（6.9） 
C24_A01,equation,6.10,29,0.818,（6.10） 
C24_A01,equation,6.11,29,0.818,（6.11） 
C24_A01,equation,6.12,29,0.818,（6.12） 
C24_A01,equation,6.13,29,0.818,（6.13） 
C24_A01,equation,6.14,30,0.818,（6.14） 
C24_A01,equation,6.15,30,0.818,（6.15） 
C24_A01,equation,6.16,31,0.818,（6.16） 
C24_A01,equation,6.17,31,0.818,（6.17） 
C24_A01,equation,7.1,37,0.828,（7.1） 
C24_A01,equation,7.2,37,0.828,（7.2） 
C24_A01,equation,7.3,37,0.828,（7.3） 
C24_A01,equation,7.4,37,0.828,（7.4） 
C24_A01,equation,7.5,37,0.828,（7.5） 
C24_A01,equation,7.6,37,0.828,（7.6） 
C24_A01,equation,7.7,37,0.828,（7.7） 
C24_A01,equation,7.8,37,0.828,（7.8） 
C24_A01,equation,7.9,37,0.828,（7.9） 
C24_A01,equation,7.10,38,0.818,（7.10） 
C24_A01,equation,7.11,38,0.818,（7.11） 
C24_A01,equation,7.12,38,0.818,（7.12） 
C24_A02,table,1,9,0.397,表1 变量符号及其说明
C24_A02,equation,1,10,0.842,（1）
C24_A02,equation,2,11,0.842,（2）
C24_A02,equation,3,11,0.842,（3）
C24_A02,equation,4,12,0.842,（4）
C24_A02,equation,5,13,0.842,（5）
C24_A02,equation,6,13,0.842,（6）
C24_A02,equation,7,13,0.842,（7）
C24_A02,equation,8,13,0.842,（8）
C24_A02,equation,9,13,0.842,（9）
C24_A02,equation,10,13,0.832,（10）
C24_A02,equation,11,13,0.832,（11）
C24_A02,equation,12,13,0.832,（12）
C24_A02,equation,13,15,0.832,（13）
C24_A02,equation,14,15,0.832,（14）
C24_A02,equation,15,20,0.832,（15）
C24_A02,equation,16,20,0.832,（16）
C24_A02,equation,17,21,0.832,（17）
C24_A02,equation,18,21,0.832,（18）
C24_A02,equation,19,23,0.832,（19）
C24_A02,equation,20,24,0.832,（20）
C24_A02,equation,21,24,0.832,（21）
C24_A02,equation,22,24,0.832,（22）
C24_A02,equation,23,24,0.832,（23）
C24_A02,equation,24,24,0.832,（24）
C24_A02,table,3,28,0.294,表3 基于两种拟合方法的估算值与参考值对比
C24_A02,equation,25,30,0.832,（25）
C24_A02,equation,26,30,0.832,（26）
C24_A02,equation,27,30,0.832,（27）
C24_A02,equation,28,30,0.832,（28）
C24_A02,equation,29,30,0.832,（29）
C24_A02,equation,30,31,0.832,（30）
C24_A02,equation,31,31,0.832,（31）
C24_A02,equation,32,31,0.832,（32）
C24_A02,equation,33,31,0.832,（33）
C24_A02,equation,34,31,0.832,（34）
C24_A02,equation,35,31,0.832,（35）
C24_A02,equation,36,31,0.832,（36）
C24_A02,equation,37,31,0.832,（37）
C24_A02,table,4,44,0.304,表4 输入输出数据在降噪前后的信噪比对比
C24_A02,table,5,46,0.314,表5 基于相位差的时间序列延迟筛选列表
C24_A03,equation,2-1,8,0.779,（2-1） 
C24_A03,equation,2-2,8,0.779,（2-2） 
C24_A03,equation,2-3,8,0.779,（2-3） 
C24_A03,equation,2-4,8,0.779,（2-4） 
C24_A03,equation,2-5,9,0.779,（2-5） 
C24_A03,table,3-1,10,0.44,表3-1 符号说明
C24_A03,equation,4-1,13,0.779,（4-1） 
C24_A03,equation,4-2,13,0.779,（4-2） 
C24_A03,equation,4-3,13,0.779,（4-3） 
C24_A03,equation,4-4,13,0.779,（4-4） 
C24_A03,equation,4-5,13,0.784,（4-5） 
C24_A03,equation,4-6,13,0.784,（4-6） 
C24_A03,equation,4-7,14,0.805,（4-7） 
C24_A03,equation,4-8,16,0.805,（4-8） 
C24_A03,equation,4-9,16,0.805,（4-9） 
C24_A03,equation,4-10,17,0.8,（4-10） 
C24_A03,equation,4-11,17,0.8,（4-11） 
C24_A03,equation,4-12,18,0.794,（4-12） 
C24_A03,equation,4-13,18,0.8,（4-13） 
C24_A03,table,4-1,18,0.4,表4-1 雨流计数法属性对比
C24_A03,equation,4-14,19,0.8,（4-14） 
C24_A03,equation,4-15,19,0.8,（4-15） 
C24_A03,equation,4-16,19,0.8,（4-16） 
C24_A03,equation,4-17,19,0.8,（4-17） 
C24_A03,table,4-2,24,0.415,表4-2 评估结果对比表
C24_A03,table,4-3,24,0.347,表4-3 随机选取原件疲劳指标计算时间表
C24_A03,equation,5-1,27,0.805,（5-1） 
C24_A03,equation,5-2,27,0.805,（5-2） 
C24_A03,equation,5-3,28,0.805,（5-3） 
C24_A03,equation,5-4,28,0.805,（5-4） 
C24_A03,equation,5-5,28,0.805,（5-5） 
C24_A03,equation,5-6,29,0.811,（5-6） 
C24_A03,equation,5-7,29,0.811,（5-7） 
C24_A03,equation,5-8,30,0.811,（5-8） 
C24_A03,equation,5-9,30,0.811,（5-9） 
C24_A03,equation,5-10,30,0.811,（5-10） 
C24_A03,equation,5-11,30,0.811,（5-11） 
C24_A03,equation,5-12,32,0.801,（5-12） 
C24_A03,equation,5-13,32,0.801,（5-13） 
C24_A03,equation,5-14,32,0.801,（5-14） 
C24_A03,equation,5-15,33,0.8,（5-15） 
C24_A03,equation,5-16,33,0.8,（5-16） 
C24_A03,equation,5-17,33,0.8,（5-17） 
C24_A03,table,5-1,34,0.406,表 5-1 三种策略拟合效果
C24_A03,equation,5-18,35,0.8,（5-18） 
C24_A03,table,5-2,35,0.404,表 5-2 参数优化方法对比
C24_A03,equation,6-1,40,0.805,（6-1） 
C24_A03,equation,6-2,40,0.805,（6-2） 
C24_A03,equation,6-3,42,0.813,（6-3） 
C24_A03,table,6-1,42,0.415,表6-1 部分权重差值设置表
C24_A03,equation,6-5,44,0.807,（6-5） 
C24_A03,equation,6-6,44,0.811,（6-6） 
C24_A03,equation,6-7,44,0.811,（6-7） 
C24_A03,equation,6-8,44,0.811,（6-8） 
C24_A03,equation,6-9,44,0.808,（6-9） 
C24_A03,equation,6-10,44,0.803,（6-10） 
C24_A03,equation,6-11,45,0.791,（6-11） 
C24_A03,equation,6-12,45,0.794,（6-12） 
C24_A03,equation,6-13,45,0.794,（6-13） 
C24_A03,equation,6-14,45,0.794,（6-14） 
C24_A03,equation,6-15,45,0.794,（6-15） 
C24_A03,equation,6-16,45,0.794,（6-16） 
C24_A03,equation,6-17,45,0.794,（6-17） 
C24_A03,equation,6-18,45,0.794,（6-18） 
C24_A03,equation,6-19,46,0.8,（6-19） 
C24_A03,equation,6-20,46,0.794,（6-20） 
C24_A03,equation,6-21,46,0.794,（6-21） 
C24_A03,equation,6-22,47,0.794,（6-22） 
C24_A03,equation,6-23,47,0.794,（6-23） 
C24_A03,equation,6-24,47,0.794,（6-24） 
C24_A03,equation,7-1,53,0.794,（7-1） 
C24_A03,equation,7-2,53,0.794,（7-2） 
C24_A03,equation,7-3,53,0.794,（7-3） 
C24_A03,equation,7-4,53,0.794,（7-4） 
C24_A03,equation,7-5,53,0.794,（7-5） 
C24_A03,equation,7-6,53,0.794,（7-6） 
C24_A03,equation,7-7,53,0.794,（7-7） 
C24_A03,equation,7-8,54,0.794,（7-8） 
C24_A03,equation,7-9,54,0.794,（7-9） 
C24_A03,equation,7-10,54,0.794,（7-10） 
C24_A03,equation,7-11,54,0.794,（7-11） 
C24_A03,equation,7-12,54,0.794,（7-12） 
C24_A03,equation,7-13,55,0.794,（7-13） 
C24_A03,equation,7-14,55,0.794,（7-14） 
C24_A03,equation,7-15,55,0.794,（7-15） 
C24_A03,equation,7-16,55,0.794,（7-16） 
C24_A03,equation,7-17,55,0.794,（7-17） 
C24_A03,equation,7-18,56,0.809,（7-18） 
C24_A03,equation,7-19,57,0.803,（7-19） 
C24_A03,equation,7-20,57,0.807,（7-20） 
C24_A03,equation,7-21,57,0.794,（7-21） 
C24_A03,equation,7-22,58,0.794,（7-22） 
C24_A03,equation,7-23,58,0.794,（7-23） 
C24_A03,equation,7-24,58,0.794,（7-24） 
C24_A03,equation,7-25,58,0.794,（7-25） 
C24_A03,equation,7-26,58,0.794,（7-26） 
C24_A03,table,7-1,58,0.379,表7-1 MPC 鲁棒优化模型伪代码
C24_A04,table,3-1,9,0.436,表3-1 符号说明
C24_A04,table,4-1,11,0.438,表4-1 符号说明
C24_A04,equation,4.1,12,0.822,（4.1）
C24_A04,equation,4.2,13,0.828,（4.2）
C24_A04,equation,4.3,13,0.828,（4.3）
C24_A04,equation,4.4,13,0.828,（4.4）
C24_A04,equation,4.5,13,0.828,（4.5）
C24_A04,equation,4.6,14,0.828,（4.6）
C24_A04,equation,4.7,14,0.828,（4.7）
C24_A04,table,5-1,18,0.436,表5-1 符号说明
C24_A04,table,5-2,18,0.392,表5-2 常见风机的关键参数
C24_A04,equation,5.1,19,0.843,(5.1)
C24_A04,equation,5.2,19,0.843,(5.2)
C24_A04,equation,5.3,19,0.843,(5.3)
C24_A04,equation,5.4,19,0.843,(5.4)
C24_A04,equation,5.5,19,0.843,(5.5)
C24_A04,equation,5.6,19,0.843,(5.6)
C24_A04,equation,5.7,19,0.843,(5.7)
C24_A04,equation,5.8,19,0.843,(5.8)
C24_A04,equation,5.9,19,0.843,(5.9)
C24_A04,equation,5.10,19,0.833,(5.10)
C24_A04,equation,5.11,21,0.821,（5.11）
C24_A04,equation,5.12,21,0.821,（5.12）
C24_A04,equation,5.13,21,0.821,（5.13）
C24_A04,equation,5.14,21,0.821,（5.14）
C24_A04,equation,5.15,21,0.821,（5.15）
C24_A04,equation,5.16,21,0.821,（5.16）
C24_A04,table,5-3,21,0.418,表5-3 模型求解流程
C24_A04,equation,5.17,23,0.833,(5.17)
C24_A04,equation,5.18,23,0.833,(5.18)
C24_A04,table,5-4,24,0.401,表5-4 主轴扭矩误差分析
C24_A04,equation,5.19,26,0.821,（5.19）
C24_A04,equation,5.20,26,0.821,（5.20）
C24_A04,equation,5.21,26,0.821,（5.21）
C24_A04,table,5-5,27,0.401,表5-5 塔架推力误差分析
C24_A04,table,5-6,27,0.312,表5-6 全部风机的主轴扭矩与塔架推力误差分析
C24_A04,table,6-1,29,0.456,表6-1 符号说明
C24_A04,equation,6.1,30,0.822,（6.1）
C24_A04,equation,6.2,30,0.822,（6.2）
C24_A04,equation,6.3,30,0.822,（6.3）
C24_A04,equation,6.4,30,0.822,（6.4）
C24_A04,equation,6.5,30,0.822,（6.5）
C24_A04,equation,6.6,30,0.822,（6.6）
C24_A04,equation,6.7,31,0.822,（6.7）
C24_A04,equation,6.8,31,0.822,（6.8）
C24_A04,equation,6.9,31,0.822,（6.9）
C24_A04,equation,6.10,31,0.812,（6.10）
C24_A04,equation,6.11,31,0.812,（6.11）
C24_A04,equation,6.12,31,0.812,（6.12）
C24_A04,equation,6.13,31,0.812,（6.13）
C24_A04,equation,6.14,31,0.812,（6.14）
C24_A04,equation,6.15,32,0.812,（6.15）
C24_A04,equation,6.16,32,0.812,（6.16）
C24_A04,equation,6.17,33,0.812,（6.17）
C24_A04,equation,6.18,34,0.812,（6.18）
C24_A04,equation,6.19,34,0.812,（6.19）
C24_A04,equation,6.20,34,0.812,（6.20）
C24_A04,equation,6.21,34,0.812,（6.21）
C24_A04,table,6.2,36,0.339,表6.2 风电场WF1 和WF2 的平均有功功率
C24_A04,table,6.3,38,0.33,"表6.3 优化前后ACD,R 和APV 的对比"
C24_A04,equation,7.1,41,0.859,(7.1)
C24_A04,equation,7.2,41,0.859,(7.2)
C24_A04,table,7-1,41,0.436,表7-1 符号说明
C24_A04,equation,7.3,42,0.859,(7.3)
C24_A04,equation,7.4,42,0.859,(7.4)
C24_A04,equation,7.5,42,0.859,(7.5)
C24_A04,equation,7.6,42,0.859,(7.6)
C24_A04,equation,7.7,42,0.859,(7.7)
C24_A04,equation,7.8,42,0.859,(7.8)
C24_A04,equation,7.9,43,0.859,(7.9)
C24_A04,equation,7.10,44,0.85,(7.10)
C24_A04,equation,7.11,44,0.851,(7.11)
C24_A04,equation,7.12,44,0.85,(7.12)
C24_A04,equation,7.13,44,0.85,(7.13)
C24_A04,equation,7.14,44,0.85,(7.14)
C24_A04,equation,7.15,46,0.85,(7.15)
C24_A04,equation,7.16,46,0.85,(7.16)
C24_A04,table,7-2,49,0.347,表7-2 不同滤波算法MSE 结果定量对比
C24_A04,table,7-3,50,0.33,表7-3 五类不同的有功功率分配方式及含义
C24_A04,table,7-4,51,0.346,"表7-4 五种分配方式的ACD,R 和APV"
C24_B01,equation,3-1,9,0.83,(3 −1) 
C24_B01,equation,3-2,10,0.83,(3 −2) 
C24_B01,equation,3-3,10,0.83,(3 −3) 
C24_B01,equation,3-4,10,0.83,(3 −4) 
C24_B01,equation,3-5,10,0.83,(3 −5) 
C24_B01,equation,3-6,10,0.83,(3 −6) 
C24_B01,equation,3-5,10,0.83,(3 −5)
C24_B01,equation,3-7,11,0.83,(3 −7) 
C24_B01,equation,3-8,13,0.83,(3 −8) 
C24_B01,equation,3-9,13,0.828,(𝟑−𝟗) 
C24_B01,equation,3-10,14,0.819,(3 −10) 
C24_B01,equation,3-11,14,0.819,(3 −11) 
C24_B01,table,3-1,15,0.333,表3-1  seq_time预测结果表(部分)
C24_B01,table,3-2,16,0.332,表3-2  2AP 系统主要特征影响排行表
C24_B01,table,3-3,16,0.332,表3-3  3AP 系统主要特征影响排行表
C24_B01,equation,4-1,17,0.83,(4 −1) 
C24_B01,equation,4-2,18,0.83,(4 −2) 
C24_B01,equation,4-3,18,0.83,(4 −3) 
C24_B01,equation,4-4,18,0.83,(4 −4) 
C24_B01,equation,4-2,18,0.83,(4 −2)
C24_B01,equation,4-4,18,0.83,(4 −4)
C24_B01,equation,4-5,19,0.83,(4 −5) 
C24_B01,equation,4-6,21,0.83,(4 −6) 
C24_B01,equation,4-7,21,0.83,(4 −7) 
C24_B01,equation,4-8,21,0.83,(4 −8) 
C24_B01,table,4-1,21,0.294,"表4-1  (NSS,MCS)和PHY Rate 的对应关系表"
C24_B01,equation,4-9,22,0.838,(4 −9) 
C24_B01,equation,4-10,22,0.819,(4 −10) 
C24_B01,equation,4-11,22,0.819,(4 −11) 
C24_B01,equation,4-12,22,0.819,(4 −12) 
C24_B01,equation,4-13,22,0.819,(4 −13) 
C24_B01,equation,4-14,23,0.819,(4 −14) 
C24_B01,equation,4-14,23,0.819,(4 −14)
C24_B01,table,4-2,24,0.323,"表4-2  (MCS,NSS)预测结果表(部分)"
C24_B01,equation,5-1,27,0.838,(5 −1) 
C24_B01,equation,5-2,27,0.838,(5 −2) 
C24_B01,equation,5-2,27,0.838,(5 −2)
C24_B01,equation,5-3,28,0.83,(5 −3) 
C24_B01,equation,5-4,28,0.83,(5 −4) 
C24_B01,table,5-1,29,0.322,表5-1  网络吞吐量预测结果表(部分)
C24_B02,table,2-1,10,0.421,表2-1 符号说明表
C24_B02,equation,3.1,11,0.845,(3.1) 
C24_B02,equation,3.2,11,0.845,(3.2) 
C24_B02,equation,3.3,11,0.845,(3.3) 
C24_B02,equation,3.4,11,0.845,(3.4) 
C24_B02,equation,4.1,20,0.843,(4.1) 
C24_B02,equation,4.2,20,0.843,(4.2) 
C24_B02,equation,4.3,20,0.843,(4.3) 
C24_B02,equation,4.4,20,0.843,(4.4) 
C24_B02,equation,4.2,20,0.772,(4.2)
C24_B02,equation,4.5,21,0.845,(4.5) 
C24_B02,equation,4.6,23,0.845,(4.6) 
C24_B02,equation,4.7,23,0.845,(4.7) 
C24_B02,equation,4.8,23,0.845,(4.8) 
C24_B02,equation,4.9,23,0.845,(4.9) 
C24_B02,equation,4.10,23,0.833,(4.10)
C24_B02,equation,4.11,24,0.835,(4.11) 
C24_B02,equation,4.12,24,0.834,(4.12) 
C24_B02,equation,4.13,24,0.834,(4.13) 
C24_B02,equation,4.14,24,0.834,(4.14) 
C24_B02,table,4-1,26,0.322,表4-1 2ap 情况下随机森林与GBDT 结果对比
C24_B02,table,4-2,28,0.344,表4-2 2ap 情况下seq_time 最终预测结果
C24_B02,table,4-3,30,0.322,表4-3 3ap 情况下随机森林与GBDT 结果对比
C24_B02,table,4-4,32,0.344,表4-4 3ap 情况下seq_time 最终预测结果
C24_B02,equation,5.1,36,0.845,(5.1) 
C24_B02,equation,5.2,36,0.845,(5.2) 
C24_B02,equation,5.3,36,0.845,(5.3) 
C24_B02,equation,5.4,36,0.843,(5.4) 
C24_B02,equation,5.5,36,0.845,(5.5) 
C24_B02,equation,5.6,36,0.845,(5.6) 
C24_B02,equation,5.4,36,0.772,(5.4)
C24_B02,equation,5.7,37,0.845,(5.7) 
C24_B02,equation,5.8,37,0.845,(5.8) 
C24_B02,equation,5.9,37,0.845,(5.9) 
C24_B02,equation,5.7,37,0.814,(5.7)
C24_B02,table,5-1,40,0.305,表5-1 2ap 情况下NSS 与MCS 最终预测结果
C24_B02,table,5-2,42,0.321,表5-2  3ap 情况下NSS 与MCS 最终预测结果
C24_B02,equation,6.1,44,0.845,(6.1) 
C24_B02,equation,6.2,44,0.845,(6.2) 
C24_B02,equation,6.3,44,0.843,(6.3) 
C24_B02,equation,6.4,44,0.843,(6.4) 
C24_B02,equation,6.5,44,0.843,(6.5) 
C24_B02,equation,6.6,44,0.845,(6.6) 
C24_B02,equation,6.7,44,0.845,(6.7) 
C24_B02,equation,6.3,44,0.834,(6.3)
C24_B02,equation,6.5,44,0.835,(6.5)
C24_B02,table,6-1,45,0.338,"表6-1 (MCS,NSS)与PHYRate 对应表"
C24_B02,table,6-2,45,0.381,表6-2 各变量随机森林拟合效果
C24_B02,table,6-3,46,0.356,表6-3 num_ppdu 等四个变量预测结果
C24_B02,table,6-4,47,0.378,表6-4 网络吞吐量最终预测结果
C24_B02,table,6-5,48,0.334,表6-5 3ap 情况下各变量随机森林拟合效果
C24_B02,table,6-6,49,0.306,表6-6 3ap 情况下num_ppdu 等四个变量预测结果
C24_B02,table,6-7,50,0.314,表6-7 3ap 情况下网络吞吐量最终预测结果
C24_B03,table,4.1,12,0.384,表4.1
C24_B03,equation,6.1,19,0.854,(6.1)
C24_B03,equation,6.2,19,0.854,(6.2)
C24_B03,equation,6.3,19,0.854,(6.3)
C24_B03,equation,6.4,20,0.854,(6.4)
C24_B03,equation,6.5,20,0.854,(6.5)
C24_B03,equation,6.6,20,0.854,(6.6)
C24_B03,equation,6.7,21,0.854,(6.7)
C24_B03,equation,6.8,21,0.854,(6.8)
C24_B03,equation,6.9,21,0.854,(6.9)
C24_B03,equation,6.10,21,0.844,(6.10)
C24_B03,equation,6.11,22,0.845,(6.11)
C24_B03,equation,6.12,22,0.844,(6.12)
C24_B03,equation,6.13,22,0.844,(6.13)
C24_B03,equation,6.14,22,0.844,(6.14)
C24_B03,equation,6.15,23,0.844,(6.15)
C24_B03,equation,6.16,23,0.844,(6.16)
C24_B03,equation,6.17,23,0.844,(6.17)
C24_B03,equation,6.18,25,0.844,(6.18)
C24_B03,equation,6.19,26,0.844,(6.19)
C24_B03,equation,6.20,28,0.844,(6.20)
C24_B03,equation,6.21,28,0.844,(6.21)
C24_B03,equation,6.22,28,0.844,(6.22)
C24_B03,equation,6.23,28,0.844,(6.23)
C24_B03,equation,6.24,29,0.844,(6.24)
C24_B03,equation,6.25,29,0.844,(6.25)
C24_B03,equation,6.26,29,0.844,(6.26)
C24_B03,equation,6.27,30,0.844,(6.27)
C24_B03,equation,6.28,30,0.844,(6.28)
C24_B03,equation,6.29,30,0.844,(6.29)
C24_B03,equation,6.30,31,0.844,(6.30)
C24_B03,equation,6.31,31,0.844,(6.31)
C24_B03,equation,6.32,32,0.844,(6.32)
C24_B03,equation,6.33,32,0.844,(6.33)
C24_B03,equation,6.34,33,0.844,(6.34)
C24_B03,equation,6.35,34,0.844,(6.35)
C24_B03,equation,6.36,34,0.844,(6.36)
C24_B03,equation,6.37,35,0.844,(6.37)
C24_B03,equation,6.38,35,0.844,(6.38)
C24_B03,equation,6.39,35,0.844,(6.39)
C24_B03,table,6.2,36,0.344,表6.2
C24_B03,equation,6.40,37,0.844,(6.40)
C24_B03,equation,6.41,37,0.844,(6.41)
C24_B03,equation,6.42,37,0.844,(6.42)
C24_B03,table,7.3,43,0.374,表7.3
C24_B03,table,7.4,43,0.374,表7.4
C24_B03,table,7.60,43,0.147,"表7.60和7.61分别为9 种模型在2AP 结构和3AP 结构下的MSE,MAE 以及MAPE 指"
C24_B03,table,7.60,61,0.147,"表7.60和7.61分别为9 种模型在2AP 结构和3AP 结构下的MSE,MAE 以及MAPE 指"
C24_B04,equation,3-1,10,0.799,(3-1)
C24_B04,equation,3-2,10,0.816,(3-2)
C24_B04,equation,3-3,10,0.818,(3-3)
C24_B04,equation,3-4,11,0.805,(3-4)
C24_B04,equation,3-5,11,0.802,(3-5)
C24_B04,table,3.1,13,0.379,表3.1 检测出的数据异常值
C24_B04,table,3.2,13,0.119,表3.2 和表3.3 所示:
C24_B04,table,3.2,14,0.389,表3.2 检测出的缺失数据
C24_B04,table,3.3,14,0.412,表3.3 填补缺失数据
C24_B04,table,3.4,14,0.402,表3.4 整合数据统计表
C24_B04,equation,3-6,20,0.837,(3-6)
C24_B04,equation,3-7,20,0.839,(3-7)
C24_B04,equation,3-8,21,0.841,(3-8)
C24_B04,table,3.5,23,0.389,表3.5 随机森林效果分析
C24_B04,table,3.6,24,0.4,表3.6 LSTM 效果分析
C24_B04,table,3.7,25,0.337,表3.7 test_set_1_2ap 部分预测总时长
C24_B04,table,3.8,25,0.337,表3.8 test_set_1_3ap 部分预测总时长
C24_B04,equation,4-3,29,0.828, (4-3) 
C24_B04,equation,4-1,29,0.832,(4-1) 
C24_B04,equation,4-2,29,0.84,(4-2)
C24_B04,equation,4-4,29,0.783,     (4-4)
C24_B04,equation,4-5,29,0.833,(4-5)
C24_B04,equation,4-6,29,0.833,(4-6)
C24_B04,equation,4-7,30,0.841,(4-7)
C24_B04,table,4.1,32,0.29,"表4.1 (MCS,NSS)组合与PHY 速率的对应关系"
C24_B04,equation,4-8,33,0.84,(4-8)
C24_B04,equation,4-11,34,0.822,(4-11) 
C24_B04,equation,4-12,34,0.821,(4-12) 
C24_B04,equation,4-10,34,0.837, (4-10)
C24_B04,equation,4-9,34,0.839,(4-9)
C24_B04,equation,4-13,34,0.816,(4-13)
C24_B04,table,4.2,36,0.389,表4.2 随机森林效果分析
C24_B04,table,4.3,37,0.369,表4.3 多元线性回归效果分析
C24_B04,table,4.4,38,0.4,表4.4 LSTM 效果分析
C24_B04,table,4.5,38,0.337,表4.5 test_set_1_2ap 部分预测总时长
C24_B04,table,4.6,39,0.337,表4.6 test_set_1_3ap 部分预测总时长
C24_B04,equation,5-2,41,0.832,(5-2) 
C24_B04,equation,5-1,41,0.826,(5-1)
C24_B04,table,5.1,43,0.29,"表5.1 (MCS,NSS)组合与PHY 速率的对应关系"
C24_B04,equation,5-3,45,0.84,(5-3)
C24_B04,equation,5-4,45,0.836,(5-4)
C24_B04,table,5.2,46,0.389,表5.2 随机森林效果分析
C24_B04,table,5.3,48,0.352,表5.3 线性核函数SVM 效果分析
C24_B04,table,5.4,49,0.342,表5.4 径向基核函数SVM 效果分析
C24_B04,table,5.5,50,0.342,表5.5 多项式核函数SVM 效果分析
C24_B04,table,5.6,51,0.4,表5.6 LSTM 效果分析
C24_B04,table,5.7,51,0.337,表5.7 test_set_1_2ap 部分预测总时长
C24_B04,table,5.8,51,0.337,表5.8 test_set_1_3ap 部分预测总时长
C24_B04,equation,5-5,52,0.826,(5-5) 
C24_C01,equation,1,13,0.869,(1)
C24_C01,equation,2,13,0.869,(2)
C24_C01,equation,3,13,0.869,(3)
C24_C01,table,2,13,0.341,表2
C24_C01,equation,4,14,0.869,(4)
C24_C01,equation,5,14,0.869,(5)
C24_C01,equation,6,14,0.869,(6)
C24_C01,equation,7,17,0.869,(7)
C24_C01,equation,8,17,0.869,(8)
C24_C01,equation,9,17,0.869,(9)
C24_C01,equation,10,17,0.859,(10)
C24_C01,equation,11,18,0.859,(11)
C24_C01,equation,12,18,0.859,(12)
C24_C01,table,3,18,0.341,表3
C24_C01,table,4,19,0.341,表4
C24_C01,table,5,19,0.341,表5
C24_C01,equation,13,21,0.859,(13)
C24_C01,equation,14,21,0.859,(14)
C24_C01,equation,15,21,0.859,(15)
C24_C01,equation,16,21,0.859,(16)
C24_C01,equation,17,21,0.859,(17)
C24_C01,equation,18,21,0.859,(18)
C24_C01,equation,19,21,0.859,(19)
C24_C01,equation,20,22,0.859,(20)
C24_C01,equation,21,22,0.859,(21)
C24_C01,equation,22,22,0.859,(22)
C24_C01,equation,23,22,0.859,(23)
C24_C01,equation,24,22,0.859,(24)
C24_C01,equation,25,22,0.859,(25)
C24_C01,equation,26,23,0.859,(26)
C24_C01,equation,27,23,0.859,(27)
C24_C01,equation,28,23,0.859,(28)
C24_C01,table,6,23,0.107,表6。
C24_C01,table,6,23,0.371,表6
C24_C01,equation,29,24,0.859,(29)
C24_C01,equation,30,24,0.859,(30)
C24_C01,table,7,24,0.271,表7
C24_C01,equation,31,25,0.859,(31)
C24_C01,equation,32,25,0.859,(32)
C24_C01,table,8,25,0.291,表8
C24_C01,table,9,26,0.301,表9
C24_C01,equation,33,27,0.859,(33)
C24_C01,equation,34,27,0.859,(34)
C24_C01,table,10,27,0.346,表10
C24_C01,table,11,27,0.336,表11
C24_C01,equation,35,28,0.859,(35)
C24_C01,table,12,29,0.286,表12
C24_C01,table,13,30,0.296,表13
C24_C01,equation,36,32,0.859,(36)
C24_C01,table,14,32,0.377,表14
C24_C01,table,15,33,0.356,表15
C24_C01,table,16,34,0.356,表16
C24_C01,table,17,35,0.343,表17
C24_C01,table,18,35,0.333,表18
C24_C01,table,19,35,0.303,表19
C24_C01,table,20,36,0.346,表20
C24_C01,table,21,36,0.326,表21
C24_C01,table,22,37,0.326,表22
C24_C01,table,23,37,0.296,表23
C24_C01,table,24,38,0.316,表24
C24_C01,table,25,38,0.296,表25
C24_C01,table,26,39,0.259,表26
C24_C01,equation,37,41,0.859,(37)
C24_C01,equation,38,41,0.859,(38)
C24_C01,equation,39,41,0.859,(39)
C24_C01,table,27,42,0.255,表27
C24_C01,table,28,43,0.255,表28
C24_C01,table,29,43,0.346,表29
C24_C01,table,30,43,0.346,表30
C24_C01,table,31,44,0.336,表31
C24_C01,equation,40,45,0.859,(40)
C24_C01,equation,41,46,0.859,(41)
C24_C01,equation,42,46,0.859,(42)
C24_C01,equation,43,46,0.859,(43)
C24_C01,equation,44,46,0.859,(44)
C24_C01,equation,45,46,0.859,(45)
C24_C01,equation,46,46,0.859,(46)
C24_C01,equation,47,46,0.859,(47)
C24_C01,equation,48,47,0.859,(48)
C24_C01,equation,49,47,0.859,(49)
C24_C01,equation,50,47,0.859,(50)
C24_C01,table,32,47,0.427,表32
C24_C01,equation,51,48,0.859,(51)
C24_C01,table,33,49,0.405,表33
C24_C02,table,3-1,10,0.397,表3-1 本文符号表说明
C24_C02,table,5-1,15,0.366,表5-1 选取的统计特征及含义
C24_C02,table,5-2,18,0.377,表5-2 决策树模型参数配置
C24_C02,table,5-3,19,0.387,表5-3 决策树模型精确度
C24_C02,table,5-4,20,0.366,表5-4 随机森林模型参数配置
C24_C02,table,5-5,21,0.377,表5-5 随机森林模型精确度
C24_C02,table,5-6,22,0.366,表5-6 逻辑回归模型参数设置
C24_C02,table,5-7,22,0.377,表5-7 逻辑回归模型精确度
C24_C02,table,5-8,26,0.377,表5-8 问题一预测模型配置
C24_C02,table,6-1,29,0.334,表6-1 材料1 斯坦麦茨方程拟合结果
C24_C02,table,6-2,32,0.296,表6-2 多层超平面模型假设下材料1 拟合参数
C24_C02,table,6-3,33,0.296,表6-3 修正方程1 和2 四种材料下的拟合效果
C24_C02,table,6-4,35,0.326,表6-4 多层超平面模型假设下拟合结果
C24_C02,table,6-5,35,0.296,表6-5 修正方程3 和4 四种材料下的拟合效果
C24_C02,table,6-6,36,0.306,表6-6 多层超平面模型改进假设下拟合结果
C24_C02,table,6-7,36,0.296,表6-7 修正方程5 和6 四种材料下的拟合效果
C24_C02,table,6-8,37,0.407,表6-8 修正方程总结
C24_C02,table,7-1,42,0.372,表7-1 温度-方差分析结果表
C24_C02,table,7-2,42,0.321,表7-2 励磁波形-单因素方差分析结果表
C24_C02,table,7-3,43,0.321,表7-3 磁芯材料-单因素方差分析结果表
C24_C02,table,7-4,44,0.306,表7-4 励磁波形+温度-双因素方差分析结果
C24_C02,table,7-5,45,0.306,表7-5 温度+磁芯材料-双因素方差分析结果
C24_C02,table,7-6,46,0.286,表7-6 磁芯材料+励磁波形-双因素方差分析结果
C24_C02,table,8-1,53,0.377,表8-1 参数效果和拟合结果
C24_C02,table,8-2,57,0.356,表8-2 选取五种特征下训练结果
C24_C02,table,8-3,58,0.326,表8-3 选取五种特征及峰度值训练结果
C24_C02,table,8-4,59,0.296,表8-4 选取五种特征及峰度值和先验知识模型
C24_C02,table,8-5,61,0.366,表8-5 部分磁芯损耗预测结果
C24_C02,table,9-1,67,0.296,表9-1 三种不同优化模型的实验结果(T=70°C)
C24_C02,table,9-2,67,0.296,表9-2 三种不同优化模型的实验结果(T=90°C)
C24_C02,table,9-3,68,0.276,表9-3 三种不同优化模型的LER 预测结果(正弦波)
C24_C02,table,9-4,68,0.276,表9-4 三种不同优化模型的LER 预测结果(三角波)
C24_C02,table,9-5,68,0.276,表9-5 三种不同优化模型的LER 预测结果(梯形波)
C24_C03,table,2.1,7,0.448,表2.1 符号说明
C24_C03,equation,4.1,12,0.81,(4.1) 
C24_C03,equation,4.2,12,0.81,(4.2) 
C24_C03,equation,4.3,14,0.81,(4.3) 
C24_C03,table,4.1,14,0.359,表4.1 不同波形之间的特征差异分析
C24_C03,equation,4.4,15,0.81,(4.4) 
C24_C03,equation,4.5,15,0.81,(4.5) 
C24_C03,equation,4.6,15,0.81,(4.6) 
C24_C03,equation,4.7,16,0.81,(4.7) 
C24_C03,equation,4.8,16,0.81,(4.8) 
C24_C03,equation,4.9,18,0.81,(4.9)
C24_C03,table,4.2,18,0.38,表4.2 TP、FP、TN、FN 示意表
C24_C03,equation,4.9,19,0.81,(4.9) 
C24_C03,equation,4.10,19,0.8,(4.10) 
C24_C03,equation,4.11,19,0.801,(4.11) 
C24_C03,table,4.3,19,0.429,表4.3 模型分类情况
C24_C03,table,4.4,19,0.362,表4.4 附件2 中三种波形的各自数量
C24_C03,table,4.5,20,0.225,表4.5 附件2 中1、5、15、25、35、45、55、65、75、80 分类结果
C24_C03,equation,5.1,21,0.81,(5.1) 
C24_C03,equation,5.2,21,0.81,(5.2) 
C24_C03,equation,5.4,22,0.81,(5.4) 
C24_C03,equation,5.3,22,0.81,(5.3)
C24_C03,equation,5.5,23,0.81,(5.5) 
C24_C03,equation,5.6,23,0.81,(5.6) 
C24_C03,equation,5.7,23,0.81,(5.7) 
C24_C03,equation,5.8,23,0.81,(5.8) 
C24_C03,equation,5.9,24,0.81,(5.9) 
C24_C03,equation,5.10,24,0.8,(5.10) 
C24_C03,equation,5.11,24,0.8,(5.11) 
C24_C03,table,5.1,24,0.349,表5.1 不同温度对比下的评价指标
C24_C03,table,5.2,25,0.349,表5.2 不同方法对比下的评价指标
C24_C03,table,5.3,25,0.359,表5.3 不同方法对参数寻优结果
C24_C03,equation,5.12,26,0.8,(5.12) 
C24_C03,equation,5.13,26,0.8,(5.13) 
C24_C03,equation,5.14,26,0.8,(5.14) 
C24_C03,equation,5.15,26,0.8,(5.15) 
C24_C03,equation,5.16,26,0.8,(5.16) 
C24_C03,equation,5.12,26,0.8,(5.12)
C24_C03,table,5.4,27,0.329,表5.4 线性温度修正参数寻优预测结果
C24_C03,table,5.5,27,0.329,表5.5 二次温度修正参数寻优预测结果
C24_C03,table,5.6,27,0.329,表5.6 三次温度修正参数寻优预测结果
C24_C03,table,5.7,27,0.329,表5.7 指数温度修正参数寻优预测结果
C24_C03,table,5.8,28,0.319,表5.8 幂级数温度修正参数寻优预测结果
C24_C03,table,5.9,28,0.349,表5.9 有无温度修正寻优预测结果
C24_C03,table,6.1,31,0.298,表6.1 不同温度条件下的磁芯损耗均值和方差
C24_C03,table,6.2,32,0.298,表6.2 不同励磁波形下的磁芯损耗均值和方差
C24_C03,table,6.3,32,0.329,表6.3 不同磁芯材料的磁芯损耗均值和方差
C24_C03,table,6.4,33,0.192,"表6.4 计算了温度和励磁波形协同条件下的磁芯损耗均值和方差,并绘制温"
C24_C03,table,6.4,33,0.278,表6.4 温度和励磁波形协同条件下磁芯损耗均值及方差
C24_C03,table,6.5,34,0.192,"表6.5 计算了温度和磁芯材料协同条件下的磁芯损耗均值和方差,并绘制温"
C24_C03,table,6.5,34,0.278,表6.5 温度和磁芯材料协同条件下磁芯损耗均值及方差
C24_C03,table,6.6,35,0.192,"表6.6 计算了励磁波形和磁芯材料协同条件下的磁芯损耗均值和方差,并绘"
C24_C03,table,6.6,35,0.258,表6.6 励磁波形和磁芯材料协同条件下磁芯损耗均值及方差
C24_C03,table,6.7,36,0.419,表6.7 选择的最优条件
C24_C03,equation,7.1,41,0.81,(7.1) 
C24_C03,equation,7.2,41,0.81,(7.2) 
C24_C03,equation,7.3,41,0.81,(7.3) 
C24_C03,equation,7.4,41,0.81,(7.4) 
C24_C03,table,7.1,43,0.369,表7.1 三种方法磁芯损耗预测
C24_C03,table,7.2,45,0.369,表7.2 三种方法磁芯损耗预测
C24_C03,table,7.3,46,0.329,表7.3 十个样本序列的磁芯损耗测结果
C24_C03,equation,8.1,48,0.81,(8.1) 
C24_C03,equation,8.2,48,0.81,(8.2) 
C24_C03,table,8.1,48,0.409,表8.1 决策变量取值范围
C24_C03,equation,8.4,49,0.81,(8.4) 
C24_C03,equation,8.3,49,0.805,(8.3)
C24_C03,table,8.2,50,0.379,表8.2 两种算法最优化求解结果
C24_C03,equation,8.4,51,0.81,(8.4) 
C24_C03,table,8.3,53,0.399,表8.3 两种算法求解最优解
C24_C04,table,5.36,3,0.107,表5.36。
C24_C04,equation,5.1,10,0.854,(5.1)
C24_C04,equation,5.2,11,0.854,(5.2)
C24_C04,table,5.1,11,0.394,表5.1
C24_C04,equation,5.3,12,0.854,(5.3)
C24_C04,equation,5.4,12,0.854,(5.4)
C24_C04,equation,5.5,12,0.854,(5.5)
C24_C04,equation,5.6,12,0.854,(5.6)
C24_C04,equation,5.7,13,0.854,(5.7)
C24_C04,equation,5.8,13,0.854,(5.8)
C24_C04,equation,5.9,13,0.854,(5.9)
C24_C04,equation,5.10,13,0.844,(5.10)
C24_C04,equation,5.11,15,0.845,(5.11)
C24_C04,equation,5.12,15,0.844,(5.12)
C24_C04,equation,5.13,15,0.844,(5.13)
C24_C04,equation,5.14,15,0.844,(5.14)
C24_C04,equation,5.15,15,0.844,(5.15)
C24_C04,equation,5.16,15,0.844,(5.16)
C24_C04,equation,5.17,16,0.844,(5.17)
C24_C04,equation,5.18,16,0.844,(5.18)
C24_C04,table,5.2,16,0.293,表5.2
C24_C04,table,5.3,18,0.314,表5.3
C24_C04,equation,5.19,19,0.844,(5.19)
C24_C04,equation,5.20,19,0.844,(5.20)
C24_C04,equation,5.21,19,0.844,(5.21)
C24_C04,equation,5.22,19,0.844,(5.22)
C24_C04,equation,5.23,19,0.844,(5.23)
C24_C04,equation,5.24,19,0.844,(5.24)
C24_C04,equation,5.25,19,0.844,(5.25)
C24_C04,equation,5.26,19,0.844,(5.26)
C24_C04,equation,5.27,19,0.844,(5.27)
C24_C04,equation,5.28,20,0.844,(5.28)
C24_C04,equation,5.29,20,0.844,(5.29)
C24_C04,equation,5.30,20,0.844,(5.30)
C24_C04,equation,5.31,20,0.844,(5.31)
C24_C04,table,5.4,21,0.243,表5.4
C24_C04,table,5.5,22,0.314,表5.5
C24_C04,table,5.6,22,0.243,表5.6
C24_C04,equation,5.32,23,0.844,(5.32)
C24_C04,table,5.7,23,0.404,表5.7
C24_C04,equation,5.33,24,0.844,(5.33)
C24_C04,equation,5.34,24,0.844,(5.34)
C24_C04,equation,5.35,24,0.844,(5.35)
C24_C04,equation,5.36,25,0.844,(5.36)
C24_C04,equation,5.37,25,0.844,(5.37)
C24_C04,equation,5.38,25,0.844,(5.38)
C24_C04,equation,5.39,25,0.844,(5.39)
C24_C04,equation,5.40,25,0.844,(5.40)
C24_C04,equation,5.41,26,0.844,(5.41)
C24_C04,equation,5.42,26,0.844,(5.42)
C24_C04,equation,5.43,26,0.844,(5.43)
C24_C04,equation,5.44,28,0.844,(5.44)
C24_C04,equation,5.45,28,0.844,(5.45)
C24_C04,table,5.8,28,0.3,表5.8
C24_C04,equation,5.46,29,0.844,(5.46)
C24_C04,equation,5.47,29,0.844,(5.47)
C24_C04,equation,5.48,30,0.844,(5.48)
C24_C04,equation,5.49,30,0.844,(5.49)
C24_C04,equation,5.50,31,0.844,(5.50)
C24_C04,equation,5.51,31,0.844,(5.51)
C24_C04,table,5.9,31,0.294,表5.9
C24_C04,table,5.10,31,0.275,表5.10
C24_C04,table,5.11,31,0.276,表5.11
C24_C04,equation,5.52,32,0.844,(5.52)
C24_C04,equation,5.53,32,0.844,(5.53)
C24_C04,equation,5.54,32,0.844,(5.54)
C24_C04,equation,5.55,32,0.844,(5.55)
C24_C04,equation,5.56,33,0.844,(5.56)
C24_C04,equation,5.57,33,0.844,(5.57)
C24_C04,equation,5.58,33,0.844,(5.58)
C24_C04,equation,5.59,33,0.844,(5.59)
C24_C04,table,5.12,33,0.265,表5.12
C24_C04,table,5.13,33,0.265,表5.13
C24_C04,equation,5.60,34,0.844,(5.60)
C24_C04,equation,5.61,34,0.844,(5.61)
C24_C04,table,5.14,34,0.265,表5.14
C24_C04,table,5.15,34,0.265,表5.15
C24_C04,equation,5.62,35,0.844,(5.62)
C24_C04,equation,5.63,35,0.844,(5.63)
C24_C04,equation,5.64,35,0.844,(5.64)
C24_C04,equation,5.65,35,0.844,(5.65)
C24_C04,equation,5.66,35,0.844,(5.66)
C24_C04,equation,5.67,35,0.844,(5.67)
C24_C04,table,5.16,36,0.266,表5.16
C24_C04,table,5.17,37,0.362,表5.17
C24_C04,equation,5.68,38,0.844,(5.68)
C24_C04,equation,5.69,39,0.844,(5.69)
C24_C04,equation,5.70,39,0.844,(5.70)
C24_C04,table,5.18,39,0.349,表5.18
C24_C04,table,5.19,40,0.329,表5.19
C24_C04,table,5.20,40,0.308,表5.20
C24_C04,table,5.21,41,0.329,表5.21
C24_C04,table,5.22,41,0.248,表5.22
C24_C04,table,5.23,43,0.359,表5.23
C24_C04,table,5.24,43,0.359,表5.24
C24_C04,table,5.25,43,0.354,表5.25
C24_C04,equation,5.71,44,0.844,(5.71)
C24_C04,equation,5.72,45,0.844,(5.72)
C24_C04,equation,5.73,45,0.844,(5.73)
C24_C04,equation,5.74,45,0.844,(5.74)
C24_C04,equation,5.75,45,0.844,(5.75)
C24_C04,equation,5.76,45,0.844,(5.76)
C24_C04,equation,5.77,46,0.844,(5.77)
C24_C04,table,5.26,46,0.37,表5.26
C24_C04,equation,5.78,47,0.844,(5.78)
C24_C04,equation,5.79,47,0.844,(5.79)
C24_C04,equation,5.80,47,0.844,(5.80)
C24_C04,equation,5.81,47,0.844,(5.81)
C24_C04,equation,5.82,47,0.844,(5.82)
C24_C04,equation,5.83,47,0.844,(5.83)
C24_C04,table,5.27,48,0.354,表5.27
C24_C04,equation,5.84,49,0.844,(5.84)
C24_C04,equation,5.85,49,0.844,(5.85)
C24_C04,equation,5.86,49,0.844,(5.86)
C24_C04,equation,5.87,49,0.844,(5.87)
C24_C04,equation,5.88,50,0.844,(5.88)
C24_C04,equation,5.89,50,0.844,(5.89)
C24_C04,table,5.28,50,0.364,表5.28
C24_C04,equation,5.90,51,0.844,(5.90)
C24_C04,equation,5.91,51,0.844,(5.91)
C24_C04,equation,5.92,51,0.844,(5.92)
C24_C04,equation,5.93,52,0.844,(5.93)
C24_C04,table,5.29,52,0.36,表5.29
C24_C04,equation,5.94,53,0.844,(5.94)
C24_C04,equation,5.95,53,0.844,(5.95)
C24_C04,equation,5.96,53,0.844,(5.96)
C24_C04,equation,5.97,53,0.844,(5.97)
C24_C04,equation,5.98,54,0.844,(5.98)
C24_C04,equation,5.99,54,0.844,(5.99)
C24_C04,equation,5.100,54,0.834,(5.100)
C24_C04,equation,5.101,54,0.834,(5.101)
C24_C04,equation,5.102,54,0.834,(5.102)
C24_C04,table,5.30,54,0.343,表5.30
C24_C04,equation,5.103,55,0.834,(5.103)
C24_C04,equation,5.104,56,0.834,(5.104)
C24_C04,equation,5.105,56,0.834,(5.105)
C24_C04,equation,5.106,56,0.834,(5.106)
C24_C04,equation,5.107,56,0.834,(5.107)
C24_C04,equation,5.108,56,0.834,(5.108)
C24_C04,table,5.31,56,0.337,表5.31
C24_C04,equation,5.109,57,0.834,(5.109)
C24_C04,equation,5.110,58,0.835,(5.110)
C24_C04,equation,5.111,58,0.836,(5.111)
C24_C04,equation,5.112,58,0.835,(5.112)
C24_C04,equation,5.113,58,0.835,(5.113)
C24_C04,equation,5.114,58,0.835,(5.114)
C24_C04,equation,5.115,58,0.835,(5.115)
C24_C04,table,5.32,58,0.328,表5.32
C24_C04,equation,5.116,59,0.835,(5.116)
C24_C04,table,5.33,60,0.319,表5.33
C24_C04,equation,5.117,61,0.835,(5.117)
C24_C04,equation,5.118,61,0.835,(5.118)
C24_C04,equation,5.119,61,0.835,(5.119)
C24_C04,table,5.34,61,0.379,表5.34
C24_C04,table,5.35,62,0.369,表5.35
C24_C04,table,5.36,62,0.369,表5.36
C24_C04,equation,5.120,63,0.834,(5.120)
C24_C04,equation,5.121,63,0.834,(5.121)
C24_C04,equation,5.122,63,0.834,(5.122)
C24_C04,equation,5.123,63,0.834,(5.123)
C24_C04,equation,5.124,63,0.834,(5.124)
C24_C04,equation,5.125,63,0.834,(5.125)
C24_C04,equation,5.126,64,0.834,(5.126)
C24_C04,equation,5.127,64,0.834,(5.127)
C24_C04,equation,5.128,64,0.834,(5.128)
C24_C04,equation,5.129,65,0.834,(5.129)
C24_C04,table,5.37,67,0.359,表5.37
C24_C04,equation,5.130,68,0.834,(5.130)
C24_C04,equation,5.131,68,0.834,(5.131)
C24_C04,equation,5.132,68,0.834,(5.132)
C24_C04,equation,5.133,68,0.834,(5.133)
C24_C04,equation,5.134,68,0.834,(5.134)
C24_C04,table,5.38,69,0.349,表5.38
C24_D01,table,2.1,9,0.348,表2.1 本文涉及的数学符号及说明
C24_D01,table,3.1,11,0.374,表3.1 TFW 数据仿射变换说明
C24_D01,table,4.1,25,0.399,表4.1 变量含义与单位
C24_D01,table,4.2,26,0.314,表4.2 地形-气候相关变量描述性统计结果
C24_D01,equation,4-1,29,0.853,(4-1)
C24_D01,equation,4-2,29,0.853,(4-2)
C24_D01,equation,4-3,29,0.853,(4-3)
C24_D01,equation,4-4,29,0.853,(4-4)
C24_D01,equation,4-5,29,0.853,(4-5)
C24_D01,equation,4-6,29,0.853,(4-6)
C24_D01,table,4.3,31,0.328,表4.3 异质性地形下的决策树数据描述
C24_D01,equation,5-1,40,0.853,(5-1)
C24_D01,equation,5-2,40,0.853,(5-2)
C24_D01,equation,5-3,41,0.853,(5-3)
C24_D01,equation,5-4,41,0.853,(5-4)
C24_D01,equation,5-5,41,0.853,(5-5)
C24_D01,equation,5-6,41,0.853,(5-6)
C24_D01,equation,5-7,41,0.853,(5-7)
C24_D01,equation,5-8,42,0.853,(5-8)
C24_D01,equation,5-9,42,0.853,(5-9)
C24_D01,equation,2,42,0.869,(2)
C24_D01,equation,5-10,43,0.816,（5-10）
C24_D01,table,5.1,43,0.308,表5.1 地区暴雨灾害脆弱性指数的综合评价体系
C24_D01,equation,5-11,44,0.816,（5-11）
C24_D01,equation,5-12,44,0.816,（5-12）
C24_D01,equation,5-13,44,0.816,（5-13）
C24_D01,equation,5-14,44,0.816,（5-14）
C24_D01,equation,5-15,44,0.816,（5-15）
C24_D01,equation,5-16,45,0.816,（5-16）
C24_D01,equation,5-17,45,0.816,（5-17）
C24_D01,equation,5-18,45,0.816,（5-18）
C24_D01,equation,5-19,45,0.816,（5-19）
C24_D01,equation,5-20,45,0.816,（5-20）
C24_D01,table,5.2,49,0.399,表5.2 暴雨成灾的临界条件
C24_D01,table,5.3,51,0.379,表5.3 输入特征的未来预测结果
C24_D01,table,5.4,57,0.349,表5.4 SVR 模型的拟合与预测效果
C24_D01,equation,6-1,63,0.853,(6-1)
C24_D01,equation,6-2,63,0.852,(6-2)
C24_D01,equation,6-3,63,0.853,(6-3)
C24_D01,equation,6-4,63,0.852,(6-4)
C24_D01,equation,6-5,63,0.852,(6-5)
C24_D01,equation,6-6,63,0.847,(6-6)
C24_D01,table,6.1,66,0.318,表6.1 各类土地类型标准差椭圆变动情况
C24_D02,table,3-1,7,0.405,表 3-1 问题一数据集信息表
C24_D02,table,3-2,7,0.42,表 3-2 降水量数据参数
C24_D02,table,3-3,8,0.364,表 3-3 土地利用/土地覆被类型数据参数
C24_D02,table,3-4,13,0.343,"表 3-4 在90%置信下,降水趋势及面积比例表"
C24_D02,table,3-5,14,0.386,表 3-5 MK-Sen’s 降水量趋势统计
C24_D02,table,4-2,21,0.407,表4-2 降水强度等级划分表
C24_D02,table,4-3,29,0.437,表4-3 模型验证结果表
C24_D02,table,4-4,30,0.422,表4-4 气温分段建模结果表
C24_D02,table,4-5,31,0.329,表4-5 地形、地表温度与降水量的多元回归模型
C24_D02,table,4-6,31,0.341,表4-6 地形、地表温度与暴雨次数的多元回归模型
C24_D02,table,4-7,33,0.437,表4-7 模型构建结果表
C24_D02,table,5-1,36,0.422,表5-1 暴雨成灾的临界条件
C24_D02,table,5-2,38,0.404,表5-2 层次分析法1-9 标度的含义
C24_D02,table,5-3,38,0.421,表5-3 层次分析法的判断矩阵
C24_D02,table,5-4,39,0.39,表5-4 随机一致性指标RI 取值表
C24_D02,table,5-5,39,0.31,表5-5 危险性因子判断矩阵特征向量以及一致性检验结果
C24_D02,table,5-6,39,0.31,表5-6 暴露性因子判断矩阵特征向量以及一致性检验结果
C24_D02,table,5-7,39,0.378,表5-7 洪涝灾害风险评估指标权重值
C24_D02,table,6-1,42,0.405,表 6-1 问题四数据集信息表
C24_D02,table,6-2,43,0.405,表 6-2 中国三级阶梯信息表
C24_D02,table,6-3,49,0.437,表6-3 模型构建结果表
C24_D03,table,2-1,12,0.441,表 2-1 符号说明
C24_D03,equation,2-1,13,0.826,（2-1） 
C24_D03,equation,2-2,13,0.826,（2-2） 
C24_D03,equation,2-3,13,0.826,（2-3） 
C24_D03,equation,2-4,14,0.826,（2-4） 
C24_D03,equation,2-5,14,0.826,（2-5） 
C24_D03,table,2-2,14,0.315,表 2-2 年降水量的均值、方差和标准差表
C24_D03,table,2-3,15,0.325,表 2-3 月降水量的均值、方差和误差表
C24_D03,equation,2-6,18,0.826,（2-6） 
C24_D03,equation,2-7,18,0.826,（2-7） 
C24_D03,table,2-4,19,0.366,表 2-4 年均降水量的等级划分
C24_D03,table,2-5,20,0.346,表 2-5 年降水量均方差的等级划分
C24_D03,table,2-6,21,0.411,表 2-6 变量说明对应表
C24_D03,table,2-7,22,0.368,表 2-7 土地利用/和覆盖变化数据
C24_D03,table,2-9,25,0.356,表 2-9 土地利用类型成分度数据
C24_D03,table,3-2,31,0.386,表 3-2 高程图数据整合表
C24_D03,table,3-3,32,0.356,表 3-3 土地利用类型数据整合表
C24_D03,table,3-4,32,0.386,表 3-4 每日气温数据整理
C24_D03,table,3-5,33,0.401,表 3-5 气温等级划分标准
C24_D03,table,3-6,33,0.391,表 3-6 每日降水量数据整理
C24_D03,table,3-7,33,0.391,表 3-7 降水量等级划分标准
C24_D03,table,3-8,34,0.431,表 3-8 变量说明表
C24_D03,table,3-9,34,0.356,表 3-9 地形—气候数据统计分析
C24_D03,table,3-10,39,0.33,表 3-10 特大暴雨事件中各变量的影响
C24_D03,equation,3-1,40,0.826,（3-1） 
C24_D03,equation,3-2,40,0.826,（3-2） 
C24_D03,table,3-11,41,0.331,表 3-11 联合均值与方差模型的结果表
C24_D03,equation,3-3,43,0.826,（3-3） 
C24_D03,equation,3-4,43,0.826,（3-4） 
C24_D03,table,3-12,45,0.411,表 3-12 模型结果表
C24_D03,table,4-1,46,0.386,表 4-1 聚类数据的聚合表
C24_D03,equation,4-1,48,0.826,（4-1） 
C24_D03,table,4-2,48,0.396,表 4-2 经纬度空间数据
C24_D03,table,4-3,50,0.335,表 4-3 基于空间降水数据的中心数据
C24_D03,equation,4-2,52,0.826,（4-2） 
C24_D03,table,4-4,52,0.335,表 4-4 基于空间气温数据的中心数据
C24_D03,equation,4-3,53,0.826,（4-3） 
C24_D03,equation,4-4,53,0.826,（4-4） 
C24_D03,equation,4-5,59,0.826,（4-5） 
C24_D03,equation,4-6,60,0.826,（4-6） 
C24_D03,equation,4-7,60,0.826,（4-7） 
C24_D03,table,4-5,60,0.419,表4-5 混淆矩阵表
C24_D03,equation,0.671,61,0.761,（0.671） 
C24_D03,equation,0.999,61,0.761,（0.999） 
C24_D03,table,4-6,61,0.328,表4-6 四种模型的预测输出结果对比表
C24_D03,table,5-1,68,0.376,表 5-1 中国地形数据整合表
C24_D03,table,5-2,71,0.325,表 5-2 南北地区的气候差异性检验结果
C24_D03,table,5-3,71,0.325,表 5-3 东西地区的气候差异性检验结果
C24_D03,table,5-4,72,0.325,表 5-4 南北地区的地形差异性检验结果
C24_D03,table,5-5,73,0.325,表 5-5 东西地区的地形差异性检验结果
C24_D03,table,6-1,76,0.412,表6-1 不同的模型的优缺点
C24_D04,table,1.1,6,0.404,表1.1
C24_D04,equation,3.1,15,0.854,(3.1)
C24_D04,equation,3.2,16,0.854,(3.2)
C24_D04,equation,3.3,16,0.854,(3.3)
C24_D04,equation,3.4,18,0.854,(3.4)
C24_D04,equation,3.5,18,0.854,(3.5)
C24_D04,equation,3.6,20,0.854,(3.6)
C24_D04,equation,3.7,20,0.854,(3.7)
C24_D04,equation,3.8,20,0.854,(3.8)
C24_D04,equation,3.9,20,0.854,(3.9)
C24_D04,table,3.3,22,0.241,表3.3
C24_D04,equation,3.10,23,0.844,(3.10)
C24_D04,equation,3.11,24,0.844,(3.11)
C24_D04,equation,3.12,25,0.844,(3.12)
C24_D04,equation,3.13,27,0.844,(3.13)
C24_D04,equation,3.14,27,0.844,(3.14)
C24_D04,equation,3.15,28,0.844,(3.15)
C24_D04,equation,3.16,28,0.844,(3.16)
C24_D04,equation,3.17,28,0.844,(3.17)
C24_D04,equation,3.18,29,0.844,(3.18)
C24_D04,table,3.4,29,0.292,表3.4
C24_D04,equation,3.19,31,0.844,(3.19)
C24_D04,equation,4.20,40,0.844,(4.20)
C24_D04,equation,4.21,40,0.844,(4.21)
C24_D04,equation,4.22,40,0.844,(4.22)
C24_D04,equation,4.23,40,0.844,(4.23)
C24_D04,equation,4.24,41,0.844,(4.24)
C24_D04,equation,4.25,41,0.844,(4.25)
C24_D04,equation,4.26,41,0.844,(4.26)
C24_D04,equation,4.27,41,0.844,(4.27)
C24_D04,equation,4.28,41,0.844,(4.28)
C24_D04,equation,4.29,42,0.844,(4.29)
C24_D04,equation,4.30,42,0.844,(4.30)
C24_D04,equation,4.33,42,0.844,(4.33)
C24_D04,equation,4.31,42,0.844,(4.31)
C24_D04,equation,4.32,42,0.844,(4.32)
C24_D04,equation,4.34,43,0.844,(4.34)
C24_D04,equation,4.35,43,0.844,(4.35)
C24_D04,equation,4.36,43,0.844,(4.36)
C24_D04,equation,4.37,43,0.844,(4.37)
C24_D04,equation,4.38,43,0.844,(4.38)
C24_D04,equation,4.39,43,0.844,(4.39)
C24_D04,equation,4.40,43,0.844,(4.40)
C24_D04,equation,4.41,44,0.844,(4.41)
C24_D04,equation,6.2,44,0.854,(6.2)
C24_D04,equation,6.3,44,0.854,(6.3)
C24_D04,equation,4.42,46,0.844,(4.42)
C24_D04,equation,4.43,46,0.844,(4.43)
C24_D04,equation,4.44,47,0.844,(4.44)
C24_D04,table,4.5,50,0.293,表4.5
C24_D04,equation,4.45,53,0.844,(4.45)
C24_D04,equation,5.46,59,0.844,(5.46)
C24_D04,equation,5.47,59,0.844,(5.47)
C24_D04,equation,5.48,59,0.844,(5.48)
C24_D04,equation,5.49,59,0.844,(5.49)
C24_D04,equation,5.50,59,0.844,(5.50)
C24_D04,equation,5.51,60,0.844,(5.51)
C24_D04,equation,5.52,62,0.844,(5.52)
C24_D04,table,7.6,85,0.291,表7.6
C24_D04,table,7.7,86,0.301,表7.7
C24_D04,table,7.8,87,0.301,表7.8
C24_D04,table,7.9,88,0.331,表7.9
C24_E01,equation,1,12,0.869,(1)
C24_E01,equation,2,12,0.869,(2)
C24_E01,equation,3,12,0.869,(3)
C24_E01,equation,4,16,0.869,(4)
C24_E01,equation,5,17,0.869,(5)
C24_E01,equation,6,17,0.869,(6)
C24_E01,equation,7,17,0.869,(7)
C24_E01,table,1,18,0.341,表1
C24_E01,table,2,19,0.392,表2
C24_E01,table,3,19,0.392,表3
C24_E01,equation,8,27,0.869,(8)
C24_E01,equation,9,27,0.869,(9)
C24_E01,equation,10,27,0.859,(10)
C24_E01,equation,11,28,0.86,(11)
C24_E01,equation,12,28,0.859,(12)
C24_E01,equation,13,28,0.859,(13)
C24_E01,equation,14,28,0.859,(14)
C24_E01,equation,15,29,0.859,(15)
C24_E01,equation,16,30,0.859,(16)
C24_E01,equation,17,30,0.859,(17)
C24_E01,equation,18,30,0.859,(18)
C24_E01,equation,19,30,0.859,(19)
C24_E01,equation,20,30,0.859,(20)
C24_E01,equation,21,30,0.859,(21)
C24_E01,equation,9,30,0.844,(9)
C24_E01,equation,22,33,0.859,(22)
C24_E01,equation,23,33,0.859,(23)
C24_E01,equation,24,34,0.859,(24)
C24_E01,equation,25,34,0.859,(25)
C24_E01,table,4,34,0.361,表4
C24_E01,equation,26,35,0.859,(26)
C24_E01,equation,27,35,0.859,(27)
C24_E01,equation,28,35,0.859,(28)
C24_E01,table,5,39,0.382,表5
C24_E01,equation,29,54,0.787,(29)
C24_E01,equation,29,55,0.859,(29)
C24_E01,equation,30,55,0.859,(30)
C24_E01,equation,31,56,0.859,(31)
C24_E01,equation,32,57,0.859,(32)
C24_E01,equation,33,59,0.859,(33)
C24_E01,equation,34,59,0.859,(34)
C24_E01,equation,35,59,0.859,(35)
C24_E01,equation,36,59,0.859,(36)
C24_E01,equation,37,62,0.859,(37)
C24_E01,equation,38,62,0.859,(38)
C24_E01,equation,39,63,0.859,(39)
C24_E01,equation,40,63,0.859,(40)
C24_E01,table,6,63,0.345,表6
C24_E02,table,1,9,0.436,表1 符号说明
C24_E02,equation,1,12,0.857,(1) 
C24_E02,equation,2,12,0.857,(2) 
C24_E02,equation,3,12,0.857,(3) 
C24_E02,equation,4,12,0.857,(4) 
C24_E02,equation,5,14,0.857,(5) 
C24_E02,equation,6,15,0.857,(6) 
C24_E02,equation,7,23,0.857,(7) 
C24_E02,table,3,23,0.396,表3 交通拥堵指数分级
C24_E02,equation,8,25,0.857,(8) 
C24_E02,equation,9,25,0.857,(9) 
C24_E02,equation,10,25,0.847,(10) 
C24_E02,equation,11,25,0.848,(11) 
C24_E02,table,4,27,0.376,表4 特征融合模型结构参数
C24_E02,equation,12,28,0.847,(12) 
C24_E02,equation,13,29,0.847,(13) 
C24_E02,equation,14,29,0.847,(14) 
C24_E02,equation,15,29,0.847,(15) 
C24_E02,equation,16,29,0.847,(16) 
C24_E02,equation,17,29,0.847,(17) 
C24_E02,equation,18,29,0.847,(18) 
C24_E02,equation,19,29,0.847,(19) 
C24_E02,equation,20,30,0.847,(20) 
C24_E02,table,5,30,0.366,表5 经典核函数模型及其参数
C24_E02,equation,21,31,0.847,(21) 
C24_E02,equation,22,31,0.847,(22) 
C24_E02,equation,23,31,0.847,(23) 
C24_E02,equation,24,31,0.847,(24) 
C24_E02,equation,25,32,0.847,(25) 
C24_E02,equation,26,32,0.847,(26) 
C24_E02,equation,27,32,0.847,(27) 
C24_E02,equation,28,33,0.847,(28) 
C24_E02,equation,29,33,0.847,(29) 
C24_E02,equation,30,33,0.847,(30) 
C24_E02,equation,31,33,0.847,(31) 
C24_E02,equation,32,34,0.847,(32) 
C24_E02,equation,33,35,0.847,(33) 
C24_E02,table,6,36,0.346,表6 观测点3 拥堵状态的预警时间
C24_E02,table,7,37,0.346,表7 观测点4 拥堵状态的预警时间
C24_E02,equation,34,43,0.847,(34) 
C24_E02,equation,35,44,0.847,(35) 
C24_E02,equation,36,44,0.847,(36) 
C24_E02,equation,37,44,0.847,(37) 
C24_E02,equation,38,44,0.847,(38) 
C24_E02,table,8,44,0.316,表8 四个观测点预测数值的评价指标结果
C24_E02,equation,39,45,0.847,(39) 
C24_E02,equation,40,46,0.847,(40) 
C24_E02,equation,41,47,0.847,(41) 
C24_E02,equation,42,48,0.847,(42) 
C24_E02,equation,43,51,0.847,(43) 
C24_E02,equation,44,51,0.847,(44) 
C24_E02,equation,45,55,0.847,(45) 
C24_E02,equation,46,55,0.847,(46) 
C24_E02,equation,47,56,0.847,(47) 
C24_E02,equation,48,56,0.847,(48) 
C24_E02,equation,49,56,0.847,(49) 
C24_E02,table,9,57,0.215,表9 观测点4 视频1 和视频2 决策开启应急车道前后的指标变化
C24_E02,equation,50,60,0.847,(50) 
C24_E02,equation,51,60,0.847,(51) 
C24_E02,equation,52,60,0.847,(52) 
C24_E02,table,10,63,0.351,表10 摄像头布置前后的指标变化
C24_E03,table,1,10,0.367,表 1 四个观测点视频信息统计
C24_E03,equation,1,13,0.798,(1) 
C24_E03,equation,2,13,0.798,(2) 
C24_E03,equation,3,13,0.798,(3) 
C24_E03,equation,4,13,0.796,(4) 
C24_E03,equation,5,13,0.796,(5) 
C24_E03,equation,6,13,0.796,(6) 
C24_E03,equation,7,13,0.796,(7) 
C24_E03,table,2,14,0.407,表 2 视频A 的统计结果
C24_E03,table,3,15,0.284,表 3 观测点A 的交通流基本参数统计结果示例表
C24_E03,equation,8,18,0.794,(8) 
C24_E03,equation,9,21,0.795,(9) 
C24_E03,equation,10,21,0.786,(10) 
C24_E03,equation,11,21,0.786,(11) 
C24_E03,equation,12,21,0.791,(12) 
C24_E03,equation,13,21,0.791,(13) 
C24_E03,equation,9,21,0.785,(9)
C24_E03,equation,14,22,0.791,(14) 
C24_E03,equation,15,22,0.791,(15) 
C24_E03,equation,16,22,0.791,(16) 
C24_E03,equation,17,22,0.791,(17) 
C24_E03,equation,18,22,0.791,(18) 
C24_E03,table,4,22,0.371,表 4 密度-速度模型评估结果
C24_E03,table,5,24,0.371,表 5 流量-密度模型评估结果
C24_E03,table,6,25,0.371,表 6 流量-速度模型评估结果
C24_E03,equation,19,28,0.793,(19) 
C24_E03,equation,20,28,0.786,(20) 
C24_E03,equation,21,28,0.786,(21) 
C24_E03,equation,22,28,0.786,(22) 
C24_E03,equation,23,28,0.786,(23) 
C24_E03,equation,24,29,0.792,(24) 
C24_E03,equation,25,29,0.792,(25) 
C24_E03,equation,26,29,0.792,(26) 
C24_E03,equation,27,30,0.792,(27) 
C24_E03,equation,28,30,0.792,(28) 
C24_E03,equation,29,30,0.792,(29) 
C24_E03,equation,30,30,0.792,(30) 
C24_E03,equation,31,30,0.792,(31) 
C24_E03,equation,32,30,0.792,(32) 
C24_E03,equation,33,30,0.792,(33) 
C24_E03,equation,34,30,0.792,(34) 
C24_E03,equation,35,30,0.792,(35) 
C24_E03,equation,36,33,0.806,(36) 
C24_E03,equation,37,34,0.793,(37) 
C24_E03,equation,38,34,0.786,(38) 
C24_E03,equation,39,34,0.791,(39) 
C24_E03,equation,40,35,0.792,(40) 
C24_E03,equation,41,35,0.792,(41) 
C24_E03,equation,42,35,0.792,(42) 
C24_E03,equation,43,35,0.792,(43) 
C24_E03,equation,44,36,0.792,(44) 
C24_E03,table,8,42,0.373,"表 8 观测点B,C, D 的拥堵状况"
C24_E03,table,9,42,0.434,表 9 计算参数
C24_E03,table,10,43,0.409,表 10 预警验证结果
C24_E03,equation,45,45,0.793,(45) 
C24_E03,equation,46,45,0.793,(46) 
C24_E03,equation,47,45,0.789,(47) 
C24_E03,equation,48,45,0.789,(48) 
C24_E03,table,11,45,0.36,表 11 C 观测点和D 观测点的车流量
C24_E03,equation,49,50,0.792,(49) 
C24_E03,equation,50,50,0.792,(50) 
C24_E03,equation,51,50,0.792,(51) 
C24_E03,equation,49,50,0.795,(49)
C24_E03,equation,52,51,0.792,(52) 
C24_E03,equation,53,51,0.792,(53) 
C24_E03,equation,54,54,0.807,(54) 
C24_E03,equation,55,55,0.806,(55) 
C24_E03,equation,56,55,0.806,(56) 
C24_E03,equation,57,56,0.806,(57) 
C24_E04,equation,3-1,9,0.83,(3 −1) 
C24_E04,equation,3-2,9,0.83,(3 −2) 
C24_E04,equation,3-3,9,0.83,(3 −3) 
C24_E04,table,3-1,10,0.382,表3-1 常用YOLOv5 模型对比
C24_E04,table,3-2,10,0.358,表3-2 处理单个随机图像的时间对比
C24_E04,equation,3-4,13,0.83,(3 −4) 
C24_E04,equation,3-5,13,0.83,(3 −5) 
C24_E04,equation,3-6,15,0.83,(3 −6) 
C24_E04,equation,3-7,15,0.83,(3 −7) 
C24_E04,equation,3-8,15,0.83,(3 −8) 
C24_E04,equation,3-9,15,0.83,(3 −9) 
C24_E04,equation,3-8,15,0.83,(3 −8)
C24_E04,table,3-3,15,0.42,表3-3 边界框损失参数表
C24_E04,equation,3-10,16,0.819,(3 −10) 
C24_E04,equation,3-11,16,0.819,(3 −11) 
C24_E04,equation,3-12,16,0.819,(3 −12) 
C24_E04,equation,3-13,16,0.819,(3 −13) 
C24_E04,equation,3-14,16,0.819,(3 −14) 
C24_E04,equation,3-15,16,0.819,(3 −15) 
C24_E04,equation,3-16,16,0.819,(3 −16) 
C24_E04,equation,3-17,16,0.819,(3 −17) 
C24_E04,equation,3-18,16,0.819,(3 −18) 
C24_E04,equation,3-19,16,0.819,(3 −19) 
C24_E04,equation,3-20,16,0.819,(3 −20) 
C24_E04,equation,3-21,16,0.819,(3 −21) 
C24_E04,equation,3-22,17,0.819,(3 −22) 
C24_E04,equation,3-23,17,0.819,(3 −23) 
C24_E04,table,3.4,17,0.394,表3.4 系统状态方程个参数意义
C24_E04,equation,3-24,18,0.819,(3 −24) 
C24_E04,equation,3-25,18,0.819,(3 −25) 
C24_E04,equation,3-26,18,0.819,(3 −26) 
C24_E04,equation,3-27,18,0.819,(3 −27) 
C24_E04,equation,3-28,18,0.819,(3 −28) 
C24_E04,equation,3-29,18,0.819,(3 −29) 
C24_E04,table,3.5,18,0.412,表3.5 预测过程各参数意义
C24_E04,equation,3-30,19,0.819,(3 −30) 
C24_E04,equation,3-31,19,0.819,(3 −31) 
C24_E04,equation,3-31,19,0.819,(3 −31) 
C24_E04,equation,3-32,19,0.819,(3 −32) 
C24_E04,equation,3-33,20,0.819,(3 −33) 
C24_E04,equation,3-34,20,0.819,(3 −34) 
C24_E04,equation,3-35,20,0.819,(3 −35) 
C24_E04,equation,3-36,20,0.819,(3 −36) 
C24_E04,equation,3-37,20,0.819,(3 −37) 
C24_E04,equation,3-38,20,0.819,(3 −38) 
C24_E04,equation,3-39,20,0.819,(3 −39) 
C24_E04,equation,3-40,20,0.819,(3 −40) 
C24_E04,equation,3-34,20,0.819,(3 −34)
C24_E04,equation,3-38,20,0.819,(3 −38)
C24_E04,equation,3-41,21,0.819,(3 −41) 
C24_E04,equation,3-42,21,0.819,(3 −42) 
C24_E04,equation,3-43,21,0.819,(3 −43) 
C24_E04,equation,3-44,21,0.819,(3 −44) 
C24_E04,equation,3-45,21,0.819,(3 −45) 
C24_E04,equation,3-46,21,0.819,(3 −46) 
C24_E04,equation,3-47,21,0.819,(3 −47) 
C24_E04,table,3.6,21,0.412,表3.6 公式各参数意义
C24_E04,equation,3-48,25,0.819,(3 −48) 
C24_E04,equation,3-49,25,0.819,(3 −49) 
C24_E04,table,3.7,25,0.394,表3.7 马氏距离各参数意义
C24_E04,equation,3-50,26,0.819,(3 −50) 
C24_E04,equation,3-51,26,0.819,(3 −51) 
C24_E04,table,3.8,26,0.394,表3.8 余弦距离各参数意义
C24_E04,table,3.9,27,0.42,表3.9 CNN 网络结构
C24_E04,equation,3-52,29,0.819,(3 −52) 
C24_E04,equation,3-53,29,0.819,(3 −53) 
C24_E04,table,3.10,29,0.399,表3.10 重识别各参数意义
C24_E04,equation,3-54,30,0.819,(3 −54) 
C24_E04,equation,3-54,30,0.819,(3 −54)
C24_E04,equation,3-55,31,0.819,(3 −55) 
C24_E04,equation,3-56,32,0.819,(3 −56) 
C24_E04,equation,3-57,32,0.819,(3 −57) 
C24_E04,equation,3-58,32,0.819,(3 −58) 
C24_E04,equation,3-59,32,0.819,(3 −59) 
C24_E04,equation,3-59,32,0.819,(3 −59)
C24_E04,table,3.11,32,0.417,表3.11 车辆速度检测示例
C24_E04,table,3.12,33,0.31,表3.12 交通量、平均车速和交通密度随时间变化情况
C24_E04,equation,3-60,37,0.819,(3 −60) 
C24_E04,equation,3-61,37,0.819,(3 −61) 
C24_E04,equation,3-62,37,0.819,(3 −62) 
C24_E04,equation,3-63,37,0.819,(3 −63) 
C24_E04,equation,3-64,37,0.819,(3 −64) 
C24_E04,equation,3-60,37,0.819,(3 −60)
C24_E04,table,3.13,38,0.425,表3.13 拥堵等级的划分
C24_E04,equation,3-64,40,0.819,(3 −64) 
C24_E04,equation,3-65,40,0.819,(3 −65) 
C24_E04,equation,3-66,40,0.819,(3 −66) 
C24_E04,equation,3-67,42,0.819,(3 −67) 
C24_E04,equation,3-68,42,0.819,(3 −68) 
C24_E04,equation,3-69,43,0.819,(3 −69) 
C24_E04,equation,3-70,44,0.819,(3 −70) 
C24_E04,table,3.14,44,0.434,表3.14 消融对比试验
C24_E04,table,3.15,45,0.389,表3.15 GRU 训练集测试集的划分
C24_E04,table,3.16,45,0.381,表3.16 时序预测模型训练效果图
C24_E04,table,3.17,45,0.381,表3.17 时序预测模型测试效果图
C24_E04,table,3.18,46,0.407,表3.18 模型评价指标结果
C24_E04,equation,3-71,47,0.819,(3 −71) 
C24_E04,equation,3-72,48,0.819,(3 −72) 
C24_E04,table,3.19,49,0.354,表3.19 交通流量和交通流速度训练效果
C24_E04,table,3.20,50,0.407,表3.20 交通拥堵预测曲线
C24_E04,table,3.21,52,0.319,表3.21 车流量和车流速度时序预测模型训练效果
C24_E04,table,3.22,52,0.319,表3.22 车流量和车流速度时序预测模型测试曲线
C24_E04,table,3.23,53,0.381,表3.23 模型训练最终的评价指标
C24_E04,table,3.24,54,0.363,表3.24 交通拥堵预测值与真实值曲线
C24_E04,equation,4-1,56,0.83,(4 −1) 
C24_E04,equation,4-2,57,0.83,(4 −2) 
C24_E04,equation,4-3,57,0.83,(4 −3) 
C24_E04,equation,5-1,61,0.83,(5 −1) 
C24_E04,equation,5-2,61,0.83,(5 −2) 
C24_E04,table,5.1,61,0.377,表5.1 分段预测控制应急车道流程图
C24_E04,table,5.2,61,0.438,表5.2 模型变量解释
C24_E04,equation,5-3,62,0.83,(5 −3) 
C24_E04,equation,5-4,62,0.83,(5 −4) 
C24_E04,table,5.3,63,0.288,表5.3 开放车流模型后的拥堵指数与原拥堵指数的量化比较
C24_E04,table,5.4,64,0.377,表5.4 模型启用应急车道量化结果表
C24_F01,table,1,10,0.434,表 1 轨道六根数
C24_F01,equation,5.1,11,0.836,(5.1) 
C24_F01,equation,5.2,11,0.827, (5.2) 
C24_F01,equation,5.3,11,0.836,(5.3) 
C24_F01,equation,5.4,11,0.836,(5.4) 
C24_F01,equation,5.5,11,0.836,(5.5) 
C24_F01,equation,5.6,12,0.836,(5.6) 
C24_F01,equation,5.7,12,0.836,(5.7) 
C24_F01,equation,5.8,12,0.836,(5.8) 
C24_F01,equation,5.9,12,0.836,(5.9) 
C24_F01,equation,5.10,12,0.827,(5.10) 
C24_F01,equation,5.11,13,0.822,(5.11) 
C24_F01,equation,5.12,13,0.821,(5.12) 
C24_F01,equation,5.13,13,0.821,(5.13) 
C24_F01,equation,5.14,13,0.821,(5.14) 
C24_F01,equation,5.15,13,0.821,(5.15) 
C24_F01,equation,5.16,13,0.821,(5.16) 
C24_F01,equation,5.17,13,0.821,(5.17) 
C24_F01,equation,5.18,13,0.821,(5.18) 
C24_F01,equation,5.19,13,0.821,(5.19) 
C24_F01,equation,5.20,13,0.821,(5.20) 
C24_F01,equation,5.21,14,0.821,(5.21) 
C24_F01,equation,5.22,14,0.821,(5.22) 
C24_F01,equation,5.23,14,0.821,(5.23) 
C24_F01,table,2,14,0.399,表 2 轨道参数一致性检验
C24_F01,table,3,15,0.425,表 3 计算结果验证
C24_F01,equation,6.1,17,0.846, (6.1) 
C24_F01,equation,6.2,17,0.855,(6.2) 
C24_F01,equation,6.3,17,0.855,(6.3) 
C24_F01,table,4,17,0.381,表 4 脉冲星位置计算相关参数
C24_F01,equation,6.4,18,0.855,(6.4) 
C24_F01,equation,6.5,18,0.855,(6.5) 
C24_F01,equation,6.6,18,0.855,(6.6) 
C24_F01,equation,6.7,18,0.855,(6.7) 
C24_F01,equation,6.8,18,0.855,(6.8) 
C24_F01,equation,7.1,19,0.855,(7.1) 
C24_F01,equation,7.2,20,0.855,(7.2) 
C24_F01,equation,7.3,20,0.855,(7.3) 
C24_F01,equation,7.4,20,0.855,(7.4) 
C24_F01,equation,7.5,20,0.855,(7.5) 
C24_F01,equation,7.6,20,0.855,(7.6) 
C24_F01,equation,7.7,21,0.855,(7.7) 
C24_F01,equation,7.8,21,0.855,(7.8) 
C24_F01,equation,7.9,21,0.855,(7.9) 
C24_F01,equation,7.10,22,0.832,  (7.10) 
C24_F01,equation,7.11,22,0.846,(7.11) 
C24_F01,table,5,22,0.399,表 5 太阳系中的天体质量
C24_F01,table,6,23,0.326,表 6 光子到达时刻各天体的SSB 坐标系位置
C24_F01,table,7,24,0.425,表 7 各项延迟大小
C24_F01,equation,7.12,25,0.845,(7.12) 
C24_F01,equation,8.1,28,0.855,(8.1) 
C24_F01,equation,8.2,28,0.855,(8.2) 
C24_F01,equation,8.3,29,0.855,(8.3) 
C24_F01,equation,8.4,29,0.855,(8.4) 
C24_F01,equation,8.5,30,0.855,(8.5) 
C24_F01,equation,8.5,31,0.789,(8.5)
C24_F01,equation,8.6,37,0.855,(8.6) 
C24_F01,equation,8.7,38,0.855,(8.7) 
C24_F01,equation,8.8,39,0.855,(8.8) 
C24_F02,equation,5.1,13,0.854,(5.1)
C24_F02,equation,5.2,13,0.854,(5.2)
C24_F02,equation,5.3,13,0.854,(5.3)
C24_F02,equation,5.4,14,0.854,(5.4)
C24_F02,equation,5.5,14,0.854,(5.5)
C24_F02,equation,5.6,14,0.854,(5.6)
C24_F02,equation,5.7,14,0.854,(5.7)
C24_F02,equation,5.8,14,0.854,(5.8)
C24_F02,equation,5.9,15,0.854,(5.9)
C24_F02,equation,5.10,15,0.844,(5.10)
C24_F02,equation,5.11,15,0.844,(5.11)
C24_F02,equation,5.12,15,0.844,(5.12)
C24_F02,equation,6.1,18,0.854,(6.1)
C24_F02,equation,6.2,18,0.854,(6.2)
C24_F02,equation,6.3,19,0.854,(6.3)
C24_F02,equation,6.4,19,0.854,(6.4)
C24_F02,equation,6.5,19,0.854,(6.5)
C24_F02,equation,6.6,20,0.854,(6.6)
C24_F02,equation,6.7,20,0.854,(6.7)
C24_F02,equation,6.8,20,0.854,(6.8)
C24_F02,equation,6.9,20,0.854,(6.9)
C24_F02,equation,7.1,22,0.854,(7.1)
C24_F02,equation,7.2,22,0.854,(7.2)
C24_F02,equation,7.3,22,0.854,(7.3)
C24_F02,equation,7.4,22,0.854,(7.4)
C24_F02,equation,7.5,22,0.854,(7.5)
C24_F02,equation,7.6,23,0.854,(7.6)
C24_F02,equation,7.7,23,0.854,(7.7)
C24_F02,equation,7.8,23,0.854,(7.8)
C24_F02,equation,7.9,24,0.854,(7.9)
C24_F02,equation,7.10,24,0.844,(7.10)
C24_F02,equation,7.11,24,0.844,(7.11)
C24_F02,equation,7.12,24,0.844,(7.12)
C24_F02,equation,7.13,24,0.844,(7.13)
C24_F02,table,7.1,25,0.354,表7.1
C24_F02,equation,8.1,27,0.854,(8.1)
C24_F02,equation,8.2,27,0.854,(8.2)
C24_F02,equation,8.3,27,0.854,(8.3)
C24_F02,equation,8.4,28,0.854,(8.4)
C24_F02,equation,8.5,28,0.854,(8.5)
C24_F02,equation,8.6,28,0.854,(8.6)
C24_F02,equation,8.7,28,0.854,(8.7)
C24_F02,equation,8.8,28,0.854,(8.8)
C24_F02,equation,8.9,28,0.854,(8.9)
C24_F02,equation,8.10,28,0.844,(8.10)
C24_F02,equation,8.11,28,0.844,(8.11)
C24_F02,equation,8.12,28,0.844,(8.12)
C24_F02,equation,8.13,28,0.844,(8.13)
C24_F02,equation,8.14,29,0.844,(8.14)
C24_F02,equation,8.15,29,0.844,(8.15)
C24_F02,equation,8.16,30,0.844,(8.16)
C24_F02,equation,8.17,30,0.844,(8.17)
C24_F02,equation,8.18,30,0.844,(8.18)
C24_F02,table,8.2,36,0.354,表8.2
C24_F03,equation,3.1,10,0.854,(3.1)
C24_F03,equation,3.2,10,0.854,(3.2)
C24_F03,equation,3.3,11,0.854,(3.3)
C24_F03,equation,3.4,11,0.854,(3.4)
C24_F03,equation,3.5,11,0.854,(3.5)
C24_F03,equation,3.6,11,0.854,(3.6)
C24_F03,equation,3.7,12,0.854,(3.7)
C24_F03,equation,3.8,12,0.854,(3.8)
C24_F03,equation,3.9,12,0.854,(3.9)
C24_F03,equation,3.10,12,0.844,(3.10)
C24_F03,equation,3.11,12,0.844,(3.11)
C24_F03,equation,3.12,12,0.844,(3.12)
C24_F03,equation,3.13,12,0.844,(3.13)
C24_F03,equation,3.14,13,0.844,(3.14)
C24_F03,equation,3.15,13,0.844,(3.15)
C24_F03,equation,3.16,13,0.844,(3.16)
C24_F03,equation,3.17,13,0.844,(3.17)
C24_F03,equation,3.18,13,0.844,(3.18)
C24_F03,equation,3.19,13,0.844,(3.19)
C24_F03,equation,3.20,13,0.844,(3.20)
C24_F03,equation,3.21,13,0.844,(3.21)
C24_F03,equation,3.22,13,0.844,(3.22)
C24_F03,equation,3.23,14,0.844,(3.23)
C24_F03,equation,3.24,14,0.844,(3.24)
C24_F03,equation,3.25,14,0.844,(3.25)
C24_F03,equation,3.26,14,0.844,(3.26)
C24_F03,equation,3.27,14,0.844,(3.27)
C24_F03,equation,3.28,14,0.844,(3.28)
C24_F03,equation,3.29,14,0.844,(3.29)
C24_F03,equation,3.30,14,0.844,(3.30)
C24_F03,equation,3.31,14,0.844,(3.31)
C24_F03,equation,3.32,14,0.844,(3.32)
C24_F03,equation,3.33,15,0.844,(3.33)
C24_F03,equation,3.34,15,0.844,(3.34)
C24_F03,equation,3.35,15,0.844,(3.35)
C24_F03,equation,3.36,15,0.844,(3.36)
C24_F03,equation,3.37,15,0.844,(3.37)
C24_F03,equation,3.38,15,0.844,(3.38)
C24_F03,equation,3.39,15,0.844,(3.39)
C24_F03,equation,3.40,15,0.844,(3.40)
C24_F03,equation,3.41,15,0.844,(3.41)
C24_F03,equation,3.42,15,0.844,(3.42)
C24_F03,equation,3.43,15,0.844,(3.43)
C24_F03,equation,3.44,16,0.844,(3.44)
C24_F03,equation,3.45,16,0.844,(3.45)
C24_F03,equation,3.46,16,0.844,(3.46)
C24_F03,equation,3.47,16,0.844,(3.47)
C24_F03,equation,3.48,16,0.844,(3.48)
C24_F03,equation,3.49,16,0.844,(3.49)
C24_F03,equation,3.50,16,0.844,(3.50)
C24_F03,equation,3.51,16,0.844,(3.51)
C24_F03,equation,3.52,17,0.844,(3.52)
C24_F03,equation,3.53,17,0.844,(3.53)
C24_F03,equation,3.54,17,0.844,(3.54)
C24_F03,equation,3.55,17,0.844,(3.55)
C24_F03,equation,3.56,17,0.844,(3.56)
C24_F03,equation,3.57,17,0.844,(3.57)
C24_F03,equation,3.58,17,0.844,(3.58)
C24_F03,equation,3.59,18,0.844,(3.59)
C24_F03,equation,3.60,18,0.844,(3.60)
C24_F03,equation,3.61,18,0.844,(3.61)
C24_F03,equation,3.62,18,0.844,(3.62)
C24_F03,equation,3.63,18,0.844,(3.63)
C24_F03,equation,3.64,18,0.844,(3.64)
C24_F03,equation,3.65,18,0.844,(3.65)
C24_F03,equation,3.66,18,0.844,(3.66)
C24_F03,equation,3.67,18,0.844,(3.67)
C24_F03,table,3.1,21,0.283,表3.1
C24_F03,table,3.2,21,0.334,表3.2
C24_F03,equation,4.1,23,0.854,(4.1)
C24_F03,equation,4.2,24,0.854,(4.2)
C24_F03,equation,4.3,24,0.854,(4.3)
C24_F03,equation,4.4,24,0.854,(4.4)
C24_F03,equation,4.5,24,0.854,(4.5)
C24_F03,equation,4.6,24,0.854,(4.6)
C24_F03,equation,4.7,24,0.854,(4.7)
C24_F03,equation,4.8,24,0.854,(4.8)
C24_F03,equation,4.9,25,0.854,(4.9)
C24_F03,equation,4.10,25,0.844,(4.10)
C24_F03,equation,4.11,25,0.844,(4.11)
C24_F03,equation,4.12,26,0.844,(4.12)
C24_F03,equation,4.13,26,0.844,(4.13)
C24_F03,equation,4.14,26,0.844,(4.14)
C24_F03,equation,4.15,26,0.844,(4.15)
C24_F03,equation,4.17,26,0.844,(4.17)
C24_F03,equation,4.18,26,0.844,(4.18)
C24_F03,equation,4.16,26,0.844,(4.16)
C24_F03,equation,4.19,26,0.844,(4.19)
C24_F03,equation,4.20,27,0.844,(4.20)
C24_F03,equation,4.21,27,0.844,(4.21)
C24_F03,equation,4.22,27,0.844,(4.22)
C24_F03,equation,4.23,27,0.844,(4.23)
C24_F03,equation,4.24,27,0.844,(4.24)
C24_F03,equation,4.25,27,0.844,(4.25)
C24_F03,equation,4.26,27,0.844,(4.26)
C24_F03,equation,5.1,30,0.854,(5.1)
C24_F03,equation,5.2,30,0.854,(5.2)
C24_F03,equation,5.3,30,0.854,(5.3)
C24_F03,equation,5.4,30,0.854,(5.4)
C24_F03,equation,5.5,31,0.854,(5.5)
C24_F03,equation,5.6,31,0.854,(5.6)
C24_F03,equation,5.7,31,0.854,(5.7)
C24_F03,equation,5.8,31,0.854,(5.8)
C24_F03,equation,5.9,31,0.854,(5.9)
C24_F03,equation,5.10,31,0.844,(5.10)
C24_F03,equation,5.11,31,0.844,(5.11)
C24_F03,equation,5.12,32,0.844,(5.12)
C24_F03,equation,5.13,32,0.844,(5.13)
C24_F03,equation,5.14,32,0.844,(5.14)
C24_F03,equation,5.15,32,0.844,(5.15)
C24_F03,equation,5.16,32,0.844,(5.16)
C24_F03,equation,5.17,32,0.844,(5.17)
C24_F03,equation,5.18,32,0.844,(5.18)
C24_F03,equation,5.19,32,0.844,(5.19)
C24_F03,equation,5.5,32,0.796,(5.5)
C24_F03,equation,5.20,33,0.844,(5.20)
C24_F03,equation,5.21,33,0.844,(5.21)
C24_F03,table,5.1,33,0.354,表5.1
C24_F03,equation,6.1,35,0.854,(6.1)
C24_F03,equation,6.2,35,0.854,(6.2)
C24_F03,equation,6.3,35,0.854,(6.3)
C24_F03,equation,6.4,35,0.854,(6.4)
C24_F03,equation,6.5,35,0.854,(6.5)
C24_F03,equation,6.6,36,0.854,(6.6)
C24_F03,equation,6.7,36,0.854,(6.7)
C24_F03,equation,6.8,36,0.854,(6.8)
C24_F03,equation,6.9,36,0.854,(6.9)
C24_F03,equation,6.10,36,0.844,(6.10)
C24_F03,equation,6.11,36,0.844,(6.11)
C24_F03,equation,6.12,36,0.844,(6.12)
C24_F03,equation,6.13,36,0.844,(6.13)
C24_F03,equation,6.14,37,0.844,(6.14)
C24_F03,equation,6.15,38,0.844,(6.15)
C24_F03,equation,6.16,38,0.844,(6.16)
C24_F03,equation,6.17,38,0.844,(6.17)
C24_F03,equation,6.18,38,0.844,(6.18)
C24_F03,equation,6.19,38,0.844,(6.19)
C24_F03,equation,6.20,39,0.844,(6.20)
C24_F03,equation,6.21,40,0.844,(6.21)
C24_F03,equation,6.22,40,0.844,(6.22)
C24_F03,equation,6.20,40,0.799,(6.20)
C24_F03,equation,6.22,40,0.844,(6.22)
C24_F03,equation,6.23,41,0.844,(6.23)
C24_F03,equation,6.24,41,0.844,(6.24)
C24_F03,equation,6.25,44,0.844,(6.25)
C24_F03,table,6.1,47,0.144,表6.1
C24_F04,table,2.1,5,0.288,表2.1
C24_F04,equation,5.1,10,0.854,(5.1)
C24_F04,equation,5.2,10,0.854,(5.2)
C24_F04,equation,5.3,10,0.854,(5.3)
C24_F04,equation,5.4,10,0.854,(5.4)
C24_F04,equation,5.5,10,0.854,(5.5)
C24_F04,equation,5.6,11,0.854,(5.6)
C24_F04,equation,5.7,11,0.854,(5.7)
C24_F04,equation,5.8,11,0.854,(5.8)
C24_F04,equation,5.9,11,0.854,(5.9)
C24_F04,equation,5.10,11,0.844,(5.10)
C24_F04,equation,5.11,11,0.845,(5.11)
C24_F04,equation,5.12,12,0.844,(5.12)
C24_F04,equation,5.13,12,0.844,(5.13)
C24_F04,equation,5.14,13,0.844,(5.14)
C24_F04,equation,5.15,14,0.844,(5.15)
C24_F04,equation,5.16,14,0.844,(5.16)
C24_F04,equation,5.17,14,0.844,(5.17)
C24_F04,equation,5.18,15,0.844,(5.18)
C24_F04,equation,5.19,15,0.844,(5.19)
C24_F04,equation,5.20,15,0.844,(5.20)
C24_F04,equation,5.21,15,0.844,(5.21)
C24_F04,equation,5.22,15,0.844,(5.22)
C24_F04,equation,5.23,15,0.844,(5.23)
C24_F04,equation,5.24,15,0.844,(5.24)
C24_F04,equation,5.25,16,0.844,(5.25)
C24_F04,equation,5.26,16,0.844,(5.26)
C24_F04,equation,5.27,16,0.844,(5.27)
C24_F04,equation,5.28,16,0.844,(5.28)
C24_F04,equation,5.29,16,0.844,(5.29)
C24_F04,equation,5.30,16,0.844,(5.30)
C24_F04,equation,5.31,17,0.844,(5.31)
C24_F04,equation,5.32,17,0.844,(5.32)
C24_F04,equation,5.33,18,0.844,(5.33)
C24_F04,equation,5.34,18,0.844,(5.34)
C24_F04,equation,5.35,19,0.844,(5.35)
C24_F04,equation,5.36,19,0.844,(5.36)
C24_F04,equation,5.37,19,0.844,(5.37)
C24_F04,equation,5.38,20,0.844,(5.38)
C24_F04,table,5.2,20,0.303,表5.2
C24_F04,equation,5.39,21,0.844,(5.39)
C24_F04,equation,5.40,21,0.844,(5.40)
C24_F04,equation,5.41,21,0.844,(5.41)
C24_F04,equation,5.42,22,0.844,(5.42)
C24_F04,equation,5.43,23,0.844,(5.43)
C24_F04,equation,5.44,23,0.844,(5.44)
C24_F04,equation,5.45,23,0.844,(5.45)
C24_F04,equation,5.46,24,0.844,(5.46)
C24_F04,equation,5.47,24,0.844,(5.47)
C24_F04,equation,5.48,24,0.844,(5.48)
C24_F04,table,5.3,25,0.303,表5.3
C24_F04,table,5.4,25,0.384,表5.4
C24_F04,table,5.5,27,0.166,表5.5
C24_F04,table,5.6,27,0.303,表5.6
C24_F04,equation,5.49,29,0.844,(5.49)
C24_F04,equation,5.50,29,0.844,(5.50)
C24_F04,equation,5.51,29,0.844,(5.51)
C24_F04,equation,5.52,29,0.844,(5.52)
C24_F04,equation,5.53,29,0.844,(5.53)
C24_F04,equation,5.54,29,0.844,(5.54)
C24_F04,equation,5.55,31,0.844,(5.55)
C24_F04,equation,5.56,31,0.844,(5.56)
C24_F04,equation,5.57,31,0.844,(5.57)
C24_F04,equation,5.58,32,0.844,(5.58)
C24_F04,equation,5.59,32,0.844,(5.59)
C24_F04,equation,5.60,32,0.844,(5.60)
C24_F04,equation,5.61,32,0.844,(5.61)
C24_F04,equation,5.62,32,0.844,(5.62)
C24_F04,equation,5.63,32,0.844,(5.63)
C24_F04,equation,5.64,37,0.844,(5.64)
C24_F04,equation,3,38,0.869,(3)
C25_A01,table,2.1,7,0.384,表2.1
C25_A01,table,5.2,16,0.228,表5.2
C25_A01,table,5.3,19,0.374,表5.3
C25_A01,table,5.4,28,0.303,表5.4
C25_A01,table,5.5,39,0.263,表5.5
C25_A02,equation,4.1,7,0.854,(4.1)
C25_A02,equation,4.2,8,0.854,(4.2)
C25_A02,equation,4.3,8,0.854,(4.3)
C25_A02,equation,4.4,8,0.854,(4.4)
C25_A02,equation,4.5,8,0.854,(4.5)
C25_A02,equation,4.6,8,0.854,(4.6)
C25_A02,equation,4.7,8,0.854,(4.7)
C25_A02,equation,4.8,9,0.854,(4.8)
C25_A02,equation,4.9,9,0.854,(4.9)
C25_A02,equation,4.10,9,0.844,(4.10)
C25_A02,equation,4.11,10,0.845,(4.11)
C25_A02,equation,4.12,10,0.844,(4.12)
C25_A02,equation,4.13,10,0.844,(4.13)
C25_A02,equation,4.14,11,0.844,(4.14)
C25_A02,table,4.1,13,0.354,表4.1
C25_A02,table,4.2,14,0.344,表4.2
C25_A02,table,4.3,16,0.374,表4.3
C25_A02,equation,5.15,18,0.844,(5.15)
C25_A02,equation,5.16,18,0.844,(5.16)
C25_A02,table,5.4,18,0.384,表5.4
C25_A02,equation,5.17,19,0.844,(5.17)
C25_A02,equation,5.18,19,0.844,(5.18)
C25_A02,equation,5.19,19,0.844,(5.19)
C25_A02,equation,5.20,19,0.844,(5.20)
C25_A02,equation,5.21,19,0.844,(5.21)
C25_A02,equation,5.22,19,0.844,(5.22)
C25_A02,equation,5.23,20,0.844,(5.23)
C25_A02,equation,5.24,20,0.844,(5.24)
C25_A02,equation,5.26,20,0.844,(5.26)
C25_A02,equation,5.27,20,0.844,(5.27)
C25_A02,equation,5.28,20,0.844,(5.28)
C25_A02,equation,5.29,20,0.844,(5.29)
C25_A02,equation,5.30,20,0.844,(5.30)
C25_A02,equation,5.31,20,0.844,(5.31)
C25_A02,equation,5.32,20,0.844,(5.32)
C25_A02,equation,5.25,20,0.844,(5.25)
C25_A02,equation,5.33,20,0.844,(5.33)
C25_A02,equation,5.34,21,0.844,(5.34)
C25_A02,equation,5.35,21,0.844,(5.35)
C25_A02,equation,5.36,21,0.844,(5.36)
C25_A02,equation,5.37,21,0.844,(5.37)
C25_A02,equation,5.38,22,0.844,(5.38)
C25_A02,equation,5.39,22,0.844,(5.39)
C25_A02,equation,5.40,22,0.844,(5.40)
C25_A02,equation,5.41,22,0.844,(5.41)
C25_A02,equation,5.42,23,0.844,(5.42)
C25_A02,equation,5.43,23,0.844,(5.43)
C25_A02,equation,5.44,23,0.844,(5.44)
C25_A02,equation,5.45,23,0.844,(5.45)
C25_A02,equation,5.46,23,0.844,(5.46)
C25_A02,equation,5.47,23,0.844,(5.47)
C25_A02,equation,5.48,23,0.844,(5.48)
C25_A02,equation,5.49,23,0.844,(5.49)
C25_A02,equation,5.50,23,0.844,(5.50)
C25_A02,equation,5.51,24,0.844,(5.51)
C25_A02,equation,5.52,24,0.844,(5.52)
C25_A02,equation,5.53,24,0.844,(5.53)
C25_A02,equation,5.54,24,0.844,(5.54)
C25_A02,equation,5.55,24,0.844,(5.55)
C25_A02,equation,5.56,24,0.844,(5.56)
C25_A02,equation,5.57,24,0.844,(5.57)
C25_A02,equation,5.58,24,0.844,(5.58)
C25_A02,equation,5.59,24,0.844,(5.59)
C25_A02,equation,5.60,24,0.844,(5.60)
C25_A02,equation,5.61,25,0.844,(5.61)
C25_A02,equation,5.62,25,0.844,(5.62)
C25_A02,equation,5.63,25,0.844,(5.63)
C25_A02,equation,5.64,25,0.844,(5.64)
C25_A02,equation,5.65,25,0.844,(5.65)
C25_A02,table,5.5,25,0.362,表5.5
C25_A02,table,5.6,26,0.394,表5.6
C25_A02,table,5.7,26,0.291,表5.7
C25_A02,equation,6.66,30,0.844,(6.66)
C25_A02,equation,6.67,31,0.844,(6.67)
C25_A02,equation,6.68,31,0.844,(6.68)
C25_A02,equation,6.69,31,0.844,(6.69)
C25_A02,equation,6.70,32,0.844,(6.70)
C25_A02,equation,6.71,32,0.844,(6.71)
C25_A02,table,6.8,33,0.364,表6.8
C25_A03,equation,1.1,9,0.854,(1.1)
C25_A03,equation,1.2,9,0.854,(1.2)
C25_A03,equation,1.3,9,0.854,(1.3)
C25_A03,equation,1.4,9,0.854,(1.4)
C25_A03,equation,1.5,9,0.854,(1.5)
C25_A03,equation,1.6,10,0.854,(1.6)
C25_A03,equation,1.7,10,0.854,(1.7)
C25_A03,equation,1.8,10,0.854,(1.8)
C25_A03,equation,1.9,10,0.854,(1.9)
C25_A03,table,1.1,11,0.364,表1.1
C25_A03,table,3.2,13,0.394,表3.2
C25_A03,table,3.3,13,0.384,表3.3
C25_A03,table,3.4,14,0.384,表3.4
C25_A03,table,3.5,14,0.384,表3.5
C25_A03,table,3.6,15,0.384,表3.6
C25_A03,table,3.7,16,0.384,表3.7
C25_A03,equation,4.10,18,0.844,(4.10)
C25_A03,equation,4.11,18,0.844,(4.11)
C25_A03,equation,4.12,19,0.844,(4.12)
C25_A03,equation,4.13,19,0.844,(4.13)
C25_A03,equation,4.14,19,0.844,(4.14)
C25_A03,equation,4.15,19,0.844,(4.15)
C25_A03,equation,4.16,20,0.844,(4.16)
C25_A03,equation,4.17,21,0.844,(4.17)
C25_A03,equation,4.18,21,0.844,(4.18)
C25_A03,equation,4.19,21,0.844,(4.19)
C25_A03,equation,4.20,21,0.844,(4.20)
C25_A03,equation,4.21,21,0.844,(4.21)
C25_A03,equation,4.22,21,0.844,(4.22)
C25_A03,equation,4.23,21,0.844,(4.23)
C25_A03,equation,4.24,22,0.844,(4.24)
C25_A03,equation,4.25,22,0.844,(4.25)
C25_A03,equation,4.26,22,0.844,(4.26)
C25_A03,equation,4.27,22,0.844,(4.27)
C25_A03,equation,4.28,23,0.844,(4.28)
C25_A03,equation,4.29,23,0.844,(4.29)
C25_A03,equation,4.30,23,0.844,(4.30)
C25_A03,equation,4.31,24,0.844,(4.31)
C25_A03,table,4.8,25,0.384,表4.8
C25_A03,equation,4.32,26,0.844,(4.32)
C25_A03,equation,4.33,26,0.844,(4.33)
C25_A03,equation,4.34,26,0.844,(4.34)
C25_A03,equation,4.35,27,0.844,(4.35)
C25_A03,equation,4.36,27,0.844,(4.36)
C25_A03,equation,4.37,27,0.844,(4.37)
C25_A03,equation,4.38,27,0.844,(4.38)
C25_A03,equation,4.39,27,0.844,(4.39)
C25_A03,equation,4.40,28,0.844,(4.40)
C25_A03,equation,4.41,29,0.844,(4.41)
C25_A03,equation,4.42,29,0.844,(4.42)
C25_A03,equation,4.43,30,0.844,(4.43)
C25_A03,equation,4.44,30,0.844,(4.44)
C25_A03,equation,4.45,30,0.844,(4.45)
C25_A03,equation,4.46,30,0.844,(4.46)
C25_A03,equation,1,32,0.781,(1)
C25_A03,equation,4.47,34,0.844,(4.47)
C25_A03,table,4.9,36,0.27,表4.9
C25_A03,table,4.10,38,0.34,表4.10
C25_A03,equation,5.48,41,0.844,(5.48)
C25_A03,equation,5.49,41,0.844,(5.49)
C25_A03,equation,5.50,42,0.844,(5.50)
C25_A03,equation,5.51,42,0.844,(5.51)
C25_A03,equation,5.52,42,0.844,(5.52)
C25_A03,equation,5.53,43,0.844,(5.53)
C25_A03,equation,5.54,43,0.844,(5.54)
C25_A03,equation,5.55,44,0.844,(5.55)
C25_A03,equation,5.56,44,0.844,(5.56)
C25_A03,equation,5.57,44,0.844,(5.57)
C25_A03,equation,5.58,45,0.844,(5.58)
C25_A03,equation,5.59,45,0.844,(5.59)
C25_A03,equation,5.60,47,0.844,(5.60)
C25_A03,equation,5.61,47,0.844,(5.61)
C25_A03,equation,5.62,50,0.844,(5.62)
C25_A03,equation,5.63,51,0.844,(5.63)
C25_A03,equation,5.64,51,0.844,(5.64)
C25_A03,equation,5.65,52,0.844,(5.65)
C25_A03,equation,5.66,52,0.844,(5.66)
C25_A03,equation,5.67,52,0.844,(5.67)
C25_A03,equation,5.68,52,0.844,(5.68)
C25_A03,equation,5.69,53,0.844,(5.69)
C25_A03,equation,5.70,54,0.844,(5.70)
C25_A03,table,5.11,57,0.349,表5.11
C25_A03,table,5.12,58,0.259,表5.12
C25_A03,table,5.13,60,0.319,表5.13
C25_A03,equation,6.71,63,0.844,(6.71)
C25_A03,equation,6.72,64,0.844,(6.72)
C25_A03,equation,6.73,64,0.844,(6.73)
C25_A03,equation,6.74,64,0.844,(6.74)
C25_A03,equation,6.75,64,0.844,(6.75)
C25_A03,equation,6.76,64,0.844,(6.76)
C25_A03,equation,6.77,64,0.844,(6.77)
C25_A03,equation,6.78,64,0.844,(6.78)
C25_A03,equation,6.79,65,0.844,(6.79)
C25_A03,equation,6.80,65,0.844,(6.80)
C25_A03,equation,6.81,67,0.844,(6.81)
C25_A03,equation,6.82,67,0.844,(6.82)
C25_A03,equation,6.83,67,0.844,(6.83)
C25_A03,equation,6.84,67,0.844,(6.84)
C25_A03,equation,6.85,67,0.844,(6.85)
C25_A03,equation,6.86,67,0.844,(6.86)
C25_A03,equation,6.87,67,0.844,(6.87)
C25_A03,equation,6.88,67,0.844,(6.88)
C25_A03,equation,6.89,67,0.844,(6.89)
C25_A03,equation,6.90,67,0.844,(6.90)
C25_A03,equation,6.91,67,0.844,(6.91)
C25_A03,equation,6.92,68,0.844,(6.92)
C25_A03,equation,6.93,68,0.844,(6.93)
C25_A03,equation,6.94,68,0.844,(6.94)
C25_A03,equation,6.95,68,0.844,(6.95)
C25_A03,equation,6.96,68,0.844,(6.96)
C25_A03,equation,6.97,68,0.844,(6.97)
C25_A03,equation,6.98,68,0.844,(6.98)
C25_A03,equation,6.99,68,0.844,(6.99)
C25_A03,equation,6.100,69,0.834,(6.100)
C25_A03,equation,6.101,69,0.834,(6.101)
C25_A03,equation,6.102,69,0.834,(6.102)
C25_A03,equation,6.103,69,0.834,(6.103)
C25_A03,equation,6.104,69,0.834,(6.104)
C25_A03,equation,6.105,70,0.834,(6.105)
C25_A03,equation,6.106,70,0.834,(6.106)
C25_A03,equation,6.107,70,0.834,(6.107)
C25_A03,equation,6.108,70,0.834,(6.108)
C25_A03,equation,6.109,70,0.834,(6.109)
C25_A03,equation,6.110,70,0.834,(6.110)
C25_A03,equation,6.111,70,0.834,(6.111)
C25_A03,equation,6.112,71,0.834,(6.112)
C25_A03,equation,6.113,71,0.834,(6.113)
C25_A03,equation,6.114,71,0.834,(6.114)
C25_A03,equation,6.115,72,0.834,(6.115)
C25_A03,equation,6.116,72,0.834,(6.116)
C25_A03,equation,6.117,73,0.834,(6.117)
C25_A03,equation,6.118,73,0.834,(6.118)
C25_A03,equation,6.119,73,0.834,(6.119)
C25_A03,equation,6.120,74,0.834,(6.120)
C25_A03,equation,6.121,74,0.834,(6.121)
C25_A03,equation,6.122,74,0.834,(6.122)
C25_A03,equation,6.123,74,0.834,(6.123)
C25_A03,equation,6.124,75,0.834,(6.124)
C25_A03,equation,6.125,75,0.834,(6.125)
C25_A03,equation,6.126,75,0.834,(6.126)
C25_A03,equation,6.127,76,0.834,(6.127)
C25_A03,equation,6.128,76,0.834,(6.128)
C25_A03,equation,6.129,76,0.834,(6.129)
C25_A03,equation,6.130,76,0.834,(6.130)
C25_A03,equation,6.131,79,0.834,(6.131)
C25_A03,table,6.14,81,0.288,表6.14
C25_A03,equation,7.132,84,0.834,(7.132)
C25_A03,equation,7.133,84,0.834,(7.133)
C25_A03,equation,7.134,85,0.834,(7.134)
C25_A03,equation,7.135,85,0.834,(7.135)
C25_A03,equation,7.136,86,0.834,(7.136)
C25_A03,equation,7.137,86,0.834,(7.137)
C25_A03,equation,7.138,86,0.834,(7.138)
C25_A03,equation,7.139,86,0.834,(7.139)
C25_A03,equation,7.140,86,0.834,(7.140)
C25_A03,equation,7.141,86,0.834,(7.141)
C25_A03,equation,7.142,87,0.834,(7.142)
C25_A04,table,1,9,0.447,表1 符号说明
C25_A04,table,1,13,0.367,表 1 Conv_Case0 模块化分析结果表
C25_A04,table,2,14,0.386,表 2 各算子平均入度和出度表
C25_A04,table,3,15,0.395,表 3 各算子平均节点大小表
C25_A04,equation,3-1,18,0.818,(3 −1) 
C25_A04,equation,3-2,18,0.818,(3 −2) 
C25_A04,equation,3-3,19,0.818,(3 −3) 
C25_A04,equation,3-4,19,0.818,(3 −4) 
C25_A04,equation,3-5,19,0.818,(3 −5) 
C25_A04,table,4,19,0.403,表 4 各贪心策略优势对比
C25_A04,equation,3-6,20,0.818,(3 −6) 
C25_A04,equation,3-7,20,0.818,(3 −7) 
C25_A04,equation,3-8,21,0.818,(3 −8) 
C25_A04,equation,3-9,21,0.818,(3 −9) 
C25_A04,equation,3-8,21,0.818,(3 −8)
C25_A04,table,5,22,0.422,表5 实验环境参数表
C25_A04,table,6,22,0.288,表6 各贪心算法策略求解结果表(单位:缓存容量bite)
C25_A04,table,7,26,0.319,表 7 模拟退火算法中六个算例的收敛特征分析表
C25_A04,table,8,27,0.273,表 8 GA/SA/TS 算法应用于FlashAttention_Case0 算子指标表
C25_A04,table,9,27,0.428,表 9 问题一结果表
C25_A04,table,10,28,0.39,表 10 三种算法的时间复杂度
C25_A04,table,11,32,0.399,表 11 遗传编程算法伪代码
C25_A04,equation,4-1,33,0.818,(4 −1) 
C25_A04,equation,4-2,33,0.818,(4 −2) 
C25_A04,equation,4-3,33,0.818,(4 −3) 
C25_A04,equation,4-4,33,0.818,(4 −4) 
C25_A04,equation,4-5,33,0.818,(4 −5) 
C25_A04,equation,4-6,33,0.818,(4 −6) 
C25_A04,equation,4-7,33,0.818,(4 −7) 
C25_A04,equation,4-8,33,0.818,(4 −8) 
C25_A04,equation,4-1,33,0.818,(4 −1)
C25_A04,equation,4-2,33,0.818,(4 −2)
C25_A04,equation,4-9,35,0.818,(4 −9) 
C25_A04,equation,4-10,35,0.807,(4 −10) 
C25_A04,equation,4-11,36,0.807,(4 −11) 
C25_A04,equation,4-12,36,0.807,(4 −12) 
C25_A04,table,12,39,0.375,表 12 SPILL 触发与对象选择规则
C25_A04,table,13,39,0.382,表 13 示例算子缓存分配规则表
C25_A04,table,14,40,0.374,表 14 各算例总额外搬运量结果表
C25_A04,equation,4-13,41,0.807,(4 −13) 
C25_A04,table,15,41,0.357,表 15 变邻域模拟退火算法求解结果表
C25_A04,table,16,41,0.407,表 16 问题二求解结果表
C25_A04,equation,5-1,44,0.818,(5 −1) 
C25_A04,equation,5-2,47,0.818,(5 −2) 
C25_A04,equation,5-2,47,0.818,(5 −2)
C25_A04,equation,5-3,48,0.818,(5 −3) 
C25_A04,equation,5-4,48,0.818,(5 −4) 
C25_A04,equation,5-5,48,0.818,(5 −5) 
C25_A04,equation,5-6,48,0.818,(5 −6) 
C25_A04,equation,5-7,49,0.818,(5 −7) 
C25_A04,equation,5-8,50,0.818,(5 −8) 
C25_A04,table,17,50,0.313,表 17 Conv-Case0 算例在不同分配策略下的对比表
C25_A04,table,18,50,0.396,表 18 GP 规则改进效果汇总
C25_A04,table,19,52,0.36,表 19 Conv_Case0 帕累托解指标汇总
C25_A04,table,20,53,0.365,表 20 多目标方法帕累托代表解汇总
C25_A04,table,21,53,0.382,表 21 各任务优化前后数据对比
C25_A04,table,22,53,0.42,表 22  问题三结果表
C25_B01,table,4.1,11,0.35,表4.1 按文件留一交叉验证的误差指标
C25_B01,table,5.1,26,0.438,表5.1 模型对比
C25_B02,table,1,6,0.397,表1 变量符号及其说明
C25_B02,equation,1,10,0.865,(1) 
C25_B02,equation,2,10,0.865,(2) 
C25_B02,equation,3,10,0.865,(3) 
C25_B02,equation,4,10,0.865,(4) 
C25_B02,equation,5,10,0.865,(5) 
C25_B02,equation,6,11,0.865,(6) 
C25_B02,equation,7,11,0.865,(7) 
C25_B02,equation,8,11,0.865,(8) 
C25_B02,equation,9,11,0.865,(9) 
C25_B02,equation,6,11,0.865,(6)
C25_B02,equation,10,12,0.854,(10) 
C25_B02,equation,11,12,0.854,(11) 
C25_B02,equation,11,13,0.854,(11) 
C25_B02,equation,12,13,0.854,(12) 
C25_B02,equation,13,13,0.854,(13) 
C25_B02,equation,14,13,0.854,(14) 
C25_B02,equation,15,13,0.854,(15) 
C25_B02,equation,16,13,0.854,(16) 
C25_B02,equation,17,13,0.854,(17) 
C25_B02,equation,18,13,0.854,(18) 
C25_B02,equation,12,13,0.854,(12)
C25_B02,equation,19,14,0.854,(19) 
C25_B02,equation,20,14,0.854,(20) 
C25_B02,table,3,15,0.148,"表3 总结了三个子数据集在150 轮迭代后的最终训练结果。可以看出,三个模型的损"
C25_B02,table,3,15,0.306,表3 三个子集拟合的损失函数值与优化参数
C25_B02,equation,21,21,0.854,(21) 
C25_B02,equation,22,21,0.854,(22) 
C25_B02,equation,23,21,0.854,(23) 
C25_B02,equation,24,21,0.854,(24) 
C25_B02,equation,23,21,0.854,(23)
C25_B02,equation,25,22,0.854,(25) 
C25_B02,equation,26,22,0.854,(26) 
C25_B02,equation,27,22,0.854,(27) 
C25_B02,equation,28,22,0.854,(28) 
C25_B02,equation,29,22,0.854,(29) 
C25_B02,equation,30,22,0.854,(30) 
C25_B02,equation,31,22,0.854,(31) 
C25_B02,equation,32,22,0.854,(32) 
C25_B02,equation,33,22,0.854,(33) 
C25_B02,equation,30,22,0.854,(30)
C25_B02,equation,34,23,0.773,(34)
C25_B02,equation,35,28,0.854,(35) 
C25_B02,equation,36,28,0.854,(36) 
C25_B02,equation,37,28,0.854,(37) 
C25_B02,table,5,28,0.367,表5 合并数据预处理前后大小
C25_B02,equation,38,29,0.854,(38) 
C25_B02,equation,39,29,0.854,(39) 
C25_B02,equation,40,29,0.854,(40) 
C25_B02,equation,41,29,0.854,(41) 
C25_B02,equation,41,29,0.854,(41)
C25_B02,equation,42,30,0.854,(42) 
C25_B02,equation,43,31,0.854,(43) 
C25_B02,equation,44,31,0.854,(44) 
C25_B02,equation,45,31,0.854,(45) 
C25_B02,equation,46,31,0.854,(46) 
C25_B02,equation,47,31,0.854,(47) 
C25_B02,equation,48,31,0.854,(48) 
C25_B02,equation,49,31,0.852,(𝟒𝟗) 
C25_B02,equation,48,31,0.854,(48)
C25_B02,equation,50,32,0.854,(50) 
C25_B02,equation,51,32,0.854,(51) 
C25_B02,equation,52,32,0.854,(52) 
C25_B02,equation,53,32,0.854,(53) 
C25_B02,equation,54,33,0.854,(54) 
C25_B02,equation,41,33,0.804,(41)
C25_B02,equation,55,35,0.854,(55) 
C25_B02,equation,56,35,0.854,(56) 
C25_B02,equation,57,35,0.854,(57) 
C25_B02,equation,58,36,0.854,(58) 
C25_B02,equation,59,36,0.854,(59) 
C25_B02,equation,60,36,0.854,(60) 
C25_B02,equation,61,36,0.854,(61) 
C25_B02,equation,62,36,0.854,(62) 
C25_B02,equation,63,36,0.854,(63) 
C25_B02,equation,64,36,0.854,(64) 
C25_B02,equation,65,36,0.854,(65) 
C25_B02,equation,66,36,0.854,(66) 
C25_B02,equation,59,36,0.854,(59)
C25_B02,equation,60,36,0.854,(60)
C25_B02,equation,67,37,0.854,(67) 
C25_B03,table,4-1,11,0.362,表4-1 notxbf_com_excels_f4 数据集分析
C25_B03,table,4-2,11,0.353,表4-2 notxbf_com_excels_f4 数据变量分析
C25_B03,table,4-1,17,0.372,表4-1 txbf_com_excels_f4 数据集分析
C25_B03,equation,5.1,24,0.854,(5.1) 
C25_B03,equation,5.2,24,0.854,(5.2) 
C25_B03,equation,5.3,24,0.854,(5.3) 
C25_B03,equation,5.4,25,0.854,(5.4) 
C25_B03,equation,5.5,25,0.854,(5.5) 
C25_B03,equation,5.6,25,0.854,(5.6) 
C25_B03,equation,5.7,25,0.854,(5.7) 
C25_B03,equation,5.8,25,0.854,(5.8) 
C25_B03,equation,5.9,26,0.854,(5.9) 
C25_B03,equation,5.10,26,0.844,(5.10) 
C25_B03,table,5-1,27,0.28,表5-1 HGBR 堆叠融合(ISO+HGBR)模型伪代码
C25_B03,equation,5.11,29,0.844,(5.11) 
C25_B03,equation,5.12,29,0.844,(5.12) 
C25_B03,equation,5.13,29,0.844,(5.13) 
C25_B03,equation,5.14,30,0.844,(5.14) 
C25_B03,table,5-2,30,0.37,表5-2 EESM 参数拟合结果(dB)
C25_B03,table,5-3,30,0.397,表5-3 模型拟合指标(dB)
C25_B03,table,5-4,30,0.374,表5-4 341c-f0d4-70be_0 预测结果
C25_B03,table,5-5,31,0.372,表5-5 bc98-2983-907b_0 预测结果
C25_B03,table,5-6,31,0.376,表5-6 d0c1-bfe4-18f0_0 预测结果
C25_B03,equation,6.1,35,0.854,(6.1) 
C25_B03,equation,6.2,35,0.854,(6.2) 
C25_B03,equation,6.3,35,0.854,(6.3) 
C25_B03,equation,6.4,36,0.854,(6.4) 
C25_B03,equation,6.5,36,0.854,(6.5) 
C25_B03,equation,6.6,36,0.854,(6.6) 
C25_B03,equation,6.7,37,0.854,(6.7) 
C25_B03,equation,6.8,37,0.854,(6.8) 
C25_B03,table,6-1,38,0.409,表6-1 问题二伪代码
C25_B03,table,6-2,39,0.388,表6-2 随机森林最优参数
C25_B03,table,6-3,39,0.348,表6-3 最优参数下的随机森林评价指标
C25_B03,table,6-4,41,0.322,表6-4 mac 地址为341c-f0d4-70be 的预测结果
C25_B03,table,6-5,41,0.32,表6-5 mac 地址为bc98-2983-907b 的预测结果
C25_B03,table,6-6,41,0.324,表6-6 mac 地址为d0c1-bfe4-18f0 的预测结果
C25_B03,equation,7.1,44,0.854,(7.1) 
C25_B03,equation,7.2,45,0.854,(7.2) 
C25_B03,equation,7.3,45,0.854,(7.3) 
C25_B03,equation,7.4,45,0.854,(7.4) 
C25_B03,equation,7.5,45,0.854,(7.5) 
C25_B03,equation,7.6,45,0.854,(7.6) 
C25_B03,equation,7.7,46,0.854,(7.7) 
C25_B03,equation,7.8,46,0.854,(7.8) 
C25_B03,equation,7.9,47,0.854,(7.9) 
C25_B03,equation,7.10,47,0.844,(7.10) 
C25_B03,table,7-1,47,0.427,表7-1 HGBR 相关配置
C25_B03,equation,7.11,48,0.844,(7.11) 
C25_B03,table,7-2,48,0.333,表7-2 三种模型性能指标(组内交叉验证时)
C25_B03,table,7-3,51,0.323,表7-3 mac 地址为341c-f0d4-70be 的预测结果
C25_B03,table,7-4,51,0.321,表7-4 mac 地址为508e-4963-d5dc 的预测结果
C25_B03,table,7-5,52,0.321,表7-5 mac 地址为508e-4963-e122 的预测结果
C25_B03,table,7-6,52,0.321,表7-6 mac 地址为bc98-2983-907b 的预测结果
C25_B03,table,7-7,53,0.325,表7-7 mac 地址为d0c1-bfe4-18f0 的预测结果
C25_B03,table,7-8,53,0.325,表7-8 mac 地址为fc02-9668-e2fd 的预测结果
C25_C01,table,1,8,0.418,表1 本文的符号说明
C25_C01,equation,1-1,9,0.846,(1-1)
C25_C01,equation,1-2,9,0.853,(1-2)
C25_C01,equation,1-3,10,0.84,(1-3)
C25_C01,equation,1-4,10,0.838,(1-4)
C25_C01,equation,1-5,10,0.84,(1-5)
C25_C01,table,2,10,0.427,表2 变量解释表格
C25_C01,equation,1-6,11,0.839,(1-6)
C25_C01,equation,1-7,12,0.829,(1-7)
C25_C01,equation,1-8,12,0.828,(1-8)
C25_C01,equation,1-9,12,0.839,(1-9)
C25_C01,table,3,12,0.383,表3 参数评价指标含义说明表
C25_C01,equation,1-10,13,0.836,(1-10)
C25_C01,equation,1-11,13,0.842,(1-11)
C25_C01,equation,1-12,13,0.829,(1-12)
C25_C01,equation,1-13,13,0.841,(1-13)
C25_C01,equation,1-14,13,0.839,(1-14)
C25_C01,equation,1-15,13,0.84,(1-15)
C25_C01,equation,1-16,13,0.836,(1-16)
C25_C01,equation,1-17,13,0.838,(1-17)
C25_C01,equation,1-18,15,0.837,(1-18)
C25_C01,equation,1-19,15,0.837,(1-19)
C25_C01,equation,1-20,15,0.835,(1-20)
C25_C01,equation,1-21,15,0.833,(1-21)
C25_C01,equation,1-22,15,0.833,(1-22)
C25_C01,equation,1-23,16,0.833,(1-23)
C25_C01,equation,1-24,16,0.83,(1-24)
C25_C01,equation,1-25,17,0.829,(1-25)
C25_C01,table,4,18,0.366,表4 模型性能评价指标对比表
C25_C01,equation,2-1,19,0.838,(2-1)
C25_C01,equation,2-2,20,0.827,(2-2)
C25_C01,equation,2-3,20,0.829,(2-3)
C25_C01,equation,2-4,20,0.825,(2-4)
C25_C01,equation,2-5,20,0.828,(2-5)
C25_C01,equation,2-6,20,0.833,(2-6)
C25_C01,equation,2-7,22,0.838,(2-7)
C25_C01,table,5,25,0.334,表5 “正弦状”裂隙的定量分析建模结果汇总
C25_C01,table,6,26,0.417,表6 关键参数统计
C25_C01,equation,3-1,28,0.811,（3-1）
C25_C01,equation,3-2,28,0.812,（3-2）
C25_C01,equation,3-3,28,0.806,（3-3）
C25_C01,equation,3-4,28,0.813,（3-4）
C25_C01,equation,3-5,28,0.814,（3-5）
C25_C01,equation,3-6,29,0.814,（3-6）
C25_C01,equation,3-7,29,0.816,（3-7）
C25_C01,equation,3-8,29,0.814,（3-8）
C25_C01,equation,3-9,29,0.81,（3-9）
C25_C01,equation,3-10,29,0.803,（3-10）
C25_C01,equation,3-11,30,0.806,（3-11）
C25_C01,equation,3-12,30,0.807,（3-12）
C25_C01,equation,3-13,30,0.817,（3-13）
C25_C01,equation,3-14,30,0.82,（3-14）
C25_C01,equation,3-15,31,0.801,（3-15）
C25_C01,equation,3-16,31,0.8,（3-16）
C25_C01,equation,3-17,31,0.804,（3-17）
C25_C01,table,4,33,0.107,表4 记录的附件三中各裂隙表征参数和最终JRC 值。
C25_C01,table,7,33,0.408,表7 各裂隙最终JRC 值
C25_C01,equation,4-1,35,0.823,(4-1)
C25_C01,equation,4-2,35,0.823,(4-2)
C25_C01,table,8,35,0.387,表8 深度偏移提取规则表
C25_C01,equation,4-3,36,0.837,(4-3)
C25_C01,equation,4-4,36,0.837,(4-4)
C25_C01,equation,4-5,36,0.839,(4-5)
C25_C01,equation,4-6,36,0.835,(4-6)
C25_C01,equation,4-7,36,0.836,(4-7)
C25_C01,equation,4-8,37,0.833,(4-8)
C25_C01,equation,4-9,37,0.838,(4-9)
C25_C01,equation,4-10,37,0.823,(4-10)
C25_C01,equation,4-11,37,0.821,(4-11)
C25_C01,equation,4-12,37,0.818,(4-12)
C25_C01,equation,4-13,38,0.815,(4-13)
C25_C01,equation,4-14,38,0.816,(4-14)
C25_C01,equation,4-15,38,0.815,(4-15)
C25_C01,equation,4-16,38,0.814,(4-16)
C25_C01,equation,4-17,38,0.829,(4-17)
C25_C01,equation,4-18,39,0.822,(4-18)
C25_C01,equation,4-19,39,0.822,(4-19)
C25_C01,table,9,39,0.319,表9 JRC 与裂隙延伸阻力的非线性关系表
C25_C01,equation,4-20,40,0.824,(4-20)
C25_C01,equation,4-21,40,0.821,(4-21)
C25_C01,equation,4-22,40,0.809,(4-22)
C25_C01,table,10,41,0.351,表10 等级划分规则及工程意义表
C25_C01,equation,4-23,43,0.837,(4-23)
C25_C01,equation,4-24,43,0.824,(4-24)
C25_C01,equation,4-25,44,0.825,(4-25)
C25_C01,table,11,44,0.362,表11 不确定性区域划分规则表
C25_C01,table,12,44,0.412,表12 各层次要素表
C25_C01,equation,4-26,45,0.814,(4-26)
C25_C01,equation,4-27,45,0.811,(4-27)
C25_C01,equation,4-28,45,0.823,(4-28)
C25_C01,equation,4-29,45,0.816,(4-29)
C25_C01,equation,4-30,45,0.814,(4-30)
C25_C01,equation,4-31,46,0.836,(4-31)
C25_C01,equation,4-32,46,0.834,(4-32)
C25_C01,equation,4-33,46,0.818,(4-33)
C25_C01,equation,4-34,46,0.818,(4-34)
C25_C01,equation,4-35,46,0.818,(4-35)
C25_C01,equation,4-36,46,0.821,(4-36)
C25_C01,equation,4-37,47,0.818,(4-37)
C25_C01,equation,4-38,47,0.816,(4-38)
C25_C01,equation,4-39,47,0.81,(4-39)
C25_C01,equation,4-40,47,0.813,(4-40)
C25_C01,equation,4-41,47,0.812,(4-41)
C25_C02,table,1,29,0.351,表1
C25_C02,table,2,30,0.291,表2
C25_C02,table,3,36,0.311,表3
C25_C02,table,4,38,0.382,表4
C25_C02,table,5,46,0.382,表5
C25_C02,table,6,46,0.412,表6
C25_C02,table,7,47,0.402,表7
C25_C02,table,8,48,0.287,表8
C25_C03,table,1,6,0.412,表1
C25_C03,equation,1,9,0.857,(1)
C25_C03,equation,2,9,0.857,(2)
C25_C03,equation,3,9,0.857,(3)
C25_C03,equation,4,10,0.857,(4)
C25_C03,equation,5,11,0.857,(5)
C25_C03,equation,6,11,0.857,(6)
C25_C03,equation,7,11,0.857,(7)
C25_C03,equation,8,11,0.857,(8)
C25_C03,equation,9,14,0.857,(9)
C25_C03,equation,10,16,0.847,(10)
C25_C03,equation,11,16,0.848,(11)
C25_C03,equation,12,17,0.847,(12)
C25_C03,equation,13,17,0.847,(13)
C25_C03,equation,14,18,0.847,(14)
C25_C03,equation,15,18,0.847,(15)
C25_C03,equation,16,18,0.847,(16)
C25_C03,equation,17,18,0.847,(17)
C25_C03,equation,18,18,0.847,(18)
C25_C03,equation,19,18,0.847,(19)
C25_C03,equation,20,18,0.847,(20)
C25_C03,equation,21,19,0.847,(21)
C25_C03,equation,22,19,0.847,(22)
C25_C03,equation,23,19,0.847,(23)
C25_C03,equation,24,19,0.847,(24)
C25_C03,equation,25,19,0.847,(25)
C25_C03,equation,26,20,0.847,(26)
C25_C03,equation,27,20,0.847,(27)
C25_C03,equation,28,20,0.847,(28)
C25_C03,equation,29,20,0.847,(29)
C25_C03,equation,30,20,0.847,(30)
C25_C03,table,2,21,0.392,表2
C25_C03,table,3,21,0.432,表3
C25_C03,table,4,22,0.432,表4
C25_C03,equation,31,26,0.847,(31)
C25_C03,table,5,26,0.24,表5
C25_C03,equation,32,28,0.847,(32)
C25_C03,equation,33,28,0.847,(33)
C25_C03,equation,34,29,0.847,(34)
C25_C03,equation,35,29,0.847,(35)
C25_C03,equation,36,33,0.847,(36)
C25_C03,equation,37,34,0.847,(37)
C25_C03,equation,38,34,0.847,(38)
C25_C03,equation,39,34,0.847,(39)
C25_C03,equation,40,34,0.847,(40)
C25_C03,equation,41,34,0.847,(41)
C25_C03,equation,42,34,0.847,(42)
C25_C03,table,6,37,0.402,表6
C25_C03,equation,43,40,0.847,(43)
C25_C03,table,7,40,0.291,表7
C25_C03,equation,44,41,0.847,(44)
C25_C03,equation,45,41,0.847,(45)
C25_C03,equation,46,42,0.847,(46)
C25_C03,equation,47,42,0.847,(47)
C25_C03,equation,48,42,0.847,(48)
C25_C03,equation,49,42,0.847,(49)
C25_C03,equation,50,42,0.847,(50)
C25_C03,equation,51,42,0.847,(51)
C25_C03,equation,52,44,0.847,(52)
C25_C03,equation,53,44,0.847,(53)
C25_C03,equation,54,44,0.847,(54)
C25_C03,equation,55,44,0.847,(55)
C25_C03,equation,56,45,0.847,(56)
C25_C03,equation,57,45,0.847,(57)
C25_C03,equation,58,46,0.847,(58)
C25_C03,equation,59,46,0.847,(59)
C25_C03,table,8,50,0.296,表8
C25_C03,table,9,53,0.291,表9
C25_C03,table,10,55,0.369,表10
C25_C03,equation,60,56,0.847,(60)
C25_C03,equation,61,57,0.847,(61)
C25_C03,equation,62,57,0.847,(62)
C25_C03,equation,63,57,0.847,(63)
C25_C03,equation,64,57,0.847,(64)
C25_C03,equation,65,57,0.847,(65)
C25_C03,equation,66,57,0.847,(66)
C25_C03,table,11,59,0.397,表11
C25_C03,equation,67,61,0.847,(67)
C25_C03,equation,68,61,0.847,(68)
C25_C03,equation,69,61,0.847,(69)
C25_C03,equation,70,62,0.847,(70)
C25_C03,equation,71,62,0.847,(71)
C25_C03,equation,72,62,0.847,(72)
C25_C03,equation,73,62,0.847,(73)
C25_C03,table,12,64,0.397,表12
C25_C03,table,13,68,0.427,表13
C25_C04,equation,1.1,11,0.854,(1.1) 
C25_C04,equation,1.2,11,0.854,(1.2) 
C25_C04,equation,1.3,11,0.854,(1.3) 
C25_C04,equation,1.4,11,0.854,(1.4) 
C25_C04,equation,1.5,11,0.854,(1.5) 
C25_C04,equation,1.6,11,0.854,(1.6) 
C25_C04,equation,1.7,12,0.854,(1.7) 
C25_C04,equation,1.8,12,0.854,(1.8) 
C25_C04,equation,1.9,12,0.854,(1.9) 
C25_C04,equation,1.10,12,0.844,(1.10) 
C25_C04,equation,1.11,12,0.845,(1.11) 
C25_C04,equation,1.12,12,0.844,(1.12) 
C25_C04,equation,1.13,12,0.844,(1.13) 
C25_C04,equation,1.14,12,0.844,(1.14) 
C25_C04,equation,1.15,13,0.844,(1.15) 
C25_C04,equation,1.16,13,0.844,(1.16) 
C25_C04,equation,1.17,13,0.844,(1.17) 
C25_C04,equation,1.18,13,0.844,(1.18) 
C25_C04,equation,1.19,13,0.844,(1.19) 
C25_C04,equation,1.20,13,0.844,(1.20) 
C25_C04,equation,1.21,13,0.844,(1.21) 
C25_C04,equation,1.22,14,0.844,(1.22) 
C25_C04,equation,1.23,14,0.844,(1.23) 
C25_C04,equation,1.24,14,0.844,(1.24) 
C25_C04,equation,1.25,14,0.844,(1.25) 
C25_C04,equation,1.26,14,0.844,(1.26) 
C25_C04,equation,1.27,14,0.844,(1.27) 
C25_C04,equation,1.28,14,0.844,(1.28) 
C25_C04,equation,1.29,15,0.844,(1.29) 
C25_C04,equation,1.30,15,0.844,(1.30) 
C25_C04,equation,1.31,15,0.844,(1.31) 
C25_C04,equation,1.32,15,0.844,(1.32) 
C25_C04,equation,1.33,16,0.844,(1.33) 
C25_C04,equation,1.34,16,0.844,(1.34) 
C25_C04,equation,1.35,16,0.844,(1.35) 
C25_C04,equation,1.36,17,0.844,(1.36) 
C25_C04,equation,1.37,17,0.844,(1.37) 
C25_C04,equation,1.38,17,0.844,(1.38) 
C25_C04,table,4-4-1,40,0.34,表4-4-1 不同预处理算法的性能比较
C25_C04,equation,2.1,46,0.854,(2.1) 
C25_C04,equation,2.2,47,0.854,(2.2) 
C25_C04,equation,2.3,47,0.854,(2.3) 
C25_C04,table,5-3-1,50,0.299,表5-3-1 “正弦状”裂隙的定量分析建模结果
C25_C04,table,5-3-2,52,0.299,表5-3-2 “正弦状”裂隙的定量分析建模结果
C25_C04,table,5-3-3,54,0.299,表5-3-3 “正弦状”裂隙的定量分析建模结果
C25_C04,table,5-3-4,54,0.289,表5-3-4 “正弦状”裂隙定量分析建模结果汇总
C25_C04,equation,3,56,0.809,(3)
C25_C04,equation,3.1,57,0.854,(3.1) 
C25_C04,equation,3.2,57,0.854,(3.2) 
C25_C04,equation,3.3,57,0.854,(3.3) 
C25_C04,equation,3.4,58,0.854,(3.4) 
C25_C04,equation,3.5,58,0.854,(3.5) 
C25_C04,equation,3.6,58,0.854,(3.6) 
C25_C04,equation,3.7,58,0.854,(3.7) 
C25_C04,equation,3.8,59,0.854,(3.8) 
C25_C04,equation,3.9,59,0.854,(3.9) 
C25_C04,equation,3.10,59,0.844,(3.10) 
C25_C04,table,6-3-1,61,0.33,表6-3-1 复杂裂隙的定量分析建模结果
C25_C04,table,6-3-2,63,0.33,表6-3-2 复杂裂隙的定量分析建模结果
C25_C04,table,6-3-3,64,0.33,表6-3-3 复杂裂隙的定量分析建模结果
C25_C04,equation,4.1,65,0.854,(4.1) 
C25_C04,table,6-4-1,73,0.282,表6-4-1 JRC 值与裂隙的最大宽度、平均宽度关系
C25_C04,table,6-4-2,73,0.282,表6-4-2 JRC 值与裂隙的最大宽度、平均宽度关系
C25_C04,table,6-4-3,74,0.147,表6-4-3 反映了附件3 图3-3 中JRC 值与裂隙宽度的关系。
C25_C04,table,6-4-3,74,0.282,表6-4-3 JRC 值与裂隙的最大宽度、平均宽度关系
C25_C04,table,6-5-1,75,0.309,表6-5-1 复杂裂隙的定量分析建模结果汇总
C25_C04,equation,4.2,77,0.854,(4.2) 
C25_C04,equation,4.3,78,0.854,(4.3) 
C25_C04,equation,4.4,78,0.854,(4.4) 
C25_C04,equation,4.5,78,0.854,(4.5) 
C25_C04,equation,4.6,78,0.854,(4.6) 
C25_C04,equation,4.7,79,0.854,(4.7) 
C25_C04,equation,4.8,79,0.854,(4.8) 
C25_C04,equation,4.9,79,0.854,(4.9) 
C25_C04,equation,4.10,80,0.844,(4.10) 
C25_C04,equation,4.11,80,0.845,(4.11) 
C25_C04,equation,4.12,80,0.844,(4.12) 
C25_C04,equation,4.13,80,0.844,(4.13) 
C25_C04,equation,4.14,81,0.844,(4.14) 
C25_C04,equation,4.15,81,0.844,(4.15) 
C25_C04,equation,4.16,81,0.844,(4.16) 
C25_C04,table,7-3-1,82,0.38,表7-3-1 二维平面表征数据
C25_C04,table,7-3-2,84,0.358,表7-3-2 转化完成的三维平面表征数据
C25_C04,table,7-3-3,86,0.325,表7-3-3 角度连通概率最高的10 对裂隙
C25_C04,table,7-3-4,87,0.325,表7-3-4 距离连通概率最高的10 对裂隙
C25_C04,table,7-3-5,88,0.325,表7-3-5 综合连通概率最高的10 对裂隙
C25_C05,table,2-1,8,0.428,表2-1 符号说明表
C25_C05,equation,3-1,15,0.808,(3-1) 
C25_C05,equation,3-2,16,0.808,(3-2) 
C25_C05,equation,3-3,16,0.808,(3-3) 
C25_C05,equation,3-4,16,0.808,(3-4) 
C25_C05,equation,3-5,17,0.808,(3-5) 
C25_C05,equation,3-6,17,0.808,(3-6) 
C25_C05,equation,3-7,17,0.808,(3-7) 
C25_C05,equation,3-8,17,0.808,(3-8) 
C25_C05,equation,3-9,17,0.808,(3-9) 
C25_C05,equation,3-10,20,0.798,(3-10) 
C25_C05,equation,3-11,20,0.799,(3-11) 
C25_C05,equation,3-12,21,0.798,(3-12) 
C25_C05,equation,3-13,21,0.798,(3-13) 
C25_C05,equation,3-14,22,0.798,(3-14) 
C25_C05,equation,3-15,22,0.798,(3-15) 
C25_C05,equation,3-16,23,0.798,(3-16) 
C25_C05,equation,3-17,24,0.798,(3-17) 
C25_C05,equation,3-18,24,0.798,(3-18) 
C25_C05,equation,3-19,24,0.798,(3-19) 
C25_C05,equation,3-20,24,0.798,(3-20) 
C25_C05,equation,3-21,25,0.798,(3-21) 
C25_C05,equation,3-22,26,0.798,(3-22) 
C25_C05,equation,3-23,26,0.798,(3-23) 
C25_C05,table,3-1,28,0.336,表3-1:两种模型性能的定量评估指标对比
C25_C05,table,3-2,29,0.3,表3-2:三种不同输入模型性能的定量评估指标对比
C25_C05,equation,4-1,33,0.808,(4-1) 
C25_C05,equation,4-2,33,0.808,(4-2) 
C25_C05,equation,4-3,34,0.808,(4-3) 
C25_C05,equation,4-4,35,0.808,(4-4) 
C25_C05,table,4-1,38,0.243,表4-1 “正弦状”裂隙的定量分析建模结果汇总(完整表在附录)
C25_C05,equation,5-1,42,0.808,(5-1) 
C25_C05,equation,5-2,42,0.808,(5-2) 
C25_C05,equation,5-3,43,0.808,(5-3) 
C25_C05,equation,5-4,43,0.808,(5-4) 
C25_C05,equation,5-5,43,0.808,(5-5) 
C25_C05,equation,5-6,43,0.808,(5-6) 
C25_C05,equation,5-7,46,0.808,(5-7) 
C25_C05,equation,5-8,46,0.808,(5-8) 
C25_C05,table,5-1,47,0.265,表5-1 三种采样方法对巴顿标准轮廓线的JRC 计算结果对比
C25_C05,table,5-2,48,0.269,表5-2 复杂裂隙的定量分析建模结果汇总(完整表在附录)
C25_C05,equation,6-1,53,0.808,(6-1) 
C25_C05,equation,6-2,53,0.808,(6-2) 
C25_C05,equation,6-3,53,0.808,(6-3) 
C25_C05,equation,6-4,54,0.808,(6-4) 
C25_C05,equation,6-5,54,0.808,(6-5) 
C25_C05,equation,6-6,54,0.808,(6-6) 
C25_C05,equation,6-7,54,0.808,(6-7) 
C25_C05,equation,6-8,54,0.808,(6-8) 
C25_C05,equation,6-9,55,0.808,(6-9) 
C25_C05,equation,6-10,55,0.798,(6-10) 
C25_C05,equation,6-11,55,0.799,(6-11) 
C25_C05,equation,6-12,55,0.798,(6-12) 
C25_C05,equation,6-13,55,0.798,(6-13) 
C25_C05,equation,6-14,57,0.798,(6-14) 
C25_C05,equation,6-15,57,0.798,(6-15) 
C25_C05,equation,6-16,58,0.798,(6-16) 
C25_C05,equation,6-17,58,0.798,(6-17) 
C25_C05,equation,6-18,59,0.798,(6-18) 
C25_C05,equation,6-19,59,0.798,(6-19) 
C25_C05,table,6-1,60,0.349,表6-1 关键连通裂隙对的定量评估结果
C25_D01,table,1,14,0.362,表1 随机森林与XGBoost 特点对比
C25_D01,table,2,24,0.368,表2 数值天气预报数据结构表
C25_D01,table,3,31,0.308,表3 标准尺度新型湍流强度场的生成流程图
C25_D01,table,4,32,0.386,表4 最优航迹运行过程表
C25_D01,table,5,38,0.419,表5 模型e 最优路径
C25_D02,equation,6.1,10,0.854,(6.1)
C25_D02,table,6.1,12,0.354,表6.1
C25_D02,table,6.2,13,0.374,表6.2
C25_D02,equation,6.2,14,0.854,(6.2)
C25_D02,equation,6.3,14,0.854,(6.3)
C25_D02,equation,6.4,14,0.854,(6.4)
C25_D02,equation,6.5,14,0.854,(6.5)
C25_D02,equation,2,14,0.803, (2)
C25_D02,equation,6.6,16,0.854,(6.6)
C25_D02,equation,6.7,16,0.854,(6.7)
C25_D02,equation,6.8,16,0.854,(6.8)
C25_D02,equation,6.9,16,0.854,(6.9)
C25_D02,equation,6.10,17,0.844,(6.10)
C25_D02,equation,6.11,17,0.844,(6.11)
C25_D02,equation,6.12,17,0.844,(6.12)
C25_D02,equation,6.13,17,0.844,(6.13)
C25_D02,equation,6.14,18,0.844,(6.14)
C25_D02,equation,6.15,18,0.844,(6.15)
C25_D02,equation,6.16,19,0.844,(6.16)
C25_D02,equation,6.17,19,0.844,(6.17)
C25_D02,equation,6.18,19,0.844,(6.18)
C25_D02,equation,6.19,20,0.844,(6.19)
C25_D02,equation,6.20,21,0.844,(6.20)
C25_D02,equation,6.21,21,0.844,(6.21)
C25_D02,table,6.3,24,0.404,表6.3
C25_D02,table,6.4,25,0.364,表6.4
C25_D02,table,6.5,25,0.34,表6.5
C25_D02,equation,7.22,28,0.844,(7.22)
C25_D02,equation,7.23,28,0.844,(7.23)
C25_D02,equation,7.24,28,0.844,(7.24)
C25_D02,equation,7.25,28,0.844,(7.25)
C25_D02,equation,7.26,28,0.844,(7.26)
C25_D02,equation,7.27,29,0.844,(7.27)
C25_D02,equation,7.28,29,0.844,(7.28)
C25_D02,equation,7.29,29,0.844,(7.29)
C25_D02,equation,7.30,30,0.844,(7.30)
C25_D02,equation,7.31,30,0.844,(7.31)
C25_D02,equation,7.32,30,0.844,(7.32)
C25_D02,equation,7.33,30,0.844,(7.33)
C25_D02,equation,7.34,30,0.844,(7.34)
C25_D02,equation,7.35,31,0.844,(7.35)
C25_D02,equation,7.36,32,0.844,(7.36)
C25_D02,equation,7.37,32,0.844,(7.37)
C25_D02,equation,7.38,32,0.844,(7.38)
C25_D02,equation,7.39,32,0.844,(7.39)
C25_D02,equation,7.40,33,0.844,(7.40)
C25_D02,equation,7.41,33,0.844,(7.41)
C25_D02,equation,7.42,33,0.844,(7.42)
C25_D02,equation,7.43,34,0.844,(7.43)
C25_D02,equation,7.44,34,0.844,(7.44)
C25_D02,equation,7.45,34,0.844,(7.45)
C25_D02,equation,7.46,34,0.844,(7.46)
C25_D02,equation,7.47,34,0.844,(7.47)
C25_D02,equation,7.48,35,0.844,(7.48)
C25_D02,equation,7.49,36,0.844,(7.49)
C25_D02,equation,7.50,36,0.844,(7.50)
C25_D02,equation,7.51,37,0.844,(7.51)
C25_D02,equation,7.52,37,0.844,(7.52)
C25_D02,equation,7.53,37,0.844,(7.53)
C25_D02,equation,7.54,37,0.844,(7.54)
C25_D02,equation,7.55,37,0.844,(7.55)
C25_D02,equation,7.56,37,0.844,(7.56)
C25_D02,equation,7.57,38,0.844,(7.57)
C25_D02,equation,7.58,38,0.844,(7.58)
C25_D02,equation,7.59,38,0.844,(7.59)
C25_D02,equation,7.60,38,0.844,(7.60)
C25_D02,equation,7.61,38,0.844,(7.61)
C25_D02,table,7.6,38,0.364,表7.6
C25_D02,equation,7.62,39,0.844,(7.62)
C25_D02,table,7.7,39,0.324,表7.7
C25_D02,table,7.8,39,0.374,表7.8
C25_D02,table,7.9,40,0.374,表7.9
C25_D02,table,7.10,40,0.33,表7.10
C25_D02,equation,7.63,41,0.844,(7.63)
C25_D02,equation,7.64,41,0.844,(7.64)
C25_D02,table,7.11,41,0.321,表7.11
C25_D02,equation,7.65,42,0.844,(7.65)
C25_D02,equation,7.66,42,0.844,(7.66)
C25_D02,equation,7.67,42,0.844,(7.67)
C25_D02,equation,7.68,42,0.844,(7.68)
C25_D02,equation,7.69,43,0.844,(7.69)
C25_D02,equation,7.70,43,0.844,(7.70)
C25_D02,equation,7.71,43,0.844,(7.71)
C25_D02,equation,7.72,43,0.844,(7.72)
C25_D02,equation,7.73,43,0.844,(7.73)
C25_D02,equation,7.74,43,0.844,(7.74)
C25_D02,equation,7.75,43,0.844,(7.75)
C25_D02,equation,7.76,44,0.844,(7.76)
C25_D02,equation,7.77,44,0.844,(7.77)
C25_D02,equation,7.78,44,0.844,(7.78)
C25_D02,equation,7.79,44,0.844,(7.79)
C25_D02,equation,7.80,44,0.844,(7.80)
C25_D02,equation,7.81,45,0.844,(7.81)
C25_D02,equation,7.82,45,0.844,(7.82)
C25_D02,equation,7.83,45,0.844,(7.83)
C25_D02,equation,7.84,45,0.844,(7.84)
C25_D02,equation,7.85,45,0.844,(7.85)
C25_D02,equation,7.86,46,0.844,(7.86)
C25_D02,table,7.12,47,0.335,表7.12
C25_D02,equation,8.87,48,0.844,(8.87)
C25_D02,equation,8.88,48,0.844,(8.88)
C25_D02,table,8.13,48,0.349,表8.13
C25_D02,table,8.14,49,0.339,表8.14
C25_D02,equation,8.89,51,0.844,(8.89)
C25_D02,equation,8.90,51,0.844,(8.90)
C25_D02,equation,8.91,51,0.844,(8.91)
C25_D02,equation,8.92,51,0.844,(8.92)
C25_D02,equation,8.93,51,0.844,(8.93)
C25_D02,equation,8.94,52,0.844,(8.94)
C25_D02,equation,8.95,52,0.844,(8.95)
C25_D02,equation,8.96,52,0.844,(8.96)
C25_D02,equation,8.97,52,0.844,(8.97)
C25_D02,equation,8.98,52,0.844,(8.98)
C25_D02,table,8.15,53,0.319,表8.15
C25_D02,equation,8.99,55,0.844,(8.99)
C25_D02,equation,8.100,56,0.834,(8.100)
C25_D02,equation,8.101,56,0.834,(8.101)
C25_D02,equation,8.102,56,0.834,(8.102)
C25_D02,equation,8.103,56,0.834,(8.103)
C25_D02,equation,8.104,56,0.834,(8.104)
C25_D02,equation,8.105,56,0.834,(8.105)
C25_D02,equation,8.106,57,0.834,(8.106)
C25_D02,equation,8.107,57,0.834,(8.107)
C25_D02,equation,8.108,57,0.834,(8.108)
C25_D02,equation,8.109,57,0.834,(8.109)
C25_D02,equation,8.110,57,0.834,(8.110)
C25_D02,equation,6.121,57,0.834,(6.121)
C25_D02,equation,6.122,57,0.834,(6.122)
C25_D02,equation,6.123,57,0.834,(6.123)
C25_D02,equation,8.111,58,0.834,(8.111)
C25_D02,equation,8.112,58,0.834,(8.112)
C25_D02,equation,8.113,58,0.834,(8.113)
C25_D02,equation,8.114,58,0.834,(8.114)
C25_D02,equation,8.115,58,0.834,(8.115)
C25_D02,equation,8.116,58,0.834,(8.116)
C25_D02,equation,8.117,59,0.834,(8.117)
C25_D02,equation,8.118,59,0.834,(8.118)
C25_D02,equation,8.119,59,0.834,(8.119)
C25_D02,equation,8.120,59,0.834,(8.120)
C25_D02,equation,8.121,59,0.834,(8.121)
C25_D02,equation,8.122,59,0.834,(8.122)
C25_D02,equation,8.123,60,0.834,(8.123)
C25_D02,equation,8.124,60,0.834,(8.124)
C25_D02,equation,8.125,60,0.834,(8.125)
C25_D02,equation,8.126,60,0.834,(8.126)
C25_D02,equation,8.127,60,0.834,(8.127)
C25_D02,table,8.16,60,0.335,表8.16
C25_E01,table,4.8,1,0.107,表4.8)并对其的进行可视化分析。
C25_E01,table,2.1,7,0.364,表2.1
C25_E01,table,3.1,8,0.414,表3.1
C25_E01,table,4.1,13,0.354,表4.1
C25_E01,equation,4.1,14,0.854,(4.1)
C25_E01,equation,4.2,14,0.854,(4.2)
C25_E01,equation,4.3,14,0.854,(4.3)
C25_E01,equation,4.4,14,0.854,(4.4)
C25_E01,equation,4.5,15,0.854,(4.5)
C25_E01,equation,4.6,16,0.854,(4.6)
C25_E01,equation,4.7,19,0.854,(4.7)
C25_E01,equation,4.8,19,0.854,(4.8)
C25_E01,equation,4.9,19,0.854,(4.9)
C25_E01,table,4.2,19,0.384,表4.2
C25_E01,equation,4.10,20,0.844,(4.10)
C25_E01,equation,4.11,20,0.845,(4.11)
C25_E01,equation,4.12,20,0.844,(4.12)
C25_E01,equation,4.13,20,0.844,(4.13)
C25_E01,equation,4.14,20,0.844,(4.14)
C25_E01,equation,4.15,20,0.844,(4.15)
C25_E01,equation,4.16,20,0.844,(4.16)
C25_E01,equation,4.17,20,0.844,(4.17)
C25_E01,equation,4.18,20,0.844,(4.18)
C25_E01,equation,4.19,20,0.844,(4.19)
C25_E01,equation,4.20,20,0.844,(4.20)
C25_E01,equation,4.21,21,0.844,(4.21)
C25_E01,equation,4.22,21,0.844,(4.22)
C25_E01,equation,4.23,21,0.844,(4.23)
C25_E01,equation,4.24,22,0.844,(4.24)
C25_E01,equation,4.25,22,0.844,(4.25)
C25_E01,equation,4.26,22,0.844,(4.26)
C25_E01,equation,4.27,22,0.844,(4.27)
C25_E01,equation,4.28,22,0.844,(4.28)
C25_E01,equation,4.29,23,0.844,(4.29)
C25_E01,equation,4.30,23,0.844,(4.30)
C25_E01,equation,4.31,23,0.844,(4.31)
C25_E01,equation,4.32,23,0.844,(4.32)
C25_E01,equation,4.33,24,0.844,(4.33)
C25_E01,table,4.3,24,0.198,表4.3
C25_E01,equation,4.34,25,0.844,(4.34)
C25_E01,table,4.4,26,0.414,表4.4
C25_E01,table,4.5,28,0.366,表4.5
C25_E01,table,4.6,30,0.359,表4.6
C25_E01,equation,4.35,31,0.844,(4.35)
C25_E01,equation,4.36,31,0.844,(4.36)
C25_E01,equation,4.37,31,0.844,(4.37)
C25_E01,table,4.7,32,0.374,表4.7
C25_E01,table,4.8,33,0.339,表4.8
C25_E01,equation,5.1,36,0.854,(5.1)
C25_E01,equation,5.2,37,0.854,(5.2)
C25_E01,equation,5.3,37,0.854,(5.3)
C25_E01,equation,5.4,37,0.854,(5.4)
C25_E01,equation,5.5,38,0.854,(5.5)
C25_E01,equation,5.6,38,0.854,(5.6)
C25_E01,equation,5.7,38,0.854,(5.7)
C25_E01,equation,5.8,38,0.854,(5.8)
C25_E01,equation,5.9,38,0.854,(5.9)
C25_E01,equation,0,38,0.83,(0)
C25_E01,equation,5.10,39,0.844,(5.10)
C25_E01,equation,5.11,39,0.845,(5.11)
C25_E01,equation,5.12,39,0.844,(5.12)
C25_E01,equation,5.13,39,0.844,(5.13)
C25_E01,equation,5.14,39,0.844,(5.14)
C25_E01,equation,5.15,40,0.844,(5.15)
C25_E01,equation,5.16,40,0.844,(5.16)
C25_E01,table,5.1,40,0.366,表5.1
C25_E01,equation,5.17,41,0.844,(5.17)
C25_E01,equation,5.18,41,0.844,(5.18)
C25_E01,table,5.2,42,0.374,表5.2
C25_E01,equation,6.1,46,0.854,(6.1)
C25_E01,equation,6.2,47,0.854,(6.2)
C25_E01,equation,6.3,47,0.854,(6.3)
C25_E01,equation,6.4,47,0.854,(6.4)
C25_E01,equation,6.5,47,0.854,(6.5)
C25_E01,equation,6.6,48,0.854,(6.6)
C25_E01,equation,6.7,48,0.854,(6.7)
C25_E01,table,6.1,48,0.404,表6.1
C25_E01,equation,6.8,49,0.854,(6.8)
C25_E01,equation,6.9,49,0.854,(6.9)
C25_E01,equation,6.10,49,0.844,(6.10)
C25_E01,table,6.2,49,0.354,表6.2
C25_E02,table,4-1,9,0.396,表 4-1 故障类别与标签
C25_E02,table,4-2,10,0.356,表 4-2 源域数据集轴承尺寸参数
C25_E02,table,4-3,10,0.346,表 4-3 轴承故障特征频率计算公式
C25_E02,table,4-4,10,0.386,表 4-4 轴承故障特征频率
C25_E02,equation,1,13,0.872,(1) 
C25_E02,equation,2,13,0.872,(2) 
C25_E02,equation,3,14,0.872,(3) 
C25_E02,equation,4,14,0.872,(4) 
C25_E02,equation,5,14,0.872,(5) 
C25_E02,equation,6,14,0.872,(6) 
C25_E02,equation,7,14,0.872,(7) 
C25_E02,equation,8,14,0.872,(8) 
C25_E02,equation,9,14,0.872,(9) 
C25_E02,equation,10,14,0.867,(10) 
C25_E02,equation,11,15,0.867,(11) 
C25_E02,equation,12,15,0.867,(12) 
C25_E02,equation,13,15,0.867,(13) 
C25_E02,equation,14,15,0.867,(14) 
C25_E02,equation,15,15,0.866,(15) 
C25_E02,equation,16,15,0.866,(16) 
C25_E02,equation,17,15,0.866,(17) 
C25_E02,equation,18,16,0.866,(18) 
C25_E02,equation,19,17,0.866,(19) 
C25_E02,equation,20,17,0.866,(20) 
C25_E02,equation,21,17,0.866,(21) 
C25_E02,equation,22,17,0.866,(22) 
C25_E02,equation,23,17,0.866,(23) 
C25_E02,equation,24,17,0.866,(24) 
C25_E02,equation,25,17,0.866,(25) 
C25_E02,table,4-5,19,0.346,表 4-5 振动信号的有量纲时域特征
C25_E02,table,4-6,19,0.346,表 4-6 振动信号的无量纲时域特征
C25_E02,table,4-7,20,0.376,表 4-7 振动信号的频域特征
C25_E02,table,4-8,22,0.366,表 4-8 振动信号特征名称列表
C25_E02,equation,26,28,0.866,(26) 
C25_E02,equation,27,28,0.866,(27) 
C25_E02,equation,28,28,0.866,(28) 
C25_E02,table,5-1,29,0.436,表 5-1 模型准确率
C25_E02,equation,29,33,0.866,(29) 
C25_E02,equation,30,33,0.866,(30) 
C25_E02,equation,31,33,0.866,(31) 
C25_E02,equation,32,34,0.866,(32) 
C25_E02,equation,33,34,0.866,(33) 
C25_E02,equation,34,34,0.866,(34) 
C25_E02,equation,35,34,0.866,(35) 
C25_E02,equation,36,34,0.866,(36) 
C25_E02,equation,37,35,0.866,(37) 
C25_E02,equation,38,35,0.866,(38) 
C25_E02,table,6-1,36,0.406,表 6-1 模型训练过程
C25_E02,table,6-2,37,0.356,表 6-2 模型迁移后故障诊断结果
C25_E03,table,1,5,0.407,表1 状态特征频率公式表
C25_E03,table,2,6,0.43,表2 符号说明表
C25_E03,table,4,13,0.445,表4 特征提取表
C25_E03,table,5,18,0.447,表5 模型介绍表
C25_E03,table,6,19,0.445,表6 模型参数表
C25_E03,table,7,19,0.425,表7 源域分类结果表
C25_E03,table,8,24,0.417,表8 目标域特征提取表
C25_E03,table,9,27,0.414,表9 目标域分类结果表
C25_E03,table,10,28,0.44,表10 消融实验表
C25_E03,table,11,30,0.422,表11 模块可解释性表
C25_E03,table,12,31,0.43,表12 模型自解释表
C25_E03,table,13,31,0.422,表13 决策可解释性比
C25_E03,table,14,35,0.361,表14 可解释性量化指标结果表
C25_F01,table,1,10,0.442,表1 符号说明
C25_F01,equation,1,18,0.869,(1)
C25_F01,equation,2,18,0.869,(2)
C25_F01,equation,3,19,0.869,(3)
C25_F01,equation,4,19,0.869,(4)
C25_F01,equation,5,21,0.869,(5)
C25_F01,equation,6,21,0.869,(6)
C25_F01,equation,7,23,0.869,(7)
C25_F01,equation,8,24,0.848,(8)
C25_F01,equation,9,25,0.842,（9）
C25_F01,equation,10,25,0.859,(10)
C25_F01,equation,11,25,0.86,(11)
C25_F01,equation,12,25,0.859,(12)
C25_F01,equation,13,25,0.859,(13)
C25_F01,equation,14,25,0.859,(14)
C25_F01,equation,15,28,0.859,(15)
C25_F01,equation,16,28,0.859,(16)
C25_F01,table,2,29,0.385,表2 NSGA-II 迭代运算过程
C25_F01,equation,17,57,0.859,(17)
C25_F01,equation,18,57,0.832,（18）
C25_F01,equation,19,57,0.859,(19)
C25_F01,equation,20,57,0.859,(20)
C25_F01,equation,21,57,0.859,(21)
C25_F01,equation,22,58,0.859,(22)
C25_F01,equation,23,58,0.859,(23)
C25_F01,equation,24,60,0.859,(24)
C25_F01,equation,25,60,0.859,(25)
C25_F01,equation,26,60,0.859,(26)
C25_F01,equation,27,61,0.859,(27)
C25_F01,equation,28,61,0.859,(28)
C25_F01,equation,29,67,0.859,(29)
C25_F01,table,3,67,0.368,表3 园林核心空间造园元素分布
C25_F01,table,4,67,0.359,表4 拙政园与寄畅园基本特征属性
C25_F01,equation,30,68,0.859,(30)
C25_F01,table,5,70,0.303,表5 基于空间形态学的“开阔空间”的量化标准
C25_F01,table,6,70,0.312,表6 基于空间句法的“开阔空间”的量化标准
C25_F01,table,7,71,0.303,表7 基于空间形态学的“围合空间”的量化标准
C25_F01,table,8,71,0.312,表8 基于空间句法的“围合空间”的量化标准
C25_F01,equation,31,73,0.859,(31)
C25_F01,equation,32,79,0.859,(32)
C25_F01,equation,33,79,0.859,(33)
C25_F01,equation,34,80,0.859,(34)
C25_F01,equation,35,80,0.859,(35)
C25_F01,equation,36,80,0.859,(36)
C25_F01,equation,37,80,0.859,(37)
C25_F01,equation,38,80,0.859,(38)
C25_F01,equation,39,80,0.859,(39)
C25_F01,equation,40,81,0.859,(40)
C25_F01,equation,41,81,0.859,(41)
C25_F01,equation,42,81,0.859,(42)
C25_F01,equation,43,81,0.859,(43)
C25_F01,equation,44,81,0.859,(44)
C25_F01,equation,45,81,0.859,(45)
C25_F01,equation,46,81,0.859,(46)
C25_F01,equation,47,82,0.859,(47)
C25_F01,equation,48,82,0.859,(48)
C25_F01,equation,49,82,0.859,(49)
C25_F01,equation,50,83,0.859,(50)
C25_F01,equation,51,83,0.859,(51)
C25_F01,equation,52,84,0.859,(52)
C25_F01,equation,53,84,0.859,(53)
C25_F01,equation,54,85,0.859,(54)
C25_F01,equation,55,85,0.859,(55)
C25_F01,equation,56,86,0.859,(56)
C25_F01,equation,57,86,0.859,(57)
C25_F01,equation,58,86,0.859,(58)
C25_F01,equation,59,86,0.859,(59)
C25_F01,equation,60,86,0.836,(60)
C25_F01,equation,61,87,0.859,(61)
C25_F01,equation,62,87,0.859,(62)
C25_F01,equation,63,87,0.859,(63)
C25_F01,equation,64,93,0.859,(64)
C25_F01,equation,65,94,0.859,(65)
C25_F01,equation,66,94,0.859,(66)
C25_F01,equation,67,94,0.859,(67)
C25_F01,equation,68,94,0.859,(68)
C25_F01,equation,69,95,0.859,(69)
C25_F01,equation,70,95,0.859,(70)
C25_F01,equation,71,95,0.859,(71)
C25_F01,equation,72,95,0.859,(72)
C25_F01,equation,73,96,0.859,(73)
C25_F01,equation,74,97,0.859,(74)
C25_F01,equation,75,97,0.859,(75)
C25_F01,equation,76,97,0.859,(76)
C25_F02,table,1.1,3,0.384,表1.1
C25_F02,equation,4-1,8,0.853,(4-1)
C25_F02,equation,4-2,8,0.853,(4-2)
C25_F02,equation,4-3,9,0.853,(4-3)
C25_F02,table,4.1,9,0.364,表4.1
C25_F02,equation,4-4,10,0.853,(4-4)
C25_F02,equation,4-5,10,0.853,(4-5)
C25_F02,equation,4-6,10,0.853,(4-6)
C25_F02,equation,4-7,10,0.853,(4-7)
C25_F02,equation,4-8,10,0.853,(4-8)
C25_F02,equation,4-9,11,0.853,(4-9)
C25_F02,equation,4-10,11,0.842,(4-10)
C25_F02,equation,4-11,11,0.842,(4-11)
C25_F02,equation,4-12,11,0.842,(4-12)
C25_F02,equation,4-13,12,0.842,(4-13)
C25_F02,equation,4-14,12,0.842,(4-14)
C25_F02,equation,4-15,12,0.842,(4-15)
C25_F02,equation,4-16,12,0.842,(4-16)
C25_F02,equation,4-17,13,0.842,(4-17)
C25_F02,equation,4-18,13,0.842,(4-18)
C25_F02,equation,4-19,14,0.842,(4-19)
C25_F02,equation,4-20,14,0.842,(4-20)
C25_F02,equation,4-21,14,0.842,(4-21)
C25_F02,equation,4-22,14,0.842,(4-22)
C25_F02,equation,4-23,14,0.842,(4-23)
C25_F02,equation,4-24,14,0.842,(4-24)
C25_F02,equation,4-25,15,0.842,(4-25)
C25_F02,equation,4-26,15,0.842,(4-26)
C25_F02,table,4.2,15,0.384,表4.2
C25_F02,equation,4-27,16,0.842,(4-27)
C25_F02,table,4.3,16,0.374,表4.3
C25_F02,table,4.4,16,0.394,表4.4
C25_F02,equation,4-28,17,0.842,(4-28)
C25_F02,equation,4-29,17,0.842,(4-29)
C25_F02,equation,4-30,18,0.842,(4-30)
C25_F02,equation,4-31,18,0.842,(4-31)
C25_F02,equation,4-32,18,0.842,(4-32)
C25_F02,equation,4-33,18,0.842,(4-33)
C25_F02,equation,4-34,19,0.842,(4-34)
C25_F02,equation,4-35,19,0.842,(4-35)
C25_F02,equation,4-36,19,0.842,(4-36)
C25_F02,equation,4-37,19,0.842,(4-37)
C25_F02,equation,4-38,19,0.842,(4-38)
C25_F02,equation,4-39,20,0.842,(4-39)
C25_F02,equation,4-40,20,0.842,(4-40)
C25_F02,equation,4-41,20,0.842,(4-41)
C25_F02,equation,4-42,20,0.842,(4-42)
C25_F02,equation,4-43,20,0.842,(4-43)
C25_F02,equation,4-44,21,0.842,(4-44)
C25_F02,equation,4-45,21,0.842,(4-45)
C25_F02,equation,4-46,21,0.842,(4-46)
C25_F02,table,4.5,23,0.273,表4.5
C25_F02,table,4.6,24,0.334,表4.6
C25_F02,table,4.7,25,0.147,表4.7从连通性、安全性和空间质量三个维度评估了各园林的可行进区域。
C25_F02,table,4.7,25,0.354,表4.7
C25_F02,table,4.8,25,0.147,表4.8揭示了各园林在“移步异景”营造上的策略差异和效果水平。综合趣味性指数作
C25_F02,table,4.8,26,0.283,表4.8
C25_F02,table,4.9,26,0.147,表4.9通过定量分析揭示了不同景观要素对异景程度的贡献规律。从要素数量分布来
C25_F02,table,4.9,27,0.314,表4.9
C25_F02,table,4.10,27,0.147,表4.10深入解析了异景程度在空间上的分布规律和变化特征。高异景值点比例是评判
C25_F02,table,4.10,28,0.339,表4.10
C25_F02,table,4.12,30,0.147,表4.12全面评估了改进遗传算法在游线规划优化中的求解性能。收敛代数反映了算法
C25_F02,table,4.11,31,0.369,表4.11
C25_F02,table,4.12,31,0.359,表4.12
C25_F02,equation,5-1,35,0.853,(5-1)
C25_F02,equation,5-2,35,0.853,(5-2)
C25_F02,equation,5-3,35,0.853,(5-3)
C25_F02,equation,5-4,35,0.853,(5-4)
C25_F02,equation,5-5,35,0.853,(5-5)
C25_F02,equation,5-6,35,0.853,(5-6)
C25_F02,equation,5-7,36,0.853,(5-7)
C25_F02,equation,5-8,36,0.853,(5-8)
C25_F02,equation,5-9,36,0.853,(5-9)
C25_F02,equation,5-10,36,0.842,(5-10)
C25_F02,table,5.1,36,0.384,表5.1
C25_F02,equation,5-11,37,0.842,(5-11)
C25_F02,equation,5-12,37,0.842,(5-12)
C25_F02,equation,5-13,37,0.842,(5-13)
C25_F02,equation,5-14,37,0.842,(5-14)
C25_F02,table,5.2,37,0.344,表5.2
C25_F02,equation,5-15,38,0.842,(5-15)
C25_F02,equation,5-16,38,0.842,(5-16)
C25_F02,equation,5-17,38,0.842,(5-17)
C25_F02,equation,5-18,38,0.842,(5-18)
C25_F02,table,5.3,38,0.364,表5.3
C25_F02,equation,5-19,39,0.842,(5-19)
C25_F02,equation,5-20,39,0.842,(5-20)
C25_F02,equation,5-21,39,0.842,(5-21)
C25_F02,equation,5-22,39,0.842,(5-22)
C25_F02,table,5.4,39,0.364,表5.4
C25_F02,equation,5-23,40,0.842,(5-23)
C25_F02,equation,5-24,40,0.842,(5-24)
C25_F02,equation,5-25,40,0.842,(5-25)
C25_F02,equation,5-26,40,0.842,(5-26)
C25_F02,equation,5-27,41,0.842,(5-27)
C25_F02,equation,5-28,41,0.842,(5-28)
C25_F02,equation,5-29,41,0.842,(5-29)
C25_F02,equation,5-30,41,0.842,(5-30)
C25_F02,table,5.5,41,0.364,表5.5
C25_F02,equation,5-31,42,0.842,(5-31)
C25_F02,equation,5-32,42,0.842,(5-32)
C25_F02,equation,5-33,42,0.842,(5-33)
C25_F02,equation,5-34,42,0.842,(5-34)
C25_F02,equation,5-35,42,0.842,(5-35)
C25_F02,equation,5-36,42,0.842,(5-36)
C25_F02,equation,5-37,43,0.842,(5-37)
C25_F02,equation,5-38,43,0.842,(5-38)
C25_F02,equation,5-39,43,0.842,(5-39)
C25_F02,table,5.6,43,0.374,表5.6
C25_F02,table,5.7,44,0.283,表5.7
C25_F02,table,5.8,47,0.303,表5.8
C25_F02,table,5.9,47,0.314,表5.9
C25_F02,equation,6-1,51,0.853,(6-1)
C25_F02,equation,6-2,51,0.853,(6-2)
C25_F02,equation,6-3,51,0.853,(6-3)
C25_F02,equation,6-4,51,0.853,(6-4)
C25_F02,equation,6-5,51,0.853,(6-5)
C25_F02,equation,6-6,52,0.853,(6-6)
C25_F02,equation,6-7,52,0.853,(6-7)
C25_F02,equation,6-8,52,0.853,(6-8)
C25_F02,equation,6-9,52,0.853,(6-9)
C25_F02,equation,6-10,52,0.842,(6-10)
C25_F02,equation,6-11,52,0.842,(6-11)
C25_F02,equation,6-12,53,0.842,(6-12)
C25_F02,equation,6-13,53,0.842,(6-13)
C25_F02,equation,6-14,53,0.842,(6-14)
C25_F02,equation,6-15,53,0.842,(6-15)
C25_F02,equation,6-16,53,0.842,(6-16)
C25_F02,equation,6-17,53,0.842,(6-17)
C25_F02,equation,6-18,53,0.842,(6-18)
C25_F02,equation,6-19,54,0.842,(6-19)
C25_F02,equation,6-20,54,0.842,(6-20)
C25_F02,equation,6-21,54,0.842,(6-21)
C25_F02,equation,6-22,54,0.842,(6-22)
C25_F02,equation,6-23,54,0.842,(6-23)
C25_F02,equation,6-24,55,0.842,(6-24)
C25_F02,equation,6-25,55,0.842,(6-25)
C25_F02,equation,6-26,55,0.842,(6-26)
C25_F02,equation,6-27,55,0.842,(6-27)
C25_F02,equation,6-28,55,0.842,(6-28)
C25_F02,equation,6-29,55,0.842,(6-29)
C25_F02,equation,6-30,56,0.842,(6-30)
C25_F02,equation,6-31,56,0.842,(6-31)
C25_F02,equation,6-32,56,0.842,(6-32)
C25_F02,equation,6-33,56,0.842,(6-33)
C25_F02,equation,6-34,56,0.842,(6-34)
C25_F02,equation,6-35,56,0.842,(6-35)
C25_F02,equation,6-36,56,0.842,(6-36)
C25_F02,equation,6-37,57,0.842,(6-37)
C25_F02,equation,6-38,57,0.842,(6-38)
C25_F02,equation,6-39,57,0.842,(6-39)
C25_F02,equation,6-40,57,0.842,(6-40)
C25_F02,equation,6-41,57,0.842,(6-41)
C25_F02,equation,6-42,57,0.842,(6-42)
C25_F02,equation,6-43,57,0.842,(6-43)
C25_F02,table,6.1,58,0.364,表6.1
C25_F02,table,6.2,60,0.314,表6.2
C25_F02,table,6.3,61,0.344,表6.3
C25_F02,table,6.4,62,0.344,表6.4
C25_F02,table,6.5,64,0.303,表6.5
C25_F02,table,6.6,66,0.303,表6.6
C25_F02,table,6.7,68,0.354,表6.7
C25_F03,table,1,11,0.425,表1. 数据初检结果
C25_F03,table,2,13,0.416,表2. 缺失值处理策略
C25_F03,table,3,16,0.399,表3. 问题一详细符号说明
C25_F03,equation,1,17,0.843,（1）
C25_F03,table,4,18,0.317,表4. 游园路径特征提取与分析关键伪代码
C25_F03,table,5,20,0.427,表5 园林特征数据
C25_F03,equation,2,21,0.865,(2)
C25_F03,equation,3,21,0.865,(3)
C25_F03,equation,4,21,0.865,(4)
C25_F03,equation,5,21,0.865,(5)
C25_F03,equation,6,21,0.865,(6)
C25_F03,equation,7,22,0.865,(7)
C25_F03,equation,8,22,0.865,(8)
C25_F03,equation,9,22,0.865,(9)
C25_F03,equation,10,23,0.854,(10)
C25_F03,equation,11,24,0.854,(11)
C25_F03,equation,12,25,0.854,(12)
C25_F03,equation,13,25,0.854,(13)
C25_F03,equation,14,25,0.854,(14)
C25_F03,equation,15,25,0.854,(15)
C25_F03,equation,16,25,0.854,(16)
C25_F03,equation,17,26,0.854,(17)
C25_F03,equation,18,26,0.854,(18)
C25_F03,equation,19,31,0.854,(19)
C25_F03,equation,20,31,0.854,(20)
C25_F03,equation,21,31,0.854,(21)
C25_F03,equation,22,31,0.854,(22)
C25_F03,equation,23,32,0.854,(23)
C25_F03,equation,24,32,0.854,(24)
C25_F03,table,6,35,0.399,表6. 问题二详细符号说明
C25_F03,table,7,36,0.399,表7. 元素分类及量化特征
C25_F03,table,8,36,0.363,表8. 部分景观元素位置与大小特征
C25_F03,table,9,37,0.407,表9. 景观元素数量特征
C25_F03,equation,25,38,0.854,(25)
C25_F03,equation,26,38,0.854,(26)
C25_F03,equation,27,38,0.854,(27)
C25_F03,equation,28,38,0.854,(28)
C25_F03,equation,29,39,0.854,(29)
C25_F03,equation,30,39,0.854,(30)
C25_F03,equation,31,40,0.854,(31)
C25_F03,equation,32,40,0.854,(32)
C25_F03,equation,33,40,0.854,(33)
C25_F03,equation,34,41,0.854,(34)
C25_F03,equation,35,41,0.854,(35)
C25_F03,equation,36,41,0.854,(36)
C25_F03,equation,37,46,0.854,(37)
C25_F03,equation,38,46,0.854,(38)
C25_F03,equation,39,46,0.854,(39)
C25_F03,equation,40,46,0.854,(40)
C25_F03,equation,41,48,0.854,(41)
C25_F03,equation,42,48,0.854,(42)
C25_F03,equation,43,48,0.854,(43)
C25_F03,table,10,48,0.397,表10 开合程度分类标准:
C25_F03,equation,44,49,0.854,(44)
C25_F03,equation,45,49,0.854,(45)
C25_F03,equation,46,49,0.854,(46)
C25_F03,equation,47,49,0.854,(47)
C25_F03,equation,48,49,0.854,(48)
C25_F03,equation,49,49,0.854,(49)
C25_F03,table,11,51,0.37,表11 步骤3 并行视域计算伪代码
C25_F03,table,12,54,0.385,表12. 二级综合评价指标体系
C25_F03,equation,50,55,0.854,(50)
C25_F03,equation,51,55,0.854,(51)
C25_F03,equation,52,55,0.854,(52)
C25_F03,equation,53,55,0.854,(53)
C25_F03,table,13,58,0.414,表13 评分结果与排序
C25_F03,equation,54,59,0.854,(54)
C25_F03,equation,55,59,0.854,(55)
C25_F03,equation,56,59,0.854,(56)
C25_F03,table,14,59,0.394,表14. 本评价体系优势分析
C25_F03,equation,57,60,0.854,(57)
C25_F03,equation,58,60,0.854,(58)
C25_F03,equation,59,60,0.854,(59)
C25_F03,table,15,60,0.421,表15. 模型验证指标结果
C25_F03,table,16,63,0.394,表16. 问题二详细符号说明
C25_F03,equation,60,64,0.854,(60)
C25_F03,equation,61,64,0.854,(61)
C25_F03,equation,62,64,0.854,(62)
C25_F03,equation,63,64,0.854,(63)
C25_F03,equation,64,64,0.854,(64)
C25_F03,equation,65,65,0.854,(65)
C25_F03,equation,66,65,0.854,(66)
C25_F03,equation,67,65,0.854,(67)
C25_F03,equation,68,65,0.854,(68)
C25_F03,equation,69,65,0.854,(69)
C25_F03,equation,70,65,0.854,(70)
C25_F03,equation,71,65,0.854,(71)
C25_F03,equation,72,65,0.854,(72)
C25_F03,equation,73,68,0.854,(73)
C25_F03,equation,74,69,0.854,(74)
C25_F03,equation,75,69,0.854,(75)
C25_F03,equation,76,69,0.854,(76)
C25_F03,equation,77,69,0.854,(77)
C25_F03,equation,78,70,0.854,(78)
C25_F03,equation,79,70,0.854,(79)
C25_F03,equation,80,70,0.854,(80)
C25_F03,table,17,71,0.423,表17 综合分析报告
C25_F03,equation,81,74,0.854,(81)
C25_F03,equation,82,74,0.854,(82)
C25_F03,equation,83,74,0.854,(83)
C25_F03,equation,84,74,0.854,(84)
C25_F03,equation,85,74,0.854,(85)
C25_F03,equation,86,74,0.854,(86)
C25_F03,equation,87,74,0.854,(87)
C25_F03,equation,88,75,0.854,(88)
C25_F03,equation,89,75,0.854,(89)
C25_F03,equation,90,75,0.854,(90)
C25_F03,equation,91,75,0.854,(91)
C25_F03,equation,92,76,0.83,（92）
C25_F03,equation,93,77,0.83,（93）
C25_F03,equation,94,77,0.83,（94）
C25_F03,equation,95,77,0.831,（95）
C25_F03,equation,96,77,0.83,（96）
C25_F03,equation,97,78,0.831,（97）
C25_F03,equation,98,78,0.83,（98）
C25_F03,equation,99,78,0.831,（99）
C25_F03,equation,100,78,0.819,（100）
C25_F03,equation,101,78,0.819,（101）
C25_F03,equation,102,78,0.819,（102）
C25_F03,equation,103,79,0.819,（103）
C25_F03,equation,104,79,0.819,（104）
C25_F03,equation,105,79,0.819,（105）
C25_F03,table,18,79,0.373,表18. 贝叶斯优化关键伪代码
C25_F03,equation,106,80,0.819,（106）
C25_F03,table,19,82,0.403,表19. 综合透视分析报告
C25_F04,table,4.3,7,0.351,表4.3
C25_F04,table,4.3,8,0.321,表4.3 (续表)问题中常用符号及其含义
C25_F04,equation,5.1,9,0.854,(5.1)
C25_F04,equation,5.2,9,0.854,(5.2)
C25_F04,equation,5.3,9,0.854,(5.3)
C25_F04,equation,5.4,9,0.854,(5.4)
C25_F04,equation,5.5,9,0.854,(5.5)
C25_F04,equation,5.6,10,0.854,(5.6)
C25_F04,equation,5.7,10,0.854,(5.7)
C25_F04,equation,5.8,10,0.854,(5.8)
C25_F04,equation,5.9,10,0.854,(5.9)
C25_F04,equation,5.10,10,0.844,(5.10)
C25_F04,equation,5.11,10,0.845,(5.11)
C25_F04,equation,5.12,10,0.844,(5.12)
C25_F04,equation,5.13,10,0.844,(5.13)
C25_F04,equation,5.14,10,0.844,(5.14)
C25_F04,equation,5.15,10,0.844,(5.15)
C25_F04,equation,5.16,10,0.844,(5.16)
C25_F04,equation,5.17,10,0.844,(5.17)
C25_F04,equation,5.18,12,0.844,(5.18)
C25_F04,equation,5.19,12,0.844,(5.19)
C25_F04,equation,5.20,12,0.844,(5.20)
C25_F04,equation,5.21,12,0.844,(5.21)
C25_F04,equation,5.22,12,0.844,(5.22)
C25_F04,equation,5.23,12,0.844,(5.23)
C25_F04,equation,5.24,12,0.844,(5.24)
C25_F04,equation,5.25,12,0.844,(5.25)
C25_F04,equation,5.26,13,0.844,(5.26)
C25_F04,equation,5.27,13,0.844,(5.27)
C25_F04,equation,5.28,14,0.844,(5.28)
C25_F04,equation,5.29,14,0.844,(5.29)
C25_F04,equation,5.30,14,0.844,(5.30)
C25_F04,equation,5.31,14,0.844,(5.31)
C25_F04,equation,5.32,14,0.844,(5.32)
C25_F04,equation,5.33,14,0.844,(5.33)
C25_F04,equation,5.34,14,0.844,(5.34)
C25_F04,equation,5.35,15,0.844,(5.35)
C25_F04,equation,5.36,15,0.844,(5.36)
C25_F04,equation,5.37,15,0.844,(5.37)
C25_F04,equation,5.38,15,0.844,(5.38)
C25_F04,table,5.4,15,0.293,表5.4
C25_F04,equation,5.39,16,0.844,(5.39)
C25_F04,equation,5.40,16,0.844,(5.40)
C25_F04,equation,5.41,16,0.844,(5.41)
C25_F04,equation,5.42,16,0.844,(5.42)
C25_F04,equation,5.43,16,0.844,(5.43)
C25_F04,equation,5.44,16,0.844,(5.44)
C25_F04,equation,5.45,16,0.844,(5.45)
C25_F04,equation,5.46,17,0.844,(5.46)
C25_F04,equation,5.47,17,0.844,(5.47)
C25_F04,equation,5.48,17,0.844,(5.48)
C25_F04,equation,5.49,17,0.844,(5.49)
C25_F04,equation,5.50,17,0.844,(5.50)
C25_F04,equation,5.51,17,0.844,(5.51)
C25_F04,equation,5.52,18,0.844,(5.52)
C25_F04,equation,5.53,18,0.844,(5.53)
C25_F04,equation,5.54,18,0.844,(5.54)
C25_F04,equation,5.55,18,0.844,(5.55)
C25_F04,equation,5.56,18,0.844,(5.56)
C25_F04,equation,5.57,18,0.844,(5.57)
C25_F04,equation,5.58,18,0.844,(5.58)
C25_F04,equation,5.59,18,0.844,(5.59)
C25_F04,equation,5.60,20,0.844,(5.60)
C25_F04,equation,5.61,20,0.844,(5.61)
C25_F04,equation,5.62,20,0.844,(5.62)
C25_F04,equation,5.63,20,0.844,(5.63)
C25_F04,table,5.6,20,0.334,表5.6
C25_F04,equation,5.64,21,0.844,(5.64)
C25_F04,equation,5.65,21,0.844,(5.65)
C25_F04,equation,5.66,21,0.844,(5.66)
C25_F04,equation,5.67,21,0.844,(5.67)
C25_F04,equation,5.68,21,0.844,(5.68)
C25_F04,equation,5.69,22,0.844,(5.69)
C25_F04,equation,5.70,22,0.844,(5.70)
C25_F04,equation,5.71,23,0.844,(5.71)
C25_F04,equation,5.72,23,0.844,(5.72)
C25_F04,equation,5.73,23,0.844,(5.73)
C25_F04,equation,5.74,23,0.844,(5.74)
C25_F04,equation,5.75,23,0.844,(5.75)
C25_F04,equation,5.76,24,0.844,(5.76)
C25_F04,equation,5.77,24,0.844,(5.77)
C25_F04,equation,5.78,24,0.844,(5.78)
C25_F04,equation,5.79,24,0.844,(5.79)
C25_F04,equation,5.80,24,0.844,(5.80)
C25_F04,equation,5.81,24,0.844,(5.81)
C25_F04,equation,5.82,25,0.844,(5.82)
C25_F04,equation,5.83,25,0.844,(5.83)
C25_F04,table,5.8,28,0.291,表5.8
C25_F04,table,5.8,29,0.261,表5.8 (续表)各园林关键节点信息与异景程度统计表
C25_F04,equation,6.1,32,0.854,(6.1)
C25_F04,equation,6.2,32,0.854,(6.2)
C25_F04,equation,6.3,33,0.854,(6.3)
C25_F04,equation,6.4,33,0.854,(6.4)
C25_F04,equation,6.5,33,0.854,(6.5)
C25_F04,equation,6.6,33,0.854,(6.6)
C25_F04,equation,6.7,33,0.854,(6.7)
C25_F04,equation,6.8,33,0.854,(6.8)
C25_F04,equation,6.9,33,0.854,(6.9)
C25_F04,equation,6.10,33,0.844,(6.10)
C25_F04,equation,6.11,34,0.845,(6.11)
C25_F04,equation,6.12,34,0.844,(6.12)
C25_F04,equation,6.13,34,0.844,(6.13)
C25_F04,equation,6.14,34,0.844,(6.14)
C25_F04,equation,6.15,34,0.844,(6.15)
C25_F04,equation,6.16,34,0.844,(6.16)
C25_F04,equation,6.17,34,0.844,(6.17)
C25_F04,equation,6.18,35,0.844,(6.18)
C25_F04,equation,6.19,35,0.844,(6.19)
C25_F04,equation,6.20,35,0.844,(6.20)
C25_F04,equation,6.21,35,0.844,(6.21)
C25_F04,equation,6.22,35,0.844,(6.22)
C25_F04,equation,0,35,0.809,(0)
C25_F04,equation,6.23,36,0.844,(6.23)
C25_F04,equation,6.24,36,0.844,(6.24)
C25_F04,equation,6.25,36,0.844,(6.25)
C25_F04,equation,6.26,36,0.844,(6.26)
C25_F04,table,6.1,36,0.341,表6.1
C25_F04,table,6.1,37,0.311,表6.1 (续表)景观区语义类型与判定标准
C25_F04,table,6.2,37,0.354,表6.2
C25_F04,table,6.3,38,0.354,表6.3
C25_F04,table,6.4,38,0.354,表6.4
C25_F04,table,6.4,39,0.277,表6.4 (续表)拙政园聚类结果关键信息(修订版)
C25_F04,table,6.5,39,0.364,表6.5
C25_F04,equation,6.27,40,0.844,(6.27)
C25_F04,equation,6.28,40,0.844,(6.28)
C25_F04,equation,6.29,41,0.844,(6.29)
C25_F04,equation,6.30,41,0.844,(6.30)
C25_F04,equation,6.31,41,0.844,(6.31)
C25_F04,equation,6.32,41,0.844,(6.32)
C25_F04,equation,6.33,41,0.844,(6.33)
C25_F04,equation,6.34,41,0.844,(6.34)
C25_F04,equation,6.35,42,0.844,(6.35)
C25_F04,equation,6.36,42,0.844,(6.36)
C25_F04,equation,6.37,42,0.844,(6.37)
C25_F04,equation,6.38,42,0.844,(6.38)
C25_F04,equation,6.39,42,0.844,(6.39)
C25_F04,equation,6.40,42,0.844,(6.40)
C25_F04,equation,6.41,43,0.844,(6.41)
C25_F04,equation,6.42,43,0.844,(6.42)
C25_F04,equation,6.43,43,0.844,(6.43)
C25_F04,equation,6.44,43,0.844,(6.44)
C25_F04,equation,6.45,43,0.844,(6.45)
C25_F04,equation,6.46,43,0.844,(6.46)
C25_F04,equation,6.47,44,0.844,(6.47)
C25_F04,equation,6.48,44,0.844,(6.48)
C25_F04,equation,6.49,44,0.844,(6.49)
C25_F04,equation,6.50,44,0.844,(6.50)
C25_F04,equation,6.51,44,0.844,(6.51)
C25_F04,equation,6.52,44,0.844,(6.52)
C25_F04,equation,6.53,45,0.844,(6.53)
C25_F04,equation,6.54,45,0.844,(6.54)
C25_F04,equation,6.55,46,0.844,(6.55)
C25_F04,equation,6.56,46,0.844,(6.56)
C25_F04,equation,6.57,46,0.844,(6.57)
C25_F04,equation,6.58,46,0.844,(6.58)
C25_F04,equation,6.59,46,0.844,(6.59)
C25_F04,equation,6.60,46,0.844,(6.60)
C25_F04,equation,6.61,46,0.844,(6.61)
C25_F04,equation,6.62,46,0.844,(6.62)
C25_F04,equation,6.63,46,0.844,(6.63)
C25_F04,equation,6.64,47,0.844,(6.64)
C25_F04,equation,6.65,47,0.844,(6.65)
C25_F04,equation,6.66,47,0.844,(6.66)
C25_F04,equation,6.67,47,0.844,(6.67)
C25_F04,equation,6.68,48,0.844,(6.68)
C25_F04,equation,6.69,48,0.844,(6.69)
C25_F04,equation,6.70,48,0.844,(6.70)
C25_F04,equation,6.71,48,0.844,(6.71)
C25_F04,equation,6.72,49,0.844,(6.72)
C25_F04,equation,6.73,49,0.844,(6.73)
C25_F04,equation,6.74,49,0.844,(6.74)
C25_F04,table,6.6,49,0.374,表6.6
C25_F04,equation,6.75,50,0.844,(6.75)
C25_F04,equation,6.76,50,0.844,(6.76)
C25_F04,equation,6.77,50,0.844,(6.77)
C25_F04,equation,7.1,51,0.854,(7.1)
C25_F04,equation,7.2,51,0.854,(7.2)
C25_F04,equation,7.3,51,0.854,(7.3)
C25_F04,equation,7.4,52,0.854,(7.4)
C25_F04,table,7.1,53,0.22,表7.1
C25_F04,equation,7.5,54,0.854,(7.5)
C25_F04,equation,7.6,55,0.854,(7.6)
C25_F04,equation,7.7,56,0.854,(7.7)
C25_F04,equation,7.8,56,0.854,(7.8)
C25_F04,table,7.2,56,0.364,表7.2
C25_F04,equation,7.9,57,0.854,(7.9)
C25_F04,equation,7.10,57,0.844,(7.10)
C25_F04,equation,7.11,57,0.845,(7.11)
C25_F04,equation,7.12,57,0.844,(7.12)
C25_F04,table,7.3,57,0.354,表7.3
C25_F04,equation,7.13,59,0.844,(7.13)
C25_F04,equation,7.14,59,0.844,(7.14)
J_PIMCOMP,equation,1,2,0.526,(1)
J_PIMCOMP,equation,5,3,0.526,(5)
J_PIMCOMP,equation,6,3,0.526,(6)
J_PIMCOMP,table,I,3,0.144,"TABLE I: Summary and comparison of different compiling tools for PIM, "
J_PIMCOMP,table,II,4,0.51,TABLE II: Configurable parameters for the architecture tem-
J_PIMCOMP,table,III,5,0.287,TABLE III: Software-hardware interface of pseudo-instructions.
J_PIMCOMP,table,IV,8,0.08,TABLE IV: Theoretical performance of different weight un-
J_PIMCOMP,table,V,11,0.527,TABLE V: Configuration of three existing architectures.
J_PIMCOMP,table,VI,13,0.582,TABLE VI: Compilation time (second).
J_DNNVM,table,1,4,0.416,Table 1: The Symbol List
J_DNNVM,equation,1,7,0.863,(1)
J_DNNVM,equation,2,7,0.863,(2)
J_DNNVM,equation,3,10,0.863,(3)
J_DNNVM,equation,4,10,0.863,(4)
J_DNNVM,equation,5,10,0.863,(5)
J_DNNVM,equation,6,10,0.863,(6)
J_DNNVM,equation,5,10,0.835,(5)
J_DNNVM,table,2,11,0.339,Table 2: Comparison among Evaluation Methods
J_DNNVM,table,3,13,0.14,Table 3: Performance Improvement by Operation Fusion on ZU2@330MHz (Pe
J_DNNVM,table,4,14,0.203,Table 4: Overall Performance Comparisons to Other Designs Leveraging O
J_DNNVM,table,5,15,0.328,Table 5: Detailed Utilization of Hardware Resources
J_EYERISS,equation,1,2,0.901,(1)
J_EYERISS,table,I,2,0.26,TABLE I
J_EYERISS,equation,1,4,0.529,(1)
J_EYERISS,table,II,6,0.258,TABLE II
J_EYERISS,table,III,7,0.471,TABLE III
J_EYERISS,table,IV,9,0.685,TABLE IV
J_EYERISS,table,V,10,0.473,TABLE V
J_EYERISS,table,VI,11,0.47,TABLE VI
J_SURVEY,equation,2,3,0.791,(2)
J_SURVEY,equation,0.02,5,0.409,(0.02)
J_SURVEY,equation,0.04,5,0.414,(0.04)
J_SURVEY,equation,1,7,0.477,(1)
J_SURVEY,table,I,7,0.69,TABLE I
J_SURVEY,equation,2,8,0.471,(2)
J_SURVEY,table,II,8,0.08,Table II. Two results for top-5 error results are reported. In the
J_SURVEY,table,II,11,0.473,TABLE II
J_SURVEY,equation,2,13,0.446,(2)
J_SURVEY,equation,1,22,0.84,(1)
J_SURVEY,table,III,23,0.471,TABLE III
J_SURVEY,table,IV,27,0.256,TABLE IV
J_SURVEY,table,V,28,0.473,TABLE V
T_ALPA,equation,3,3,0.463,(3)
T_ALPA,table,1,6,0.519,Table 1: Sharding specs of a 2-dimentional tensor on a 2×2
T_ALPA,table,2,6,0.519,"Table 2: Several cases of resharding. all-gather(x,i) means"
T_ALPA,equation,1,7,0.893,(1)
T_ALPA,equation,1,7,0.825,(1)
T_ALPA,table,3,7,0.088,Table 3: Several parallel algorithms for a batched matmul
T_ALPA,equation,2,8,0.462,(2)
T_ALPA,equation,3,8,0.893,(3)
T_ALPA,equation,1,8,0.463,(1)
T_ALPA,equation,4,9,0.462,(4)
T_ALPA,equation,5,9,0.462,(5)
T_ALPA,equation,6,10,0.462,(6)
T_ALPA,table,4,11,0.519,Table 4: Models used in the end-to-end evaluation. LM =
T_ALPA,table,5,14,0.548,Table 5: Compilation time breakdown of GPT-39B.
T_ALPA,equation,7,20,0.462,(7)
T_ALPA,equation,1,20,0.429,(1)
T_ALPA,table,6,20,0.598,Table 6: GPT-3 Model Specification
T_ALPA,table,7,20,0.576,Table 7: GShard MoE Model Specification
T_ALPA,table,8,20,0.575,Table 8: Wide-ResNet Model Specification
T_WELDER,table,1,7,0.519,Table 1: Device interfaces in abstracted hardware accelerator.
T_WELDER,table,2,9,0.519,Table 2 characterizes them with a comparison of their model
T_WELDER,table,2,10,0.136,Table 2: DNN models evaluated in WELDER.
T_WELDER,table,3,11,0.525,Table 3: Performance for WELDER and FasterTransformer
T_WELDER,table,4,12,0.519,Table 4: Examples of fusion patterns discovered by WELDER.
T_WELDER,table,5,13,0.552,Table 5: Compilation time of Ansor and WELDER
T_WELDER,table,6,13,0.549,Table 6: Performance on compute intensive models
T_WELDER,table,7,14,0.542,Table 7: Scale-up large DNN models to host memory
T_LADDER,table,1,4,0.519,"Table 1: MatMul [M,N]=[M,K]x[N,K] where M,N,K=16384."
T_LADDER,table,2,12,0.519,Table 2: Compilation time (in minutes) comparison of end-to-
T_LADDER,table,2,12,0.519,Table 2. Our evaluation compares LADDER against other
T_MIRAGE,equation,3,2,0.786,(3)
T_MIRAGE,equation,1,5,0.894,(1)
T_MIRAGE,equation,2,5,0.805,(2)
T_MIRAGE,equation,3,5,0.519,(3)
T_MIRAGE,equation,1,6,0.463,(1)
T_MIRAGE,equation,2,7,0.832,(2)
T_MIRAGE,table,1,8,0.088,Table 1: Operators supported by Mirage. The second column
T_MIRAGE,equation,2,9,0.894,(2)
T_MIRAGE,equation,1,9,0.519,(1)
T_MIRAGE,equation,2,9,0.519,(2)
T_MIRAGE,table,2,9,0.088,Table 2: Axiomatization of abstract expressions used for prun-
T_MIRAGE,table,3,10,0.088,Table 3: Arithmetic operations for random testing. Mirage
T_MIRAGE,equation,2,11,0.441,(2)
T_MIRAGE,table,4,11,0.121,Table 4: DNN benchmarks used in our evaluation.
T_MIRAGE,table,5,14,0.519,Table 5: Ablation study on Mirage’s techniques to accelerate
T_SYNCOPATE,table,1,4,0.095,Table 1: Comparison of projects on distributed operations.
T_SYNCOPATE,table,2,4,0.519,Table 2: Comparison of various GPU communication mecha-
T_SYNCOPATE,equation,2,6,0.43,(2)
T_SYNCOPATE,equation,3,6,0.428,(3)
