index,time,event,bytes,used,hit_bytes,miss_bytes,cumulative_hit,T
0,0,miss,1152,0,0,1152,0.0,1806253
1,0,miss,1152,0,0,2304,0.0,1806253
2,0,miss,1152,0,0,3456,0.0,1806253
3,0,miss,1152,0,0,4608,0.0,1806253
4,0,miss,1152,0,0,5760,0.0,1806253
5,100,insert,1152,1152,0,5760,0.0,1806253
6,100,miss,4096,1152,0,9856,0.0,1806253
7,100,miss,4096,1152,0,13952,0.0,1806253
8,100,miss,4096,1152,0,18048,0.0,1806253
9,100,miss,4096,1152,0,22144,0.0,1806253
10,100,miss,4096,1152,0,26240,0.0,1806253
11,445,insert,4096,5248,0,26240,0.0,1806253
12,445,insert,4096,9344,0,26240,0.0,1806253
13,445,insert,4096,13440,0,26240,0.0,1806253
14,445,insert,4096,17536,0,26240,0.0,1806253
15,445,insert,4096,21632,0,26240,0.0,1806253
16,445,miss,4096,21632,0,30336,0.0,1806253
17,445,miss,4096,21632,0,34432,0.0,1806253
18,445,miss,4096,21632,0,38528,0.0,1806253
19,445,miss,4096,21632,0,42624,0.0,1806253
20,445,miss,4096,21632,0,46720,0.0,1806253
21,790,insert,4096,25728,0,46720,0.0,1806253
22,790,insert,4096,29824,0,46720,0.0,1806253
23,790,insert,4096,33920,0,46720,0.0,1806253
24,790,insert,4096,38016,0,46720,0.0,1806253
25,790,insert,4096,42112,0,46720,0.0,1806253
26,790,miss,4096,42112,0,50816,0.0,1806253
27,790,miss,4096,42112,0,54912,0.0,1806253
28,790,miss,4096,42112,0,59008,0.0,1806253
29,790,miss,4096,42112,0,63104,0.0,1806253
30,790,miss,4096,42112,0,67200,0.0,1806253
31,1135,insert,4096,46208,0,67200,0.0,1806253
32,1135,insert,4096,50304,0,67200,0.0,1806253
33,1135,insert,4096,54400,0,67200,0.0,1806253
34,1135,insert,4096,58496,0,67200,0.0,1806253
35,1135,insert,4096,62592,0,67200,0.0,1806253
36,1135,miss,4096,62592,0,71296,0.0,1806253
37,1135,miss,4096,62592,0,75392,0.0,1806253
38,1135,miss,4096,62592,0,79488,0.0,1806253
39,1135,miss,4096,62592,0,83584,0.0,1806253
40,1135,miss,4096,62592,0,87680,0.0,1806253
41,1480,insert,4096,66688,0,87680,0.0,1806253
42,1480,insert,4096,70784,0,87680,0.0,1806253
43,1480,insert,4096,74880,0,87680,0.0,1806253
44,1480,insert,4096,78976,0,87680,0.0,1806253
45,1480,insert,4096,83072,0,87680,0.0,1806253
46,1480,miss,4096,83072,0,91776,0.0,1806253
47,1480,miss,4096,83072,0,95872,0.0,1806253
48,1480,miss,4096,83072,0,99968,0.0,1806253
49,1480,miss,4096,83072,0,104064,0.0,1806253
50,1480,miss,4096,83072,0,108160,0.0,1806253
51,1825,insert,4096,87168,0,108160,0.0,1806253
52,1825,insert,4096,91264,0,108160,0.0,1806253
53,1825,insert,4096,95360,0,108160,0.0,1806253
54,1825,insert,4096,99456,0,108160,0.0,1806253
55,1825,insert,4096,103552,0,108160,0.0,1806253
56,1825,miss,4096,103552,0,112256,0.0,1806253
57,1825,miss,4096,103552,0,116352,0.0,1806253
58,1825,miss,4096,103552,0,120448,0.0,1806253
59,1825,miss,4096,103552,0,124544,0.0,1806253
60,1825,miss,4096,103552,0,128640,0.0,1806253
61,2170,insert,4096,107648,0,128640,0.0,1806253
62,2170,insert,4096,111744,0,128640,0.0,1806253
63,2170,insert,4096,115840,0,128640,0.0,1806253
64,2170,insert,4096,119936,0,128640,0.0,1806253
65,2170,insert,4096,124032,0,128640,0.0,1806253
66,2170,miss,4096,124032,0,132736,0.0,1806253
67,2170,miss,4096,124032,0,136832,0.0,1806253
68,2170,miss,4096,124032,0,140928,0.0,1806253
69,2170,miss,4096,124032,0,145024,0.0,1806253
70,2170,miss,4096,124032,0,149120,0.0,1806253
71,2515,insert,4096,128128,0,149120,0.0,1806253
72,2515,insert,4096,132224,0,149120,0.0,1806253
73,2515,insert,4096,136320,0,149120,0.0,1806253
74,2515,insert,4096,140416,0,149120,0.0,1806253
75,2515,insert,4096,144512,0,149120,0.0,1806253
76,2515,miss,4096,144512,0,153216,0.0,1806253
77,2515,miss,4096,144512,0,157312,0.0,1806253
78,2515,miss,4096,144512,0,161408,0.0,1806253
79,2515,miss,4096,144512,0,165504,0.0,1806253
80,2515,miss,1152,144512,0,166656,0.0,1806253
81,2615,insert,1152,145664,0,166656,0.0,1806253
82,2615,miss,1152,145664,0,167808,0.0,1806253
83,2715,insert,1152,146816,0,167808,0.0,1806253
84,2831,insert,4096,150912,0,167808,0.0,1806253
85,2831,insert,4096,155008,0,167808,0.0,1806253
86,2831,insert,4096,159104,0,167808,0.0,1806253
87,2831,insert,4096,163200,0,167808,0.0,1806253
88,2831,hit,1152,163200,1152,167808,0.006818181818181818,1806253
89,2831,hit,1152,163200,2304,167808,0.013544018058690745,1806253
90,2831,hit,1152,163200,3456,167808,0.020179372197309416,1806253
91,2831,hit,1152,163200,4608,167808,0.026726057906458798,1806253
92,2851,hit,1152,163200,5760,167808,0.033185840707964605,1806253
93,2851,hit,1152,163200,6912,167808,0.03956043956043956,1806253
94,2851,hit,1152,163200,8064,167808,0.04585152838427948,1806253
95,6250,miss,4096,163200,8064,171904,0.04480796586059744,1806253
96,6250,miss,4096,163200,8064,176000,0.04381084840055633,1806253
97,6250,miss,4096,163200,8064,180096,0.04285714285714286,1806253
98,6250,miss,4096,163200,8064,184192,0.041944074567243674,1806253
99,6457,miss,4096,163200,8064,188288,0.04106910039113429,1806253
100,6544,insert,4096,167296,8064,188288,0.04106910039113429,1806253
101,6544,insert,4096,171392,8064,188288,0.04106910039113429,1806253
102,6544,insert,4096,175488,8064,188288,0.04106910039113429,1806253
103,6544,insert,4096,179584,8064,188288,0.04106910039113429,1806253
104,6544,hit,1152,179584,9216,188288,0.046662346079066754,1806253
105,6595,insert,4096,183680,9216,188288,0.046662346079066754,1806253
106,10906,miss,4096,183680,9216,192384,0.045714285714285714,1806253
107,10906,miss,4096,183680,9216,196480,0.044803982576229,1806253
108,10906,miss,4096,183680,9216,200576,0.04392922513727883,1806253
109,10906,miss,4096,183680,9216,204672,0.04308797127468582,1806253
110,11113,miss,4096,183680,9216,208768,0.042278332354668234,1806253
111,11200,insert,4096,187776,9216,208768,0.042278332354668234,1806253
112,11200,insert,4096,191872,9216,208768,0.042278332354668234,1806253
113,11200,insert,4096,195968,9216,208768,0.042278332354668234,1806253
114,11200,insert,4096,200064,9216,208768,0.042278332354668234,1806253
115,11251,insert,4096,204160,9216,208768,0.042278332354668234,1806253
116,15562,miss,4096,204160,9216,212864,0.0414985590778098,1806253
117,15562,miss,4096,204160,9216,216960,0.04074702886247878,1806253
118,15562,miss,4096,204160,9216,221056,0.040022234574763754,1806253
119,15562,miss,4096,204160,9216,225152,0.03932277444019661,1806253
120,15769,miss,4096,204160,9216,229248,0.03864734299516908,1806253
121,15856,insert,4096,208256,9216,229248,0.03864734299516908,1806253
122,15856,insert,4096,212352,9216,229248,0.03864734299516908,1806253
123,15856,insert,4096,216448,9216,229248,0.03864734299516908,1806253
124,15856,insert,4096,220544,9216,229248,0.03864734299516908,1806253
125,15907,insert,4096,224640,9216,229248,0.03864734299516908,1806253
126,20218,miss,4096,224640,9216,233344,0.03799472295514512,1806253
127,20218,miss,4096,224640,9216,237440,0.03736377789309808,1806253
128,20218,miss,4096,224640,9216,241536,0.036753445635528334,1806253
129,20218,miss,4096,224640,9216,245632,0.03616273229532898,1806253
130,20425,miss,4096,224640,9216,249728,0.03559070687098369,1806253
131,20512,insert,4096,228736,9216,249728,0.03559070687098369,1806253
132,20512,insert,4096,232832,9216,249728,0.03559070687098369,1806253
133,20512,insert,4096,236928,9216,249728,0.03559070687098369,1806253
134,20512,insert,4096,241024,9216,249728,0.03559070687098369,1806253
135,20563,insert,4096,245120,9216,249728,0.03559070687098369,1806253
136,24874,miss,4096,245120,9216,253824,0.035036496350364967,1806253
137,24874,miss,4096,245120,9216,257920,0.03449928126497365,1806253
138,24874,miss,4096,245120,9216,262016,0.033978291647003306,1806253
139,24874,miss,4096,245120,9216,266112,0.03347280334728033,1806253
140,25150,insert,4096,249216,9216,266112,0.03347280334728033,1806253
141,25150,insert,4096,253312,9216,266112,0.03347280334728033,1806253
142,25150,insert,4096,257408,9216,266112,0.03347280334728033,1806253
143,25150,insert,4096,261504,9216,266112,0.03347280334728033,1806253
144,25150,miss,4096,261504,9216,270208,0.03298213467704993,1806253
145,25219,insert,4096,265600,9216,270208,0.03298213467704993,1806253
146,29530,miss,4096,265600,9216,274304,0.03250564334085779,1806253
147,29530,miss,4096,265600,9216,278400,0.03204272363150868,1806253
148,29530,miss,4096,265600,9216,282496,0.031592803861342694,1806253
149,29530,miss,4096,265600,9216,286592,0.03115534400692341,1806253
150,29530,miss,4096,265600,9216,290688,0.030729833546734954,1806253
151,29875,insert,4096,269696,9216,290688,0.030729833546734954,1806253
152,29875,insert,4096,273792,9216,290688,0.030729833546734954,1806253
153,29875,insert,4096,277888,9216,290688,0.030729833546734954,1806253
154,29875,insert,4096,281984,9216,290688,0.030729833546734954,1806253
155,29875,insert,4096,286080,9216,290688,0.030729833546734954,1806253
156,34186,miss,4096,286080,9216,294784,0.03031578947368421,1806253
157,34186,miss,4096,286080,9216,298880,0.029912754466140425,1806253
158,34186,miss,4096,286080,9216,302976,0.02952029520295203,1806253
159,34186,miss,4096,286080,9216,307072,0.02913800080938891,1806253
160,34462,insert,4096,290176,9216,307072,0.02913800080938891,1806253
161,34462,insert,4096,294272,9216,307072,0.02913800080938891,1806253
162,34462,insert,4096,298368,9216,307072,0.02913800080938891,1806253
163,34462,insert,4096,302464,9216,307072,0.02913800080938891,1806253
164,34462,hit,4096,302464,13312,307072,0.041550139832201356,1806253
165,34462,miss,4096,302464,13312,311168,0.041025641025641026,1806253
166,34531,insert,4096,306560,13312,311168,0.041025641025641026,1806253
167,38773,miss,4096,306560,13312,315264,0.04051421893260616,1806253
168,38773,miss,4096,306560,13312,319360,0.04001539053482109,1806253
169,38773,miss,4096,306560,13312,323456,0.0395286963131889,1806253
170,38773,miss,4096,306560,13312,327552,0.03905369883589936,1806253
171,39049,insert,4096,310656,13312,327552,0.03905369883589936,1806253
172,39049,insert,4096,314752,13312,327552,0.03905369883589936,1806253
173,39049,insert,4096,318848,13312,327552,0.03905369883589936,1806253
174,39049,insert,4096,322944,13312,327552,0.03905369883589936,1806253
175,39049,miss,1152,322944,13312,328704,0.038922155688622756,1806253
176,39049,miss,1152,322944,13312,329856,0.03879149571055576,1806253
177,39049,miss,1152,322944,13312,331008,0.038661710037174724,1806253
178,39049,hit,4096,322944,17408,331008,0.04996326230712711,1806253
179,39109,insert,1152,324096,17408,331008,0.04996326230712711,1806253
180,39109,miss,1152,324096,17408,332160,0.049798608568290006,1806253
181,39109,miss,1152,324096,17408,333312,0.049635036496350364,1806253
182,39149,insert,1152,325248,17408,333312,0.049635036496350364,1806253
183,43526,miss,4096,325248,17408,337408,0.049062049062049064,1806253
184,43595,insert,4096,329344,17408,337408,0.049062049062049064,1806253
185,43595,hit,4096,329344,21504,337408,0.05991440798858773,1806253
186,48320,miss,4096,329344,21504,341504,0.05923836389280677,1806253
187,48389,insert,4096,333440,21504,341504,0.05923836389280677,1806253
188,48389,hit,4096,333440,25600,341504,0.0697350069735007,1806253
189,48406,miss,4096,333440,25600,345600,0.06896551724137931,1806253
190,48475,insert,4096,337536,25600,345600,0.06896551724137931,1806253
191,48475,miss,4096,337536,25600,349696,0.06821282401091405,1806253
192,48544,insert,4096,341632,25600,349696,0.06821282401091405,1806253
193,48544,hit,4096,341632,29696,349696,0.07827260458839407,1806253
194,53142,miss,4096,341632,29696,353792,0.0774365821094793,1806253
195,53211,insert,4096,345728,29696,353792,0.0774365821094793,1806253
196,53211,hit,4096,345728,33792,353792,0.08718626155878467,1806253
197,57936,miss,4096,345728,33792,357888,0.08627450980392157,1806253
198,58005,insert,4096,349824,33792,357888,0.08627450980392157,1806253
199,58005,hit,4096,349824,37888,357888,0.09573091849935317,1806253
200,58022,miss,4096,349824,37888,361984,0.09475032010243278,1806253
201,58091,insert,4096,353920,37888,361984,0.09475032010243278,1806253
202,58091,miss,4096,353920,37888,366080,0.09378960709759189,1806253
203,58160,insert,4096,358016,37888,366080,0.09378960709759189,1806253
204,58160,hit,4096,358016,41984,366080,0.1028858218318695,1806253
205,62758,miss,4096,358016,41984,370176,0.10186335403726708,1806253
206,62827,insert,4096,362112,41984,370176,0.10186335403726708,1806253
207,62827,hit,4096,362112,46080,370176,0.11070110701107011,1806253
208,67552,miss,4096,362112,46080,374272,0.10962241169305725,1806253
209,67621,insert,4096,366208,46080,374272,0.10962241169305725,1806253
210,67621,hit,4096,366208,50176,374272,0.11821471652593486,1806253
211,67638,miss,4096,366208,50176,378368,0.11708482676224612,1806253
212,67707,insert,4096,370304,50176,378368,0.11708482676224612,1806253
213,67707,miss,4096,370304,50176,382464,0.11597633136094675,1806253
214,67776,insert,4096,374400,50176,382464,0.11597633136094675,1806253
215,67776,hit,4096,374400,54272,382464,0.1242672919109027,1806253
216,72374,miss,4096,374400,54272,386560,0.12311265969802555,1806253
217,72443,insert,4096,378496,54272,386560,0.12311265969802555,1806253
218,72443,hit,4096,378496,58368,386560,0.13118527042577677,1806253
219,77237,miss,4096,378496,58368,390656,0.12998859749144812,1806253
220,77237,miss,4096,378496,58368,394752,0.1288135593220339,1806253
221,77375,insert,4096,382592,58368,394752,0.1288135593220339,1806253
222,77375,insert,4096,386688,58368,394752,0.1288135593220339,1806253
223,77375,miss,4096,386688,58368,398848,0.1276595744680851,1806253
224,77375,miss,4096,386688,58368,402944,0.12652608213096558,1806253
225,77513,insert,4096,390784,58368,402944,0.12652608213096558,1806253
226,77513,insert,4096,394880,58368,402944,0.12652608213096558,1806253
227,77513,hit,4096,394880,62464,402944,0.1342134213421342,1806253
228,77513,hit,4096,394880,66560,402944,0.14176663031624864,1806253
229,81990,miss,4096,394880,66560,407040,0.14054054054054055,1806253
230,82059,insert,4096,398976,66560,407040,0.14054054054054055,1806253
231,82059,hit,4096,398976,70656,407040,0.14790996784565916,1806253
232,86784,miss,4096,398976,70656,411136,0.14665249734325186,1806253
233,86784,miss,4096,398976,70656,415232,0.14541622760800843,1806253
234,86922,insert,4096,403072,70656,415232,0.14541622760800843,1806253
235,86922,insert,4096,407168,70656,415232,0.14541622760800843,1806253
236,86922,hit,4096,407168,74752,415232,0.15256008359456635,1806253
237,86922,hit,4096,407168,78848,415232,0.15958549222797927,1806253
238,86956,miss,4096,407168,78848,419328,0.15827338129496402,1806253
239,87025,insert,4096,411264,78848,419328,0.15827338129496402,1806253
240,87025,hit,4096,411264,82944,419328,0.1651376146788991,1806253
241,96469,miss,4096,411264,82944,423424,0.16380182002022245,1806253
242,96469,miss,4096,411264,82944,427520,0.1624874623871615,1806253
243,96607,insert,4096,415360,82944,427520,0.1624874623871615,1806253
244,96607,insert,4096,419456,82944,427520,0.1624874623871615,1806253
245,96607,miss,4096,419456,82944,431616,0.16119402985074627,1806253
246,96607,miss,4096,419456,82944,435712,0.15992102665350444,1806253
247,96745,insert,4096,423552,82944,435712,0.15992102665350444,1806253
248,96745,insert,4096,427648,82944,435712,0.15992102665350444,1806253
249,96745,hit,4096,427648,87040,435712,0.1665034280117532,1806253
250,96745,hit,4096,427648,91136,435712,0.1729834791059281,1806253
251,101222,miss,4096,427648,91136,439808,0.171648987463838,1806253
252,101291,insert,4096,431744,91136,439808,0.171648987463838,1806253
253,101291,hit,4096,431744,95232,439808,0.17799043062200956,1806253
254,106016,miss,4096,431744,95232,443904,0.17663817663817663,1806253
255,106016,miss,4096,431744,95232,448000,0.17530631479736097,1806253
256,106193,insert,4096,435840,95232,448000,0.17530631479736097,1806253
257,106193,insert,4096,439936,95232,448000,0.17530631479736097,1806253
258,106193,hit,1152,439936,96384,448000,0.17705149306371973,1806253
259,106193,hit,4096,439936,100480,448000,0.18319719953325556,1806253
260,106203,hit,1152,439936,101632,448000,0.1849091755938519,1806253
261,106220,miss,4096,439936,101632,452096,0.183541377716135,1806253
262,106357,insert,4096,444032,101632,452096,0.183541377716135,1806253
263,106357,hit,1152,444032,102784,452096,0.18523644752018453,1806253
264,106362,hit,1152,444032,103936,452096,0.1869244935543278,1806253
265,106633,miss,4096,444032,103936,456192,0.18555758683729434,1806253
266,106732,insert,4096,448128,103936,456192,0.18555758683729434,1806253
267,106858,miss,4096,448128,103936,460288,0.18421052631578946,1806253
268,106967,insert,4096,452224,103936,460288,0.18421052631578946,1806253
269,107094,miss,4096,452224,103936,464384,0.18288288288288287,1806253
270,107193,insert,4096,456320,103936,464384,0.18288288288288287,1806253
271,107438,miss,4096,456320,103936,468480,0.1815742397137746,1806253
272,107576,insert,4096,460416,103936,468480,0.1815742397137746,1806253
273,107576,hit,1152,460416,105088,468480,0.18321803168935505,1806253
274,108144,miss,4096,460416,105088,472576,0.18191890095280303,1806253
275,108252,insert,4096,464512,105088,472576,0.18191890095280303,1806253
276,108310,miss,4096,464512,105088,476672,0.18063806380638064,1806253
277,108409,insert,4096,468608,105088,476672,0.18063806380638064,1806253
278,108614,miss,4096,468608,105088,480768,0.17937513655232684,1806253
279,108713,insert,4096,472704,105088,480768,0.17937513655232684,1806253
280,108948,miss,4096,472704,105088,484864,0.17812974614883922,1806253
281,109077,insert,4096,476800,105088,484864,0.17812974614883922,1806253
282,109655,miss,4096,476800,105088,488960,0.17690152984270632,1806253
283,109772,insert,4096,480896,105088,488960,0.17690152984270632,1806253
284,109830,miss,4096,480896,105088,493056,0.17569013481703402,1806253
285,109929,insert,4096,484992,105088,493056,0.17569013481703402,1806253
286,110134,miss,4096,484992,105088,497152,0.1744952178533475,1806253
287,110233,insert,4096,489088,105088,497152,0.1744952178533475,1806253
288,110468,miss,4096,489088,105088,501248,0.17331644500738863,1806253
289,110609,insert,4096,493184,105088,501248,0.17331644500738863,1806253
290,111223,miss,4096,493184,105088,505344,0.17215349129796603,1806253
291,111265,miss,4096,493184,105088,509440,0.1710060404082483,1806253
292,111367,insert,4096,497280,105088,509440,0.1710060404082483,1806253
293,111387,miss,4096,497280,105088,513536,0.16987378439892406,1806253
294,111389,insert,4096,501376,105088,513536,0.16987378439892406,1806253
295,111515,miss,4096,501376,105088,517632,0.16875642343268243,1806253
296,111555,insert,4096,505472,105088,517632,0.16875642343268243,1806253
297,111732,insert,4096,509568,105088,517632,0.16875642343268243,1806253
298,112058,miss,4096,509568,105088,521728,0.16765366550949562,1806253
299,112199,insert,4096,513664,105088,521728,0.16765366550949562,1806253
300,112202,miss,4096,513664,105088,525824,0.16656522621221342,1806253
301,112285,insert,4096,517760,105088,525824,0.16656522621221342,1806253
302,112392,miss,4096,517760,105088,529920,0.16549082846200364,1806253
303,112521,miss,4096,517760,105088,534016,0.16443020228319646,1806253
304,112600,insert,4096,521856,105088,534016,0.16443020228319646,1806253
305,112601,miss,4096,521856,105088,538112,0.16338308457711442,1806253
306,112730,miss,4096,521856,105088,542208,0.16234921890448883,1806253
307,112783,insert,4096,525952,105088,542208,0.16234921890448883,1806253
308,112870,miss,4096,525952,105088,546304,0.1613283552760857,1806253
309,112891,insert,4096,530048,105088,546304,0.1613283552760857,1806253
310,113016,insert,4096,534144,105088,546304,0.1613283552760857,1806253
311,113107,miss,4096,534144,105088,550400,0.1603202499511814,1806253
312,113115,insert,4096,538240,105088,550400,0.1603202499511814,1806253
313,113282,insert,4096,542336,105088,550400,0.1603202499511814,1806253
314,113645,miss,4096,542336,105088,554496,0.15932466524354744,1806253
315,113714,insert,4096,546432,105088,554496,0.15932466524354744,1806253
316,113799,miss,4096,546432,105088,558592,0.1583413693346191,1806253
317,113863,miss,4096,546432,105088,562688,0.15737013609354034,1806253
318,113873,insert,4096,550528,105088,562688,0.15737013609354034,1806253
319,113905,miss,4096,550528,105088,566784,0.1564107449037912,1806253
320,113969,insert,4096,554624,105088,566784,0.1564107449037912,1806253
321,113969,miss,4096,554624,105088,570880,0.15546298049611815,1806253
322,114043,insert,4096,558720,105088,570880,0.15546298049611815,1806253
323,114075,insert,4096,562816,105088,570880,0.15546298049611815,1806253
324,115936,miss,4096,562816,105088,574976,0.15452663278750237,1806253
325,115936,miss,4096,562816,105088,579072,0.15360149672591206,1806253
326,115936,miss,4096,562816,105088,583168,0.15268737214059885,1806253
327,116143,insert,4096,566912,105088,583168,0.15268737214059885,1806253
328,116143,insert,4096,571008,105088,583168,0.15268737214059885,1806253
329,116143,insert,4096,575104,105088,583168,0.15268737214059885,1806253
330,116143,miss,2304,575104,105088,585472,0.15217794253938832,1806253
331,116143,miss,2304,575104,105088,587776,0.15167190097912434,1806253
332,116221,insert,2304,577408,105088,587776,0.15167190097912434,1806253
333,119046,miss,4096,577408,105088,591872,0.1507805325987144,1806253
334,119115,insert,4096,581504,105088,591872,0.1507805325987144,1806253
335,119115,hit,4096,581504,109184,591872,0.15574219463209787,1806253
336,120454,miss,4096,581504,109184,595968,0.15483753857324378,1806253
337,120523,insert,4096,585600,109184,595968,0.15483753857324378,1806253
338,120523,hit,4096,585600,113280,595968,0.1597184623714131,1806253
339,125179,miss,4096,585600,113280,600064,0.15880136371792572,1806253
340,125248,insert,4096,589696,113280,600064,0.15880136371792572,1806253
341,125248,hit,4096,589696,117376,600064,0.16360392506690455,1806253
342,125265,miss,4096,589696,117376,604160,0.16267518183430904,1806253
343,125334,insert,4096,593792,117376,604160,0.16267518183430904,1806253
344,125334,miss,4096,593792,117376,608256,0.16175692361968602,1806253
345,125403,insert,4096,597888,117376,608256,0.16175692361968602,1806253
346,128662,miss,4096,597888,117376,612352,0.16084897386423436,1806253
347,128731,insert,4096,601984,117376,612352,0.16084897386423436,1806253
348,128731,hit,4096,601984,121472,612352,0.1655328798185941,1806253
349,130070,miss,4096,601984,121472,616448,0.16461405030355594,1806253
350,130139,insert,4096,606080,121472,616448,0.16461405030355594,1806253
351,130139,hit,4096,606080,125568,616448,0.1692254614455753,1806253
352,134795,miss,4096,606080,125568,620544,0.1682964487905301,1806253
353,134864,insert,4096,610176,125568,620544,0.1682964487905301,1806253
354,134864,hit,4096,610176,129664,620544,0.1728373997611329,1806253
355,134881,miss,4096,610176,129664,624640,0.17189886305786525,1806253
356,134950,insert,4096,614272,129664,624640,0.17189886305786525,1806253
357,134950,miss,4096,614272,129664,628736,0.1709704641350211,1806253
358,135019,insert,4096,618368,129664,628736,0.1709704641350211,1806253
359,138278,miss,4096,618368,129664,632832,0.170052039617257,1806253
360,138347,insert,4096,622464,129664,632832,0.170052039617257,1806253
361,138347,hit,4096,622464,133760,632832,0.17448655869093338,1806253
362,139686,miss,4096,622464,133760,636928,0.1735592094336489,1806253
363,139755,insert,4096,626560,133760,636928,0.1735592094336489,1806253
364,139755,hit,4096,626560,137856,636928,0.17792830001652074,1806253
365,144411,miss,4096,626560,137856,641024,0.17699260476581757,1806253
366,144480,insert,4096,630656,137856,641024,0.17699260476581757,1806253
367,144480,hit,4096,630656,141952,641024,0.18129802190616315,1806253
368,144497,miss,4096,630656,141952,645120,0.1803545291917385,1806253
369,144566,insert,4096,634752,141952,645120,0.1803545291917385,1806253
370,144566,miss,4096,634752,141952,649216,0.17942080569487137,1806253
371,144635,insert,4096,638848,141952,649216,0.17942080569487137,1806253
372,147894,miss,4096,638848,141952,653312,0.17849670046676325,1806253
373,147963,insert,4096,642944,141952,653312,0.17849670046676325,1806253
374,147963,hit,4096,642944,146048,653312,0.18270616493194555,1806253
375,149302,miss,4096,642944,146048,657408,0.18177473315277998,1806253
376,149371,insert,4096,647040,146048,657408,0.18177473315277998,1806253
377,149371,hit,4096,647040,150144,657408,0.185924869234427,1806253
378,154027,miss,4096,647040,150144,661504,0.18498659517426275,1806253
379,154096,insert,4096,651136,150144,661504,0.18498659517426275,1806253
380,154096,hit,4096,651136,154240,661504,0.1890789267221089,1806253
381,154113,miss,4096,651136,154240,665600,0.1881342701014832,1806253
382,154182,insert,4096,655232,154240,665600,0.1881342701014832,1806253
383,154182,miss,4096,655232,154240,669696,0.18719900574801926,1806253
384,154251,insert,4096,659328,154240,669696,0.18719900574801926,1806253
385,157510,miss,4096,659328,154240,673792,0.18627299428041427,1806253
386,157579,insert,4096,663424,154240,673792,0.18627299428041427,1806253
387,157579,miss,4096,663424,154240,677888,0.18535609906168282,1806253
388,157648,insert,4096,667520,154240,677888,0.18535609906168282,1806253
389,158918,miss,4096,667520,154240,681984,0.1844481861319455,1806253
390,158987,insert,4096,671616,154240,681984,0.1844481861319455,1806253
391,158987,hit,4096,671616,158336,681984,0.18842345773038843,1806253
392,163643,miss,4096,671616,158336,686080,0.18750947400333484,1806253
393,163712,insert,4096,675712,158336,686080,0.18750947400333484,1806253
394,163712,hit,4096,675712,162432,686080,0.1914315884748831,1806253
395,163729,miss,4096,675712,162432,690176,0.19051193514487313,1806253
396,163798,insert,4096,679808,162432,690176,0.19051193514487313,1806253
397,163798,hit,4096,679808,166528,690176,0.1943821903481249,1806253
398,167126,miss,4096,679808,166528,694272,0.19345724907063197,1806253
399,167195,insert,4096,683904,166528,694272,0.19345724907063197,1806253
400,167195,hit,4096,683904,170624,694272,0.19727689803167087,1806253
401,168534,miss,4096,683904,170624,698368,0.1963470319634703,1806253
402,168603,insert,4096,688000,170624,698368,0.1963470319634703,1806253
403,168603,hit,4096,688000,174720,698368,0.20011728485559302,1806253
404,173328,miss,4096,688000,174720,702464,0.19918283963227784,1806253
405,173328,miss,4096,688000,174720,706560,0.19825708061002179,1806253
406,173328,miss,4096,688000,174720,710656,0.19733988723435014,1806253
407,173535,insert,4096,692096,174720,710656,0.19733988723435014,1806253
408,173535,insert,4096,696192,174720,710656,0.19733988723435014,1806253
409,173535,insert,4096,700288,174720,710656,0.19733988723435014,1806253
410,173535,miss,4096,700288,174720,714752,0.19643114117139157,1806253
411,173535,miss,4096,700288,174720,718848,0.19553072625698323,1806253
412,173673,insert,4096,704384,174720,718848,0.19553072625698323,1806253
413,173673,insert,4096,708480,174720,718848,0.19553072625698323,1806253
414,176742,miss,4096,708480,174720,722944,0.19463852844716953,1806253
415,176811,insert,4096,712576,174720,722944,0.19463852844716953,1806253
416,178150,miss,4096,712576,174720,727040,0.1937544357700497,1806253
417,178219,insert,4096,716672,174720,727040,0.1937544357700497,1806253
418,178219,hit,2304,716672,177024,727040,0.19580914625513238,1806253
419,182875,miss,4096,716672,177024,731136,0.1949260042283298,1806253
420,182875,miss,4096,716672,177024,735232,0.19405079275992704,1806253
421,183082,insert,4096,720768,177024,735232,0.19405079275992704,1806253
422,183082,insert,4096,724864,177024,735232,0.19405079275992704,1806253
423,183082,hit,2304,724864,179328,735232,0.19608117564730582,1806253
424,183082,hit,2304,724864,181632,735232,0.198101354181209,1806253
425,183621,miss,4096,724864,181632,739328,0.19722029186935372,1806253
426,183690,insert,4096,728960,181632,739328,0.19722029186935372,1806253
427,183718,miss,4096,728960,181632,743424,0.1963470319634703,1806253
428,183817,insert,4096,733056,181632,743424,0.1963470319634703,1806253
429,184022,miss,4096,733056,181632,747520,0.1954814712770354,1806253
430,184121,insert,4096,737152,181632,747520,0.1954814712770354,1806253
431,184356,miss,4096,737152,181632,751616,0.1946235084350569,1806253
432,184485,insert,4096,741248,181632,751616,0.1946235084350569,1806253
433,184994,miss,4096,741248,181632,755712,0.19377304383449406,1806253
434,185132,insert,4096,745344,181632,755712,0.19377304383449406,1806253
435,185238,miss,4096,745344,181632,759808,0.1929299796057104,1806253
436,185337,insert,4096,749440,181632,759808,0.1929299796057104,1806253
437,185590,miss,4096,749440,181632,763904,0.19209421957492892,1806253
438,185719,insert,4096,753536,181632,763904,0.19209421957492892,1806253
439,185876,miss,4096,753536,181632,768000,0.19126566922765872,1806253
440,186005,insert,4096,757632,181632,768000,0.19126566922765872,1806253
441,186514,miss,4096,757632,181632,772096,0.190444235673064,1806253
442,186683,insert,4096,761728,181632,772096,0.190444235673064,1806253
443,186758,miss,4096,761728,181632,776192,0.18962982760924763,1806253
444,186965,insert,4096,765824,181632,776192,0.18962982760924763,1806253
445,187163,miss,4096,765824,181632,780288,0.18882235528942115,1806253
446,187353,insert,4096,769920,181632,780288,0.18882235528942115,1806253
447,187491,miss,4096,769920,181632,784384,0.188021730488936,1806253
448,187619,insert,4096,774016,181632,784384,0.188021730488936,1806253
449,187974,miss,4096,774016,181632,788480,0.18722786647314948,1806253
450,188145,insert,4096,778112,181632,788480,0.18722786647314948,1806253
451,188278,miss,4096,778112,181632,792576,0.1864406779661017,1806253
452,188485,insert,4096,782208,181632,792576,0.1864406779661017,1806253
453,188496,miss,4096,782208,181632,796672,0.18566008111997906,1806253
454,188703,insert,4096,786304,181632,796672,0.18566008111997906,1806253
455,188703,miss,4096,786304,181632,800768,0.18488599348534202,1806253
456,188729,miss,4096,786304,181632,804864,0.1841183339820942,1806253
457,188901,insert,4096,790400,181632,804864,0.1841183339820942,1806253
458,188901,miss,4608,790400,181632,809472,0.18326230143355288,1806253
459,188936,insert,4096,794496,181632,809472,0.18326230143355288,1806253
460,189066,insert,4608,799104,181632,809472,0.18326230143355288,1806253
461,189066,miss,4608,799104,181632,814080,0.18241419205553414,1806253
462,189115,miss,4096,799104,181632,818176,0.18166688004096787,1806253
463,189228,insert,4608,803712,181632,818176,0.18166688004096787,1806253
464,189228,miss,2048,803712,181632,820224,0.18129551552318895,1806253
465,189276,insert,4096,807808,181632,820224,0.18129551552318895,1806253
466,189314,insert,2048,809856,181632,820224,0.18129551552318895,1806253
467,189638,miss,4096,809856,181632,824320,0.18055732281460746,1806253
468,189740,insert,4096,813952,181632,824320,0.18055732281460746,1806253
469,189848,miss,4096,813952,181632,828416,0.17982511722215183,1806253
470,189986,insert,4096,818048,181632,828416,0.17982511722215183,1806253
471,189986,miss,4096,818048,181632,832512,0.17909882620219614,1806253
472,190102,miss,4096,818048,181632,836608,0.1783783783783784,1806253
473,190124,insert,4096,822144,181632,836608,0.1783783783783784,1806253
474,190223,insert,4096,826240,181632,836608,0.1783783783783784,1806253
475,190464,miss,4096,826240,181632,840704,0.17766370351821711,1806253
476,190602,insert,4096,830336,181632,840704,0.17766370351821711,1806253
477,190602,miss,4096,830336,181632,844800,0.17695473251028807,1806253
478,190721,insert,4096,834432,181632,844800,0.17695473251028807,1806253
479,190935,miss,2048,834432,181632,846848,0.17660236465463597,1806253
480,190970,insert,2048,836480,181632,846848,0.17660236465463597,1806253
481,191064,miss,4096,836480,181632,850944,0.17590182223875048,1806253
482,191202,insert,4096,840576,181632,850944,0.17590182223875048,1806253
483,191202,miss,4096,840576,181632,855040,0.17520681565625384,1806253
484,191318,miss,4096,840576,181632,859136,0.17451727954741114,1806253
485,191351,insert,4096,844672,181632,859136,0.17451727954741114,1806253
486,191467,insert,4096,848768,181632,859136,0.17451727954741114,1806253
487,191467,miss,4096,848768,181632,863232,0.17383314957736126,1806253
488,191605,insert,4096,852864,181632,863232,0.17383314957736126,1806253
489,191605,hit,4608,852864,186240,863232,0.17746066593487012,1806253
490,191624,hit,4608,852864,190848,863232,0.18105646630236794,1806253
491,191643,miss,2048,852864,190848,865280,0.18070536904617623,1806253
492,191680,miss,4096,852864,190848,869376,0.18000724375226368,1806253
493,191730,insert,2048,854912,190848,869376,0.18000724375226368,1806253
494,191865,insert,4096,859008,190848,869376,0.18000724375226368,1806253
495,191865,hit,4608,859008,195456,869376,0.1835557158312297,1806253
496,191884,hit,4608,859008,200064,869376,0.18707360861759426,1806253
497,192106,miss,2048,859008,200064,871424,0.18671604348345477,1806253
498,192157,insert,2048,861056,200064,871424,0.18671604348345477,1806253
499,192224,miss,2048,861056,200064,873472,0.1863598426135686,1806253
500,192361,insert,2048,863104,200064,873472,0.1863598426135686,1806253
501,192396,miss,2048,863104,200064,875520,0.18600499821492325,1806253
502,192420,miss,2048,863104,200064,877568,0.1856515025537475,1806253
503,192528,insert,2048,865152,200064,877568,0.1856515025537475,1806253
504,192552,insert,2048,867200,200064,877568,0.1856515025537475,1806253
505,192851,miss,2048,867200,200064,879616,0.18529934795494962,1806253
506,192884,miss,4096,867200,200064,883712,0.18459903153419158,1806253
507,192888,insert,2048,869248,200064,883712,0.18459903153419158,1806253
508,192955,insert,4096,873344,200064,883712,0.18459903153419158,1806253
509,192955,hit,4608,873344,204672,883712,0.18805127602022814,1806253
510,193092,miss,4096,873344,204672,887808,0.18734622144112478,1806253
511,193161,insert,4096,877440,204672,887808,0.18734622144112478,1806253
512,193161,hit,4608,877440,209280,887808,0.19075953797689885,1806253
513,193180,hit,4608,877440,213888,887808,0.19414430115022657,1806253
514,193287,miss,2048,877440,213888,889856,0.19378406587034674,1806253
515,193322,insert,2048,879488,213888,889856,0.19378406587034674,1806253
516,194658,miss,2048,879488,213888,891904,0.19342516494964695,1806253
517,194658,miss,2048,879488,213888,893952,0.19306759098786827,1806253
518,194717,miss,2048,879488,213888,896000,0.19271133663937262,1806253
519,194734,insert,2048,881536,213888,896000,0.19271133663937262,1806253
520,194734,insert,2048,883584,213888,896000,0.19271133663937262,1806253
521,194734,hit,4608,883584,218496,896000,0.19604915585161364,1806253
522,194763,insert,2048,885632,218496,896000,0.19604915585161364,1806253
523,195047,miss,2048,885632,218496,898048,0.19568955634529406,1806253
524,195095,insert,2048,887680,218496,898048,0.19568955634529406,1806253
525,195652,miss,2048,887680,218496,900096,0.19533127360109853,1806253
526,195687,insert,2048,889728,218496,900096,0.19533127360109853,1806253
527,197010,miss,2048,889728,218496,902144,0.19497430039977157,1806253
528,197010,miss,2048,889728,218496,904192,0.1946186295747349,1806253
529,197069,miss,2048,889728,218496,906240,0.19426425401160805,1806253
530,197086,insert,2048,891776,218496,906240,0.19426425401160805,1806253
531,197086,insert,2048,893824,218496,906240,0.19426425401160805,1806253
532,197115,insert,2048,895872,218496,906240,0.19426425401160805,1806253
533,197399,miss,2048,895872,218496,908288,0.19391116664773372,1806253
534,197447,insert,2048,897920,218496,908288,0.19391116664773372,1806253
535,198004,miss,2048,897920,218496,910336,0.1935593604717088,1806253
536,198039,insert,2048,899968,218496,910336,0.1935593604717088,1806253
537,199362,miss,2048,899968,218496,912384,0.1932088285229202,1806253
538,199362,miss,2048,899968,218496,914432,0.19285956389108574,1806253
539,199421,miss,2048,899968,218496,916480,0.19251155971580017,1806253
540,199438,insert,2048,902016,218496,916480,0.19251155971580017,1806253
541,199438,insert,2048,904064,218496,916480,0.19251155971580017,1806253
542,199467,insert,2048,906112,218496,916480,0.19251155971580017,1806253
543,199751,miss,2048,906112,218496,918528,0.19216480918608578,1806253
544,199799,insert,2048,908160,218496,918528,0.19216480918608578,1806253
545,200356,miss,2048,908160,218496,920576,0.1918193055399483,1806253
546,200391,insert,2048,910208,218496,920576,0.1918193055399483,1806253
547,201714,miss,2048,910208,218496,922624,0.19147504206393717,1806253
548,201714,miss,2048,910208,218496,924672,0.19113201209271077,1806253
549,201773,miss,2048,910208,218496,926720,0.19079020900860624,1806253
550,201790,insert,2048,912256,218496,926720,0.19079020900860624,1806253
551,201790,insert,2048,914304,218496,926720,0.19079020900860624,1806253
552,201819,insert,2048,916352,218496,926720,0.19079020900860624,1806253
553,202068,miss,2048,916352,218496,928768,0.1904496262412139,1806253
554,202103,insert,2048,918400,218496,928768,0.1904496262412139,1806253
555,202103,miss,4608,918400,218496,933376,0.18968774308256472,1806253
556,202235,insert,4608,923008,218496,933376,0.18968774308256472,1806253
557,202235,miss,4608,923008,218496,937984,0.18893193137797454,1806253
558,202327,insert,4608,927616,218496,937984,0.18893193137797454,1806253
559,202765,miss,2048,927616,218496,940032,0.18859794497845542,1806253
560,202800,insert,2048,929664,218496,940032,0.18859794497845542,1806253
561,204066,miss,2048,929664,218496,942080,0.18826513731112826,1806253
562,204066,miss,2048,929664,218496,944128,0.18793350214686777,1806253
563,204125,miss,2048,929664,218496,946176,0.18760303330036268,1806253
564,204142,insert,2048,931712,218496,946176,0.18760303330036268,1806253
565,204142,insert,2048,933760,218496,946176,0.18760303330036268,1806253
566,204171,insert,2048,935808,218496,946176,0.18760303330036268,1806253
567,205012,miss,2048,935808,218496,948224,0.18727372462973121,1806253
568,205047,insert,2048,937856,218496,948224,0.18727372462973121,1806253
569,205047,hit,4608,937856,223104,948224,0.19047098677740137,1806253
570,205066,hit,4608,937856,227712,948224,0.19364319146620224,1806253
571,206418,miss,2048,937856,227712,950272,0.19330653047919158,1806253
572,206418,miss,2048,937856,227712,952320,0.19297103807354377,1806253
573,206442,miss,2048,937856,227712,954368,0.1926367081754196,1806253
574,206511,insert,2048,939904,227712,954368,0.1926367081754196,1806253
575,206511,insert,2048,941952,227712,954368,0.1926367081754196,1806253
576,206523,insert,2048,944000,227712,954368,0.1926367081754196,1806253
577,206523,hit,4608,944000,232320,954368,0.19577176140653652,1806253
578,206542,hit,4608,944000,236928,954368,0.1988825615128398,1806253
579,208759,miss,2048,944000,236928,956416,0.19854124208945617,1806253
580,208759,miss,2048,944000,236928,958464,0.19820109219402507,1806253
581,208829,insert,2048,946048,236928,958464,0.19820109219402507,1806253
582,208829,insert,2048,948096,236928,958464,0.19820109219402507,1806253
583,208829,hit,2048,948096,238976,958464,0.19957242116515234,1806253
584,211076,miss,2048,948096,238976,960512,0.1992316721801302,1806253
585,211111,insert,2048,950144,238976,960512,0.1992316721801302,1806253
586,211111,hit,4608,950144,243584,960512,0.2022961624322313,1806253
587,211130,hit,4608,950144,248192,960512,0.20533728687916974,1806253
588,218212,miss,2048,950144,248192,962560,0.20498995665503753,1806253
589,218247,insert,2048,952192,248192,962560,0.20498995665503753,1806253
590,218247,hit,2048,952192,250240,962560,0.20633245382585752,1806253
591,218256,miss,2048,952192,250240,964608,0.20598461700558424,1806253
592,218291,insert,2048,954240,250240,964608,0.20598461700558424,1806253
593,218291,hit,2048,954240,252288,964608,0.20732092142631744,1806253
594,218300,miss,2048,954240,252288,966656,0.206972592670377,1806253
595,218335,insert,2048,956288,252288,966656,0.206972592670377,1806253
596,218335,miss,2048,956288,252288,968704,0.20662543243526574,1806253
597,218370,insert,2048,958336,252288,968704,0.20662543243526574,1806253
598,218370,hit,2048,958336,254336,968704,0.20795395081109366,1806253
599,227700,miss,2048,958336,254336,970752,0.2076063107303312,1806253
600,227735,insert,2048,960384,254336,970752,0.2076063107303312,1806253
601,227735,hit,2048,960384,256384,970752,0.20892875769270888,1806253
602,227744,miss,2048,960384,256384,972800,0.20858065187962097,1806253
603,227779,insert,2048,962432,256384,972800,0.20858065187962097,1806253
604,227779,hit,2048,962432,258432,972800,0.2098970786984094,1806253
605,227788,miss,2048,962432,258432,974848,0.20954852101712507,1806253
606,227823,insert,2048,964480,258432,974848,0.20954852101712507,1806253
607,227823,miss,2048,964480,258432,976896,0.2092011190550202,1806253
608,227858,insert,2048,966528,258432,976896,0.2092011190550202,1806253
609,227858,hit,2048,966528,260480,976896,0.2105099824143995,1806253
610,237188,miss,2048,966528,260480,978944,0.21016213983269647,1806253
611,237223,insert,2048,968576,260480,978944,0.21016213983269647,1806253
612,237223,hit,2048,968576,262528,978944,0.21146509949479328,1806253
613,237232,miss,2048,968576,262528,980992,0.21111682964487904,1806253
614,237267,insert,2048,970624,262528,980992,0.21111682964487904,1806253
615,237267,hit,2048,970624,264576,980992,0.21241393484739493,1806253
616,237276,miss,2048,970624,264576,983040,0.21206525084641428,1806253
617,237311,insert,2048,972672,264576,983040,0.21206525084641428,1806253
618,237311,miss,2048,972672,264576,985088,0.21171770972037285,1806253
619,237346,insert,2048,974720,264576,985088,0.21171770972037285,1806253
620,237346,hit,2048,974720,266624,985088,0.21300746497596892,1806253
621,246676,miss,2048,974720,266624,987136,0.21265952016334866,1806253
622,246711,insert,2048,976768,266624,987136,0.21265952016334866,1806253
623,246711,hit,2048,976768,268672,987136,0.21394353276934053,1806253
624,246720,miss,2048,976768,268672,989184,0.21359519690648215,1806253
625,246755,insert,2048,978816,268672,989184,0.21359519690648215,1806253
626,246755,hit,2048,978816,270720,989184,0.21487351417250838,1806253
627,246764,miss,2048,978816,270720,991232,0.21452479967542348,1806253
628,246799,insert,2048,980864,270720,991232,0.21452479967542348,1806253
629,246799,miss,2048,980864,270720,993280,0.21417721518987343,1806253
630,246834,insert,2048,982912,270720,993280,0.21417721518987343,1806253
631,246834,hit,2048,982912,272768,993280,0.21544838742290973,1806253
632,256164,miss,2048,982912,272768,995328,0.21510043403653983,1806253
633,256199,insert,2048,984960,272768,995328,0.21510043403653983,1806253
634,256199,hit,2048,984960,274816,995328,0.21636601834122746,1806253
635,256208,miss,2048,984960,274816,997376,0.21601770801891537,1806253
636,256243,insert,2048,987008,274816,997376,0.21601770801891537,1806253
637,256243,hit,2048,987008,276864,997376,0.21727774987443496,1806253
638,256252,miss,2048,987008,276864,999424,0.21692909437368368,1806253
639,256287,insert,2048,989056,276864,999424,0.21692909437368368,1806253
640,256287,miss,2048,989056,276864,1001472,0.2165815560228297,1806253
641,256322,insert,2048,991104,276864,1001472,0.2165815560228297,1806253
642,256322,hit,2048,991104,278912,1001472,0.21783464960511847,1806253
643,265652,miss,2048,991104,278912,1003520,0.2174867751272582,1806253
644,265687,insert,2048,993152,278912,1003520,0.2174867751272582,1806253
645,265687,hit,2048,993152,280960,1003520,0.21873442949676133,1806253
646,265696,miss,2048,993152,280960,1005568,0.2183862302258482,1806253
647,265731,insert,2048,995200,280960,1005568,0.2183862302258482,1806253
648,265731,hit,2048,995200,283008,1005568,0.21962848912287672,1806253
649,265740,miss,2048,995200,283008,1007616,0.21927997619756026,1806253
650,265775,insert,2048,997248,283008,1007616,0.21927997619756026,1806253
651,265775,miss,2048,997248,283008,1009664,0.21893256758094862,1806253
652,265810,insert,2048,999296,283008,1009664,0.21893256758094862,1806253
653,265810,hit,2048,999296,285056,1009664,0.22016806722689075,1806253
654,275140,miss,2048,999296,285056,1011712,0.21982035337084196,1806253
655,275175,insert,2048,1001344,285056,1011712,0.21982035337084196,1806253
656,275175,hit,2048,1001344,287104,1011712,0.2210505568148221,1806253
657,275184,miss,2048,1001344,287104,1013760,0.22070254846010037,1806253
658,275219,insert,2048,1003392,287104,1013760,0.22070254846010037,1806253
659,275219,hit,2048,1003392,289152,1013760,0.22192749778956675,1806253
660,275228,miss,2048,1003392,289152,1015808,0.22157920549288868,1806253
661,275263,insert,2048,1005440,289152,1015808,0.22157920549288868,1806253
662,275263,miss,2048,1005440,289152,1017856,0.22123200470081286,1806253
663,275298,insert,2048,1007488,289152,1017856,0.22123200470081286,1806253
664,275298,hit,4608,1007488,293760,1017856,0.22396799063140432,1806253
665,275317,hit,4608,1007488,298368,1017856,0.2266848196051736,1806253
666,277844,miss,2048,1007488,298368,1019904,0.22633265365569472,1806253
667,277907,insert,2048,1009536,298368,1019904,0.22633265365569472,1806253
668,278020,miss,2048,1009536,298368,1021952,0.22598158022297624,1806253
669,278083,insert,2048,1011584,298368,1021952,0.22598158022297624,1806253
670,278196,miss,2048,1011584,298368,1024000,0.22563159423095538,1806253
671,278266,insert,2048,1013632,298368,1024000,0.22563159423095538,1806253
672,278400,miss,2048,1013632,298368,1026048,0.22528269063496667,1806253
673,278470,insert,2048,1015680,298368,1026048,0.22528269063496667,1806253
674,278752,miss,2048,1015680,298368,1028096,0.22493486442149957,1806253
675,278787,insert,2048,1017728,298368,1028096,0.22493486442149957,1806253
676,278900,miss,2048,1017728,298368,1030144,0.22458811060795839,1806253
677,278963,insert,2048,1019776,298368,1030144,0.22458811060795839,1806253
678,279076,miss,2048,1019776,298368,1032192,0.22424242424242424,1806253
679,279146,insert,2048,1021824,298368,1032192,0.22424242424242424,1806253
680,279252,miss,2048,1021824,298368,1034240,0.22389780040341947,1806253
681,279322,insert,2048,1023872,298368,1034240,0.22389780040341947,1806253
682,279632,miss,2048,1023872,298368,1036288,0.22355423419967393,1806253
683,279667,insert,2048,1025920,298368,1036288,0.22355423419967393,1806253
684,279808,miss,2048,1025920,298368,1038336,0.2232117207698937,1806253
685,279843,insert,2048,1027968,298368,1038336,0.2232117207698937,1806253
686,279956,miss,2048,1027968,298368,1040384,0.2228702552825318,1806253
687,280026,insert,2048,1030016,298368,1040384,0.2228702552825318,1806253
688,280132,miss,2048,1030016,298368,1042432,0.22252983293556086,1806253
689,280202,insert,2048,1032064,298368,1042432,0.22252983293556086,1806253
690,280512,miss,2048,1032064,298368,1044480,0.2221904489562482,1806253
691,280547,insert,2048,1034112,298368,1044480,0.2221904489562482,1806253
692,280688,miss,2048,1034112,298368,1046528,0.22185209860093272,1806253
693,280723,insert,2048,1036160,298368,1046528,0.22185209860093272,1806253
694,280836,miss,2048,1036160,298368,1048576,0.22151477715480378,1806253
695,280906,insert,2048,1038208,298368,1048576,0.22151477715480378,1806253
696,281012,miss,2048,1038208,298368,1050624,0.22117847993168233,1806253
697,281082,insert,2048,1040256,298368,1050624,0.22117847993168233,1806253
698,281392,miss,2048,1040256,298368,1052672,0.22084320227380388,1806253
699,281427,insert,2048,1042304,298368,1052672,0.22084320227380388,1806253
700,281568,miss,2048,1042304,298368,1054720,0.22050893955160344,1806253
701,281603,insert,2048,1044352,298368,1054720,0.22050893955160344,1806253
702,281716,miss,2048,1044352,298368,1056768,0.22017568716350241,1806253
703,281786,insert,2048,1046400,298368,1056768,0.22017568716350241,1806253
704,281892,miss,2048,1046400,298368,1058816,0.21984344053569743,1806253
705,281962,insert,2048,1048448,298368,1058816,0.21984344053569743,1806253
706,282272,miss,2048,1048448,298368,1060864,0.21951219512195122,1806253
707,282307,insert,2048,1045248,298368,1060864,0.21951219512195122,1806253
708,282448,miss,2048,1045248,298368,1062912,0.21918194640338504,1806253
709,282483,insert,2048,1047296,298368,1062912,0.21918194640338504,1806253
710,282596,miss,2048,1047296,298368,1064960,0.2188526898882734,1806253
711,282666,insert,2048,1045248,298368,1064960,0.2188526898882734,1806253
712,282772,miss,2048,1045248,298368,1067008,0.21852442111184026,1806253
713,282842,insert,2048,1047296,298368,1067008,0.21852442111184026,1806253
714,283152,miss,2048,1047296,298368,1069056,0.21819713563605728,1806253
715,283187,insert,2048,1045248,298368,1069056,0.21819713563605728,1806253
716,283187,miss,2048,1045248,298368,1071104,0.21787082904944388,1806253
717,283222,insert,2048,1047296,298368,1071104,0.21787082904944388,1806253
718,283222,miss,9216,1047296,298368,1080320,0.21641444619812458,1806253
719,283328,miss,2048,1047296,298368,1082368,0.21609344581440623,1806253
720,283398,insert,2048,1045248,298368,1082368,0.21609344581440623,1806253
721,283398,miss,2048,1045248,298368,1084416,0.21577339627881145,1806253
722,283424,insert,9216,1046272,298368,1084416,0.21577339627881145,1806253
723,283446,insert,2048,1048320,298368,1084416,0.21577339627881145,1806253
724,283446,hit,9216,1048320,307584,1084416,0.2209655172413793,1806253
725,283476,miss,2048,1048320,307584,1086464,0.2206408961527867,1806253
726,283511,insert,2048,1046272,307584,1086464,0.2206408961527867,1806253
727,283511,miss,2048,1046272,307584,1088512,0.22031722746859814,1806253
728,283546,insert,2048,1048320,307584,1088512,0.22031722746859814,1806253
729,283546,hit,9216,1048320,316800,1088512,0.22543036706439568,1806253
730,283652,miss,2048,1048320,316800,1090560,0.22510231923601637,1806253
731,283687,insert,2048,1046272,316800,1090560,0.22510231923601637,1806253
732,283687,miss,2048,1046272,316800,1092608,0.22477522477522477,1806253
733,283722,insert,2048,1048320,316800,1092608,0.22477522477522477,1806253
734,284804,miss,2048,1048320,316800,1094656,0.22444907953205767,1806253
735,284839,insert,2048,1046272,316800,1094656,0.22444907953205767,1806253
736,284839,hit,9216,1046272,326016,1094656,0.22948013334534642,1806253
737,288660,miss,2048,1046272,326016,1096704,0.2291497975708502,1806253
738,288695,insert,2048,1048320,326016,1096704,0.2291497975708502,1806253
739,288695,hit,2048,1048320,328064,1096704,0.23025783846914025,1806253
740,294116,miss,2048,1048320,328064,1098752,0.2299273347088903,1806253
741,294151,insert,2048,1046272,328064,1098752,0.2299273347088903,1806253
742,294151,hit,2048,1046272,330112,1098752,0.23103108483382603,1806253
743,294160,miss,2048,1046272,330112,1100800,0.23070042043116556,1806253
744,294195,insert,2048,1048320,330112,1100800,0.23070042043116556,1806253
745,294195,hit,2048,1048320,332160,1100800,0.23179991067440822,1806253
746,294204,miss,2048,1048320,332160,1102848,0.23146909285523146,1806253
747,294239,insert,2048,1046272,332160,1102848,0.23146909285523146,1806253
748,294239,miss,2048,1046272,332160,1104896,0.2311392179567115,1806253
749,294274,insert,2048,1048320,332160,1104896,0.2311392179567115,1806253
750,298148,miss,2048,1048320,332160,1106944,0.23081028195321535,1806253
751,298183,insert,2048,1046272,332160,1106944,0.23081028195321535,1806253
752,298183,hit,2048,1046272,334208,1106944,0.23190336619593213,1806253
753,303604,miss,2048,1046272,334208,1108992,0.23157427937915742,1806253
754,303639,insert,2048,1048320,334208,1108992,0.23157427937915742,1806253
755,303639,hit,2048,1048320,336256,1108992,0.23266318306615888,1806253
756,303648,miss,2048,1048320,336256,1111040,0.23233395241885557,1806253
757,303683,insert,2048,1046272,336256,1111040,0.23233395241885557,1806253
758,303683,hit,2048,1046272,338304,1111040,0.23341870529011746,1806253
759,303692,miss,2048,1046272,338304,1113088,0.23308933768409912,1806253
760,303727,insert,2048,1048320,338304,1113088,0.23308933768409912,1806253
761,303727,miss,2048,1048320,338304,1115136,0.23276089828269486,1806253
762,303762,insert,2048,1046272,338304,1115136,0.23276089828269486,1806253
763,307636,miss,2048,1046272,338304,1117184,0.2324333831677073,1806253
764,307671,insert,2048,1048320,338304,1117184,0.2324333831677073,1806253
765,307671,hit,2048,1048320,340352,1117184,0.23351189953455695,1806253
766,313092,miss,2048,1048320,340352,1119232,0.2331842497588354,1806253
767,313127,insert,2048,1046272,340352,1119232,0.2331842497588354,1806253
768,313127,hit,2048,1046272,342400,1119232,0.23425869165426044,1806253
769,313136,miss,2048,1046272,342400,1121280,0.23393091386095322,1806253
770,313171,insert,2048,1048320,342400,1121280,0.23393091386095322,1806253
771,313171,hit,2048,1048320,344448,1121280,0.23500130992926382,1806253
772,313180,miss,2048,1048320,344448,1123328,0.23467341065666697,1806253
773,313215,insert,2048,1046272,344448,1123328,0.23467341065666697,1806253
774,313215,miss,2048,1046272,344448,1125376,0.23434642515022205,1806253
775,313250,insert,2048,1048320,344448,1125376,0.23434642515022205,1806253
776,317124,miss,2048,1048320,344448,1127424,0.23402034959561702,1806253
777,317159,insert,2048,1046272,344448,1127424,0.23402034959561702,1806253
778,317159,hit,2048,1046272,346496,1127424,0.23508467216673903,1806253
779,322580,miss,2048,1046272,346496,1129472,0.23475847714855608,1806253
780,322615,insert,2048,1048320,346496,1129472,0.23475847714855608,1806253
781,322615,hit,2048,1048320,348544,1129472,0.23581882740105656,1806253
782,322624,miss,2048,1048320,348544,1131520,0.23549251924241113,1806253
783,322659,insert,2048,1046272,348544,1131520,0.23549251924241113,1806253
784,322659,hit,2048,1046272,350592,1131520,0.23654892477761466,1806253
785,322668,miss,2048,1046272,350592,1133568,0.23622250970245795,1806253
786,322703,insert,2048,1048320,350592,1133568,0.23622250970245795,1806253
787,322703,miss,2048,1048320,350592,1135616,0.23589699422960986,1806253
788,322738,insert,2048,1046272,350592,1135616,0.23589699422960986,1806253
789,326612,miss,2048,1046272,350592,1137664,0.23557237464522232,1806253
790,326647,insert,2048,1048320,350592,1137664,0.23557237464522232,1806253
791,326647,hit,2048,1048320,352640,1137664,0.23662286352314696,1806253
792,332068,miss,2048,1048320,352640,1139712,0.23629813877691055,1806253
793,332103,insert,2048,1046272,352640,1139712,0.23629813877691055,1806253
794,332103,hit,2048,1046272,354688,1139712,0.23734475374732333,1806253
795,332112,miss,2048,1046272,354688,1141760,0.23701992986057652,1806253
796,332147,insert,2048,1048320,354688,1141760,0.23701992986057652,1806253
797,332147,hit,2048,1048320,356736,1141760,0.23806269753139148,1806253
798,332156,miss,2048,1048320,356736,1143808,0.23773778043163013,1806253
799,332191,insert,2048,1046272,356736,1143808,0.23773778043163013,1806253
800,332191,miss,2048,1046272,356736,1145856,0.23741374904165602,1806253
801,332226,insert,2048,1048320,356736,1145856,0.23741374904165602,1806253
802,336100,miss,2048,1048320,356736,1147904,0.23709059974478944,1806253
803,336135,insert,2048,1046272,356736,1147904,0.23709059974478944,1806253
804,336135,hit,2048,1046272,358784,1147904,0.23812760173307282,1806253
805,341556,miss,2048,1046272,358784,1149952,0.2378043607364045,1806253
806,341591,insert,2048,1048320,358784,1149952,0.2378043607364045,1806253
807,341591,hit,2048,1048320,360832,1149952,0.23883758366516988,1806253
808,341600,miss,2048,1048320,360832,1152000,0.23851425670530502,1806253
809,341635,insert,2048,1046272,360832,1152000,0.23851425670530502,1806253
810,341635,hit,2048,1046272,362880,1152000,0.23954372623574144,1806253
811,341644,miss,2048,1046272,362880,1154048,0.23922031896042528,1806253
812,341679,insert,2048,1048320,362880,1154048,0.23922031896042528,1806253
813,341679,miss,2048,1048320,362880,1156096,0.2388977837701188,1806253
814,341714,insert,2048,1046272,362880,1156096,0.2388977837701188,1806253
815,345588,miss,2048,1046272,362880,1158144,0.23857611714213584,1806253
816,345623,insert,2048,1048320,362880,1158144,0.23857611714213584,1806253
817,345623,hit,2048,1048320,364928,1158144,0.2395999663837297,1806253
818,349092,miss,2048,1048320,364928,1160192,0.23927822073017205,1806253
819,349162,insert,2048,1046272,364928,1160192,0.23927822073017205,1806253
820,349303,miss,2048,1046272,364928,1162240,0.23895733802698851,1806253
821,349366,insert,2048,1048320,364928,1162240,0.23895733802698851,1806253
822,349690,miss,2048,1048320,364928,1164288,0.23863731480706454,1806253
823,349725,insert,2048,1046272,364928,1164288,0.23863731480706454,1806253
824,349859,miss,2048,1046272,364928,1166336,0.23831814762183398,1806253
825,349894,insert,2048,1048320,364928,1166336,0.23831814762183398,1806253
826,349972,miss,2048,1048320,364928,1168384,0.23799983304115535,1806253
827,350035,insert,2048,1046272,364928,1168384,0.23799983304115535,1806253
828,350148,miss,2048,1046272,364928,1170432,0.23768236765318884,1806253
829,350218,insert,2048,1048320,364928,1170432,0.23768236765318884,1806253
830,350528,miss,2048,1048320,364928,1172480,0.2373657480642744,1806253
831,350598,insert,2048,1046272,364928,1172480,0.2373657480642744,1806253
832,350746,miss,2048,1046272,364928,1174528,0.237049970898811,1806253
833,350781,insert,2048,1048320,364928,1174528,0.237049970898811,1806253
834,350852,miss,2048,1048320,364928,1176576,0.23673503279913644,1806253
835,350922,insert,2048,1046272,364928,1176576,0.23673503279913644,1806253
836,351057,miss,2048,1046272,364928,1178624,0.2364209304254084,1806253
837,351089,miss,2048,1046272,364928,1180672,0.23610766045548653,1806253
838,351145,insert,2048,1048320,364928,1180672,0.23610766045548653,1806253
839,351161,insert,2048,1046272,364928,1180672,0.23610766045548653,1806253
840,351161,hit,2048,1046272,366976,1180672,0.2371185179058804,1806253
841,351170,miss,2048,1046272,366976,1182720,0.23680515404311556,1806253
842,351213,insert,2048,1048320,366976,1182720,0.23680515404311556,1806253
843,351213,hit,2048,1048320,369024,1182720,0.2378124226676565,1806253
844,351222,miss,2048,1048320,369024,1184768,0.23749897026114178,1806253
845,351292,insert,2048,1046272,369024,1184768,0.23749897026114178,1806253
846,351292,hit,9216,1046272,378240,1184768,0.24199492261076078,1806253
847,351408,miss,2048,1046272,378240,1186816,0.24167825304653637,1806253
848,351443,insert,2048,1048320,378240,1186816,0.24167825304653637,1806253
849,351643,miss,2048,1048320,378240,1188864,0.24136241117373192,1806253
850,351678,insert,2048,1046272,378240,1188864,0.24136241117373192,1806253
851,351758,miss,2048,1046272,378240,1190912,0.24104739375152948,1806253
852,351828,insert,2048,1048320,378240,1190912,0.24104739375152948,1806253
853,351908,miss,2048,1048320,378240,1192960,0.24073319755600814,1806253
854,351978,insert,2048,1046272,378240,1192960,0.24073319755600814,1806253
855,352262,miss,2048,1046272,378240,1195008,0.24041981938003418,1806253
856,352323,insert,2048,1048320,378240,1195008,0.24041981938003418,1806253
857,352506,miss,2048,1048320,378240,1197056,0.24010725603315186,1806253
858,352541,insert,2048,1046272,378240,1197056,0.24010725603315186,1806253
859,352612,miss,2048,1046272,378240,1199104,0.23979550434147529,1806253
860,352682,insert,2048,1048320,378240,1199104,0.23979550434147529,1806253
861,352814,miss,2048,1048320,378240,1201152,0.23948456114758085,1806253
862,352884,insert,2048,1046272,378240,1201152,0.23948456114758085,1806253
863,353168,miss,2048,1046272,378240,1203200,0.23917442331040065,1806253
864,353203,insert,2048,1048320,378240,1203200,0.23917442331040065,1806253
865,353386,miss,2048,1048320,378240,1205248,0.2388650877051168,1806253
866,353421,insert,2048,1048064,378240,1205248,0.2388650877051168,1806253
867,353492,miss,2048,1048064,378240,1207296,0.23855655122305644,1806253
868,353562,insert,2048,1046016,378240,1207296,0.23855655122305644,1806253
869,353668,miss,2048,1046016,378240,1209344,0.23824881077158752,1806253
870,353738,insert,2048,1048064,378240,1209344,0.23824881077158752,1806253
871,354048,miss,2048,1048064,378240,1211392,0.23794186327401562,1806253
872,354083,insert,2048,1046016,378240,1211392,0.23794186327401562,1806253
873,354266,miss,2048,1046016,378240,1213440,0.2376357056694813,1806253
874,354301,insert,2048,1048064,378240,1213440,0.2376357056694813,1806253
875,354372,miss,2048,1048064,378240,1215488,0.2373303349128584,1806253
876,354447,insert,2048,1046016,378240,1215488,0.2373303349128584,1806253
877,354548,miss,2048,1046016,378240,1217536,0.2370257479746531,1806253
878,354583,insert,2048,1048064,378240,1217536,0.2370257479746531,1806253
879,354889,miss,2048,1048064,378240,1219584,0.23672194184090362,1806253
880,354924,insert,2048,1046016,378240,1219584,0.23672194184090362,1806253
881,354924,miss,18432,1046016,378240,1238016,0.23402233309574721,1806253
882,354941,miss,2048,1046016,378240,1240064,0.2337261725856205,1806253
883,355011,insert,2048,1048064,378240,1240064,0.2337261725856205,1806253
884,355011,miss,18432,1048064,378240,1258496,0.23109407992492376,1806253
885,355252,miss,2048,1048064,378240,1260544,0.23080528001249706,1806253
886,355357,insert,2048,1046016,378240,1260544,0.23080528001249706,1806253
887,355357,miss,18432,1046016,378240,1278976,0.22823820190005406,1806253
888,355659,insert,18432,1048064,378240,1278976,0.22823820190005406,1806253
889,355659,miss,18432,1048064,378240,1297408,0.22572759911389503,1806253
890,355815,miss,18432,1048064,378240,1315840,0.22327162825840574,1806253
891,356299,miss,18432,1048064,378240,1334272,0.2208685253008446,1806253
892,356666,insert,18432,1046016,378240,1334272,0.2208685253008446,1806253
893,356717,miss,1024,1046016,378240,1335296,0.22073653544483454,1806253
894,356777,insert,1024,1047040,378240,1335296,0.22073653544483454,1806253
895,356811,miss,1024,1047040,378240,1336320,0.2206047032474804,1806253
896,356856,insert,1024,1048064,378240,1336320,0.2206047032474804,1806253
897,357240,miss,2048,1048064,378240,1338368,0.2203415107001715,1806253
898,357275,insert,2048,1046016,378240,1338368,0.2203415107001715,1806253
899,357275,hit,18432,1046016,396672,1338368,0.2286241239395057,1806253
900,357349,miss,1024,1046016,396672,1339392,0.2284892722848927,1806253
901,357367,insert,1024,1047040,396672,1339392,0.2284892722848927,1806253
902,357367,hit,18432,1047040,415104,1339392,0.23659444079667324,1806253
903,357374,miss,1024,1047040,415104,1340416,0.23645643456069995,1806253
904,357392,insert,1024,1048064,415104,1340416,0.23645643456069995,1806253
905,359015,miss,1024,1048064,415104,1341440,0.23631858922976026,1806253
906,359033,insert,1024,1044992,415104,1341440,0.23631858922976026,1806253
907,359091,miss,1024,1044992,415104,1342464,0.23618090452261306,1806253
908,359109,insert,1024,1046016,415104,1342464,0.23618090452261306,1806253
909,359321,miss,1024,1046016,415104,1343488,0.2360433801586724,1806253
910,359339,insert,1024,1047040,415104,1343488,0.2360433801586724,1806253
911,359699,miss,1024,1047040,415104,1344512,0.23590601585800539,1806253
912,359717,insert,1024,1048064,415104,1344512,0.23590601585800539,1806253
913,360708,miss,2048,1048064,415104,1346560,0.23563176633001526,1806253
914,360743,insert,2048,1046016,415104,1346560,0.23563176633001526,1806253
915,360743,hit,18432,1046016,433536,1346560,0.24354641547422162,1806253
916,360817,hit,18432,1046016,451968,1346560,0.2512988399402178,1806253
917,361367,miss,1024,1046016,451968,1347584,0.25115584323209333,1806253
918,361385,insert,1024,1047040,451968,1347584,0.25115584323209333,1806253
919,361443,miss,1024,1047040,451968,1348608,0.2510130091703988,1806253
920,361461,insert,1024,1048064,451968,1348608,0.2510130091703988,1806253
921,361673,miss,1024,1048064,451968,1349632,0.2508703374777975,1806253
922,361691,insert,1024,1044992,451968,1349632,0.2508703374777975,1806253
923,362051,miss,1024,1044992,451968,1350656,0.2507278278775829,1806253
924,362069,insert,1024,1046016,451968,1350656,0.2507278278775829,1806253
925,362803,miss,1024,1046016,451968,1351680,0.2505854800936768,1806253
926,362821,insert,1024,1047040,451968,1351680,0.2505854800936768,1806253
927,363719,miss,1024,1047040,451968,1352704,0.2504432938506277,1806253
928,363737,insert,1024,1048064,451968,1352704,0.2504432938506277,1806253
929,363795,miss,1024,1048064,451968,1353728,0.2503012688736089,1806253
930,363813,insert,1024,1044992,451968,1353728,0.2503012688736089,1806253
931,364025,miss,1024,1044992,451968,1354752,0.2501594048884166,1806253
932,364043,insert,1024,1046016,451968,1354752,0.2501594048884166,1806253
933,364403,miss,1024,1046016,451968,1355776,0.2500177016214685,1806253
934,364421,insert,1024,1047040,451968,1355776,0.2500177016214685,1806253
935,365155,miss,1024,1047040,451968,1356800,0.24987615879980185,1806253
936,365173,insert,1024,1048064,451968,1356800,0.24987615879980185,1806253
937,366071,miss,1024,1048064,451968,1357824,0.2497347761510715,1806253
938,366089,insert,1024,1044992,451968,1357824,0.2497347761510715,1806253
939,366147,miss,1024,1044992,451968,1358848,0.24959355340354847,1806253
940,366165,insert,1024,1046016,451968,1358848,0.24959355340354847,1806253
941,366377,miss,1024,1046016,451968,1359872,0.249452490286118,1806253
942,366395,insert,1024,1047040,451968,1359872,0.249452490286118,1806253
943,366755,miss,1024,1047040,451968,1360896,0.2493115865282779,1806253
944,366773,insert,1024,1048064,451968,1360896,0.2493115865282779,1806253
945,367507,miss,1024,1048064,451968,1361920,0.2491708418601369,1806253
946,367525,insert,1024,1044992,451968,1361920,0.2491708418601369,1806253
947,368423,miss,1024,1044992,451968,1362944,0.24903025601241272,1806253
948,368441,insert,1024,1046016,451968,1362944,0.24903025601241272,1806253
949,368499,miss,1024,1046016,451968,1363968,0.24888982871643053,1806253
950,368517,insert,1024,1047040,451968,1363968,0.24888982871643053,1806253
951,368729,miss,1024,1047040,451968,1364992,0.24874955970412116,1806253
952,368747,insert,1024,1048064,451968,1364992,0.24874955970412116,1806253
953,369107,miss,1024,1048064,451968,1366016,0.24860944870801943,1806253
954,369125,insert,1024,1044992,451968,1366016,0.24860944870801943,1806253
955,369859,miss,1024,1044992,451968,1367040,0.2484694954612624,1806253
956,369877,insert,1024,1046016,451968,1367040,0.2484694954612624,1806253
957,370775,miss,1024,1046016,451968,1368064,0.24832969969758772,1806253
958,370793,insert,1024,1047040,451968,1368064,0.24832969969758772,1806253
959,370851,miss,1024,1047040,451968,1369088,0.24819006115133196,1806253
960,370869,insert,1024,1048064,451968,1369088,0.24819006115133196,1806253
961,371081,miss,1024,1048064,451968,1370112,0.24805057955742887,1806253
962,371099,insert,1024,1044992,451968,1370112,0.24805057955742887,1806253
963,371459,miss,1024,1044992,451968,1371136,0.2479112546514077,1806253
964,371477,insert,1024,1046016,451968,1371136,0.2479112546514077,1806253
965,372211,miss,1024,1046016,451968,1372160,0.24777208616939161,1806253
966,372229,insert,1024,1047040,451968,1372160,0.24777208616939161,1806253
967,373127,miss,1024,1047040,451968,1373184,0.24763307384809594,1806253
968,373145,insert,1024,1048064,451968,1373184,0.24763307384809594,1806253
969,373145,miss,18432,1048064,451968,1391616,0.2451572589043949,1806253
970,373203,miss,1024,1048064,451968,1392640,0.24502116438831448,1806253
971,373239,insert,1024,1044992,451968,1392640,0.24502116438831448,1806253
972,373239,miss,18432,1044992,451968,1411072,0.24259704568876675,1806253
973,373721,insert,18432,1047040,451968,1411072,0.24259704568876675,1806253
974,373797,miss,18432,1047040,451968,1429504,0.24022042315803796,1806253
975,373847,miss,1024,1047040,451968,1430528,0.2400897531787584,1806253
976,373883,insert,1024,1048064,451968,1430528,0.2400897531787584,1806253
977,373883,hit,18432,1048064,470400,1430528,0.24745808363073193,1806253
978,373957,miss,18432,1048064,470400,1448960,0.245081693897966,1806253
979,374325,insert,18432,1046016,470400,1448960,0.245081693897966,1806253
980,374599,miss,1024,1046016,470400,1449984,0.24495100979804038,1806253
981,374617,insert,1024,1047040,470400,1449984,0.24495100979804038,1806253
982,376915,miss,1024,1047040,470400,1451008,0.24482046499233895,1806253
983,376933,insert,1024,1048064,470400,1451008,0.24482046499233895,1806253
984,379267,miss,1024,1048064,470400,1452032,0.24469005925827286,1806253
985,379285,insert,1024,1044992,470400,1452032,0.24469005925827286,1806253
986,379285,hit,18432,1044992,488832,1452032,0.25186308777946315,1806253
987,379359,hit,18432,1044992,507264,1452032,0.25890115633370353,1806253
988,380505,miss,1024,1044992,507264,1453056,0.25876591576885405,1806253
989,380523,insert,1024,1046016,507264,1453056,0.25876591576885405,1806253
990,380523,hit,1024,1046016,508288,1453056,0.25915290739411345,1806253
991,382627,miss,1024,1046016,508288,1454080,0.2590176766029613,1806253
992,382645,insert,1024,1047040,508288,1454080,0.2590176766029613,1806253
993,382645,hit,1024,1047040,509312,1454080,0.25940413325510137,1806253
994,383235,miss,1024,1047040,509312,1455104,0.2592689124910406,1806253
995,383253,insert,1024,1048064,509312,1455104,0.2592689124910406,1806253
996,388691,miss,1024,1048064,509312,1456128,0.25913383262780854,1806253
997,388709,insert,1024,1044992,509312,1456128,0.25913383262780854,1806253
998,388709,hit,1024,1044992,510336,1456128,0.2595196250732279,1806253
999,389929,miss,1024,1044992,510336,1457152,0.25938455533146837,1806253
1000,389947,insert,1024,1046016,510336,1457152,0.25938455533146837,1806253
1001,389947,hit,1024,1046016,511360,1457152,0.2597698159828337,1806253
1002,392051,miss,1024,1046016,511360,1458176,0.259634756612725,1806253
1003,392069,insert,1024,1047040,511360,1458176,0.259634756612725,1806253
1004,392069,hit,1024,1047040,512384,1458176,0.2600194868463787,1806253
1005,392659,miss,1024,1047040,512384,1459200,0.2598844380964747,1806253
1006,392677,insert,1024,1048064,512384,1459200,0.2598844380964747,1806253
1007,398115,miss,1024,1048064,512384,1460224,0.2597495295568101,1806253
1008,398133,insert,1024,1044992,512384,1460224,0.2597495295568101,1806253
1009,398133,hit,1024,1044992,513408,1460224,0.26013360140086905,1806253
1010,399353,miss,1024,1044992,513408,1461248,0.25999870357166005,1806253
1011,399371,insert,1024,1046016,513408,1461248,0.25999870357166005,1806253
1012,399371,hit,1024,1046016,514432,1461248,0.26038224813735017,1806253
1013,401475,miss,1024,1046016,514432,1462272,0.2602473612640031,1806253
1014,401493,insert,1024,1047040,514432,1462272,0.2602473612640031,1806253
1015,401493,hit,1024,1047040,515456,1462272,0.2606303799106854,1806253
1016,402083,miss,1024,1047040,515456,1463296,0.26049550423701406,1806253
1017,402101,insert,1024,1048064,515456,1463296,0.26049550423701406,1806253
1018,407539,miss,1024,1048064,515456,1464320,0.2603607680868947,1806253
1019,407557,insert,1024,1044992,515456,1464320,0.2603607680868947,1806253
1020,407557,hit,1024,1044992,516480,1464320,0.2607431340872375,1806253
1021,408777,miss,1024,1044992,516480,1465344,0.2606084092230188,1806253
1022,408795,insert,1024,1046016,516480,1465344,0.2606084092230188,1806253
1023,408795,hit,1024,1046016,517504,1465344,0.26099025240462204,1806253
1024,410899,miss,1024,1046016,517504,1466368,0.26085553906703657,1806253
1025,410917,insert,1024,1047040,517504,1466368,0.26085553906703657,1806253
1026,410917,hit,1024,1047040,518528,1466368,0.2612368607725543,1806253
1027,411507,miss,1024,1047040,518528,1467392,0.26110215920077345,1806253
1028,411525,insert,1024,1048064,518528,1467392,0.26110215920077345,1806253
1029,416963,miss,1024,1048064,518528,1468416,0.26096759646975454,1806253
1030,416981,insert,1024,1044992,518528,1468416,0.26096759646975454,1806253
1031,416981,hit,1024,1044992,519552,1468416,0.2613482711995364,1806253
1032,418201,miss,1024,1044992,519552,1469440,0.2612137203166227,1806253
1033,418219,insert,1024,1046016,519552,1469440,0.2612137203166227,1806253
1034,418219,hit,1024,1046016,520576,1469440,0.26159387663214767,1806253
1035,420323,miss,1024,1046016,520576,1470464,0.26145933783349407,1806253
1036,420341,insert,1024,1047040,520576,1470464,0.26145933783349407,1806253
1037,420341,hit,1024,1047040,521600,1470464,0.261838977060978,1806253
1038,420931,miss,1024,1047040,521600,1471488,0.26170445058120867,1806253
1039,420949,insert,1024,1048064,521600,1471488,0.26170445058120867,1806253
1040,426387,miss,1024,1048064,521600,1472512,0.26157006226330315,1806253
1041,426405,insert,1024,1044992,521600,1472512,0.26157006226330315,1806253
1042,426405,hit,1024,1044992,522624,1472512,0.2619490601141977,1806253
1043,427625,miss,1024,1044992,522624,1473536,0.26181468419365184,1806253
1044,427643,insert,1024,1046016,522624,1473536,0.26181468419365184,1806253
1045,427643,hit,1024,1046016,523648,1473536,0.26219316798051656,1806253
1046,429747,miss,1024,1046016,523648,1474560,0.26205880468900133,1806253
1047,429765,insert,1024,1047040,523648,1474560,0.26205880468900133,1806253
1048,429765,hit,1024,1047040,524672,1474560,0.2624367757218772,1806253
1049,430355,miss,1024,1047040,524672,1475584,0.26230242528956293,1806253
1050,430373,insert,1024,1048064,524672,1475584,0.26230242528956293,1806253
1051,435811,miss,1024,1048064,524672,1476608,0.26216821234409976,1806253
1052,435829,insert,1024,1044992,524672,1476608,0.26216821234409976,1806253
1053,435829,hit,1024,1044992,525696,1476608,0.2625455475292463,1806253
1054,437049,miss,1024,1044992,525696,1477632,0.2624113475177305,1806253
1055,437067,insert,1024,1046016,525696,1477632,0.2624113475177305,1806253
1056,437067,hit,1024,1046016,526720,1477632,0.26278817293569195,1806253
1057,439171,miss,1024,1046016,526720,1478656,0.2626539860854024,1806253
1058,439189,insert,1024,1047040,526720,1478656,0.2626539860854024,1806253
1059,439189,hit,1024,1047040,527744,1478656,0.263030303030303,1806253
1060,439337,miss,1024,1047040,527744,1479680,0.2628961295670471,1806253
1061,439355,insert,1024,1048064,527744,1479680,0.2628961295670471,1806253
1062,439449,miss,1024,1048064,527744,1480704,0.262762092919508,1806253
1063,439467,insert,1024,1044992,527744,1480704,0.262762092919508,1806253
1064,439543,miss,1024,1044992,527744,1481728,0.2626281928785273,1806253
1065,439561,insert,1024,1046016,527744,1481728,0.2626281928785273,1806253
1066,439655,miss,1024,1046016,527744,1482752,0.26249442923537275,1806253
1067,439673,insert,1024,1047040,527744,1482752,0.26249442923537275,1806253
1068,439673,hit,18432,1047040,546176,1482752,0.26919437259478896,1806253
1069,439785,miss,1024,1047040,546176,1483776,0.2690585787250142,1806253
1070,439803,insert,1024,1048064,546176,1483776,0.2690585787250142,1806253
1071,439897,miss,1024,1048064,546176,1484800,0.2689229217873574,1806253
1072,439915,insert,1024,1044992,546176,1484800,0.2689229217873574,1806253
1073,440009,miss,1024,1044992,546176,1485824,0.26878740157480313,1806253
1074,440027,insert,1024,1046016,546176,1485824,0.26878740157480313,1806253
1075,440103,miss,1024,1046016,546176,1486848,0.268652017880753,1806253
1076,440121,insert,1024,1047040,546176,1486848,0.268652017880753,1806253
1077,440215,miss,1024,1047040,546176,1487872,0.2685167704990246,1806253
1078,440233,insert,1024,1048064,546176,1487872,0.2685167704990246,1806253
1079,440457,miss,1024,1048064,546176,1488896,0.26838165922385054,1806253
1080,440475,insert,1024,1044992,546176,1488896,0.26838165922385054,1806253
1081,440569,miss,1024,1044992,546176,1489920,0.26824668384987743,1806253
1082,440587,insert,1024,1046016,546176,1489920,0.26824668384987743,1806253
1083,440663,miss,1024,1046016,546176,1490944,0.2681118441721646,1806253
1084,440681,insert,1024,1047040,546176,1490944,0.2681118441721646,1806253
1085,440775,miss,1024,1047040,546176,1491968,0.2679771399861835,1806253
1086,440793,insert,1024,1048064,546176,1491968,0.2679771399861835,1806253
1087,441017,miss,1024,1048064,546176,1492992,0.26784257108781623,1806253
1088,441035,insert,1024,1047936,546176,1492992,0.26784257108781623,1806253
1089,441129,miss,1024,1047936,546176,1494016,0.2677081372733547,1806253
1090,441147,insert,1024,1047808,546176,1494016,0.2677081372733547,1806253
1091,441223,miss,1024,1047808,546176,1495040,0.2675738383394996,1806253
1092,441241,insert,1024,1044736,546176,1495040,0.2675738383394996,1806253
1093,441335,miss,1024,1044736,546176,1496064,0.26743967408335945,1806253
1094,441353,insert,1024,1045760,546176,1496064,0.26743967408335945,1806253
1095,441577,miss,1024,1045760,546176,1497088,0.2673056443024494,1806253
1096,441595,insert,1024,1046784,546176,1497088,0.2673056443024494,1806253
1097,441689,miss,1024,1046784,546176,1498112,0.26717174879469036,1806253
1098,441707,insert,1024,1047808,546176,1498112,0.26717174879469036,1806253
1099,441783,miss,1024,1047808,546176,1499136,0.2670379873584079,1806253
1100,441801,insert,1024,1044736,546176,1499136,0.2670379873584079,1806253
1101,441895,miss,1024,1044736,546176,1500160,0.2669043597923313,1806253
1102,441913,insert,1024,1045760,546176,1500160,0.2669043597923313,1806253
1103,442137,miss,1024,1045760,546176,1501184,0.26677086589559235,1806253
1104,442155,insert,1024,1046784,546176,1501184,0.26677086589559235,1806253
1105,442249,miss,1024,1046784,546176,1502208,0.2666375054677248,1806253
1106,442267,insert,1024,1047808,546176,1502208,0.2666375054677248,1806253
1107,442343,miss,1024,1047808,546176,1503232,0.2665042783086628,1806253
1108,442361,insert,1024,1044736,546176,1503232,0.2665042783086628,1806253
1109,442455,miss,1024,1044736,546176,1504256,0.26637118421874023,1806253
1110,442473,insert,1024,1045760,546176,1504256,0.26637118421874023,1806253
1111,442697,miss,1024,1045760,546176,1505280,0.2662382229986897,1806253
1112,442715,insert,1024,1046784,546176,1505280,0.2662382229986897,1806253
1113,442809,miss,1024,1046784,546176,1506304,0.26610539444964143,1806253
1114,442827,insert,1024,1047808,546176,1506304,0.26610539444964143,1806253
1115,445235,miss,1024,1047808,546176,1507328,0.2659726983731222,1806253
1116,445253,insert,1024,1044736,546176,1507328,0.2659726983731222,1806253
1117,445253,hit,18432,1044736,564608,1507328,0.27250262556372395,1806253
1118,445327,hit,18432,1044736,583040,1507328,0.2789173963627457,1806253
1119,445883,miss,1024,1044736,583040,1508352,0.2787808311402167,1806253
1120,445901,insert,1024,1045760,583040,1508352,0.2787808311402167,1806253
1121,445995,miss,1024,1045760,583040,1509376,0.27864439958402154,1806253
1122,446013,insert,1024,1046784,583040,1509376,0.27864439958402154,1806253
1123,446013,miss,1024,1046784,583040,1510400,0.27850810149801286,1806253
1124,446031,insert,1024,1047808,583040,1510400,0.27850810149801286,1806253
1125,446585,miss,1024,1047808,583040,1511424,0.2783719366864267,1806253
1126,446603,insert,1024,1044736,583040,1511424,0.2783719366864267,1806253
1127,446603,miss,36864,1044736,583040,1548288,0.2735571437150922,1806253
1128,447218,insert,36864,1044736,583040,1548288,0.2735571437150922,1806253
1129,448707,miss,1024,1044736,583040,1549312,0.27342577585689415,1806253
1130,448725,insert,1024,1045760,583040,1549312,0.27342577585689415,1806253
1131,448725,hit,36864,1045760,619904,1549312,0.28577329320823747,1806253
1132,449315,miss,1024,1045760,619904,1550336,0.28563845473311705,1806253
1133,449333,insert,1024,1046784,619904,1550336,0.28563845473311705,1806253
1134,449333,hit,36864,1046784,656768,1550336,0.29757002841732877,1806253
1135,454771,miss,1024,1046784,656768,1551360,0.2974320329256275,1806253
1136,454789,insert,1024,1047808,656768,1551360,0.2974320329256275,1806253
1137,455381,miss,1024,1047808,656768,1552384,0.297294165362999,1806253
1138,455415,insert,1024,1044736,656768,1552384,0.297294165362999,1806253
1139,455415,hit,1024,1044736,657792,1552384,0.29761973707071293,1806253
1140,455913,miss,1024,1044736,657792,1553408,0.29748191027496385,1806253
1141,455931,insert,1024,1045760,657792,1553408,0.29748191027496385,1806253
1142,455931,hit,1024,1045760,658816,1553408,0.29780709367586644,1806253
1143,458019,miss,1024,1045760,658816,1554432,0.2976693077323463,1806253
1144,458037,insert,1024,1046784,658816,1554432,0.2976693077323463,1806253
1145,458037,hit,1024,1046784,659840,1554432,0.2979941037054165,1806253
1146,458627,miss,1024,1046784,659840,1555456,0.2978563586987924,1806253
1147,458645,insert,1024,1047808,659840,1555456,0.2978563586987924,1806253
1148,458645,miss,1024,1047808,659840,1556480,0.29771874097603235,1806253
1149,458663,insert,1024,1044736,659840,1556480,0.29771874097603235,1806253
1150,464805,miss,1024,1044736,659840,1557504,0.297581250360792,1806253
1151,464839,insert,1024,1045760,659840,1557504,0.297581250360792,1806253
1152,464839,hit,1024,1045760,660864,1557504,0.29790548727713345,1806253
1153,465337,miss,1024,1045760,660864,1558528,0.2977680373723975,1806253
1154,465355,insert,1024,1046784,660864,1558528,0.2977680373723975,1806253
1155,465355,hit,1024,1046784,661888,1558528,0.29809188908745027,1806253
1156,467443,miss,1024,1046784,661888,1559552,0.2979544799769519,1806253
1157,467461,insert,1024,1047808,661888,1559552,0.2979544799769519,1806253
1158,467461,hit,1024,1047808,662912,1559552,0.2982779473593273,1806253
1159,468051,miss,1024,1047808,662912,1560576,0.29814057912612973,1806253
1160,468069,insert,1024,1044736,662912,1560576,0.29814057912612973,1806253
1161,468069,miss,1024,1044736,662912,1561600,0.29800333736118306,1806253
1162,468087,insert,1024,1045760,662912,1561600,0.29800333736118306,1806253
1163,474229,miss,1024,1045760,662912,1562624,0.29786622188991774,1806253
1164,474263,insert,1024,1046784,662912,1562624,0.29786622188991774,1806253
1165,474263,hit,1024,1046784,663936,1562624,0.2981891348088531,1806253
1166,474761,miss,1024,1046784,663936,1563648,0.29805205998965695,1806253
1167,474779,insert,1024,1047808,663936,1563648,0.29805205998965695,1806253
1168,474779,hit,1024,1047808,664960,1563648,0.29837459077594625,1806253
1169,476867,miss,1024,1047808,664960,1564672,0.29823755669096963,1806253
1170,476885,insert,1024,1044736,664960,1564672,0.29823755669096963,1806253
1171,476885,hit,1024,1044736,665984,1564672,0.2985597062030183,1806253
1172,477475,miss,1024,1044736,665984,1565696,0.29842271293375394,1806253
1173,477493,insert,1024,1045760,665984,1565696,0.29842271293375394,1806253
1174,477493,miss,1024,1045760,665984,1566720,0.2982858453247721,1806253
1175,477511,insert,1024,1046784,665984,1566720,0.2982858453247721,1806253
1176,483653,miss,1024,1046784,665984,1567744,0.29814910320325483,1806253
1177,483687,insert,1024,1047808,665984,1567744,0.29814910320325483,1806253
1178,483687,hit,1024,1047808,667008,1567744,0.2984707027893923,1806253
1179,484185,miss,1024,1047808,667008,1568768,0.2983340012595179,1806253
1180,484203,insert,1024,1044736,667008,1568768,0.2983340012595179,1806253
1181,484203,hit,1024,1044736,668032,1568768,0.2986552217453505,1806253
1182,486291,miss,1024,1044736,668032,1569792,0.2985185608877195,1806253
1183,486309,insert,1024,1045760,668032,1569792,0.2985185608877195,1806253
1184,486309,hit,1024,1045760,669056,1569792,0.2988394031216054,1806253
1185,486899,miss,1024,1045760,669056,1570816,0.29870278301617237,1806253
1186,486917,insert,1024,1046784,669056,1570816,0.29870278301617237,1806253
1187,486917,miss,1024,1046784,669056,1571840,0.29856628777060606,1806253
1188,486935,insert,1024,1047808,669056,1571840,0.29856628777060606,1806253
1189,493077,miss,1024,1047808,669056,1572864,0.29842991721381673,1806253
1190,493111,insert,1024,1044736,669056,1572864,0.29842991721381673,1806253
1191,493111,hit,1024,1044736,670080,1572864,0.2987502140044513,1806253
1192,493609,miss,1024,1044736,670080,1573888,0.2986138839769551,1806253
1193,493627,insert,1024,1045760,670080,1573888,0.2986138839769551,1806253
1194,493627,hit,1024,1045760,671104,1573888,0.2989338046638919,1806253
1195,495715,miss,1024,1045760,671104,1574912,0.29879751524477116,1806253
1196,495733,insert,1024,1046784,671104,1574912,0.29879751524477116,1806253
1197,495733,hit,1024,1046784,672128,1574912,0.2991170606664768,1806253
1198,496323,miss,1024,1046784,672128,1575936,0.2989808119341798,1806253
1199,496341,insert,1024,1047808,672128,1575936,0.2989808119341798,1806253
1200,496341,miss,1024,1047808,672128,1576960,0.29884468726879515,1806253
1201,496359,insert,1024,1044736,672128,1576960,0.29884468726879515,1806253
1202,502501,miss,1024,1044736,672128,1577984,0.2987086865009386,1806253
1203,502535,insert,1024,1045760,672128,1577984,0.2987086865009386,1806253
1204,502535,hit,1024,1045760,673152,1577984,0.2990276909080571,1806253
1205,503033,miss,1024,1045760,673152,1579008,0.29889173060528557,1806253
1206,503051,insert,1024,1046784,673152,1579008,0.29889173060528557,1806253
1207,503051,hit,1024,1046784,674176,1579008,0.2992103618701358,1806253
1208,505139,miss,1024,1046784,674176,1580032,0.29907444211004486,1806253
1209,505157,insert,1024,1047808,674176,1580032,0.29907444211004486,1806253
1210,505157,hit,1024,1047808,675200,1580032,0.29939270106135424,1806253
1211,505747,miss,1024,1047808,675200,1581056,0.2992568219209168,1806253
1212,505765,insert,1024,1044736,675200,1581056,0.2992568219209168,1806253
1213,505765,miss,1024,1044736,675200,1582080,0.2991210660618089,1806253
1214,505783,insert,1024,1045760,675200,1582080,0.2991210660618089,1806253
1215,511925,miss,1024,1045760,675200,1583104,0.29898543331632943,1806253
1216,511959,insert,1024,1046784,675200,1583104,0.29898543331632943,1806253
1217,511959,hit,1024,1046784,676224,1583104,0.2993031556285763,1806253
1218,512457,miss,1024,1046784,676224,1584128,0.2991675632821791,1806253
1219,512475,insert,1024,1047808,676224,1584128,0.2991675632821791,1806253
1220,512475,hit,1024,1047808,677248,1584128,0.2994849153789551,1806253
1221,514563,miss,1024,1047808,677248,1585152,0.29934936350777935,1806253
1222,514581,insert,1024,1044736,677248,1585152,0.29934936350777935,1806253
1223,514581,hit,1024,1044736,678272,1585152,0.2996663462082226,1806253
1224,515171,miss,1024,1044736,678272,1586176,0.299530834887796,1806253
1225,515189,insert,1024,1045760,678272,1586176,0.299530834887796,1806253
1226,515189,hit,36864,1045760,715136,1586176,0.31075143222648643,1806253
1227,520851,miss,1024,1045760,715136,1587200,0.3106132206593651,1806253
1228,520869,insert,1024,1046784,715136,1587200,0.3106132206593651,1806253
1229,521093,miss,1024,1046784,715136,1588224,0.3104751319811059,1806253
1230,521111,insert,1024,1047808,715136,1588224,0.3104751319811059,1806253
1231,521187,miss,1024,1047808,715136,1589248,0.31033716602788425,1806253
1232,521205,insert,1024,1044736,715136,1589248,0.31033716602788425,1806253
1233,521299,miss,1024,1044736,715136,1590272,0.3101993226361668,1806253
1234,521317,insert,1024,1045760,715136,1590272,0.3101993226361668,1806253
1235,521411,miss,1024,1045760,715136,1591296,0.31006160164271046,1806253
1236,521429,insert,1024,1046784,715136,1591296,0.31006160164271046,1806253
1237,521429,hit,36864,1046784,752000,1591296,0.320915496804501,1806253
1238,521653,miss,1024,1046784,752000,1592320,0.3207753207753208,1806253
1239,521671,insert,1024,1047808,752000,1592320,0.3207753207753208,1806253
1240,521747,miss,1024,1047808,752000,1593344,0.3206352671505758,1806253
1241,521765,insert,1024,1044736,752000,1593344,0.3206352671505758,1806253
1242,521859,miss,1024,1044736,752000,1594368,0.3204953357700071,1806253
1243,521877,insert,1024,1045760,752000,1594368,0.3204953357700071,1806253
1244,521983,miss,1024,1045760,752000,1595392,0.3203555264736354,1806253
1245,522001,insert,1024,1046784,752000,1595392,0.3203555264736354,1806253
1246,522213,miss,1024,1046784,752000,1596416,0.3202158391017605,1806253
1247,522231,insert,1024,1047808,752000,1596416,0.3202158391017605,1806253
1248,522307,miss,1024,1047808,752000,1597440,0.3200762734949605,1806253
1249,522325,insert,1024,1044736,752000,1597440,0.3200762734949605,1806253
1250,522419,miss,1024,1044736,752000,1598464,0.31993682949409136,1806253
1251,522437,insert,1024,1045760,752000,1598464,0.31993682949409136,1806253
1252,522531,miss,1024,1045760,752000,1599488,0.3197975069402863,1806253
1253,522549,insert,1024,1046784,752000,1599488,0.3197975069402863,1806253
1254,522773,miss,1024,1046784,752000,1600512,0.3196583056749551,1806253
1255,522791,insert,1024,1047808,752000,1600512,0.3196583056749551,1806253
1256,522867,miss,1024,1047808,752000,1601536,0.31951922553978357,1806253
1257,522885,insert,1024,1044736,752000,1601536,0.31951922553978357,1806253
1258,522979,miss,1024,1044736,752000,1602560,0.31938026637673284,1806253
1259,522997,insert,1024,1045760,752000,1602560,0.31938026637673284,1806253
1260,523091,miss,1024,1045760,752000,1603584,0.3192414280280389,1806253
1261,523109,insert,1024,1046784,752000,1603584,0.3192414280280389,1806253
1262,523333,miss,1024,1046784,752000,1604608,0.31910271033621207,1806253
1263,523351,insert,1024,1047808,752000,1604608,0.31910271033621207,1806253
1264,523427,miss,1024,1047808,752000,1605632,0.31896411314403605,1806253
1265,523445,insert,1024,1044736,752000,1605632,0.31896411314403605,1806253
1266,523539,miss,1024,1044736,752000,1606656,0.3188256362945677,1806253
1267,523557,insert,1024,1045760,752000,1606656,0.3188256362945677,1806253
1268,523651,miss,1024,1045760,752000,1607680,0.3186872796311364,1806253
1269,523675,insert,1024,1046784,752000,1607680,0.3186872796311364,1806253
1270,523893,miss,1024,1046784,752000,1608704,0.31854904299734316,1806253
1271,523911,insert,1024,1047808,752000,1608704,0.31854904299734316,1806253
1272,523987,miss,1024,1047808,752000,1609728,0.3184109262370603,1806253
1273,524005,insert,1024,1044736,752000,1609728,0.3184109262370603,1806253
1274,524117,miss,1024,1044736,752000,1610752,0.3182729291944309,1806253
1275,524117,miss,1024,1044736,752000,1611776,0.31813505171386797,1806253
1276,524163,insert,1024,1045760,752000,1611776,0.31813505171386797,1806253
1277,524163,insert,1024,1046784,752000,1611776,0.31813505171386797,1806253
1278,524163,miss,73728,1046784,752000,1685504,0.3085123142362023,1806253
1279,524163,miss,1024,1046784,752000,1686528,0.3083827620597344,1806253
1280,524204,insert,1024,1047808,752000,1686528,0.3083827620597344,1806253
1281,524204,miss,73728,1047808,752000,1760256,0.29933255209660165,1806253
1282,524211,miss,1024,1047808,752000,1761280,0.2992105933282404,1806253
1283,524283,insert,1024,1044736,752000,1761280,0.2992105933282404,1806253
1284,524283,miss,1024,1044736,752000,1762304,0.2990887339001171,1806253
1285,524348,insert,1024,1045760,752000,1762304,0.2990887339001171,1806253
1286,524348,miss,73728,1045760,752000,1836032,0.2905682773628765,1806253
1287,524453,miss,1024,1045760,752000,1837056,0.29045335442725073,1806253
1288,524525,insert,1024,1046784,752000,1837056,0.29045335442725073,1806253
1289,524547,miss,1024,1046784,752000,1838080,0.2903385223622436,1806253
1290,524619,insert,1024,1047808,752000,1838080,0.2903385223622436,1806253
1291,524619,miss,73728,1047808,752000,1911808,0.28230262841766374,1806253
1292,524826,miss,1024,1047808,752000,1912832,0.2821941495749075,1806253
1293,524916,insert,1024,1044736,752000,1912832,0.2821941495749075,1806253
1294,524916,miss,73728,1044736,752000,1986560,0.2745968684272026,1806253
1295,530201,insert,73728,1044736,752000,1986560,0.2745968684272026,1806253
1296,530201,miss,73728,1044736,752000,2060288,0.2673979336397979,1806253
1297,530290,miss,73728,1044736,752000,2134016,0.2605668159843882,1806253
1298,530492,miss,73728,1044736,752000,2207744,0.25407602819703323,1806253
1299,530910,miss,73728,1044736,752000,2281472,0.24790075530613107,1806253
1300,531277,miss,512,1044736,752000,2281984,0.2478589208117116,1806253
1301,531322,insert,512,1045248,752000,2281984,0.2478589208117116,1806253
1302,531322,miss,73728,1045248,752000,2355712,0.2419786646896495,1806253
1303,536544,insert,73728,1047040,752000,2355712,0.2419786646896495,1806253
1304,536544,miss,512,1047040,752000,2356224,0.24193880492525635,1806253
1305,536589,insert,512,1047552,752000,2356224,0.24193880492525635,1806253
1306,536589,miss,512,1047552,752000,2356736,0.24189895829044344,1806253
1307,536633,miss,512,1047552,752000,2357248,0.24185912477872462,1806253
1308,536634,insert,512,1048064,752000,2357248,0.24185912477872462,1806253
1309,536634,miss,512,1048064,752000,2357760,0.24181930438361804,1806253
1310,536678,insert,512,1048576,752000,2357760,0.24181930438361804,1806253
1311,536678,miss,512,1048576,752000,2358272,0.24177949709864605,1806253
1312,536679,insert,512,1044992,752000,2358272,0.24177949709864605,1806253
1313,536679,miss,512,1044992,752000,2358784,0.24173970291733532,1806253
1314,536723,insert,512,1045504,752000,2358784,0.24173970291733532,1806253
1315,536723,miss,512,1045504,752000,2359296,0.24169992183321676,1806253
1316,536724,insert,512,1046016,752000,2359296,0.24169992183321676,1806253
1317,536724,miss,512,1046016,752000,2359808,0.2416601538398256,1806253
1318,536769,insert,512,1046528,752000,2359808,0.2416601538398256,1806253
1319,536769,miss,512,1046528,752000,2360320,0.24162039893070122,1806253
1320,536770,insert,512,1047040,752000,2360320,0.24162039893070122,1806253
1321,536815,insert,512,1047552,752000,2360320,0.24162039893070122,1806253
1322,536815,miss,512,1047552,752000,2360832,0.2415806570993873,1806253
1323,536827,miss,512,1047552,752000,2361344,0.2415409283394318,1806253
1324,536859,insert,512,1048064,752000,2361344,0.2415409283394318,1806253
1325,536859,miss,512,1048064,752000,2361856,0.2415012126443869,1806253
1326,536869,insert,512,1048576,752000,2361856,0.2415012126443869,1806253
1327,536869,miss,512,1048576,752000,2362368,0.24146151000780897,1806253
1328,536895,insert,512,1044992,752000,2362368,0.24146151000780897,1806253
1329,536903,insert,512,1045504,752000,2362368,0.24146151000780897,1806253
1330,536903,miss,512,1045504,752000,2362880,0.2414218204232587,1806253
1331,536930,insert,512,1046016,752000,2362880,0.2414218204232587,1806253
1332,536930,miss,512,1046016,752000,2363392,0.2413821438843009,1806253
1333,536957,insert,512,1046528,752000,2363392,0.2413821438843009,1806253
1334,536957,miss,512,1046528,752000,2363904,0.2413424803845048,1806253
1335,536984,insert,512,1047040,752000,2363904,0.2413424803845048,1806253
1336,537050,miss,512,1047040,752000,2364416,0.24130282991744362,1806253
1337,537068,insert,512,1047552,752000,2364416,0.24130282991744362,1806253
1338,537068,miss,512,1047552,752000,2364928,0.241263192476695,1806253
1339,537086,insert,512,1048064,752000,2364928,0.241263192476695,1806253
1340,537086,miss,512,1048064,752000,2365440,0.2412235680558407,1806253
1341,537104,insert,512,1048576,752000,2365440,0.2412235680558407,1806253
1342,537104,miss,512,1048576,752000,2365952,0.24118395664846667,1806253
1343,537122,insert,512,1044992,752000,2365952,0.24118395664846667,1806253
1344,537122,miss,512,1044992,752000,2366464,0.2411443582481632,1806253
1345,537140,insert,512,1045504,752000,2366464,0.2411443582481632,1806253
1346,537140,miss,512,1045504,752000,2366976,0.24110477284852463,1806253
1347,537158,insert,512,1046016,752000,2366976,0.24110477284852463,1806253
1348,537182,miss,512,1046016,752000,2367488,0.24106520044314964,1806253
1349,537191,insert,512,1046528,752000,2367488,0.24106520044314964,1806253
1350,537191,miss,512,1046528,752000,2368000,0.24102564102564103,1806253
1351,537200,insert,512,1047040,752000,2368000,0.24102564102564103,1806253
1352,537200,miss,512,1047040,752000,2368512,0.24098609458960582,1806253
1353,537209,insert,512,1047552,752000,2368512,0.24098609458960582,1806253
1354,537209,miss,512,1047552,752000,2369024,0.2409465611286552,1806253
1355,537218,insert,512,1048064,752000,2369024,0.2409465611286552,1806253
1356,537218,miss,512,1048064,752000,2369536,0.24090704063640464,1806253
1357,537227,insert,512,1048576,752000,2369536,0.24090704063640464,1806253
1358,537311,miss,512,1048576,752000,2370048,0.24086753310647369,1806253
1359,537320,insert,512,1044992,752000,2370048,0.24086753310647369,1806253
1360,537922,miss,512,1044992,752000,2370560,0.24082803853248616,1806253
1361,537931,insert,512,1045504,752000,2370560,0.24082803853248616,1806253
1362,538058,miss,512,1045504,752000,2371072,0.24078855690807,1806253
1363,538067,insert,512,1046016,752000,2371072,0.24078855690807,1806253
1364,538288,miss,512,1046016,752000,2371584,0.24074908822685737,1806253
1365,538297,insert,512,1046528,752000,2371584,0.24074908822685737,1806253
1366,538297,hit,512,1046528,752512,2371584,0.2408735198918343,1806253
1367,538666,miss,512,1046528,752512,2372096,0.24083405022326002,1806253
1368,538675,insert,512,1047040,752512,2372096,0.24083405022326002,1806253
1369,539626,miss,512,1047040,752512,2372608,0.24079459348761006,1806253
1370,539635,insert,512,1047552,752512,2372608,0.24079459348761006,1806253
1371,540274,miss,512,1047552,752512,2373120,0.240755149678529,1806253
1372,540283,insert,512,1048064,752512,2373120,0.240755149678529,1806253
1373,540410,miss,512,1048064,752512,2373632,0.24071571878966547,1806253
1374,540419,insert,512,1048576,752512,2373632,0.24071571878966547,1806253
1375,540419,miss,73728,1048576,752512,2447360,0.23516940677627104,1806253
1376,541027,miss,512,1048576,752512,2447872,0.2351317841858977,1806253
1377,541045,insert,512,1044992,752512,2447872,0.2351317841858977,1806253
1378,541045,miss,73728,1044992,752512,2521600,0.22983697564408304,1806253
1379,541996,miss,512,1044992,752512,2522112,0.22980103975296096,1806253
1380,542023,insert,512,1045504,752512,2522112,0.22980103975296096,1806253
1381,542023,miss,73728,1045504,752512,2595840,0.22474100691922475,1806253
1382,542455,insert,73728,1045504,752512,2595840,0.22474100691922475,1806253
1383,542455,miss,73728,1045504,752512,2669568,0.21989900878997568,1806253
1384,542653,miss,512,1045504,752512,2670080,0.2198661131680317,1806253
1385,542689,insert,512,1046016,752512,2670080,0.2198661131680317,1806253
1386,542689,hit,73728,1046016,826240,2670080,0.23631704191835987,1806253
1387,542984,miss,73728,1046016,826240,2743808,0.23143666415689648,1806253
1388,544723,miss,73728,1046016,826240,2817536,0.2267537850844838,1806253
1389,546643,miss,73728,1046016,826240,2891264,0.22225665392693592,1806253
1390,547216,insert,73728,1046016,826240,2891264,0.22225665392693592,1806253
1391,547716,miss,512,1046016,826240,2891776,0.2222260474403553,1806253
1392,547750,insert,512,1046528,826240,2891776,0.2222260474403553,1806253
1393,549802,miss,512,1046528,826240,2892288,0.2221954493821211,1806253
1394,549811,insert,512,1047040,826240,2892288,0.2221954493821211,1806253
1395,549811,hit,512,1047040,826752,2892288,0.22230252968508002,1806253
1396,550410,miss,512,1047040,826752,2892800,0.2222719295226952,1806253
1397,550419,insert,512,1047552,826752,2892800,0.2222719295226952,1806253
1398,551370,miss,512,1047552,826752,2893312,0.222241337783436,1806253
1399,551379,insert,512,1048064,826752,2893312,0.222241337783436,1806253
1400,551379,hit,512,1048064,827264,2893312,0.22234836756459214,1806253
1401,557072,miss,512,1048064,827264,2893824,0.222317773726394,1806253
1402,557081,insert,512,1048576,827264,2893824,0.222317773726394,1806253
1403,557081,hit,512,1048576,827776,2893824,0.22242476354256233,1806253
1404,559194,miss,512,1048576,827776,2894336,0.2223941676123663,1806253
1405,559203,insert,512,1044992,827776,2894336,0.2223941676123663,1806253
1406,559203,hit,512,1044992,828288,2894336,0.22250111749131796,1806253
1407,559802,miss,512,1044992,828288,2894848,0.2224705194760546,1806253
1408,559811,insert,512,1045504,828288,2894848,0.2224705194760546,1806253
1409,560762,miss,512,1045504,828288,2895360,0.22243992987521913,1806253
1410,560771,insert,512,1046016,828288,2895360,0.22243992987521913,1806253
1411,560771,hit,512,1046016,828800,2895360,0.22254682935212236,1806253
1412,566464,miss,512,1046016,828800,2895872,0.22251623767139764,1806253
1413,566473,insert,512,1046528,828800,2895872,0.22251623767139764,1806253
1414,566473,hit,512,1046528,829312,2895872,0.222623097275195,1806253
1415,568586,miss,512,1046528,829312,2896384,0.22259250352148968,1806253
1416,568595,insert,512,1047040,829312,2896384,0.22259250352148968,1806253
1417,568595,hit,512,1047040,829824,2896384,0.22269932327985983,1806253
1418,569194,miss,512,1047040,829824,2896896,0.22266872746007213,1806253
1419,569203,insert,512,1047552,829824,2896896,0.22266872746007213,1806253
1420,570154,miss,512,1047552,829824,2897408,0.22263814004601806,1806253
1421,570163,insert,512,1048064,829824,2897408,0.22263814004601806,1806253
1422,570163,hit,512,1048064,830336,2897408,0.22274490952168388,1806253
1423,575856,miss,512,1048064,830336,2897920,0.22271432004669206,1806253
1424,575865,insert,512,1048576,830336,2897920,0.22271432004669206,1806253
1425,575865,hit,512,1048576,830848,2897920,0.22282104974082592,1806253
1426,577978,miss,512,1048576,830848,2898432,0.2227904582117728,1806253
1427,577987,insert,512,1044992,830848,2898432,0.2227904582117728,1806253
1428,577987,hit,512,1044992,831360,2898432,0.2228971481519613,1806253
1429,578586,miss,512,1044992,831360,2898944,0.22286655457571286,1806253
1430,578595,insert,512,1045504,831360,2898944,0.22286655457571286,1806253
1431,579546,miss,512,1045504,831360,2899456,0.22283596939650735,1806253
1432,579555,insert,512,1046016,831360,2899456,0.22283596939650735,1806253
1433,579555,hit,512,1046016,831872,2899456,0.22294260917292716,1806253
1434,585248,miss,512,1046016,831872,2899968,0.22291202195163778,1806253
1435,585257,insert,512,1046528,831872,2899968,0.22291202195163778,1806253
1436,585257,hit,512,1046528,832384,2899968,0.2230186220377928,1806253
1437,587370,miss,512,1046528,832384,2900480,0.22298803278126392,1806253
1438,587379,insert,512,1047040,832384,2900480,0.22298803278126392,1806253
1439,587379,hit,512,1047040,832896,2900480,0.22309459320464908,1806253
1440,587978,miss,512,1047040,832896,2900992,0.2230640019197148,1806253
1441,587987,insert,512,1047552,832896,2900992,0.2230640019197148,1806253
1442,588938,miss,512,1047552,832896,2901504,0.22303341902313625,1806253
1443,588947,insert,512,1048064,832896,2901504,0.22303341902313625,1806253
1444,588947,hit,512,1048064,833408,2901504,0.22313992940128174,1806253
1445,594640,miss,512,1048064,833408,2902016,0.22310934448137615,1806253
1446,594649,insert,512,1048576,833408,2902016,0.22310934448137615,1806253
1447,594649,hit,512,1048576,833920,2902016,0.22321581526021858,1806253
1448,596762,miss,512,1048576,833920,2902528,0.22318522832379842,1806253
1449,596771,insert,512,1044992,833920,2902528,0.22318522832379842,1806253
1450,596771,hit,512,1044992,834432,2902528,0.22329165953074157,1806253
1451,597370,miss,512,1044992,834432,2903040,0.22326107058460906,1806253
1452,597379,insert,512,1045504,834432,2903040,0.22326107058460906,1806253
1453,598330,miss,512,1045504,834432,2903552,0.22323049001814882,1806253
1454,598339,insert,512,1046016,834432,2903552,0.22323049001814882,1806253
1455,598339,hit,512,1046016,834944,2903552,0.22333687129797652,1806253
1456,604032,miss,512,1046016,834944,2904064,0.22330628872684946,1806253
1457,604041,insert,512,1046528,834944,2904064,0.22330628872684946,1806253
1458,604041,hit,512,1046528,835456,2904064,0.22341263049803184,1806253
1459,606154,miss,512,1046528,835456,2904576,0.22338204592901878,1806253
1460,606163,insert,512,1047040,835456,2904576,0.22338204592901878,1806253
1461,606163,hit,512,1047040,835968,2904576,0.2234883482188687,1806253
1462,606762,miss,512,1047040,835968,2905088,0.2234577616587402,1806253
1463,606771,insert,512,1047552,835968,2905088,0.2234577616587402,1806253
1464,607722,miss,512,1047552,835968,2905600,0.2234271834696042,1806253
1465,607731,insert,512,1048064,835968,2905600,0.2234271834696042,1806253
1466,607731,hit,73728,1048064,909696,2905600,0.2384339249169658,1806253
1467,608026,hit,73728,1048064,983424,2905600,0.2528716716584932,1806253
1468,608539,miss,512,1048064,983424,2906112,0.2528383848356205,1806253
1469,608548,insert,512,1048576,983424,2906112,0.2528383848356205,1806253
1470,608619,miss,512,1048576,983424,2906624,0.2528051067750321,1806253
1471,608628,insert,512,1044992,983424,2906624,0.2528051067750321,1806253
1472,608690,miss,512,1044992,983424,2907136,0.25277183747326865,1806253
1473,608699,insert,512,1045504,983424,2907136,0.25277183747326865,1806253
1474,608770,miss,512,1045504,983424,2907648,0.25273857692687257,1806253
1475,608779,insert,512,1046016,983424,2907648,0.25273857692687257,1806253
1476,608939,miss,512,1046016,983424,2908160,0.25270532513238825,1806253
1477,608948,insert,512,1046528,983424,2908160,0.25270532513238825,1806253
1478,609019,miss,512,1046528,983424,2908672,0.2526720820863617,1806253
1479,609028,insert,512,1047040,983424,2908672,0.2526720820863617,1806253
1480,609090,miss,512,1047040,983424,2909184,0.25263884778534085,1806253
1481,609099,insert,512,1047552,983424,2909184,0.25263884778534085,1806253
1482,609170,miss,512,1047552,983424,2909696,0.2526056222258754,1806253
1483,609179,insert,512,1048064,983424,2909696,0.2526056222258754,1806253
1484,609339,miss,512,1048064,983424,2910208,0.2525724054045169,1806253
1485,609348,insert,512,1048576,983424,2910208,0.2525724054045169,1806253
1486,609419,miss,512,1048576,983424,2910720,0.25253919731781876,1806253
1487,609428,insert,512,1044992,983424,2910720,0.25253919731781876,1806253
1488,609490,miss,512,1044992,983424,2911232,0.2525059979623361,1806253
1489,609499,insert,512,1045504,983424,2911232,0.2525059979623361,1806253
1490,609570,miss,512,1045504,983424,2911744,0.25247280733462585,1806253
1491,609579,insert,512,1046016,983424,2911744,0.25247280733462585,1806253
1492,609739,miss,512,1046016,983424,2912256,0.25243962543124693,1806253
1493,609748,insert,512,1046528,983424,2912256,0.25243962543124693,1806253
1494,609819,miss,512,1046528,983424,2912768,0.2524064522487598,1806253
1495,609828,insert,512,1047040,983424,2912768,0.2524064522487598,1806253
1496,609890,miss,512,1047040,983424,2913280,0.252373287783727,1806253
1497,609899,insert,512,1047552,983424,2913280,0.252373287783727,1806253
1498,609970,miss,512,1047552,983424,2913792,0.2523401320327126,1806253
1499,609979,insert,512,1048064,983424,2913792,0.2523401320327126,1806253
1500,610139,miss,512,1048064,983424,2914304,0.25230698499228266,1806253
1501,610148,insert,512,1048576,983424,2914304,0.25230698499228266,1806253
1502,610219,miss,512,1048576,983424,2914816,0.2522738466590051,1806253
1503,610228,insert,512,1044992,983424,2914816,0.2522738466590051,1806253
1504,610290,miss,512,1044992,983424,2915328,0.25224071702944945,1806253
1505,610299,insert,512,1045504,983424,2915328,0.25224071702944945,1806253
1506,610370,miss,512,1045504,983424,2915840,0.2522075961001871,1806253
1507,610379,insert,512,1046016,983424,2915840,0.2522075961001871,1806253
1508,610539,miss,512,1046016,983424,2916352,0.2521744838677914,1806253
1509,610548,insert,512,1046528,983424,2916352,0.2521744838677914,1806253
1510,610619,miss,512,1046528,983424,2916864,0.25214138032883726,1806253
1511,610628,insert,512,1047040,983424,2916864,0.25214138032883726,1806253
1512,610690,miss,512,1047040,983424,2917376,0.25210828547990155,1806253
1513,610699,insert,512,1047552,983424,2917376,0.25210828547990155,1806253
1514,610770,miss,512,1047552,983424,2917888,0.2520751993175629,1806253
1515,610779,insert,512,1048064,983424,2917888,0.2520751993175629,1806253
1516,610939,miss,512,1048064,983424,2918400,0.25204212183840174,1806253
1517,610948,insert,512,1048576,983424,2918400,0.25204212183840174,1806253
1518,611019,miss,512,1048576,983424,2918912,0.25200905303900023,1806253
1519,611028,insert,512,1044992,983424,2918912,0.25200905303900023,1806253
1520,611090,miss,512,1044992,983424,2919424,0.2519759929159424,1806253
1521,611099,insert,512,1045504,983424,2919424,0.2519759929159424,1806253
1522,611170,miss,512,1045504,983424,2919936,0.2519429414658141,1806253
1523,611179,insert,512,1046016,983424,2919936,0.2519429414658141,1806253
1524,611179,miss,512,1046016,983424,2920448,0.2519098986852028,1806253
1525,611188,insert,512,1046528,983424,2920448,0.2519098986852028,1806253
1526,613504,miss,512,1046528,983424,2920960,0.25187686457069797,1806253
1527,613513,insert,512,1047040,983424,2920960,0.25187686457069797,1806253
1528,613513,miss,147456,1047040,983424,3068416,0.2427104722792608,1806253
1529,615635,miss,512,1047040,983424,3068928,0.24267980669004074,1806253
1530,615653,insert,512,1047552,983424,3068928,0.24267980669004074,1806253
1531,615653,miss,147456,1047552,983424,3216384,0.2341592758526104,1806253
1532,616252,miss,512,1047552,983424,3216896,0.2341307328965412,1806253
1533,616279,insert,512,1048064,983424,3216896,0.2341307328965412,1806253
1534,616279,miss,147456,1048064,983424,3364352,0.22619012571024819,1806253
1535,616375,insert,147456,1048064,983424,3364352,0.22619012571024819,1806253
1536,617212,miss,512,1048064,983424,3364864,0.22616349239056843,1806253
1537,617239,insert,512,1048576,983424,3364864,0.22616349239056843,1806253
1538,617239,hit,147456,1048576,1130880,3364864,0.25154457193292146,1806253
1539,618025,miss,512,1048576,1130880,3365376,0.25151592791869504,1806253
1540,618052,insert,512,1047040,1130880,3365376,0.25151592791869504,1806253
1541,618052,hit,512,1047040,1131392,3365376,0.2516011499814978,1806253
1542,622816,miss,512,1047040,1131392,3365888,0.25157250604810016,1806253
1543,622825,insert,512,1047552,1131392,3365888,0.25157250604810016,1806253
1544,622825,hit,512,1047552,1131904,3365888,0.2516577022681351,1806253
1545,624938,miss,512,1047552,1131904,3366400,0.2516290584184617,1806253
1546,624947,insert,512,1048064,1131904,3366400,0.2516290584184617,1806253
1547,624947,hit,512,1048064,1132416,3366400,0.25171422881042477,1806253
1548,625546,miss,512,1048064,1132416,3366912,0.2516855850473671,1806253
1549,625555,insert,512,1048576,1132416,3366912,0.2516855850473671,1806253
1550,625555,miss,512,1048576,1132416,3367424,0.2516569478025885,1806253
1551,625564,insert,512,1047040,1132416,3367424,0.2516569478025885,1806253
1552,627399,miss,512,1047040,1132416,3367936,0.25162831707386446,1806253
1553,627408,insert,512,1047552,1132416,3367936,0.25162831707386446,1806253
1554,627408,hit,512,1047552,1132928,3367936,0.25171344879560903,1806253
1555,632208,miss,512,1047552,1132928,3368448,0.25168481815338245,1806253
1556,632217,insert,512,1048064,1132928,3368448,0.25168481815338245,1806253
1557,632217,hit,512,1048064,1133440,3368448,0.25176992408518384,1806253
1558,634330,miss,512,1048064,1133440,3368960,0.2517412935323383,1806253
1559,634339,insert,512,1048576,1133440,3368960,0.2517412935323383,1806253
1560,634339,hit,512,1048576,1133952,3368960,0.25182637368884847,1806253
1561,634938,miss,512,1048576,1133952,3369472,0.25179774322826365,1806253
1562,634947,insert,512,1047040,1133952,3369472,0.25179774322826365,1806253
1563,634947,miss,512,1047040,1133952,3369984,0.25176911927700574,1806253
1564,634956,insert,512,1047552,1133952,3369984,0.25176911927700574,1806253
1565,636791,miss,512,1047552,1133952,3370496,0.251740501832855,1806253
1566,636800,insert,512,1048064,1133952,3370496,0.251740501832855,1806253
1567,636800,hit,512,1048064,1134464,3370496,0.2518255434010513,1806253
1568,641600,miss,512,1048064,1134464,3371008,0.2517969260490355,1806253
1569,641609,insert,512,1048576,1134464,3371008,0.2517969260490355,1806253
1570,641609,hit,512,1048576,1134976,3371008,0.2518819418799534,1806253
1571,643722,miss,512,1048576,1134976,3371520,0.2518533246229443,1806253
1572,643731,insert,512,1047040,1134976,3371520,0.2518533246229443,1806253
1573,643731,hit,512,1047040,1135488,3371520,0.25193831473119194,1806253
1574,644330,miss,512,1047040,1135488,3372032,0.2519096975720574,1806253
1575,644339,insert,512,1047552,1135488,3372032,0.2519096975720574,1806253
1576,644339,miss,512,1047552,1135488,3372544,0.25188108691331385,1806253
1577,644348,insert,512,1048064,1135488,3372544,0.25188108691331385,1806253
1578,646183,miss,512,1048064,1135488,3373056,0.2518524827527468,1806253
1579,646192,insert,512,1048576,1135488,3373056,0.2518524827527468,1806253
1580,646192,hit,512,1048576,1136000,3373056,0.25193743435433047,1806253
1581,650992,miss,512,1048576,1136000,3373568,0.2519088302915046,1806253
1582,651001,insert,512,1047040,1136000,3373568,0.2519088302915046,1806253
1583,651001,hit,512,1047040,1136512,3373568,0.2519937562083156,1806253
1584,653114,miss,512,1047040,1136512,3374080,0.251965152246091,1806253
1585,653123,insert,512,1047552,1136512,3374080,0.251965152246091,1806253
1586,653123,hit,512,1047552,1137024,3374080,0.2520500524926936,1806253
1587,653722,miss,512,1047552,1137024,3374592,0.2520214486339263,1806253
1588,653731,insert,512,1048064,1137024,3374592,0.2520214486339263,1806253
1589,653731,miss,512,1048064,1137024,3375104,0.25199285126663074,1806253
1590,653740,insert,512,1048576,1137024,3375104,0.25199285126663074,1806253
1591,655575,miss,512,1048576,1137024,3375616,0.25196426038859737,1806253
1592,655584,insert,512,1047040,1137024,3375616,0.25196426038859737,1806253
1593,655584,hit,512,1047040,1137536,3375616,0.2520491222099322,1806253
1594,660384,miss,512,1047040,1137536,3376128,0.25202053143521536,1806253
1595,660393,insert,512,1047552,1137536,3376128,0.25202053143521536,1806253
1596,660393,hit,512,1047552,1138048,3376128,0.25210536762412455,1806253
1597,662506,miss,512,1047552,1138048,3376640,0.25207677695557257,1806253
1598,662515,insert,512,1048064,1138048,3376640,0.25207677695557257,1806253
1599,662515,hit,512,1048064,1138560,3376640,0.2521615875265769,1806253
1600,663114,miss,512,1048064,1138560,3377152,0.25213299696703423,1806253
1601,663123,insert,512,1048576,1138560,3377152,0.25213299696703423,1806253
1602,663123,miss,512,1048576,1138560,3377664,0.25210441289006036,1806253
1603,663132,insert,512,1047040,1138560,3377664,0.25210441289006036,1806253
1604,664967,miss,512,1047040,1138560,3378176,0.25207583529345085,1806253
1605,664976,insert,512,1047552,1138560,3378176,0.25207583529345085,1806253
1606,664976,hit,512,1047552,1139072,3378176,0.252160607520331,1806253
1607,669776,miss,512,1047552,1139072,3378688,0.2521320300325825,1806253
1608,669785,insert,512,1048064,1139072,3378688,0.2521320300325825,1806253
1609,669785,hit,512,1048064,1139584,3378688,0.25221677667922604,1806253
1610,671898,miss,512,1048064,1139584,3379200,0.2521881993031754,1806253
1611,671907,insert,512,1048576,1139584,3379200,0.2521881993031754,1806253
1612,671907,hit,512,1048576,1140096,3379200,0.2522729203840598,1806253
1613,672506,miss,512,1048576,1140096,3379712,0.25224434312253974,1806253
1614,672515,insert,512,1047040,1140096,3379712,0.25224434312253974,1806253
1615,672515,miss,512,1047040,1140096,3380224,0.252215772334702,1806253
1616,672524,insert,512,1047552,1140096,3380224,0.252215772334702,1806253
1617,674359,miss,512,1047552,1140096,3380736,0.25218720801834704,1806253
1618,674368,insert,512,1048064,1140096,3380736,0.25218720801834704,1806253
1619,674368,hit,512,1048064,1140608,3380736,0.2522718908359992,1806253
1620,679168,miss,512,1048064,1140608,3381248,0.2522433266340193,1806253
1621,679177,insert,512,1048576,1140608,3381248,0.2522433266340193,1806253
1622,679177,hit,512,1048576,1141120,3381248,0.25232798392346667,1806253
1623,681290,miss,512,1048576,1141120,3381760,0.25229941983868687,1806253
1624,681299,insert,512,1047040,1141120,3381760,0.25229941983868687,1806253
1625,681299,hit,512,1047040,1141632,3381760,0.2523840516143637,1806253
1626,681898,miss,512,1047040,1141632,3382272,0.2523554876496053,1806253
1627,681907,insert,512,1047552,1141632,3382272,0.2523554876496053,1806253
1628,681907,hit,147456,1047552,1289088,3382272,0.2759556103575832,1806253
1629,682497,miss,294912,1047552,1289088,3677184,0.2595685455810717,1806253
1630,683027,miss,512,1047552,1289088,3677696,0.259541788006082,1806253
1631,683045,insert,512,1048064,1289088,3677696,0.259541788006082,1806253
1632,683187,miss,512,1048064,1289088,3678208,0.25951503594712294,1806253
1633,683205,insert,512,1048576,1289088,3678208,0.25951503594712294,1806253
1634,683347,miss,512,1048576,1289088,3678720,0.25948828940248897,1806253
1635,683369,insert,512,1047040,1289088,3678720,0.25948828940248897,1806253
1636,683427,miss,512,1047040,1289088,3679232,0.25946154837047536,1806253
1637,683445,insert,512,1047552,1289088,3679232,0.25946154837047536,1806253
1638,683507,miss,512,1047552,1289088,3679744,0.25943481284937786,1806253
1639,683525,insert,512,1048064,1289088,3679744,0.25943481284937786,1806253
1640,683587,miss,512,1048064,1289088,3680256,0.2594080828374932,1806253
1641,683605,insert,512,1048576,1289088,3680256,0.2594080828374932,1806253
1642,683747,miss,512,1048576,1289088,3680768,0.2593813583331187,1806253
1643,683765,insert,512,1047040,1289088,3680768,0.2593813583331187,1806253
1644,683830,miss,512,1047040,1289088,3681280,0.2593546393345523,1806253
1645,683848,insert,512,1047552,1289088,3681280,0.2593546393345523,1806253
1646,683907,miss,512,1047552,1289088,3681792,0.2593279258400927,1806253
1647,683925,insert,512,1048064,1289088,3681792,0.2593279258400927,1806253
1648,683987,miss,512,1048064,1289088,3682304,0.25930121784803933,1806253
1649,684005,insert,512,1048576,1289088,3682304,0.25930121784803933,1806253
1650,684147,miss,512,1048576,1289088,3682816,0.2592745153566923,1806253
1651,684165,insert,512,1047040,1289088,3682816,0.2592745153566923,1806253
1652,684227,miss,512,1047040,1289088,3683328,0.25924781836435246,1806253
1653,684245,insert,512,1047552,1289088,3683328,0.25924781836435246,1806253
1654,684307,miss,512,1047552,1289088,3683840,0.25922112686932125,1806253
1655,684325,insert,512,1048064,1289088,3683840,0.25922112686932125,1806253
1656,684387,miss,512,1048064,1289088,3684352,0.2591944408699009,1806253
1657,684405,insert,512,1048576,1289088,3684352,0.2591944408699009,1806253
1658,684547,miss,512,1048576,1289088,3684864,0.2591677603643944,1806253
1659,684565,insert,512,1047040,1289088,3684864,0.2591677603643944,1806253
1660,684627,miss,512,1047040,1289088,3685376,0.25914108535110514,1806253
1661,684645,insert,512,1047552,1289088,3685376,0.25914108535110514,1806253
1662,684725,miss,512,1047552,1289088,3685888,0.25911441582833766,1806253
1663,684743,insert,512,1048064,1289088,3685888,0.25911441582833766,1806253
1664,684787,miss,512,1048064,1289088,3686400,0.25908775179439686,1806253
1665,684805,insert,512,1048576,1289088,3686400,0.25908775179439686,1806253
1666,684965,miss,512,1048576,1289088,3686912,0.2590610932475884,1806253
1667,684983,insert,512,1047040,1289088,3686912,0.2590610932475884,1806253
1668,685027,miss,512,1047040,1289088,3687424,0.2590344401862188,1806253
1669,685045,insert,512,1047552,1289088,3687424,0.2590344401862188,1806253
1670,685107,miss,512,1047552,1289088,3687936,0.259007792608595,1806253
1671,685125,insert,512,1048064,1289088,3687936,0.259007792608595,1806253
1672,685187,miss,512,1048064,1289088,3688448,0.2589811505130249,1806253
1673,685205,insert,512,1048576,1289088,3688448,0.2589811505130249,1806253
1674,685365,miss,512,1048576,1289088,3688960,0.258954513897817,1806253
1675,685383,insert,512,1047040,1289088,3688960,0.258954513897817,1806253
1676,685383,miss,294912,1047040,1289088,3983872,0.24447141643403325,1806253
1677,685427,miss,512,1047040,1289088,3984384,0.2444476807689507,1806253
1678,685454,insert,512,1047552,1289088,3984384,0.2444476807689507,1806253
1679,685507,miss,512,1047552,1289088,3984896,0.24442394971239959,1806253
1680,685534,insert,512,1048064,1289088,3984896,0.24442394971239959,1806253
1681,685587,miss,512,1048064,1289088,3985408,0.24440022326303784,1806253
1682,685616,insert,512,1048576,1289088,3985408,0.24440022326303784,1806253
1683,685723,miss,256,1048576,1289088,3985664,0.24438836176563372,1806253
1684,685738,insert,256,1046784,1289088,3985664,0.24438836176563372,1806253
1685,687971,miss,294912,1046784,1289088,4280576,0.23144807298968126,1806253
1686,690093,miss,294912,1046784,1289088,4575488,0.21980924111137787,1806253
1687,693098,insert,294912,1047808,1289088,4575488,0.21980924111137787,1806253
1688,699872,miss,256,1047808,1289088,4575744,0.2197996464348851,1806253
1689,699887,insert,256,1048064,1289088,4575744,0.2197996464348851,1806253
1690,699887,miss,256,1048064,1289088,4576000,0.21979005259597129,1806253
1691,699902,insert,256,1048320,1289088,4576000,0.21979005259597129,1806253
1692,699902,miss,256,1048320,1289088,4576256,0.21978045959452677,1806253
1693,699917,insert,256,1048576,1289088,4576256,0.21978045959452677,1806253
1694,699917,miss,256,1048576,1289088,4576512,0.21977086743044189,1806253
1695,699932,insert,256,1047808,1289088,4576512,0.21977086743044189,1806253
1696,700335,miss,256,1047808,1289088,4576768,0.21976127610360705,1806253
1697,700350,insert,256,1048064,1289088,4576768,0.21976127610360705,1806253
1698,702477,miss,256,1048064,1289088,4577024,0.2197516856139126,1806253
1699,702487,insert,256,1048320,1289088,4577024,0.2197516856139126,1806253
1700,702487,miss,256,1048320,1289088,4577280,0.21974209596124894,1806253
1701,702497,insert,256,1048576,1289088,4577280,0.21974209596124894,1806253
1702,702497,miss,256,1048576,1289088,4577536,0.21973250714550652,1806253
1703,702507,insert,256,1047808,1289088,4577536,0.21973250714550652,1806253
1704,702507,miss,256,1047808,1289088,4577792,0.21972291916657577,1806253
1705,702517,insert,256,1048064,1289088,4577792,0.21972291916657577,1806253
1706,702517,miss,256,1048064,1289088,4578048,0.21971333202434715,1806253
1707,702528,insert,256,1048320,1289088,4578048,0.21971333202434715,1806253
1708,702528,miss,256,1048320,1289088,4578304,0.21970374571871115,1806253
1709,702542,insert,256,1048576,1289088,4578304,0.21970374571871115,1806253
1710,702677,miss,256,1048576,1289088,4578560,0.21969416024955826,1806253
1711,702687,insert,256,1047808,1289088,4578560,0.21969416024955826,1806253
1712,703219,miss,256,1047808,1289088,4578816,0.219684575616779,1806253
1713,703224,insert,256,1048064,1289088,4578816,0.219684575616779,1806253
1714,703224,miss,256,1048064,1289088,4579072,0.21967499182026393,1806253
1715,703229,insert,256,1048320,1289088,4579072,0.21967499182026393,1806253
1716,703229,miss,256,1048320,1289088,4579328,0.2196654088599036,1806253
1717,703234,insert,256,1048576,1289088,4579328,0.2196654088599036,1806253
1718,703234,miss,256,1048576,1289088,4579584,0.21965582673558856,1806253
1719,703239,insert,256,1047808,1289088,4579584,0.21965582673558856,1806253
1720,703239,miss,256,1047808,1289088,4579840,0.21964624544720943,1806253
1721,703244,insert,256,1048064,1289088,4579840,0.21964624544720943,1806253
1722,703244,miss,256,1048064,1289088,4580096,0.21963666499465684,1806253
1723,703249,insert,256,1048320,1289088,4580096,0.21963666499465684,1806253
1724,704779,miss,256,1048320,1289088,4580352,0.21962708537782138,1806253
1725,704784,insert,256,1048576,1289088,4580352,0.21962708537782138,1806253
1726,705004,miss,256,1048576,1289088,4580608,0.21961750659659376,1806253
1727,705009,insert,256,1047808,1289088,4580608,0.21961750659659376,1806253
1728,705382,miss,256,1047808,1289088,4580864,0.21960792865086462,1806253
1729,705387,insert,256,1048064,1289088,4580864,0.21960792865086462,1806253
1730,707126,miss,256,1048064,1289088,4581120,0.21959835154052462,1806253
1731,707131,insert,256,1048320,1289088,4581120,0.21959835154052462,1806253
1732,707734,miss,256,1048320,1289088,4581376,0.21958877526546453,1806253
1733,707739,insert,256,1048576,1289088,4581376,0.21958877526546453,1806253
1734,708321,miss,294912,1048576,1289088,4876288,0.2090850582348911,1806253
1735,713237,insert,294912,1046528,1289088,4876288,0.2090850582348911,1806253
1736,713237,miss,256,1046528,1289088,4876544,0.20907637692291722,1806253
1737,713242,insert,256,1046784,1289088,4876544,0.20907637692291722,1806253
1738,717893,hit,294912,1046784,1584000,4876544,0.24518059160343153,1806253
1739,718462,miss,256,1046784,1584000,4876800,0.2451708766716196,1806253
1740,718467,insert,256,1047040,1584000,4876800,0.2451708766716196,1806253
1741,718467,hit,294912,1047040,1878912,4876800,0.27812198033308705,1806253
1742,720253,miss,256,1047040,1878912,4877056,0.27811144161724866,1806253
1743,720258,insert,256,1047296,1878912,4877056,0.27811144161724866,1806253
1744,720258,miss,256,1047296,1878912,4877312,0.27810090370005497,1806253
1745,720263,insert,256,1047552,1878912,4877312,0.27810090370005497,1806253
1746,720263,miss,256,1047552,1878912,4877568,0.27809036658141517,1806253
1747,720268,insert,256,1047808,1878912,4877568,0.27809036658141517,1806253
1748,720268,miss,256,1047808,1878912,4877824,0.27807983026123856,1806253
1749,720273,insert,256,1048064,1878912,4877824,0.27807983026123856,1806253
1750,720273,miss,256,1048064,1878912,4878080,0.27806929473943437,1806253
1751,720278,insert,256,1048320,1878912,4878080,0.27806929473943437,1806253
1752,720278,miss,256,1048320,1878912,4878336,0.2780587600159118,1806253
1753,720283,insert,256,1048576,1878912,4878336,0.2780587600159118,1806253
1754,720283,miss,256,1048576,1878912,4878592,0.27804822609058016,1806253
1755,720288,insert,256,1048320,1878912,4878592,0.27804822609058016,1806253
1756,724335,hit,294912,1048320,2173824,4878592,0.3082381980870102,1806253
1757,725515,miss,256,1048320,2173824,4878848,0.3082270095646019,1806253
1758,725520,insert,256,1048576,2173824,4878848,0.3082270095646019,1806253
1759,730171,hit,294912,1048576,2468736,4878848,0.33599289235754226,1806253
1760,736007,hit,294912,1048576,2763648,4878848,0.3616158909340613,1806253
1761,737187,miss,256,1048576,2763648,4879104,0.36160377832487567,1806253
1762,737192,insert,256,975104,2763648,4879104,0.36160377832487567,1806253
1763,741578,hit,294912,975104,3058560,4879104,0.3853224323932079,1806253
1764,741683,hit,294912,975104,3353472,4879104,0.4073417603432996,1806253
1765,741843,hit,294912,975104,3648384,4879104,0.427838069077318,1806253
1766,743805,hit,294912,975104,3943296,4879104,0.4469640914036997,1806253
1767,746298,miss,256,975104,3943296,4879360,0.44695112220174965,1806253
1768,746303,insert,256,975360,3943296,4879360,0.44695112220174965,1806253
1769,750300,hit,294912,975360,4238208,4879360,0.4648397467394814,1806253
1770,751480,miss,256,975360,4238208,4879616,0.4648266954922578,1806253
1771,751485,insert,256,975616,4238208,4879616,0.4648266954922578,1806253
1772,752850,hit,294912,975616,4533120,4879616,0.48159429946829485,1806253
1773,754030,miss,256,975616,4533120,4879872,0.48158120181128383,1806253
1774,754035,insert,256,975872,4533120,4879872,0.48158120181128383,1806253
1775,754035,miss,256,975872,4533120,4880128,0.481568104866673,1806253
1776,754040,insert,256,976128,4533120,4880128,0.481568104866673,1806253
1777,754040,hit,256,976128,4533376,4880128,0.4815822036087731,1806253
1778,754042,miss,256,976128,4533376,4880384,0.48156910734924196,1806253
1779,754047,insert,256,976384,4533376,4880384,0.48156910734924196,1806253
1780,754047,hit,256,976384,4533632,4880384,0.48158320529729287,1806253
1781,754049,miss,256,976384,4533632,4880640,0.48157010972276987,1806253
1782,754054,insert,256,976640,4533632,4880640,0.48157010972276987,1806253
1783,754054,hit,256,976640,4533888,4880640,0.48158420687686093,1806253
1784,754056,miss,256,976640,4533888,4880896,0.4815711119872745,1806253
1785,754061,insert,256,976896,4533888,4880896,0.4815711119872745,1806253
1786,754061,hit,256,976896,4534144,4880896,0.4815852083474951,1806253
1787,755050,miss,256,976896,4534144,4881152,0.4815721141427736,1806253
1788,755055,insert,256,977152,4534144,4881152,0.4815721141427736,1806253
1789,755055,hit,256,977152,4534400,4881152,0.481586209709213,1806253
1790,755365,miss,256,977152,4534400,4881408,0.4815731161892851,1806253
1791,755370,insert,256,977408,4534400,4881408,0.4815731161892851,1806253
1792,756136,hit,294912,977408,4829312,4881408,0.4973176036380413,1806253
1793,756179,miss,256,977408,4829312,4881664,0.49730449338974786,1806253
1794,756184,insert,256,977664,4829312,4881664,0.49730449338974786,1806253
1795,756184,hit,256,977664,4829568,4881664,0.4973177450605649,1806253
1796,756188,miss,256,977664,4829568,4881920,0.4973046354997298,1806253
1797,756193,insert,256,977920,4829568,4881920,0.4973046354997298,1806253
1798,756193,hit,256,977920,4829824,4881920,0.4973178864681771,1806253
1799,759706,miss,256,977920,4829824,4882176,0.4973047775947282,1806253
1800,759711,insert,256,978176,4829824,4882176,0.4973047775947282,1806253
1801,759711,hit,256,978176,4830080,4882176,0.4973180278608801,1806253
1802,760021,miss,256,978176,4830080,4882432,0.4973049196747453,1806253
1803,760026,insert,256,978432,4830080,4882432,0.4973049196747453,1806253
1804,760835,miss,256,978432,4830080,4882688,0.497291812179597,1806253
1805,760840,insert,256,978688,4830080,4882688,0.497291812179597,1806253
1806,760840,hit,256,978688,4830336,4882688,0.4973050617397836,1806253
1807,760842,miss,256,978688,4830336,4882944,0.4972919549318047,1806253
1808,760847,insert,256,978944,4830336,4882944,0.4972919549318047,1806253
1809,760847,hit,256,978944,4830592,4882944,0.49730520378984544,1806253
1810,761976,hit,294912,978944,5125504,4882944,0.5121177629138903,1806253
1811,763156,miss,256,978944,5125504,4883200,0.512104664100367,1806253
1812,763161,insert,256,979200,5125504,4883200,0.512104664100367,1806253
1813,764362,miss,256,979200,5125504,4883456,0.5120915659569026,1806253
1814,764367,insert,256,979456,5125504,4883456,0.5120915659569026,1806253
1815,764367,hit,256,979456,5125760,4883456,0.512104044912209,1806253
1816,764677,miss,256,979456,5125760,4883712,0.5120909474545711,1806253
1817,764682,insert,256,979712,5125760,4883712,0.5120909474545711,1806253
1818,765491,miss,256,979712,5125760,4883968,0.5120778506668713,1806253
1819,765496,insert,256,979968,5125760,4883968,0.5120778506668713,1806253
1820,765496,hit,256,979968,5126016,4883968,0.5120903290155109,1806253
1821,767812,hit,294912,979968,5420928,4883968,0.5260536350876321,1806253
1822,768381,miss,256,979968,5420928,4884224,0.5260405668931424,1806253
1823,768386,insert,256,980224,5420928,4884224,0.5260405668931424,1806253
1824,768386,hit,256,980224,5421184,4884224,0.5260523406739451,1806253
1825,769018,miss,256,980224,5421184,4884480,0.526039273160856,1806253
1826,769023,insert,256,980480,5421184,4884480,0.526039273160856,1806253
1827,769023,hit,256,980480,5421440,4884480,0.5260510463888717,1806253
1828,769333,miss,256,980480,5421440,4884736,0.5260379795571122,1806253
1829,769338,insert,256,980736,5421440,4884736,0.5260379795571122,1806253
1830,770147,miss,256,980736,5421440,4884992,0.5260249133744831,1806253
1831,770152,insert,256,980992,5421440,4884992,0.5260249133744831,1806253
1832,770152,hit,256,980992,5421696,4884992,0.5260366860818917,1806253
1833,773650,hit,294912,980992,5716608,4884992,0.5392212496226985,1806253
1834,774830,miss,256,980992,5716608,4885248,0.539208229200623,1806253
1835,774835,insert,256,981248,5716608,4885248,0.539208229200623,1806253
1836,779486,hit,294912,981248,6011520,4885248,0.5516791767981112,1806253
1837,780055,miss,256,981248,6011520,4885504,0.5516662163908238,1806253
1838,780060,insert,256,981504,6011520,4885504,0.5516662163908238,1806253
1839,780060,hit,256,981504,6011776,4885504,0.5516767486932519,1806253
1840,780064,miss,256,981504,6011776,4885760,0.5516637889519246,1806253
1841,780069,insert,256,981760,6011776,4885760,0.5516637889519246,1806253
1842,780069,hit,256,981760,6012032,4885760,0.5516743208165471,1806253
1843,780073,miss,256,981760,6012032,4886016,0.5516613617411118,1806253
1844,780078,insert,256,982016,6012032,4886016,0.5516613617411118,1806253
1845,780078,miss,256,982016,6012032,4886272,0.5516484032744912,1806253
1846,780083,insert,256,982272,6012032,4886272,0.5516484032744912,1806253
1847,780083,hit,256,982272,6012288,4886272,0.5516589347583534,1806253
1848,782417,miss,294912,982272,6012288,5181184,0.5371244954201878,1806253
1849,782732,miss,294912,982272,6012288,5476096,0.523336267311399,1806253
1850,785328,hit,294912,982272,6307200,5476096,0.5352661937712504,1806253
1851,786508,miss,256,982272,6307200,5476352,0.5352545650072237,1806253
1852,786523,insert,256,982528,6307200,5476352,0.5352545650072237,1806253
1853,791164,hit,294912,982528,6602112,5476352,0.5466019520362854,1806253
1854,791743,miss,256,982528,6602112,5476608,0.5465903671912256,1806253
1855,791758,insert,256,982784,6602112,5476608,0.5465903671912256,1806253
1856,791758,hit,256,982784,6602368,5476608,0.5465999766867655,1806253
1857,791762,miss,256,982784,6602368,5476864,0.5465883923746145,1806253
1858,791777,insert,256,983040,6602368,5476864,0.5465883923746145,1806253
1859,791777,hit,256,983040,6602624,5476864,0.5465980015046995,1806253
1860,791781,miss,256,983040,6602624,5477120,0.5465864177254087,1806253
1861,791796,insert,256,983296,6602624,5477120,0.5465864177254087,1806253
1862,791796,miss,256,983296,6602624,5477376,0.5465748344370861,1806253
1863,791811,insert,256,983552,6602624,5477376,0.5465748344370861,1806253
1864,791811,miss,294912,983552,6602624,5772288,0.5335491678647897,1806253
1865,792463,insert,294912,933376,6602624,5772288,0.5335491678647897,1806253
1866,792463,miss,256,933376,6602624,5772544,0.5335381305530559,1806253
1867,792478,insert,256,933632,6602624,5772544,0.5335381305530559,1806253
1868,792478,miss,256,933632,6602624,5772800,0.5335270936979614,1806253
1869,792493,insert,256,933888,6602624,5772800,0.5335270936979614,1806253
1870,792493,miss,256,933888,6602624,5773056,0.5335160572994777,1806253
1871,792508,insert,256,934144,6602624,5773056,0.5335160572994777,1806253
1872,792508,miss,256,934144,6602624,5773312,0.5335050213575765,1806253
1873,792523,insert,256,934400,6602624,5773312,0.5335050213575765,1806253
1874,792523,miss,256,934400,6602624,5773568,0.5334939858722295,1806253
1875,792538,insert,256,934656,6602624,5773568,0.5334939858722295,1806253
1876,792538,miss,256,934656,6602624,5773824,0.5334829508434084,1806253
1877,792553,insert,256,934912,6602624,5773824,0.5334829508434084,1806253
1878,792553,miss,256,934912,6602624,5774080,0.5334719162710848,1806253
1879,792568,insert,256,935168,6602624,5774080,0.5334719162710848,1806253
1880,792568,miss,256,935168,6602624,5774336,0.5334608821552304,1806253
1881,792583,insert,256,935424,6602624,5774336,0.5334608821552304,1806253
1882,793123,miss,256,935424,6602624,5774592,0.5334498484958168,1806253
1883,793133,insert,256,935680,6602624,5774592,0.5334498484958168,1806253
1884,793133,miss,256,935680,6602624,5774848,0.5334388152928159,1806253
1885,793143,insert,256,935936,6602624,5774848,0.5334388152928159,1806253
1886,793143,miss,256,935936,6602624,5775104,0.5334277825461992,1806253
1887,793153,insert,256,936192,6602624,5775104,0.5334277825461992,1806253
1888,793153,miss,256,936192,6602624,5775360,0.5334167502559383,1806253
1889,793163,insert,256,936448,6602624,5775360,0.5334167502559383,1806253
1890,793163,miss,256,936448,6602624,5775616,0.533405718422005,1806253
1891,793173,insert,256,936704,6602624,5775616,0.533405718422005,1806253
1892,793173,miss,256,936704,6602624,5775872,0.5333946870443711,1806253
1893,793183,insert,256,936960,6602624,5775872,0.5333946870443711,1806253
1894,793183,miss,256,936960,6602624,5776128,0.5333836561230082,1806253
1895,793193,insert,256,937216,6602624,5776128,0.5333836561230082,1806253
1896,793193,miss,256,937216,6602624,5776384,0.5333726256578879,1806253
1897,793203,insert,256,937472,6602624,5776384,0.5333726256578879,1806253
1898,797004,hit,294912,937472,6897536,5776384,0.5442306721203858,1806253
1899,802840,hit,294912,937472,7192448,5776384,0.5545948933566262,1806253
1900,803473,miss,256,937472,7192448,5776640,0.5545839460723838,1806253
1901,803478,insert,256,937728,7192448,5776640,0.5545839460723838,1806253
1902,804020,miss,256,937728,7192448,5776896,0.5545729992203152,1806253
1903,804025,insert,256,937984,7192448,5776896,0.5545729992203152,1806253
1904,804025,miss,256,937984,7192448,5777152,0.5545620528003947,1806253
1905,804030,insert,256,938240,7192448,5777152,0.5545620528003947,1806253
1906,804030,miss,256,938240,7192448,5777408,0.5545511068125969,1806253
1907,804035,insert,256,938496,7192448,5777408,0.5545511068125969,1806253
1908,804035,miss,256,938496,7192448,5777664,0.5545401612568959,1806253
1909,804040,insert,256,938752,7192448,5777664,0.5545401612568959,1806253
1910,804040,miss,256,938752,7192448,5777920,0.5545292161332662,1806253
1911,804045,insert,256,939008,7192448,5777920,0.5545292161332662,1806253
1912,804045,miss,256,939008,7192448,5778176,0.5545182714416824,1806253
1913,804050,insert,256,939264,7192448,5778176,0.5545182714416824,1806253
1914,804050,miss,256,939264,7192448,5778432,0.5545073271821187,1806253
1915,804055,insert,256,939520,7192448,5778432,0.5545073271821187,1806253
1916,804055,miss,256,939520,7192448,5778688,0.5544963833545496,1806253
1917,804060,insert,256,939776,7192448,5778688,0.5544963833545496,1806253
1918,829726,miss,294912,939776,7192448,6073600,0.5421696046931234,1806253
1919,830381,miss,294912,939776,7192448,6368512,0.5303789702203974,1806253
1920,834813,miss,294912,939776,7192448,6663424,0.519090245637373,1806253
1921,840948,insert,294912,908288,7192448,6663424,0.519090245637373,1806253
1922,841273,hit,294912,908288,7487360,6663424,0.5291127332591608,1806253
1923,849699,miss,256,908288,7487360,6663680,0.5291031613224187,1806253
1924,849704,insert,256,908544,7487360,6663680,0.5291031613224187,1806253
1925,849704,hit,294912,908544,7782272,6663680,0.538716451501431,1806253
1926,850884,miss,256,908544,7782272,6663936,0.5387069049538813,1806253
1927,850889,insert,256,908800,7782272,6663936,0.5387069049538813,1806253
1928,850889,miss,256,908800,7782272,6664192,0.5386973587446727,1806253
1929,850894,insert,256,909056,7782272,6664192,0.5386973587446727,1806253
1930,850894,miss,256,909056,7782272,6664448,0.5386878128737873,1806253
1931,850899,insert,256,909312,7782272,6664448,0.5386878128737873,1806253
1932,850899,miss,256,909312,7782272,6664704,0.5386782673412069,1806253
1933,850904,insert,256,909568,7782272,6664704,0.5386782673412069,1806253
1934,850904,miss,256,909568,7782272,6664960,0.5386687221469136,1806253
1935,850909,insert,256,909824,7782272,6664960,0.5386687221469136,1806253
1936,850909,miss,256,909824,7782272,6665216,0.5386591772908896,1806253
1937,850914,insert,256,910080,7782272,6665216,0.5386591772908896,1806253
1938,850914,miss,256,910080,7782272,6665472,0.5386496327731167,1806253
1939,850919,insert,256,910336,7782272,6665472,0.5386496327731167,1806253
1940,878196,miss,294912,910336,7782272,6960384,0.5278744888302352,1806253
1941,879506,miss,294912,910336,7782272,7255296,0.5175219822779854,1806253
1942,879701,miss,294912,910336,7782272,7550208,0.5075677255082022,1806253
1943,881722,miss,294912,910336,7782272,7845120,0.4979891718336623,1806253
1944,883481,hit,294912,910336,8077184,7845120,0.5072873875539621,1806253
1945,884661,hit,256,910336,8077440,7845120,0.5072953092969975,1806253
1946,884663,miss,256,910336,8077440,7845376,0.5072871532271679,1806253
1947,884688,insert,256,910592,8077440,7845376,0.5072871532271679,1806253
1948,884688,hit,256,910592,8077696,7845376,0.5072950747192502,1806253
1949,884690,miss,256,910592,8077696,7845632,0.5072869189154428,1806253
1950,884715,insert,256,910848,8077696,7845632,0.5072869189154428,1806253
1951,884715,hit,256,910848,8077952,7845632,0.5072948401565879,1806253
1952,884717,miss,256,910848,8077952,7845888,0.5072866846187855,1806253
1953,884742,insert,256,911104,8077952,7845888,0.5072866846187855,1806253
1954,884742,miss,256,911104,8077952,7846144,0.5072785293432042,1806253
1955,884767,insert,256,911360,8077952,7846144,0.5072785293432042,1806253
1956,884767,miss,256,911360,8077952,7846400,0.5072703743298315,1806253
1957,884792,insert,256,911616,8077952,7846400,0.5072703743298315,1806253
1958,884792,hit,256,911616,8078208,7846400,0.5072782953275836,1806253
1959,884794,miss,256,911616,8078208,7846656,0.5072701405801644,1806253
1960,884819,insert,256,911872,8078208,7846656,0.5072701405801644,1806253
1961,884819,hit,256,911872,8078464,7846656,0.5072780613270104,1806253
1962,884821,miss,256,911872,8078464,7846912,0.5072699068455275,1806253
1963,884846,insert,256,912128,8078464,7846912,0.5072699068455275,1806253
1964,884846,hit,256,912128,8078720,7846912,0.5072778273414832,1806253
1965,884848,miss,256,912128,8078720,7847168,0.5072696731259193,1806253
1966,884873,insert,256,912384,8078720,7847168,0.5072696731259193,1806253
1967,884873,miss,256,912384,8078720,7847424,0.5072615191725003,1806253
1968,884898,insert,256,912640,8078720,7847424,0.5072615191725003,1806253
1969,884898,miss,256,912640,8078720,7847680,0.5072533654812136,1806253
1970,884923,insert,256,912896,8078720,7847680,0.5072533654812136,1806253
1971,884923,hit,256,912896,8078976,7847680,0.5072612857338038,1806253
1972,884925,miss,256,912896,8078976,7847936,0.5072531323083846,1806253
1973,884950,insert,256,913152,8078976,7847936,0.5072531323083846,1806253
1974,884950,hit,256,913152,8079232,7847936,0.5072610523101156,1806253
1975,884952,miss,256,913152,8079232,7848192,0.5072528991505468,1806253
1976,884977,insert,256,913408,8079232,7848192,0.5072528991505468,1806253
1977,884977,hit,256,913408,8079488,7848192,0.5072608189014345,1806253
1978,884979,miss,256,913408,8079488,7848448,0.5072526660076987,1806253
1979,885004,insert,256,913664,8079488,7848448,0.5072526660076987,1806253
1980,885004,miss,256,913664,8079488,7848704,0.5072445133760316,1806253
1981,885029,insert,256,913920,8079488,7848704,0.5072445133760316,1806253
1982,885029,miss,256,913920,8079488,7848960,0.5072363610064207,1806253
1983,885054,insert,256,914176,8079488,7848960,0.5072363610064207,1806253
1984,885054,hit,256,914176,8079744,7848960,0.5072442805139703,1806253
1985,885056,miss,256,914176,8079744,7849216,0.507236128410141,1806253
1986,885081,insert,256,914432,8079744,7849216,0.507236128410141,1806253
1987,885081,hit,256,914432,8080000,7849216,0.5072440476668783,1806253
1988,885083,miss,256,914432,8080000,7849472,0.5072358958288135,1806253
1989,885108,insert,256,914688,8080000,7849472,0.5072358958288135,1806253
1990,885108,hit,256,914688,8080256,7849472,0.5072438148347542,1806253
1991,885110,miss,256,914688,8080256,7849728,0.5072356632624364,1806253
1992,885135,insert,256,914944,8080256,7849728,0.5072356632624364,1806253
1993,885135,miss,256,914944,8080256,7849984,0.5072275119521112,1806253
1994,885160,insert,256,915200,8080256,7849984,0.5072275119521112,1806253
1995,885160,miss,256,915200,8080256,7850240,0.507219360903766,1806253
1996,885185,insert,256,915456,8080256,7850240,0.507219360903766,1806253
1997,885185,hit,256,915456,8080512,7850240,0.5072272796663961,1806253
1998,885187,miss,256,915456,8080512,7850496,0.5072191288837468,1806253
1999,885212,insert,256,915712,8080512,7850496,0.5072191288837468,1806253
2000,885212,hit,256,915712,8080768,7850496,0.5072270473956115,1806253
2001,885214,miss,256,915712,8080768,7850752,0.5072188968786406,1806253
2002,885239,insert,256,915968,8080768,7850752,0.5072188968786406,1806253
2003,885239,hit,256,915968,8081024,7850752,0.5072268151397559,1806253
2004,885241,miss,256,915968,8081024,7851008,0.5072186648884461,1806253
2005,885266,insert,256,916224,8081024,7851008,0.5072186648884461,1806253
2006,885266,miss,256,916224,8081024,7851264,0.5072105148990528,1806253
2007,885291,insert,256,916480,8081024,7851264,0.5072105148990528,1806253
2008,885291,miss,256,916480,8081024,7851520,0.5072023651715634,1806253
2009,885316,insert,256,916736,8081024,7851520,0.5072023651715634,1806253
2010,885316,hit,256,916736,8081280,7851520,0.5072102831893954,1806253
2011,885318,miss,256,916736,8081280,7851776,0.5072021337275159,1806253
2012,885343,insert,256,916992,8081280,7851776,0.5072021337275159,1806253
2013,885343,hit,256,916992,8081536,7851776,0.5072100514946296,1806253
2014,885345,miss,256,916992,8081536,7852032,0.5072019022983427,1806253
2015,885370,insert,256,917248,8081536,7852032,0.5072019022983427,1806253
2016,885370,hit,256,917248,8081792,7852032,0.5072098198147538,1806253
2017,885372,miss,256,917248,8081792,7852288,0.5072016708840422,1806253
2018,885397,insert,256,917504,8081792,7852288,0.5072016708840422,1806253
2019,885397,miss,256,917504,8081792,7852544,0.5071935222151711,1806253
2020,885422,insert,256,917760,8081792,7852544,0.5071935222151711,1806253
2021,885422,miss,256,917760,8081792,7852800,0.5071853738081277,1806253
2022,885447,insert,256,918016,8081792,7852800,0.5071853738081277,1806253
2023,885447,hit,256,918016,8082048,7852800,0.507193291081283,1806253
2024,885449,miss,256,918016,8082048,7853056,0.5071851429397637,1806253
2025,885474,insert,256,918272,8082048,7853056,0.5071851429397637,1806253
2026,885474,hit,256,918272,8082304,7853056,0.5071930599622475,1806253
2027,885476,miss,256,918272,8082304,7853312,0.5071849120862351,1806253
2028,885501,insert,256,918528,8082304,7853312,0.5071849120862351,1806253
2029,885501,hit,256,918528,8082560,7853312,0.5071928288580632,1806253
2030,885503,miss,256,918528,8082560,7853568,0.5071846812475401,1806253
2031,885528,insert,256,918784,8082560,7853568,0.5071846812475401,1806253
2032,893268,insert,294912,912896,8082560,7853568,0.5071846812475401,1806253
2033,917253,hit,294912,912896,8377472,7853568,0.5161389535112969,1806253
2034,917886,miss,256,912896,8377472,7853824,0.5161308129677383,1806253
2035,917891,insert,256,913152,8377472,7853824,0.5161308129677383,1806253
2036,917950,miss,256,913152,8377472,7854080,0.5161226726809611,1806253
2037,917955,insert,256,913408,8377472,7854080,0.5161226726809611,1806253
2038,918019,miss,256,913408,8377472,7854336,0.516114532650953,1806253
2039,918027,insert,256,913664,8377472,7854336,0.516114532650953,1806253
2040,918078,miss,256,913664,8377472,7854592,0.5161063928777018,1806253
2041,918083,insert,256,913920,8377472,7854592,0.5161063928777018,1806253
2042,918206,miss,256,913920,8377472,7854848,0.5160982533611954,1806253
2043,918211,insert,256,914176,8377472,7854848,0.5160982533611954,1806253
2044,918270,miss,256,914176,8377472,7855104,0.5160901141014217,1806253
2045,918275,insert,256,914432,8377472,7855104,0.5160901141014217,1806253
2046,918339,miss,256,914432,8377472,7855360,0.5160819750983685,1806253
2047,918347,insert,256,914688,8377472,7855360,0.5160819750983685,1806253
2048,918529,miss,256,914688,8377472,7855616,0.5160738363520238,1806253
2049,918535,insert,256,914944,8377472,7855616,0.5160738363520238,1806253
2050,918590,miss,256,914944,8377472,7855872,0.5160656978623751,1806253
2051,918595,insert,256,915200,8377472,7855872,0.5160656978623751,1806253
2052,918659,miss,256,915200,8377472,7856128,0.5160575596294106,1806253
2053,918667,insert,256,915456,8377472,7856128,0.5160575596294106,1806253
2054,918849,miss,256,915456,8377472,7856384,0.5160494216531181,1806253
2055,918855,insert,256,915712,8377472,7856384,0.5160494216531181,1806253
2056,918910,miss,256,915712,8377472,7856640,0.5160412839334853,1806253
2057,918915,insert,256,915968,8377472,7856640,0.5160412839334853,1806253
2058,918979,miss,256,915968,8377472,7856896,0.5160331464705001,1806253
2059,918987,insert,256,916224,8377472,7856896,0.5160331464705001,1806253
2060,919169,miss,256,916224,8377472,7857152,0.5160250092641505,1806253
2061,919175,insert,256,916480,8377472,7857152,0.5160250092641505,1806253
2062,919230,miss,256,916480,8377472,7857408,0.5160168723144243,1806253
2063,919235,insert,256,916736,8377472,7857408,0.5160168723144243,1806253
2064,919299,miss,256,916736,8377472,7857664,0.5160087356213092,1806253
2065,919307,insert,256,916992,8377472,7857664,0.5160087356213092,1806253
2066,919489,miss,256,916992,8377472,7857920,0.5160005991847934,1806253
2067,919495,insert,256,917248,8377472,7857920,0.5160005991847934,1806253
2068,919550,miss,256,917248,8377472,7858176,0.5159924630048643,1806253
2069,919555,insert,256,917504,8377472,7858176,0.5159924630048643,1806253
2070,919619,miss,256,917504,8377472,7858432,0.5159843270815102,1806253
2071,919624,insert,256,917760,8377472,7858432,0.5159843270815102,1806253
2072,919809,miss,256,917760,8377472,7858688,0.5159761914147187,1806253
2073,919814,insert,256,918016,8377472,7858688,0.5159761914147187,1806253
2074,919814,miss,256,918016,8377472,7858944,0.5159680560044778,1806253
2075,919819,insert,256,918272,8377472,7858944,0.5159680560044778,1806253
2076,919870,miss,256,918272,8377472,7859200,0.5159599208507754,1806253
2077,919875,insert,256,918528,8377472,7859200,0.5159599208507754,1806253
2078,919875,miss,256,918528,8377472,7859456,0.5159517859535991,1806253
2079,919880,insert,256,918784,8377472,7859456,0.5159517859535991,1806253
2080,919939,miss,256,918784,8377472,7859712,0.5159436513129371,1806253
2081,919944,insert,256,919040,8377472,7859712,0.5159436513129371,1806253
2082,919944,miss,256,919040,8377472,7859968,0.5159355169287769,1806253
2083,919949,insert,256,919296,8377472,7859968,0.5159355169287769,1806253
2084,922739,miss,294912,919296,8377472,8154880,0.5067320124807408,1806253
2085,923089,miss,294912,919296,8377472,8449792,0.4978511063949552,1806253
2086,932221,insert,294912,908032,8377472,8449792,0.4978511063949552,1806253
2087,932221,miss,256,908032,8377472,8450048,0.49784353249914426,1806253
2088,932231,insert,256,908288,8377472,8450048,0.49784353249914426,1806253
2089,932576,miss,256,908288,8377472,8450304,0.4978359588337758,1806253
2090,932581,insert,256,908544,8377472,8450304,0.4978359588337758,1806253
2091,936877,hit,294912,908544,8672384,8450304,0.506484963108596,1806253
2092,937232,hit,294912,908544,8967296,8450304,0.5148410802866067,1806253
2093,943538,hit,294912,908544,9262208,8450304,0.5229189400125741,1806253
2094,943893,hit,294912,908544,9557120,8450304,0.5307322135581414,1806253
2095,945543,miss,256,908544,9557120,8450560,0.5307246685858478,1806253
2096,945548,insert,256,908800,9557120,8450560,0.5307246685858478,1806253
2097,945898,miss,256,908800,9557120,8450816,0.5307171238280722,1806253
2098,945903,insert,256,909056,9557120,8450816,0.5307171238280722,1806253
2099,950199,hit,294912,909056,9852032,8450816,0.538278632920953,1806253
2100,950554,hit,294912,909056,10146944,8450816,0.5456003303623662,1806253
2101,955139,hit,294912,909056,10441856,8450816,0.5526934464325639,1806253
2102,955203,hit,294912,909056,10736768,8450816,0.5595685209768984,1806253
2103,955275,hit,294912,909056,11031680,8450816,0.5662354556623546,1806253
2104,956860,hit,294912,909056,11326592,8450816,0.5727035615587239,1806253
2105,957215,hit,294912,909056,11621504,8450816,0.5789816025252686,1806253
2106,960951,miss,256,909056,11621504,8451072,0.5789742183564281,1806253
2107,960956,insert,256,909312,11621504,8451072,0.5789742183564281,1806253
2108,961039,miss,256,909312,11621504,8451328,0.5789668343759365,1806253
2109,961044,insert,256,909568,11621504,8451328,0.5789668343759365,1806253
2110,965607,hit,294912,909568,11916416,8451328,0.5850631272663286,1806253
2111,965695,hit,294912,909568,12211328,8451328,0.5909853989729104,1806253
2112,972535,hit,294912,909568,12506240,8451328,0.5967409959018145,1806253
2113,972623,hit,294912,909568,12801152,8451328,0.6023368566868431,1806253
2114,974807,miss,256,909568,12801152,8451584,0.60232960123346,1806253
2115,974812,insert,256,909824,12801152,8451584,0.60232960123346,1806253
2116,974895,miss,256,909824,12801152,8451840,0.602322345954866,1806253
2117,974900,insert,256,910080,12801152,8451840,0.602322345954866,1806253
2118,979463,hit,294912,910080,13096064,8451840,0.6077650986379,1806253
2119,979551,hit,294912,910080,13390976,8451840,0.6130608800623509,1806253
2120,986391,hit,294912,910080,13685888,8451840,0.6182155639458575,1806253
2121,986479,hit,294912,910080,13980800,8451840,0.6232347151293829,1806253
2122,988663,miss,256,910080,13980800,8452096,0.6232276028917533,1806253
2123,988668,insert,256,910336,13980800,8452096,0.6232276028917533,1806253
2124,988751,miss,256,910336,13980800,8452352,0.6232204908164488,1806253
2125,988756,insert,256,910592,13980800,8452352,0.6232204908164488,1806253
2126,993319,hit,294912,910592,14275712,8452352,0.6281094597410497,1806253
2127,993407,hit,294912,910592,14570624,8452352,0.6328731785152363,1806253
2128,996778,miss,294912,910592,14570624,8747264,0.6248689418184014,1806253
2129,997034,miss,294912,910592,14570624,9042176,0.6170646429055427,1806253
2130,997142,miss,294912,910592,14570624,9337088,0.6094528828187323,1806253
2131,1000247,hit,294912,910592,14865536,9337088,0.6142117482798559,1806253
2132,1000335,hit,294912,910592,15160448,9337088,0.6188560351539029,1806253
2133,1002519,miss,256,910592,15160448,9337344,0.6188495681569997,1806253
2134,1002539,insert,256,910848,15160448,9337344,0.6188495681569997,1806253
2135,1002607,miss,256,910848,15160448,9337600,0.6188431012952542,1806253
2136,1002627,insert,256,911104,15160448,9337600,0.6188431012952542,1806253
2137,1007175,hit,294912,911104,15455360,9337600,0.6233769586205117,1806253
2138,1007263,hit,294912,911104,15750272,9337600,0.6278042234909362,1806253
2139,1011005,insert,294912,904704,15750272,9337600,0.6278042234909362,1806253
2140,1014103,hit,294912,904704,16045184,9337600,0.632128611266597,1806253
2141,1014191,hit,294912,904704,16340096,9337600,0.6363536666218028,1806253
2142,1016375,miss,256,904704,16340096,9337856,0.636347322403282,1806253
2143,1016380,insert,256,904960,16340096,9337856,0.636347322403282,1806253
2144,1016380,miss,256,904960,16340096,9338112,0.6363409783112591,1806253
2145,1016385,insert,256,905216,16340096,9338112,0.6363409783112591,1806253
2146,1016385,hit,256,905216,16340352,9338112,0.6363446037893855,1806253
2147,1016389,miss,256,905216,16340352,9338368,0.6363382598509583,1806253
2148,1016394,insert,256,905472,16340352,9338368,0.6363382598509583,1806253
2149,1016394,hit,256,905472,16340608,9338368,0.6363418852838991,1806253
2150,1016398,miss,256,905472,16340608,9338624,0.6363355414990604,1806253
2151,1016403,insert,256,905728,16340608,9338624,0.6363355414990604,1806253
2152,1016403,hit,256,905728,16340864,9338624,0.6363391668868165,1806253
2153,1016407,miss,256,905728,16340864,9338880,0.636332823255559,1806253
2154,1016412,insert,256,905984,16340864,9338880,0.636332823255559,1806253
2155,1016412,hit,256,905984,16341120,9338880,0.6363364485981309,1806253
2156,1016416,miss,256,905984,16341120,9339136,0.6363301051204474,1806253
2157,1016421,insert,256,906240,16341120,9339136,0.6363301051204474,1806253
2158,1016421,hit,256,906240,16341376,9339136,0.6363337304178359,1806253
2159,1016425,miss,256,906240,16341376,9339392,0.6363273870937193,1806253
2160,1016430,insert,256,906496,16341376,9339392,0.6363273870937193,1806253
2161,1016430,hit,256,906496,16341632,9339392,0.6363310123459252,1806253
2162,1016434,miss,256,906496,16341632,9339648,0.6363246691753682,1806253
2163,1016439,insert,256,906752,16341632,9339648,0.6363246691753682,1806253
2164,1016439,hit,256,906752,16341888,9339648,0.6363282943823921,1806253
2165,1016443,miss,256,906752,16341888,9339904,0.6363219513653876,1806253
2166,1016448,insert,256,907008,16341888,9339904,0.6363219513653876,1806253
2167,1016448,hit,256,907008,16342144,9339904,0.6363255765272302,1806253
2168,1016452,miss,256,907008,16342144,9340160,0.636319233663771,1806253
2169,1016457,insert,256,907264,16342144,9340160,0.636319233663771,1806253
2170,1016457,hit,256,907264,16342400,9340160,0.6363228587804332,1806253
2171,1016461,miss,256,907264,16342400,9340416,0.6363165160705119,1806253
2172,1016466,insert,256,907520,16342400,9340416,0.6363165160705119,1806253
2173,1016466,hit,256,907520,16342656,9340416,0.6363201411419942,1806253
2174,1016470,miss,256,907520,16342656,9340672,0.6363137985856039,1806253
2175,1016475,insert,256,907776,16342656,9340672,0.6363137985856039,1806253
2176,1016475,hit,256,907776,16342912,9340672,0.6363174236119071,1806253
2177,1016479,miss,256,907776,16342912,9340928,0.6363110812090403,1806253
2178,1016484,insert,256,908032,16342912,9340928,0.6363110812090403,1806253
2179,1016484,hit,256,908032,16343168,9340928,0.6363147061901653,1806253
2180,1016486,miss,256,908032,16343168,9341184,0.636308363940815,1806253
2181,1016487,miss,256,908032,16343168,9341440,0.6363020218178919,1806253
2182,1016495,insert,256,908288,16343168,9341440,0.6363020218178919,1806253
2183,1016496,insert,256,908544,16343168,9341440,0.6363020218178919,1806253
2184,1016496,hit,256,908544,16343424,9341440,0.6363056467809213,1806253
2185,1016498,miss,256,908544,16343424,9341696,0.6362993048115018,1806253
2186,1016503,insert,256,908800,16343424,9341696,0.6362993048115018,1806253
2187,1016503,hit,256,908800,16343680,9341696,0.6363029297293527,1806253
2188,1016505,miss,256,908800,16343680,9341952,0.6362965879134296,1806253
2189,1016510,insert,256,909056,16343680,9341952,0.6362965879134296,1806253
2190,1016510,hit,256,909056,16343936,9341952,0.6363002127861026,1806253
2191,1016512,miss,256,909056,16343936,9342208,0.6362938711236689,1806253
2192,1016517,insert,256,909312,16343936,9342208,0.6362938711236689,1806253
2193,1016517,hit,256,909312,16344192,9342208,0.6362974959511648,1806253
2194,1016519,miss,256,909312,16344192,9342464,0.6362911544422131,1806253
2195,1016524,insert,256,909568,16344192,9342464,0.6362911544422131,1806253
2196,1016524,hit,256,909568,16344448,9342464,0.6362947792245327,1806253
2197,1016526,miss,256,909568,16344448,9342720,0.6362884378690559,1806253
2198,1016531,insert,256,909824,16344448,9342720,0.6362884378690559,1806253
2199,1016531,hit,256,909824,16344704,9342720,0.6362920626061999,1806253
2200,1016533,miss,256,909824,16344704,9342976,0.6362857214041906,1806253
2201,1016538,insert,256,910080,16344704,9342976,0.6362857214041906,1806253
2202,1016538,hit,256,910080,16344960,9342976,0.6362893460961597,1806253
2203,1016540,miss,256,910080,16344960,9343232,0.6362830050476109,1806253
2204,1016545,insert,256,910336,16344960,9343232,0.6362830050476109,1806253
2205,1016545,hit,256,910336,16345216,9343232,0.6362866296944059,1806253
2206,1016547,miss,256,910336,16345216,9343488,0.6362802887993104,1806253
2207,1016552,insert,256,910592,16345216,9343488,0.6362802887993104,1806253
2208,1016552,hit,256,910592,16345472,9343488,0.6362839134009317,1806253
2209,1016554,miss,256,910592,16345472,9343744,0.6362775726592824,1806253
2210,1016559,insert,256,910848,16345472,9343744,0.6362775726592824,1806253
2211,1016559,hit,256,910848,16345728,9343744,0.6362811972157311,1806253
2212,1016561,miss,256,910848,16345728,9344000,0.6362748566275206,1806253
2213,1016566,insert,256,911104,16345728,9344000,0.6362748566275206,1806253
2214,1016566,hit,256,911104,16345984,9344000,0.6362784811387971,1806253
2215,1016568,miss,256,911104,16345984,9344256,0.6362721407040184,1806253
2216,1016573,insert,256,911360,16345984,9344256,0.6362721407040184,1806253
2217,1016573,hit,256,911360,16346240,9344256,0.6362757651701236,1806253
2218,1016575,miss,256,911360,16346240,9344512,0.6362694248887694,1806253
2219,1016580,insert,256,911616,16346240,9344512,0.6362694248887694,1806253
2220,1016580,hit,256,911616,16346496,9344512,0.636273049309704,1806253
2221,1016582,miss,256,911616,16346496,9344768,0.636266709181767,1806253
2222,1016587,insert,256,911872,16346496,9344768,0.636266709181767,1806253
2223,1016587,hit,256,911872,16346752,9344768,0.6362703335575318,1806253
2224,1016589,miss,256,911872,16346752,9345024,0.6362639935830049,1806253
2225,1016594,insert,256,912128,16346752,9345024,0.6362639935830049,1806253
2226,1016594,hit,256,912128,16347008,9345024,0.6362676179136006,1806253
2227,1016596,miss,256,912128,16347008,9345280,0.6362612780924766,1806253
2228,1016601,insert,256,912384,16347008,9345280,0.6362612780924766,1806253
2229,1016601,hit,256,912384,16347264,9345280,0.6362649023779039,1806253
2230,1016603,miss,256,912384,16347264,9345536,0.6362585627101757,1806253
2231,1016608,insert,256,912640,16347264,9345536,0.6362585627101757,1806253
2232,1016608,hit,256,912640,16347520,9345536,0.6362621869504351,1806253
2233,1016610,miss,256,912640,16347520,9345792,0.6362558474360954,1806253
2234,1016615,insert,256,912896,16347520,9345792,0.6362558474360954,1806253
2235,1016615,hit,256,912896,16347776,9345792,0.636259471631188,1806253
2236,1021142,hit,294912,912896,16642688,9345792,0.6403871253724728,1806253
2237,1021711,miss,256,912896,16642688,9346048,0.6403808172894595,1806253
2238,1021716,insert,256,913152,16642688,9346048,0.6403808172894595,1806253
2239,1021716,hit,256,913152,16642944,9346048,0.6403843596550416,1806253
2240,1021720,miss,256,913152,16642944,9346304,0.6403780517235436,1806253
2241,1021725,insert,256,913408,16642944,9346304,0.6403780517235436,1806253
2242,1021725,hit,256,913408,16643200,9346304,0.6403815940465812,1806253
2243,1021729,miss,256,913408,16643200,9346560,0.6403752862665911,1806253
2244,1021734,insert,256,913664,16643200,9346560,0.6403752862665911,1806253
2245,1021734,hit,256,913664,16643456,9346560,0.6403788285470852,1806253
2246,1021738,miss,256,913664,16643456,9346816,0.640372520918596,1806253
2247,1021745,insert,256,913920,16643456,9346816,0.640372520918596,1806253
2248,1021745,hit,294912,913920,16938368,9346816,0.644407435002167,1806253
2249,1021792,miss,256,913920,16938368,9347072,0.6444011589686153,1806253
2250,1021797,insert,256,914176,16938368,9347072,0.6444011589686153,1806253
2251,1021861,miss,256,914176,16938368,9347328,0.64439488305731,1806253
2252,1021869,insert,256,914432,16938368,9347328,0.64439488305731,1806253
2253,1021920,miss,256,914432,16938368,9347584,0.6443886072682473,1806253
2254,1021925,insert,256,914688,16938368,9347584,0.6443886072682473,1806253
2255,1022112,miss,256,914688,16938368,9347840,0.6443823316014239,1806253
2256,1022117,insert,256,914944,16938368,9347840,0.6443823316014239,1806253
2257,1022176,miss,256,914944,16938368,9348096,0.6443760560568359,1806253
2258,1022181,insert,256,915200,16938368,9348096,0.6443760560568359,1806253
2259,1022432,miss,256,915200,16938368,9348352,0.64436978063448,1806253
2260,1022437,insert,256,915456,16938368,9348352,0.64436978063448,1806253
2261,1022496,miss,256,915456,16938368,9348608,0.6443635053343526,1806253
2262,1022501,insert,256,915712,16938368,9348608,0.6443635053343526,1806253
2263,1022752,miss,256,915712,16938368,9348864,0.6443572301564501,1806253
2264,1022757,insert,256,915968,16938368,9348864,0.6443572301564501,1806253
2265,1022816,miss,256,915968,16938368,9349120,0.6443509551007689,1806253
2266,1022821,insert,256,916224,16938368,9349120,0.6443509551007689,1806253
2267,1023072,miss,256,916224,16938368,9349376,0.6443446801673054,1806253
2268,1023077,insert,256,916480,16938368,9349376,0.6443446801673054,1806253
2269,1023136,miss,256,916480,16938368,9349632,0.644338405356056,1806253
2270,1023141,insert,256,916736,16938368,9349632,0.644338405356056,1806253
2271,1023392,miss,256,916736,16938368,9349888,0.6443321306670172,1806253
2272,1023397,insert,256,916992,16938368,9349888,0.6443321306670172,1806253
2273,1023456,miss,256,916992,16938368,9350144,0.6443258561001856,1806253
2274,1023461,insert,256,917248,16938368,9350144,0.6443258561001856,1806253
2275,1023712,miss,256,917248,16938368,9350400,0.6443195816555572,1806253
2276,1023717,insert,256,917504,16938368,9350400,0.6443195816555572,1806253
2277,1023717,miss,256,917504,16938368,9350656,0.6443133073331289,1806253
2278,1023722,insert,256,917760,16938368,9350656,0.6443133073331289,1806253
2279,1023776,miss,256,917760,16938368,9350912,0.6443070331328967,1806253
2280,1023781,insert,256,918016,16938368,9350912,0.6443070331328967,1806253
2281,1023781,miss,256,918016,16938368,9351168,0.6443007590548574,1806253
2282,1023786,insert,256,918272,16938368,9351168,0.6443007590548574,1806253
2283,1026581,miss,294912,918272,16938368,9646080,0.6371532709650394,1806253
2284,1027567,hit,294912,918272,17233280,9646080,0.6411343127217315,1806253
2285,1031497,insert,294912,907776,17233280,9646080,0.6411343127217315,1806253
2286,1031497,miss,256,907776,17233280,9646336,0.6411282065934275,1806253
2287,1031502,insert,256,908032,17233280,9646336,0.6411282065934275,1806253
2288,1033403,hit,294912,908032,17528192,9646336,0.6450228684744773,1806253
2289,1034036,miss,256,908032,17528192,9646592,0.645016792037795,1806253
2290,1034041,insert,256,908288,17528192,9646592,0.645016792037795,1806253
2291,1034583,miss,256,908288,17528192,9646848,0.6450107157155979,1806253
2292,1034588,insert,256,908544,17528192,9646848,0.6450107157155979,1806253
2293,1034588,miss,256,908544,17528192,9647104,0.6450046395078824,1806253
2294,1034593,insert,256,908800,17528192,9647104,0.6450046395078824,1806253
2295,1034593,miss,256,908800,17528192,9647360,0.6449985634146457,1806253
2296,1034598,insert,256,909056,17528192,9647360,0.6449985634146457,1806253
2297,1034598,miss,256,909056,17528192,9647616,0.6449924874358841,1806253
2298,1034603,insert,256,909312,17528192,9647616,0.6449924874358841,1806253
2299,1034603,miss,256,909312,17528192,9647872,0.6449864115715948,1806253
2300,1034608,insert,256,909568,17528192,9647872,0.6449864115715948,1806253
2301,1034608,miss,256,909568,17528192,9648128,0.6449803358217743,1806253
2302,1034613,insert,256,909824,17528192,9648128,0.6449803358217743,1806253
2303,1034613,miss,256,909824,17528192,9648384,0.6449742601864193,1806253
2304,1034618,insert,256,910080,17528192,9648384,0.6449742601864193,1806253
2305,1034618,miss,256,910080,17528192,9648640,0.6449681846655269,1806253
2306,1034623,insert,256,910336,17528192,9648640,0.6449681846655269,1806253
2307,1036153,hit,294912,910336,17823104,9648640,0.6487794877529436,1806253
2308,1041989,hit,294912,910336,18118016,9648640,0.6525098304959733,1806253
2309,1043169,miss,256,910336,18118016,9648896,0.6525038146121542,1806253
2310,1043174,insert,256,910592,18118016,9648896,0.6525038146121542,1806253
2311,1047825,hit,294912,910592,18412928,9648896,0.6561557794675071,1806253
2312,1053661,hit,294912,910592,18707840,9648896,0.6597317829527347,1806253
2313,1054841,miss,256,910592,18707840,9649152,0.6597258270552815,1806253
2314,1054846,insert,256,910848,18707840,9649152,0.6597258270552815,1806253
2315,1059045,hit,294912,910848,19002752,9649152,0.6632282447965762,1806253
2316,1059117,hit,294912,910848,19297664,9649152,0.6666592968290537,1806253
2317,1059497,hit,294912,910848,19592576,9649152,0.6700211423893964,1806253
2318,1060756,hit,294912,910848,19887488,9649152,0.6733158544776928,1806253
2319,1068002,hit,294912,910848,20182400,9649152,0.6765454241200726,1806253
2320,1069182,miss,256,910848,20182400,9649408,0.6765396183831701,1806253
2321,1069187,insert,256,911104,20182400,9649408,0.6765396183831701,1806253
2322,1071836,hit,294912,911104,20477312,9649408,0.679705988570943,1806253
2323,1073838,hit,294912,911104,20772224,9649408,0.6828109681952632,1806253
2324,1079674,hit,294912,911104,21067136,9649408,0.6858563255032858,1806253
2325,1080854,miss,256,911104,21067136,9649664,0.6858506094384832,1806253
2326,1080859,insert,256,911360,21067136,9649664,0.6858506094384832,1806253
2327,1085510,hit,294912,911360,21362048,9649664,0.6888380751117513,1806253
2328,1091346,hit,294912,911360,21656960,9649664,0.6917692562443015,1806253
2329,1092526,miss,256,911360,21656960,9649920,0.6917635995666128,1806253
2330,1092531,insert,256,911616,21656960,9649920,0.6917635995666128,1806253
2331,1097182,hit,294912,911616,21951872,9649920,0.6946401014220965,1806253
2332,1099998,miss,294912,911616,21951872,9944832,0.6882175663040294,1806253
2333,1100214,miss,294912,911616,21951872,10239744,0.6819127067122073,1806253
2334,1101013,miss,294912,911616,21951872,10534656,0.6757223178789682,1806253
2335,1103018,hit,294912,911616,22246784,10534656,0.6786396204681674,1806253
2336,1104198,miss,256,911616,22246784,10534912,0.6786343208112234,1806253
2337,1104218,insert,256,911872,22246784,10534912,0.6786343208112234,1806253
2338,1104218,miss,256,911872,22246784,10535168,0.6786290212370514,1806253
2339,1104238,insert,256,912128,22246784,10535168,0.6786290212370514,1806253
2340,1108854,miss,294912,912128,22246784,10830080,0.6725783919539652,1806253
2341,1110264,miss,294912,912128,22246784,11124992,0.6666347035291139,1806253
2342,1116953,insert,294912,905728,22246784,11124992,0.6666347035291139,1806253
2343,1116953,miss,65536,905728,22246784,11190528,0.6653281220691424,1806253
2344,1118033,miss,65536,905728,22246784,11256064,0.6640266523013207,1806253
2345,1120030,miss,65536,905728,22246784,11321600,0.6627302642867765,1806253
2346,1122418,insert,65536,971264,22246784,11321600,0.6627302642867765,1806253
2347,1122418,hit,256,971264,22247040,11321600,0.6627328363615566,1806253
2348,1122420,miss,256,971264,22247040,11321856,0.6627277822898913,1806253
2349,1122445,insert,256,971520,22247040,11321856,0.6627277822898913,1806253
2350,1124495,miss,256,971520,22247040,11322112,0.6627227282953111,1806253
2351,1124510,insert,256,971776,22247040,11322112,0.6627227282953111,1806253
2352,1124510,miss,512,971776,22247040,11322624,0.6627126205373994,1806253
2353,1124537,insert,512,972288,22247040,11322624,0.6627126205373994,1806253
2354,1127543,hit,65536,972288,22312576,11322624,0.6633698030634573,1806253
2355,1127806,hit,256,972288,22312832,11322624,0.6633723651613345,1806253
2356,1127808,miss,256,972288,22312832,11322880,0.663367316261954,1806253
2357,1127818,insert,256,972544,22312832,11322880,0.663367316261954,1806253
2358,1127818,hit,256,972544,22313088,11322880,0.6633698783397582,1806253
2359,1127820,miss,256,972544,22313088,11323136,0.6633648295361572,1806253
2360,1127830,insert,256,972800,22313088,11323136,0.6633648295361572,1806253
2361,1127830,hit,256,972800,22313344,11323136,0.6633673915938886,1806253
2362,1127832,miss,256,972800,22313344,11323392,0.6633623428860637,1806253
2363,1127842,insert,256,973056,22313344,11323392,0.6633623428860637,1806253
2364,1127842,hit,256,973056,22313600,11323392,0.663364904923722,1806253
2365,1127844,miss,256,973056,22313600,11323648,0.6633598563116697,1806253
2366,1127854,insert,256,973312,22313600,11323648,0.6633598563116697,1806253
2367,1127854,hit,256,973312,22313856,11323648,0.6633624183292554,1806253
2368,1127856,miss,256,973312,22313856,11323904,0.6633573698129721,1806253
2369,1127866,insert,256,973568,22313856,11323904,0.6633573698129721,1806253
2370,1127866,hit,256,973568,22314112,11323904,0.6633599318104849,1806253
2371,1127868,miss,256,973568,22314112,11324160,0.6633548833899673,1806253
2372,1127878,insert,256,973824,22314112,11324160,0.6633548833899673,1806253
2373,1127878,miss,512,973824,22314112,11324672,0.6633447867794507,1806253
2374,1127896,insert,512,974336,22314112,11324672,0.6633447867794507,1806253
2375,1127934,hit,65536,974336,22379648,11324672,0.6639993923627594,1806253
2376,1128197,hit,256,974336,22379904,11324672,0.664001944424401,1806253
2377,1128199,miss,256,974336,22379904,11324928,0.6639969010971484,1806253
2378,1128204,insert,256,974592,22379904,11324928,0.6639969010971484,1806253
2379,1128204,miss,512,974592,22379904,11325440,0.6639868146724744,1806253
2380,1128213,insert,512,975104,22379904,11325440,0.6639868146724744,1806253
2381,1130875,miss,512,975104,22379904,11325952,0.6639767285542311,1806253
2382,1130884,insert,512,975616,22379904,11325952,0.6639767285542311,1806253
2383,1130884,miss,512,975616,22379904,11326464,0.663966642742404,1806253
2384,1130893,insert,512,976128,22379904,11326464,0.663966642742404,1806253
2385,1130893,miss,512,976128,22379904,11326976,0.6639565572369795,1806253
2386,1130902,insert,512,976640,22379904,11326976,0.6639565572369795,1806253
2387,1134569,miss,512,976640,22379904,11327488,0.6639464720379434,1806253
2388,1134578,insert,512,977152,22379904,11327488,0.6639464720379434,1806253
2389,1134578,miss,512,977152,22379904,11328000,0.663936387145282,1806253
2390,1134587,insert,512,977664,22379904,11328000,0.663936387145282,1806253
2391,1134587,miss,512,977664,22379904,11328512,0.6639263025589811,1806253
2392,1134596,insert,512,978176,22379904,11328512,0.6639263025589811,1806253
2393,1134596,miss,512,978176,22379904,11329024,0.6639162182790268,1806253
2394,1134605,insert,512,978688,22379904,11329024,0.6639162182790268,1806253
2395,1136667,miss,512,978688,22379904,11329536,0.6639061343054052,1806253
2396,1136676,insert,512,979200,22379904,11329536,0.6639061343054052,1806253
2397,1136676,miss,512,979200,22379904,11330048,0.6638960506381023,1806253
2398,1136685,insert,512,979712,22379904,11330048,0.6638960506381023,1806253
2399,1136685,miss,512,979712,22379904,11330560,0.6638859672771042,1806253
2400,1136694,insert,512,980224,22379904,11330560,0.6638859672771042,1806253
2401,1140361,miss,512,980224,22379904,11331072,0.6638758842223969,1806253
2402,1140370,insert,512,980736,22379904,11331072,0.6638758842223969,1806253
2403,1140370,miss,512,980736,22379904,11331584,0.6638658014739663,1806253
2404,1140379,insert,512,981248,22379904,11331584,0.6638658014739663,1806253
2405,1140379,miss,512,981248,22379904,11332096,0.6638557190317987,1806253
2406,1140388,insert,512,981760,22379904,11332096,0.6638557190317987,1806253
2407,1140388,miss,512,981760,22379904,11332608,0.66384563689588,1806253
2408,1140397,insert,512,982272,22379904,11332608,0.66384563689588,1806253
2409,1140397,miss,512,982272,22379904,11333120,0.6638355550661964,1806253
2410,1140406,insert,512,982784,22379904,11333120,0.6638355550661964,1806253
2411,1140406,miss,512,982784,22379904,11333632,0.6638254735427337,1806253
2412,1140415,insert,512,983296,22379904,11333632,0.6638254735427337,1806253
2413,1142244,miss,512,983296,22379904,11334144,0.663815392325478,1806253
2414,1142253,insert,512,983808,22379904,11334144,0.663815392325478,1806253
2415,1142253,miss,512,983808,22379904,11334656,0.6638053114144156,1806253
2416,1142262,insert,512,984320,22379904,11334656,0.6638053114144156,1806253
2417,1142262,miss,512,984320,22379904,11335168,0.6637952308095323,1806253
2418,1142271,insert,512,984832,22379904,11335168,0.6637952308095323,1806253
2419,1142271,miss,512,984832,22379904,11335680,0.6637851505108142,1806253
2420,1142280,insert,512,985344,22379904,11335680,0.6637851505108142,1806253
2421,1142280,miss,73728,985344,22379904,11409408,0.6623367767890628,1806253
2422,1142459,miss,512,985344,22379904,11409920,0.662326740737093,1806253
2423,1142477,insert,512,985856,22379904,11409920,0.662326740737093,1806253
2424,1142477,miss,512,985856,22379904,11410432,0.6623167049892609,1806253
2425,1142495,insert,512,986368,22379904,11410432,0.6623167049892609,1806253
2426,1142495,miss,512,986368,22379904,11410944,0.6623066695455527,1806253
2427,1142513,insert,512,986880,22379904,11410944,0.6623066695455527,1806253
2428,1143536,insert,73728,762624,22379904,11410944,0.6623066695455527,1806253
2429,1144572,miss,73728,762624,22379904,11484672,0.6608647336969463,1806253
2430,1145819,insert,73728,836352,22379904,11484672,0.6608647336969463,1806253
2431,1146162,miss,512,836352,22379904,11485184,0.6608547422053059,1806253
2432,1146171,insert,512,836864,22379904,11485184,0.6608547422053059,1806253
2433,1146171,miss,512,836864,22379904,11485696,0.66084475101578,1806253
2434,1146180,insert,512,837376,22379904,11485696,0.66084475101578,1806253
2435,1146180,miss,512,837376,22379904,11486208,0.6608347601283548,1806253
2436,1146189,insert,512,837888,22379904,11486208,0.6608347601283548,1806253
2437,1146189,miss,512,837888,22379904,11486720,0.6608247695430167,1806253
2438,1146198,insert,512,838400,22379904,11486720,0.6608247695430167,1806253
2439,1146198,miss,512,838400,22379904,11487232,0.660814779259752,1806253
2440,1146207,insert,512,838912,22379904,11487232,0.660814779259752,1806253
2441,1146207,miss,512,838912,22379904,11487744,0.6608047892785469,1806253
2442,1146216,insert,512,839424,22379904,11487744,0.6608047892785469,1806253
2443,1148036,miss,512,839424,22379904,11488256,0.6607947995993877,1806253
2444,1148045,insert,512,839936,22379904,11488256,0.6607947995993877,1806253
2445,1148251,miss,512,839936,22379904,11488768,0.6607848102222609,1806253
2446,1148260,insert,512,840448,22379904,11488768,0.6607848102222609,1806253
2447,1148260,miss,512,840448,22379904,11489280,0.6607748211471526,1806253
2448,1148269,insert,512,840960,22379904,11489280,0.6607748211471526,1806253
2449,1148269,miss,512,840960,22379904,11489792,0.660764832374049,1806253
2450,1148278,insert,512,841472,22379904,11489792,0.660764832374049,1806253
2451,1151945,miss,512,841472,22379904,11490304,0.6607548439029368,1806253
2452,1151954,insert,512,841984,22379904,11490304,0.6607548439029368,1806253
2453,1151954,miss,512,841984,22379904,11490816,0.6607448557338019,1806253
2454,1151963,insert,512,842496,22379904,11490816,0.6607448557338019,1806253
2455,1151963,miss,512,842496,22379904,11491328,0.6607348678666309,1806253
2456,1151972,insert,512,843008,22379904,11491328,0.6607348678666309,1806253
2457,1151972,miss,512,843008,22379904,11491840,0.66072488030141,1806253
2458,1151978,miss,512,843008,22379904,11492352,0.6607148930381254,1806253
2459,1151984,insert,512,843520,22379904,11492352,0.6607148930381254,1806253
2460,1151984,miss,512,843520,22379904,11492864,0.6607049060767635,1806253
2461,1151996,insert,512,844032,22379904,11492864,0.6607049060767635,1806253
2462,1151996,miss,512,844032,22379904,11493376,0.6606949194173106,1806253
2463,1152002,insert,512,844544,22379904,11493376,0.6606949194173106,1806253
2464,1152002,miss,512,844544,22379904,11493888,0.6606849330597531,1806253
2465,1152014,insert,512,845056,22379904,11493888,0.6606849330597531,1806253
2466,1152014,miss,512,845056,22379904,11494400,0.6606749470040771,1806253
2467,1152020,insert,512,845568,22379904,11494400,0.6606749470040771,1806253
2468,1152026,insert,512,846080,22379904,11494400,0.6606749470040771,1806253
2469,1152026,miss,512,846080,22379904,11494912,0.6606649612502692,1806253
2470,1152035,insert,512,846592,22379904,11494912,0.6606649612502692,1806253
2471,1152035,hit,73728,846592,22453632,11494912,0.6614019146152483,1806253
2472,1152330,hit,73728,846592,22527360,11494912,0.6621356739491119,1806253
2473,1153828,miss,512,846592,22527360,11495424,0.6621257096421034,1806253
2474,1153837,insert,512,847104,22527360,11495424,0.6621257096421034,1806253
2475,1153837,miss,512,847104,22527360,11495936,0.6621157456349908,1806253
2476,1153846,insert,512,847616,22527360,11495936,0.6621157456349908,1806253
2477,1153846,hit,73728,847616,22601088,11495936,0.6628463528077992,1806253
2478,1154043,miss,512,847616,22601088,11496448,0.6628363996741583,1806253
2479,1154052,insert,512,848128,22601088,11496448,0.6628363996741583,1806253
2480,1154052,miss,512,848128,22601088,11496960,0.6628264468394203,1806253
2481,1154061,insert,512,848640,22601088,11496960,0.6628264468394203,1806253
2482,1154061,miss,512,848640,22601088,11497472,0.6628164943035718,1806253
2483,1154070,insert,512,849152,22601088,11497472,0.6628164943035718,1806253
2484,1157737,miss,512,849152,22601088,11497984,0.6628065420665994,1806253
2485,1157746,insert,512,849664,22601088,11497984,0.6628065420665994,1806253
2486,1157746,miss,512,849664,22601088,11498496,0.6627965901284896,1806253
2487,1157755,insert,512,850176,22601088,11498496,0.6627965901284896,1806253
2488,1157755,miss,512,850176,22601088,11499008,0.6627866384892289,1806253
2489,1157764,insert,512,850688,22601088,11499008,0.6627866384892289,1806253
2490,1157770,miss,512,850688,22601088,11499520,0.6627766871488039,1806253
2491,1157779,insert,512,851200,22601088,11499520,0.6627766871488039,1806253
2492,1157779,miss,512,851200,22601088,11500032,0.6627667361072012,1806253
2493,1157788,insert,512,851712,22601088,11500032,0.6627667361072012,1806253
2494,1163562,miss,512,851712,22601088,11500544,0.6627567853644072,1806253
2495,1163571,insert,512,852224,22601088,11500544,0.6627567853644072,1806253
2496,1163571,hit,73728,852224,22674816,11500544,0.6634843349126388,1806253
2497,1167709,hit,73728,852224,22748544,11500544,0.6642087520695441,1806253
2498,1168599,miss,512,852224,22748544,11501056,0.6641988227599739,1806253
2499,1168608,insert,512,852736,22748544,11501056,0.6641988227599739,1806253
2500,1168608,miss,512,852736,22748544,11501568,0.6641888937472672,1806253
2501,1168617,insert,512,853248,22748544,11501568,0.6641888937472672,1806253
2502,1172743,hit,73728,853248,22822272,11501568,0.6649102198355429,1806253
2503,1173038,miss,512,853248,22822272,11502080,0.6649003016866859,1806253
2504,1173047,insert,512,853760,22822272,11502080,0.6649003016866859,1806253
2505,1173047,miss,512,853760,22822272,11502592,0.6648903838337131,1806253
2506,1173056,insert,512,854272,22822272,11502592,0.6648903838337131,1806253
2507,1173056,miss,512,854272,22822272,11503104,0.6648804662766112,1806253
2508,1173065,insert,512,854784,22822272,11503104,0.6648804662766112,1806253
2509,1173065,miss,73728,854784,22822272,11576832,0.6634554202342015,1806253
2510,1174402,miss,512,854784,22822272,11577344,0.6634455454386468,1806253
2511,1174427,insert,512,855296,22822272,11577344,0.6634455454386468,1806253
2512,1174427,miss,512,855296,22822272,11577856,0.6634356709370384,1806253
2513,1174448,insert,512,855808,22822272,11577856,0.6634356709370384,1806253
2514,1174448,miss,512,855808,22822272,11578368,0.6634257967293632,1806253
2515,1174456,miss,512,855808,22822272,11578880,0.663415922815608,1806253
2516,1174471,insert,512,856320,22822272,11578880,0.663415922815608,1806253
2517,1174471,hit,73728,856320,22896000,11578880,0.6641357417342715,1806253
2518,1174479,insert,512,856832,22896000,11578880,0.6641357417342715,1806253
2519,1174492,miss,512,856832,22896000,11579392,0.6641258785396842,1806253
2520,1174510,insert,512,857344,22896000,11579392,0.6641258785396842,1806253
2521,1174510,miss,512,857344,22896000,11579904,0.6641160156380526,1806253
2522,1174528,insert,512,857856,22896000,11579904,0.6641160156380526,1806253
2523,1174555,insert,73728,931584,22896000,11579904,0.6641160156380526,1806253
2524,1174618,miss,512,931584,22896000,11580416,0.6641061530293636,1806253
2525,1174627,insert,512,932096,22896000,11580416,0.6641061530293636,1806253
2526,1174654,miss,512,932096,22896000,11580928,0.6640962907136042,1806253
2527,1174663,insert,512,932608,22896000,11580928,0.6640962907136042,1806253
2528,1174765,miss,512,932608,22896000,11581440,0.6640864286907613,1806253
2529,1174766,hit,73728,932608,22969728,11581440,0.66480322749147,1806253
2530,1174790,insert,512,933120,22969728,11581440,0.66480322749147,1806253
2531,1175061,miss,512,933120,22969728,11581952,0.6647933761831551,1806253
2532,1175074,insert,512,933632,22969728,11581952,0.6647933761831551,1806253
2533,1175074,miss,512,933632,22969728,11582464,0.664783525166797,1806253
2534,1175083,insert,512,934144,22969728,11582464,0.664783525166797,1806253
2535,1175245,miss,512,934144,22969728,11582976,0.6647736744423823,1806253
2536,1175254,insert,512,934656,22969728,11582976,0.6647736744423823,1806253
2537,1175405,miss,512,934656,22969728,11583488,0.6647638240098982,1806253
2538,1175414,insert,512,935168,22969728,11583488,0.6647638240098982,1806253
2539,1175556,miss,512,935168,22969728,11584000,0.6647539738693319,1806253
2540,1175565,insert,512,935680,22969728,11584000,0.6647539738693319,1806253
2541,1175716,miss,512,935680,22969728,11584512,0.6647441240206701,1806253
2542,1175725,insert,512,936192,22969728,11584512,0.6647441240206701,1806253
2543,1176045,miss,512,936192,22969728,11585024,0.6647342744639001,1806253
2544,1176054,insert,512,936704,22969728,11585024,0.6647342744639001,1806253
2545,1176205,miss,512,936704,22969728,11585536,0.6647244251990088,1806253
2546,1176214,insert,512,937216,22969728,11585536,0.6647244251990088,1806253
2547,1176214,miss,512,937216,22969728,11586048,0.6647145762259832,1806253
2548,1176223,insert,512,937728,22969728,11586048,0.6647145762259832,1806253
2549,1176356,miss,512,937728,22969728,11586560,0.6647047275448104,1806253
2550,1176365,insert,512,938240,22969728,11586560,0.6647047275448104,1806253
2551,1176365,miss,512,938240,22969728,11587072,0.6646948791554773,1806253
2552,1176374,insert,512,938752,22969728,11587072,0.6646948791554773,1806253
2553,1176374,miss,512,938752,22969728,11587584,0.6646850310579712,1806253
2554,1176383,insert,512,939264,22969728,11587584,0.6646850310579712,1806253
2555,1176383,hit,73728,939264,23043456,11587584,0.6653989022564728,1806253
2556,1176516,miss,512,939264,23043456,11588096,0.6653890648620079,1806253
2557,1176525,insert,512,939776,23043456,11588096,0.6653890648620079,1806253
2558,1176845,miss,512,939776,23043456,11588608,0.6653792277584148,1806253
2559,1176854,insert,512,940288,23043456,11588608,0.6653792277584148,1806253
2560,1176854,miss,512,940288,23043456,11589120,0.6653693909456807,1806253
2561,1176863,insert,512,940800,23043456,11589120,0.6653693909456807,1806253
2562,1176863,miss,512,940800,23043456,11589632,0.6653595544237927,1806253
2563,1176872,insert,512,941312,23043456,11589632,0.6653595544237927,1806253
2564,1176872,miss,512,941312,23043456,11590144,0.6653497181927377,1806253
2565,1176881,insert,512,941824,23043456,11590144,0.6653497181927377,1806253
2566,1176881,hit,73728,941824,23117184,11590144,0.6660606082957466,1806253
2567,1176996,miss,512,941824,23117184,11590656,0.6660507827626265,1806253
2568,1177005,insert,512,942336,23117184,11590656,0.6660507827626265,1806253
2569,1177005,miss,512,942336,23117184,11591168,0.666040957519389,1806253
2570,1177014,insert,512,942848,23117184,11591168,0.666040957519389,1806253
2571,1177165,miss,512,942848,23117184,11591680,0.6660311325660212,1806253
2572,1177174,insert,512,943360,23117184,11591680,0.6660311325660212,1806253
2573,1177325,miss,512,943360,23117184,11592192,0.6660213079025102,1806253
2574,1177334,insert,512,943872,23117184,11592192,0.6660213079025102,1806253
2575,1177334,miss,512,943872,23117184,11592704,0.6660114835288434,1806253
2576,1177343,insert,512,944384,23117184,11592704,0.6660114835288434,1806253
2577,1177343,hit,73728,944384,23190912,11592704,0.666719411805834,1806253
2578,1183860,miss,512,944384,23190912,11593216,0.6667095981247539,1806253
2579,1183869,insert,512,944896,23190912,11593216,0.6667095981247539,1806253
2580,1183869,hit,512,944896,23191424,11593216,0.6667145038729738,1806253
2581,1184460,miss,512,944896,23191424,11593728,0.6667046905530267,1806253
2582,1184469,insert,512,945408,23191424,11593728,0.6667046905530267,1806253
2583,1184469,hit,512,945408,23191936,11593728,0.6667095962290672,1806253
2584,1184585,miss,512,945408,23191936,11594240,0.6666997832702278,1806253
2585,1184594,insert,512,945920,23191936,11594240,0.6666997832702278,1806253
2586,1184594,hit,512,945920,23192448,11594240,0.6667046888740888,1806253
2587,1184597,miss,512,945920,23192448,11594752,0.6666948762763315,1806253
2588,1184606,insert,512,946432,23192448,11594752,0.6666948762763315,1806253
2589,1184606,miss,512,946432,23192448,11595264,0.6666850639674147,1806253
2590,1184615,insert,512,946944,23192448,11595264,0.6666850639674147,1806253
2591,1193252,miss,512,946944,23192448,11595776,0.6666752519473256,1806253
2592,1193261,insert,512,947456,23192448,11595776,0.6666752519473256,1806253
2593,1193261,hit,512,947456,23192960,11595776,0.666680157623433,1806253
2594,1193852,miss,512,947456,23192960,11596288,0.6666703459643624,1806253
2595,1193861,insert,512,947968,23192960,11596288,0.6666703459643624,1806253
2596,1193861,hit,512,947968,23193472,11596288,0.6666752515682776,1806253
2597,1193977,miss,512,947968,23193472,11596800,0.6666654402701997,1806253
2598,1193986,insert,512,948480,23193472,11596800,0.6666654402701997,1806253
2599,1193986,hit,512,948480,23193984,11596800,0.6666703458019227,1806253
2600,1193989,miss,512,948480,23193984,11597312,0.6666605348648121,1806253
2601,1193998,insert,512,948992,23193984,11597312,0.6666605348648121,1806253
2602,1193998,miss,512,948992,23193984,11597824,0.6666507242164592,1806253
2603,1194007,insert,512,949504,23193984,11597824,0.6666507242164592,1806253
2604,1202644,miss,512,949504,23193984,11598336,0.6666409138568512,1806253
2605,1202653,insert,512,950016,23193984,11598336,0.6666409138568512,1806253
2606,1202653,hit,512,950016,23194496,11598336,0.6666458194607441,1806253
2607,1203244,miss,512,950016,23194496,11598848,0.6666360094620396,1806253
2608,1203253,insert,512,950528,23194496,11598848,0.6666360094620396,1806253
2609,1203253,hit,512,950528,23195008,11598848,0.6666409149937276,1806253
2610,1203369,miss,512,950528,23195008,11599360,0.6666311053559013,1806253
2611,1203378,insert,512,951040,23195008,11599360,0.6666311053559013,1806253
2612,1203378,hit,512,951040,23195520,11599360,0.6666360108153844,1806253
2613,1203381,miss,512,951040,23195520,11599872,0.6666262015384106,1806253
2614,1203390,insert,512,951552,23195520,11599872,0.6666262015384106,1806253
2615,1203390,miss,512,951552,23195520,11600384,0.6666163925501116,1806253
2616,1203399,insert,512,952064,23195520,11600384,0.6666163925501116,1806253
2617,1212036,miss,512,952064,23195520,11600896,0.6666065838504747,1806253
2618,1212045,insert,512,952576,23195520,11600896,0.6666065838504747,1806253
2619,1212045,hit,512,952576,23196032,11600896,0.6666114893820512,1806253
2620,1212636,miss,512,952576,23196032,11601408,0.6666016810432032,1806253
2621,1212645,insert,512,953088,23196032,11601408,0.6666016810432032,1806253
2622,1212645,hit,512,953088,23196544,11601408,0.666606586502562,1806253
2623,1212761,miss,512,953088,23196544,11601920,0.6665967785244774,1806253
2624,1212770,insert,512,953600,23196544,11601920,0.6665967785244774,1806253
2625,1212770,hit,512,953600,23197056,11601920,0.6666016839116186,1806253
2626,1212773,miss,512,953600,23197056,11602432,0.666591876294272,1806253
2627,1212782,insert,512,954112,23197056,11602432,0.666591876294272,1806253
2628,1212782,miss,512,954112,23197056,11602944,0.6665820689655172,1806253
2629,1212791,insert,512,954624,23197056,11602944,0.6665820689655172,1806253
2630,1221428,miss,512,954624,23197056,11603456,0.6665722619253418,1806253
2631,1221437,insert,512,955136,23197056,11603456,0.6665722619253418,1806253
2632,1221437,hit,512,955136,23197568,11603456,0.6665771673844999,1806253
2633,1222028,miss,512,955136,23197568,11603968,0.6665673607049988,1806253
2634,1222037,insert,512,955648,23197568,11603968,0.6665673607049988,1806253
2635,1222037,hit,512,955648,23198080,11603968,0.6665722660919265,1806253
2636,1222153,miss,512,955648,23198080,11604480,0.6665624597730742,1806253
2637,1222162,insert,512,956160,23198080,11604480,0.6665624597730742,1806253
2638,1222162,hit,512,956160,23198592,11604480,0.6665673650877716,1806253
2639,1222165,miss,512,956160,23198592,11604992,0.6665575591295425,1806253
2640,1222174,insert,512,956672,23198592,11604992,0.6665575591295425,1806253
2641,1222174,hit,512,956672,23199104,11604992,0.6665624643720095,1806253
2642,1230820,miss,512,956672,23199104,11605504,0.6665526587743784,1806253
2643,1230829,insert,512,957184,23199104,11605504,0.6665526587743784,1806253
2644,1230829,hit,512,957184,23199616,11605504,0.6665575639446151,1806253
2645,1231420,miss,512,957184,23199616,11606016,0.6665477587075563,1806253
2646,1231429,insert,512,957696,23199616,11606016,0.6665477587075563,1806253
2647,1231429,hit,512,957696,23200128,11606016,0.6665526638055626,1806253
2648,1231545,miss,512,957696,23200128,11606528,0.6665428589290509,1806253
2649,1231554,insert,512,958208,23200128,11606528,0.6665428589290509,1806253
2650,1231554,miss,512,958208,23200128,11607040,0.6665330543409909,1806253
2651,1231563,insert,512,958720,23200128,11607040,0.6665330543409909,1806253
2652,1231563,miss,512,958720,23200128,11607552,0.6665232500413701,1806253
2653,1231572,insert,512,959232,23200128,11607552,0.6665232500413701,1806253
2654,1231572,hit,512,959232,23200640,11607552,0.666528155211279,1806253
2655,1240212,miss,512,959232,23200640,11608064,0.6665183512721415,1806253
2656,1240221,insert,512,959744,23200640,11608064,0.6665183512721415,1806253
2657,1240221,hit,512,959744,23201152,11608064,0.6665232563698074,1806253
2658,1240812,miss,512,959744,23201152,11608576,0.6665134527911278,1806253
2659,1240821,insert,512,960256,23201152,11608576,0.6665134527911278,1806253
2660,1240821,hit,512,960256,23201664,11608576,0.6665183578165506,1806253
2661,1240937,miss,512,960256,23201664,11609088,0.6665085545983034,1806253
2662,1240946,insert,512,960768,23201664,11609088,0.6665085545983034,1806253
2663,1240946,miss,512,960768,23201664,11609600,0.6664987516684255,1806253
2664,1240955,insert,512,961280,23201664,11609600,0.6664987516684255,1806253
2665,1240955,miss,512,961280,23201664,11610112,0.666488949026904,1806253
2666,1240964,insert,512,961792,23201664,11610112,0.666488949026904,1806253
2667,1240964,hit,73728,961792,23275392,11610112,0.6671938006112796,1806253
2668,1241259,miss,73728,961792,23275392,11683840,0.6657867083578953,1806253
2669,1241576,miss,512,961792,23275392,11684352,0.6657769576344724,1806253
2670,1241594,insert,512,962304,23275392,11684352,0.6657769576344724,1806253
2671,1241594,miss,73728,962304,23275392,11758080,0.6643758289215526,1806253
2672,1241656,miss,512,962304,23275392,11758592,0.6643661194798741,1806253
2673,1241689,insert,512,962816,23275392,11758592,0.6643661194798741,1806253
2674,1241689,miss,73728,962816,23275392,11832320,0.6629709164755596,1806253
2675,1241727,miss,512,962816,23275392,11832832,0.6629612480540172,1806253
2676,1241765,insert,512,963328,23275392,11832832,0.6629612480540172,1806253
2677,1241765,miss,73728,963328,23275392,11906560,0.6615719332457732,1806253
2678,1241816,miss,512,963328,23275392,11907072,0.6615623055849641,1806253
2679,1241864,insert,512,963840,23275392,11907072,0.6615623055849641,1806253
2680,1241864,miss,73728,963840,23275392,11980800,0.6601788417762191,1806253
2681,1246489,insert,73728,1037568,23275392,11980800,0.6601788417762191,1806253
2682,1247649,miss,512,1037568,23275392,11981312,0.660169254618923,1806253
2683,1247685,insert,512,1038080,23275392,11981312,0.660169254618923,1806253
2684,1247685,miss,512,1038080,23275392,11981824,0.6601596677400734,1806253
2685,1247721,insert,512,1038592,23275392,11981824,0.6601596677400734,1806253
2686,1247721,miss,512,1038592,23275392,11982336,0.6601500811396582,1806253
2687,1247757,insert,512,1039104,23275392,11982336,0.6601500811396582,1806253
2688,1247757,miss,512,1039104,23275392,11982848,0.6601404948176653,1806253
2689,1247785,miss,512,1039104,23275392,11983360,0.6601309087740825,1806253
2690,1247793,insert,512,1039616,23275392,11983360,0.6601309087740825,1806253
2691,1247793,miss,512,1039616,23275392,11983872,0.6601213230088977,1806253
2692,1247821,insert,512,1040128,23275392,11983872,0.6601213230088977,1806253
2693,1247821,miss,512,1040128,23275392,11984384,0.6601117375220988,1806253
2694,1247829,insert,512,1040640,23275392,11984384,0.6601117375220988,1806253
2695,1247829,miss,512,1040640,23275392,11984896,0.6601021523136736,1806253
2696,1247857,insert,512,1041152,23275392,11984896,0.6601021523136736,1806253
2697,1247857,miss,512,1041152,23275392,11985408,0.6600925673836101,1806253
2698,1247862,miss,512,1041152,23275392,11985920,0.660082982731896,1806253
2699,1247865,insert,512,1041664,23275392,11985920,0.660082982731896,1806253
2700,1247886,insert,512,1042176,23275392,11985920,0.660082982731896,1806253
2701,1247886,miss,512,1042176,23275392,11986432,0.6600733983585194,1806253
2702,1247890,insert,512,1042688,23275392,11986432,0.6600733983585194,1806253
2703,1247890,miss,512,1042688,23275392,11986944,0.6600638142634679,1806253
2704,1247913,insert,512,1043200,23275392,11986944,0.6600638142634679,1806253
2705,1247913,miss,512,1043200,23275392,11987456,0.6600542304467296,1806253
2706,1247917,insert,512,1043712,23275392,11987456,0.6600542304467296,1806253
2707,1247917,miss,512,1043712,23275392,11987968,0.6600446469082923,1806253
2708,1247922,miss,512,1043712,23275392,11988480,0.6600350636481439,1806253
2709,1247940,insert,512,1044224,23275392,11988480,0.6600350636481439,1806253
2710,1247940,miss,512,1044224,23275392,11988992,0.6600254806662722,1806253
2711,1247944,insert,512,1044736,23275392,11988992,0.6600254806662722,1806253
2712,1247944,miss,512,1044736,23275392,11989504,0.6600158979626652,1806253
2713,1247949,insert,512,1045248,23275392,11989504,0.6600158979626652,1806253
2714,1247949,miss,512,1045248,23275392,11990016,0.6600063155373107,1806253
2715,1247967,insert,512,1045760,23275392,11990016,0.6600063155373107,1806253
2716,1247970,insert,512,1046272,23275392,11990016,0.6600063155373107,1806253
2717,1247970,miss,512,1046272,23275392,11990528,0.6599967333901965,1806253
2718,1247972,insert,512,1046784,23275392,11990528,0.6599967333901965,1806253
2719,1247972,miss,512,1046784,23275392,11991040,0.6599871515213107,1806253
2720,1247988,insert,512,1047296,23275392,11991040,0.6599871515213107,1806253
2721,1247988,miss,512,1047296,23275392,11991552,0.659977569930641,1806253
2722,1247990,insert,512,1047808,23275392,11991552,0.659977569930641,1806253
2723,1247990,miss,512,1047808,23275392,11992064,0.6599679886181754,1806253
2724,1248006,insert,512,1048320,23275392,11992064,0.6599679886181754,1806253
2725,1248007,insert,512,1048576,23275392,11992064,0.6599679886181754,1806253
2726,1248007,miss,512,1048576,23275392,11992576,0.6599584075839017,1806253
2727,1248016,insert,512,1048576,23275392,11992576,0.6599584075839017,1806253
2728,1248016,miss,512,1048576,23275392,11993088,0.6599488268278078,1806253
2729,1248025,insert,512,1048576,23275392,11993088,0.6599488268278078,1806253
2730,1248025,miss,16384,1048576,23275392,12009472,0.6596423894392791,1806253
2731,1248299,insert,16384,757760,23275392,12009472,0.6596423894392791,1806253
2732,1248299,miss,512,757760,23275392,12009984,0.6596328178563267,1806253
2733,1248308,insert,512,758272,23275392,12009984,0.6596328178563267,1806253
2734,1249684,miss,512,758272,23275392,12010496,0.6596232465511425,1806253
2735,1249693,insert,512,758784,23275392,12010496,0.6596232465511425,1806253
2736,1249693,hit,16384,758784,23291776,12010496,0.6597812174808465,1806253
2737,1250284,miss,512,758784,23291776,12011008,0.6597716486042574,1806253
2738,1250293,insert,512,759296,23291776,12011008,0.6597716486042574,1806253
2739,1250293,hit,16384,759296,23308160,12011008,0.6599294751224037,1806253
2740,1250342,miss,512,759296,23308160,12011520,0.6599199086741443,1806253
2741,1250351,insert,512,759808,23308160,12011520,0.6599199086741443,1806253
2742,1250351,hit,16384,759808,23324544,12011520,0.6600775909846666,1806253
2743,1250367,miss,512,759808,23324544,12012032,0.6600680269644688,1806253
2744,1250376,insert,512,760320,23324544,12012032,0.6600680269644688,1806253
2745,1250409,miss,512,760320,23324544,12012544,0.6600584632214177,1806253
2746,1250418,insert,512,760832,23324544,12012544,0.6600584632214177,1806253
2747,1250418,hit,16384,760832,23340928,12012544,0.6602160036785072,1806253
2748,1250432,hit,512,760832,23341440,12012544,0.6602209244649768,1806253
2749,1250494,hit,512,760832,23341952,12012544,0.6602258451089219,1806253
2750,1251734,miss,512,760832,23341952,12013056,0.6602162839278667,1806253
2751,1251743,insert,512,761344,23341952,12013056,0.6602162839278667,1806253
2752,1251743,hit,512,761344,23342464,12013056,0.6602212044964973,1806253
2753,1258996,miss,512,761344,23342464,12013568,0.66021164365956,1806253
2754,1259005,insert,512,761856,23342464,12013568,0.66021164365956,1806253
2755,1259005,hit,512,761856,23342976,12013568,0.6602165641528764,1806253
2756,1259596,miss,512,761856,23342976,12014080,0.6602070036600333,1806253
2757,1259605,insert,512,762368,23342976,12014080,0.6602070036600333,1806253
2758,1259605,hit,512,762368,23343488,12014080,0.6602119240780361,1806253
2759,1259721,miss,512,762368,23343488,12014592,0.6602023639292631,1806253
2760,1259730,insert,512,762880,23343488,12014592,0.6602023639292631,1806253
2761,1268388,miss,512,762880,23343488,12015104,0.6601928040573561,1806253
2762,1268397,insert,512,763392,23343488,12015104,0.6601928040573561,1806253
2763,1268397,hit,512,763392,23344000,12015104,0.6601977244672264,1806253
2764,1268988,miss,512,763392,23344000,12015616,0.6601881649393477,1806253
2765,1268997,insert,512,763904,23344000,12015616,0.6601881649393477,1806253
2766,1269037,miss,512,763904,23344000,12016128,0.6601786056883052,1806253
2767,1269046,insert,512,764416,23344000,12016128,0.6601786056883052,1806253
2768,1269113,miss,512,764416,23344000,12016640,0.6601690467140866,1806253
2769,1269122,insert,512,764928,23344000,12016640,0.6601690467140866,1806253
2770,1269122,miss,512,764928,23344000,12017152,0.66015948801668,1806253
2771,1269131,insert,512,765440,23344000,12017152,0.66015948801668,1806253
2772,1270518,miss,512,765440,23344000,12017664,0.6601499295960733,1806253
2773,1270527,insert,512,765952,23344000,12017664,0.6601499295960733,1806253
2774,1270527,hit,512,765952,23344512,12017664,0.6601548501992638,1806253
2775,1277780,miss,512,765952,23344512,12018176,0.6601452921225898,1806253
2776,1277789,insert,512,766464,23344512,12018176,0.6601452921225898,1806253
2777,1278380,miss,512,766464,23344512,12018688,0.6601357343226857,1806253
2778,1278389,insert,512,766976,23344512,12018688,0.6601357343226857,1806253
2779,1278389,miss,1024,766976,23344512,12019712,0.6601166195531394,1806253
2780,1278407,insert,1024,768000,23344512,12019712,0.6601166195531394,1806253
2781,1278407,miss,1024,768000,23344512,12020736,0.6600975058905285,1806253
2782,1278425,insert,1024,769024,23344512,12020736,0.6600975058905285,1806253
2783,1278505,miss,512,769024,23344512,12021248,0.6600879494742938,1806253
2784,1278514,insert,512,769536,23344512,12021248,0.6600879494742938,1806253
2785,1279910,miss,512,769536,23344512,12021760,0.6600783933347569,1806253
2786,1279919,insert,512,770048,23344512,12021760,0.6600783933347569,1806253
2787,1279919,miss,512,770048,23344512,12022272,0.6600688374719058,1806253
2788,1279928,insert,512,770560,23344512,12022272,0.6600688374719058,1806253
2789,1287172,miss,512,770560,23344512,12022784,0.6600592818857286,1806253
2790,1287181,insert,512,771072,23344512,12022784,0.6600592818857286,1806253
2791,1287181,hit,512,771072,23345024,12022784,0.6600642030176143,1806253
2792,1287772,miss,512,771072,23345024,12023296,0.6600546477751841,1806253
2793,1287781,insert,512,771584,23345024,12023296,0.6600546477751841,1806253
2794,1287781,hit,512,771584,23345536,12023296,0.6600595688316764,1806253
2795,1287897,miss,512,771584,23345536,12023808,0.6600500139329698,1806253
2796,1287906,insert,512,772096,23345536,12023808,0.6600500139329698,1806253
2797,1289302,miss,512,772096,23345536,12024320,0.660040459310889,1806253
2798,1289311,insert,512,772608,23345536,12024320,0.660040459310889,1806253
2799,1289311,miss,512,772608,23345536,12024832,0.6600309049654219,1806253
2800,1289320,insert,512,773120,23345536,12024832,0.6600309049654219,1806253
2801,1296564,miss,512,773120,23345536,12025344,0.6600213508965567,1806253
2802,1296573,insert,512,773632,23345536,12025344,0.6600213508965567,1806253
2803,1296573,hit,512,773632,23346048,12025344,0.6600262720788597,1806253
2804,1297164,miss,512,773632,23346048,12025856,0.6600167183536402,1806253
2805,1297173,insert,512,774144,23346048,12025856,0.6600167183536402,1806253
2806,1297173,hit,512,774144,23346560,12025856,0.6600216394605333,1806253
2807,1297289,miss,512,774144,23346560,12026368,0.6600120860789358,1806253
2808,1297298,insert,512,774656,23346560,12026368,0.6600120860789358,1806253
2809,1298694,miss,512,774656,23346560,12026880,0.6600025329738923,1806253
2810,1298703,insert,512,775168,23346560,12026880,0.6600025329738923,1806253
2811,1298703,miss,512,775168,23346560,12027392,0.6599929801453907,1806253
2812,1298712,insert,512,775680,23346560,12027392,0.6599929801453907,1806253
2813,1305956,miss,512,775680,23346560,12027904,0.6599834275934188,1806253
2814,1305965,insert,512,776192,23346560,12027904,0.6599834275934188,1806253
2815,1305965,hit,512,776192,23347072,12027904,0.6599883488260175,1806253
2816,1306556,miss,512,776192,23347072,12028416,0.6599787966175901,1806253
2817,1306565,insert,512,776704,23347072,12028416,0.6599787966175901,1806253
2818,1306565,hit,512,776704,23347584,12028416,0.6599837177747625,1806253
2819,1306681,miss,512,776704,23347584,12028928,0.6599741659098557,1806253
2820,1306690,insert,512,777216,23347584,12028928,0.6599741659098557,1806253
2821,1308086,miss,512,777216,23347584,12029440,0.6599646143214307,1806253
2822,1308095,insert,512,777728,23347584,12029440,0.6599646143214307,1806253
2823,1315348,miss,512,777728,23347584,12029952,0.6599550630094758,1806253
2824,1315357,insert,512,778240,23347584,12029952,0.6599550630094758,1806253
2825,1315948,miss,512,778240,23347584,12030464,0.6599455119739789,1806253
2826,1315957,insert,512,778752,23347584,12030464,0.6599455119739789,1806253
2827,1316073,miss,512,778752,23347584,12030976,0.6599359612149279,1806253
2828,1316082,insert,512,779264,23347584,12030976,0.6599359612149279,1806253
2829,1316082,hit,512,779264,23348096,12030976,0.6599408825646982,1806253
2830,1317478,miss,512,779264,23348096,12031488,0.6599313321490722,1806253
2831,1317487,insert,512,779776,23348096,12031488,0.6599313321490722,1806253
2832,1318230,miss,1024,779776,23348096,12032512,0.6599122321470564,1806253
2833,1318248,insert,1024,780800,23348096,12032512,0.6599122321470564,1806253
2834,1318248,miss,1024,780800,23348096,12033536,0.6598931332506087,1806253
2835,1318266,insert,1024,781824,23348096,12033536,0.6598931332506087,1806253
2836,1318266,miss,1024,781824,23348096,12034560,0.6598740354596331,1806253
2837,1318284,insert,1024,782848,23348096,12034560,0.6598740354596331,1806253
2838,1319711,miss,1024,782848,23348096,12035584,0.6598549387740337,1806253
2839,1319729,insert,1024,783872,23348096,12035584,0.6598549387740337,1806253
2840,1319729,miss,1024,783872,23348096,12036608,0.6598358431937145,1806253
2841,1319747,insert,1024,784896,23348096,12036608,0.6598358431937145,1806253
2842,1321855,miss,1024,784896,23348096,12037632,0.6598167487185794,1806253
2843,1321873,insert,1024,785920,23348096,12037632,0.6598167487185794,1806253
2844,1321873,miss,1024,785920,23348096,12038656,0.6597976553485327,1806253
2845,1321891,insert,1024,786944,23348096,12038656,0.6597976553485327,1806253
2846,1322927,miss,1024,786944,23348096,12039680,0.6597785630834783,1806253
2847,1322945,insert,1024,787968,23348096,12039680,0.6597785630834783,1806253
2848,1324740,miss,512,787968,23348096,12040192,0.6597690173652933,1806253
2849,1324749,insert,512,788480,23348096,12040192,0.6597690173652933,1806253
2850,1324749,miss,1024,788480,23348096,12041216,0.6597499267575476,1806253
2851,1324767,insert,1024,789504,23348096,12041216,0.6597499267575476,1806253
2852,1324767,miss,1024,789504,23348096,12042240,0.6597308372545545,1806253
2853,1324785,insert,1024,790528,23348096,12042240,0.6597308372545545,1806253
2854,1324785,miss,1024,790528,23348096,12043264,0.659711748856218,1806253
2855,1324803,insert,1024,791552,23348096,12043264,0.659711748856218,1806253
2856,1324803,miss,1024,791552,23348096,12044288,0.6596926615624423,1806253
2857,1324821,insert,1024,792576,23348096,12044288,0.6596926615624423,1806253
2858,1324821,miss,1024,792576,23348096,12045312,0.6596735753731316,1806253
2859,1324847,insert,1024,793600,23348096,12045312,0.6596735753731316,1806253
2860,1324847,miss,1024,793600,23348096,12046336,0.65965449028819,1806253
2861,1324866,insert,1024,794624,23348096,12046336,0.65965449028819,1806253
2862,1324866,miss,1024,794624,23348096,12047360,0.6596354063075215,1806253
2863,1324884,insert,1024,795648,23348096,12047360,0.6596354063075215,1806253
2864,1325349,miss,512,795648,23348096,12047872,0.6596258647312598,1806253
2865,1325358,insert,512,796160,23348096,12047872,0.6596258647312598,1806253
2866,1325358,miss,1024,796160,23348096,12048896,0.6596067824068215,1806253
2867,1325376,insert,1024,797184,23348096,12048896,0.6596067824068215,1806253
2868,1325376,miss,1024,797184,23348096,12049920,0.6595877011864167,1806253
2869,1325405,insert,1024,798208,23348096,12049920,0.6595877011864167,1806253
2870,1325405,miss,1024,798208,23348096,12050944,0.65956862106995,1806253
2871,1325430,insert,1024,799232,23348096,12050944,0.65956862106995,1806253
2872,1325430,miss,1024,799232,23348096,12051968,0.6595495420573251,1806253
2873,1325448,insert,1024,800256,23348096,12051968,0.6595495420573251,1806253
2874,1325448,miss,1024,800256,23348096,12052992,0.6595304641484465,1806253
2875,1325465,miss,512,800256,23348096,12053504,0.6595209256078821,1806253
2876,1325467,insert,1024,801280,23348096,12053504,0.6595209256078821,1806253
2877,1325467,miss,1024,801280,23348096,12054528,0.6595018493544433,1806253
2878,1325483,insert,512,801792,23348096,12054528,0.6595018493544433,1806253
2879,1325483,miss,1024,801792,23348096,12055552,0.6594827742045114,1806253
2880,1325503,insert,1024,802816,23348096,12055552,0.6594827742045114,1806253
2881,1325503,miss,1024,802816,23348096,12056576,0.6594637001579905,1806253
2882,1325519,insert,1024,803840,23348096,12056576,0.6594637001579905,1806253
2883,1325519,miss,1024,803840,23348096,12057600,0.6594446272147849,1806253
2884,1325539,insert,1024,804864,23348096,12057600,0.6594446272147849,1806253
2885,1325539,miss,1024,804864,23348096,12058624,0.6594255553747989,1806253
2886,1325555,insert,1024,805888,23348096,12058624,0.6594255553747989,1806253
2887,1325565,insert,1024,806912,23348096,12058624,0.6594255553747989,1806253
2888,1325565,miss,1024,806912,23348096,12059648,0.6594064846379368,1806253
2889,1325583,insert,1024,807936,23348096,12059648,0.6594064846379368,1806253
2890,1325734,miss,1024,807936,23348096,12060672,0.6593874150041029,1806253
2891,1325752,insert,1024,808960,23348096,12060672,0.6593874150041029,1806253
2892,1325752,miss,1024,808960,23348096,12061696,0.6593683464732015,1806253
2893,1325770,insert,1024,809984,23348096,12061696,0.6593683464732015,1806253
2894,1325919,miss,1024,809984,23348096,12062720,0.659349279045137,1806253
2895,1325937,insert,1024,811008,23348096,12062720,0.659349279045137,1806253
2896,1325937,miss,1024,811008,23348096,12063744,0.6593302127198135,1806253
2897,1325955,insert,1024,812032,23348096,12063744,0.6593302127198135,1806253
2898,1326143,miss,1024,812032,23348096,12064768,0.6593111474971355,1806253
2899,1326161,insert,1024,813056,23348096,12064768,0.6593111474971355,1806253
2900,1326161,miss,1024,813056,23348096,12065792,0.6592920833770074,1806253
2901,1326179,insert,1024,814080,23348096,12065792,0.6592920833770074,1806253
2902,1326501,miss,1024,814080,23348096,12066816,0.6592730203593333,1806253
2903,1326519,insert,1024,815104,23348096,12066816,0.6592730203593333,1806253
2904,1326626,miss,1024,815104,23348096,12067840,0.659253958444018,1806253
2905,1326644,insert,1024,816128,23348096,12067840,0.659253958444018,1806253
2906,1326644,miss,1024,816128,23348096,12068864,0.6592348976309655,1806253
2907,1326662,insert,1024,817152,23348096,12068864,0.6592348976309655,1806253
2908,1326806,miss,1024,817152,23348096,12069888,0.6592158379200804,1806253
2909,1326824,insert,1024,818176,23348096,12069888,0.6592158379200804,1806253
2910,1326824,miss,1024,818176,23348096,12070912,0.659196779311267,1806253
2911,1326842,insert,1024,819200,23348096,12070912,0.659196779311267,1806253
2912,1326973,miss,1024,819200,23348096,12071936,0.6591777218044298,1806253
2913,1326991,insert,1024,820224,23348096,12071936,0.6591777218044298,1806253
2914,1326991,miss,1024,820224,23348096,12072960,0.6591586653994731,1806253
2915,1327009,insert,1024,821248,23348096,12072960,0.6591586653994731,1806253
2916,1327215,miss,1024,821248,23348096,12073984,0.6591396100963015,1806253
2917,1327233,insert,1024,822272,23348096,12073984,0.6591396100963015,1806253
2918,1327233,miss,1024,822272,23348096,12075008,0.6591205558948193,1806253
2919,1327251,insert,1024,823296,23348096,12075008,0.6591205558948193,1806253
2920,1327573,miss,1024,823296,23348096,12076032,0.6591015027949312,1806253
2921,1327591,insert,1024,824320,23348096,12076032,0.6591015027949312,1806253
2922,1327698,miss,1024,824320,23348096,12077056,0.6590824507965414,1806253
2923,1327716,insert,1024,825344,23348096,12077056,0.6590824507965414,1806253
2924,1327716,miss,1024,825344,23348096,12078080,0.6590633998995545,1806253
2925,1327734,insert,1024,826368,23348096,12078080,0.6590633998995545,1806253
2926,1327878,miss,1024,826368,23348096,12079104,0.659044350103875,1806253
2927,1327896,insert,1024,827392,23348096,12079104,0.659044350103875,1806253
2928,1327896,miss,1024,827392,23348096,12080128,0.6590253014094074,1806253
2929,1327914,insert,1024,828416,23348096,12080128,0.6590253014094074,1806253
2930,1328045,miss,1024,828416,23348096,12081152,0.6590062538160562,1806253
2931,1328063,insert,1024,829440,23348096,12081152,0.6590062538160562,1806253
2932,1328063,miss,1024,829440,23348096,12082176,0.6589872073237258,1806253
2933,1328081,insert,1024,830464,23348096,12082176,0.6589872073237258,1806253
2934,1328287,miss,1024,830464,23348096,12083200,0.6589681619323211,1806253
2935,1328305,insert,1024,831488,23348096,12083200,0.6589681619323211,1806253
2936,1328305,miss,1024,831488,23348096,12084224,0.6589491176417462,1806253
2937,1328323,insert,1024,832512,23348096,12084224,0.6589491176417462,1806253
2938,1328645,miss,1024,832512,23348096,12085248,0.6589300744519061,1806253
2939,1328663,insert,1024,833536,23348096,12085248,0.6589300744519061,1806253
2940,1328770,miss,1024,833536,23348096,12086272,0.6589110323627051,1806253
2941,1328788,insert,1024,834560,23348096,12086272,0.6589110323627051,1806253
2942,1328788,miss,1024,834560,23348096,12087296,0.6588919913740477,1806253
2943,1328806,insert,1024,835584,23348096,12087296,0.6588919913740477,1806253
2944,1328950,miss,1024,835584,23348096,12088320,0.6588729514858388,1806253
2945,1328986,insert,1024,836608,23348096,12088320,0.6588729514858388,1806253
2946,1328986,miss,1024,836608,23348096,12089344,0.6588539126979827,1806253
2947,1329022,insert,1024,837632,23348096,12089344,0.6588539126979827,1806253
2948,1329117,miss,1024,837632,23348096,12090368,0.6588348750103842,1806253
2949,1329135,insert,1024,838656,23348096,12090368,0.6588348750103842,1806253
2950,1329135,miss,1024,838656,23348096,12091392,0.6588158384229479,1806253
2951,1329153,insert,1024,839680,23348096,12091392,0.6588158384229479,1806253
2952,1329153,miss,1024,839680,23348096,12092416,0.6587968029355784,1806253
2953,1329171,insert,1024,840704,23348096,12092416,0.6587968029355784,1806253
2954,1329359,miss,1024,840704,23348096,12093440,0.6587777685481803,1806253
2955,1329377,insert,1024,841728,23348096,12093440,0.6587777685481803,1806253
2956,1329377,miss,18432,841728,23348096,12111872,0.6584353375615003,1806253
2957,1329717,miss,1024,841728,23348096,12112896,0.6584163240554579,1806253
2958,1329789,insert,1024,842752,23348096,12112896,0.6584163240554579,1806253
2959,1329842,miss,1024,842752,23348096,12113920,0.6583973116474822,1806253
2960,1329914,insert,1024,843776,23348096,12113920,0.6583973116474822,1806253
2961,1329914,miss,1024,843776,23348096,12114944,0.6583783003374781,1806253
2962,1329986,insert,1024,844800,23348096,12114944,0.6583783003374781,1806253
2963,1330040,miss,1024,844800,23348096,12115968,0.6583592901253505,1806253
2964,1330112,insert,1024,845824,23348096,12115968,0.6583592901253505,1806253
2965,1330112,miss,18432,845824,23348096,12134400,0.6580172939355788,1806253
2966,1330153,insert,18432,864256,23348096,12134400,0.6580172939355788,1806253
2967,1330153,miss,18432,864256,23348096,12152832,0.6576756528730742,1806253
2968,1330228,miss,1024,864256,23348096,12153856,0.6576566832156159,1806253
2969,1330320,insert,1024,865280,23348096,12153856,0.6576566832156159,1806253
2970,1330320,hit,18432,865280,23366528,12153856,0.6578343297189579,1806253
2971,1330394,miss,18432,865280,23366528,12172288,0.6574931477739719,1806253
2972,1330859,miss,1024,865280,23366528,12173312,0.6574742035979904,1806253
2973,1330967,insert,1024,866304,23366528,12173312,0.6574742035979904,1806253
2974,1330967,hit,18432,866304,23384960,12173312,0.6576517554058869,1806253
2975,1331010,miss,1024,866304,23384960,12174336,0.6576328170276486,1806253
2976,1331041,miss,18432,866304,23384960,12192768,0.6572921126385586,1806253
2977,1331131,insert,1024,867328,23384960,12192768,0.6572921126385586,1806253
2978,1331131,hit,18432,867328,23403392,12192768,0.657469569751344,1806253
2979,1331205,miss,18432,867328,23403392,12211200,0.6571293025061189,1806253
2980,1331848,miss,18432,867328,23403392,12229632,0.6567893872829879,1806253
2981,1331900,insert,18432,885760,23403392,12229632,0.6567893872829879,1806253
2982,1331900,miss,1024,885760,23403392,12230656,0.6567705134145859,1806253
2983,1331990,insert,1024,886784,23403392,12230656,0.6567705134145859,1806253
2984,1331990,miss,1024,886784,23403392,12231680,0.6567516406308931,1806253
2985,1332080,insert,1024,887808,23403392,12231680,0.6567516406308931,1806253
2986,1332080,miss,1024,887808,23403392,12232704,0.6567327689318156,1806253
2987,1332164,miss,1024,887808,23403392,12233728,0.6567138983172602,1806253
2988,1332170,insert,1024,888832,23403392,12233728,0.6567138983172602,1806253
2989,1332170,miss,1024,888832,23403392,12234752,0.6566950287871333,1806253
2990,1332254,insert,1024,889856,23403392,12234752,0.6566950287871333,1806253
2991,1332254,miss,1024,889856,23403392,12235776,0.6566761603413414,1806253
2992,1332260,insert,1024,890880,23403392,12235776,0.6566761603413414,1806253
2993,1332260,miss,1024,890880,23403392,12236800,0.6566572929797909,1806253
2994,1332344,insert,1024,891904,23403392,12236800,0.6566572929797909,1806253
2995,1332344,miss,1024,891904,23403392,12237824,0.6566384267023886,1806253
2996,1332350,insert,1024,892928,23403392,12237824,0.6566384267023886,1806253
2997,1332350,miss,1024,892928,23403392,12238848,0.656619561509041,1806253
2998,1332434,insert,1024,893952,23403392,12238848,0.656619561509041,1806253
2999,1332434,miss,1024,893952,23403392,12239872,0.6566006973996545,1806253
3000,1332440,insert,1024,894976,23403392,12239872,0.6566006973996545,1806253
3001,1332440,miss,1024,894976,23403392,12240896,0.6565818343741359,1806253
3002,1332524,insert,1024,896000,23403392,12240896,0.6565818343741359,1806253
3003,1332524,miss,1024,896000,23403392,12241920,0.6565629724323917,1806253
3004,1332530,insert,1024,897024,23403392,12241920,0.6565629724323917,1806253
3005,1332598,insert,1024,898048,23403392,12241920,0.6565629724323917,1806253
3006,1332598,miss,1024,898048,23403392,12242944,0.6565441115743285,1806253
3007,1332670,insert,1024,899072,23403392,12242944,0.6565441115743285,1806253
3008,1332670,miss,1024,899072,23403392,12243968,0.6565252517998528,1806253
3009,1332702,miss,1024,899072,23403392,12244992,0.6565063931088714,1806253
3010,1332742,insert,1024,900096,23403392,12244992,0.6565063931088714,1806253
3011,1332742,miss,1024,900096,23403392,12246016,0.6564875355012908,1806253
3012,1332774,insert,1024,901120,23403392,12246016,0.6564875355012908,1806253
3013,1332774,miss,1024,901120,23403392,12247040,0.6564686789770178,1806253
3014,1332801,miss,1024,901120,23403392,12248064,0.6564498235359588,1806253
3015,1332814,insert,1024,902144,23403392,12248064,0.6564498235359588,1806253
3016,1332814,miss,18432,902144,23403392,12266496,0.6561106107201682,1806253
3017,1332846,insert,1024,903168,23403392,12266496,0.6561106107201682,1806253
3018,1332846,miss,1024,903168,23403392,12267520,0.6560917758424567,1806253
3019,1332873,insert,1024,904192,23403392,12267520,0.6560917758424567,1806253
3020,1332873,miss,1024,904192,23403392,12268544,0.6560729420460947,1806253
3021,1332918,insert,1024,905216,23403392,12268544,0.6560729420460947,1806253
3022,1332918,miss,1024,905216,23403392,12269568,0.6560541093309891,1806253
3023,1332945,insert,1024,906240,23403392,12269568,0.6560541093309891,1806253
3024,1332945,miss,1024,906240,23403392,12270592,0.6560352776970467,1806253
3025,1332990,insert,1024,907264,23403392,12270592,0.6560352776970467,1806253
3026,1332990,miss,1024,907264,23403392,12271616,0.6560164471441744,1806253
3027,1333017,insert,1024,908288,23403392,12271616,0.6560164471441744,1806253
3028,1333017,miss,1024,908288,23403392,12272640,0.6559976176722793,1806253
3029,1333062,insert,1024,909312,23403392,12272640,0.6559976176722793,1806253
3030,1333062,miss,1024,909312,23403392,12273664,0.6559787892812681,1806253
3031,1333089,insert,1024,910336,23403392,12273664,0.6559787892812681,1806253
3032,1333089,miss,1024,910336,23403392,12274688,0.6559599619710478,1806253
3033,1333134,insert,1024,911360,23403392,12274688,0.6559599619710478,1806253
3034,1333134,miss,1024,911360,23403392,12275712,0.6559411357415253,1806253
3035,1333161,insert,1024,912384,23403392,12275712,0.6559411357415253,1806253
3036,1333161,miss,1024,912384,23403392,12276736,0.6559223105926077,1806253
3037,1333206,insert,1024,913408,23403392,12276736,0.6559223105926077,1806253
3038,1333206,miss,18432,913408,23403392,12295168,0.655583642589505,1806253
3039,1333216,hit,1024,913408,23404416,12295168,0.6555935217620463,1806253
3040,1333221,miss,1024,913408,23404416,12296192,0.6555747173829645,1806253
3041,1333232,insert,1024,914432,23404416,12296192,0.6555747173829645,1806253
3042,1333232,miss,1024,914432,23404416,12297216,0.6555559140825831,1806253
3043,1333293,insert,1024,915456,23404416,12297216,0.6555559140825831,1806253
3044,1333293,miss,1024,915456,23404416,12298240,0.6555371118608094,1806253
3045,1333304,insert,1024,916480,23404416,12298240,0.6555371118608094,1806253
3046,1333304,miss,18432,916480,23404416,12316672,0.6551988562050518,1806253
3047,1333365,insert,1024,917504,23404416,12316672,0.6551988562050518,1806253
3048,1333365,miss,1024,917504,23404416,12317696,0.6551800744592033,1806253
3049,1333437,insert,1024,918528,23404416,12317696,0.6551800744592033,1806253
3050,1333437,miss,1024,918528,23404416,12318720,0.6551612937901085,1806253
3051,1333509,insert,1024,919552,23404416,12318720,0.6551612937901085,1806253
3052,1333509,miss,1024,919552,23404416,12319744,0.6551425141976747,1806253
3053,1333581,insert,1024,920576,23404416,12319744,0.6551425141976747,1806253
3054,1333581,miss,1024,920576,23404416,12320768,0.6551237356818093,1806253
3055,1333653,insert,1024,921600,23404416,12320768,0.6551237356818093,1806253
3056,1333653,miss,18432,921600,23404416,12339200,0.654785906383954,1806253
3057,1334044,insert,18432,940032,23404416,12339200,0.654785906383954,1806253
3058,1334388,miss,18432,940032,23404416,12357632,0.6544484253250821,1806253
3059,1334783,insert,18432,958464,23404416,12357632,0.6544484253250821,1806253
3060,1343275,miss,1024,958464,23404416,12358656,0.6544296865772605,1806253
3061,1343293,insert,1024,959488,23404416,12358656,0.6544296865772605,1806253
3062,1343293,hit,1024,959488,23405440,12358656,0.6544395809696966,1806253
3063,1343298,miss,1024,959488,23405440,12359680,0.6544208435481274,1806253
3064,1343316,insert,1024,960512,23405440,12359680,0.6544208435481274,1806253
3065,1343316,miss,1024,960512,23405440,12360704,0.6544021071994789,1806253
3066,1343334,insert,1024,961536,23405440,12360704,0.6544021071994789,1806253
3067,1343334,miss,1024,961536,23405440,12361728,0.6543833719236591,1806253
3068,1343352,insert,1024,962560,23405440,12361728,0.6543833719236591,1806253
3069,1343352,miss,1024,962560,23405440,12362752,0.6543646377205758,1806253
3070,1343370,insert,1024,963584,23405440,12362752,0.6543646377205758,1806253
3071,1343370,miss,1024,963584,23405440,12363776,0.654345904590137,1806253
3072,1343388,insert,1024,964608,23405440,12363776,0.654345904590137,1806253
3073,1343388,miss,1024,964608,23405440,12364800,0.6543271725322503,1806253
3074,1343406,insert,1024,965632,23405440,12364800,0.6543271725322503,1806253
3075,1352699,miss,1024,965632,23405440,12365824,0.6543084415468238,1806253
3076,1352717,insert,1024,966656,23405440,12365824,0.6543084415468238,1806253
3077,1352717,hit,1024,966656,23406464,12365824,0.6543183371441044,1806253
3078,1352722,miss,1024,966656,23406464,12366848,0.6542996074839255,1806253
3079,1352740,insert,1024,967680,23406464,12366848,0.6542996074839255,1806253
3080,1352740,hit,1024,967680,23407488,12366848,0.6543095027675706,1806253
3081,1352745,miss,1024,967680,23407488,12367872,0.6542907744324585,1806253
3082,1352763,insert,1024,968704,23407488,12367872,0.6542907744324585,1806253
3083,1352763,miss,1024,968704,23407488,12368896,0.6542720471694401,1806253
3084,1352781,insert,1024,969728,23407488,12368896,0.6542720471694401,1806253
3085,1352781,hit,1024,969728,23408512,12368896,0.6542819423922493,1806253
3086,1362123,miss,1024,969728,23408512,12369920,0.6542632164539799,1806253
3087,1362141,insert,1024,970752,23408512,12369920,0.6542632164539799,1806253
3088,1362141,hit,1024,970752,23409536,12369920,0.6542731113631242,1806253
3089,1362146,miss,1024,970752,23409536,12370944,0.6542543867494232,1806253
3090,1362164,insert,1024,971776,23409536,12370944,0.6542543867494232,1806253
3091,1362164,hit,1024,971776,23410560,12370944,0.6542642813449093,1806253
3092,1362169,miss,1024,971776,23410560,12371968,0.6542455580555963,1806253
3093,1362187,insert,1024,972800,23410560,12371968,0.6542455580555963,1806253
3094,1362187,miss,1024,972800,23410560,12372992,0.6542268358378732,1806253
3095,1362205,insert,1024,973824,23410560,12372992,0.6542268358378732,1806253
3096,1362205,hit,1024,973824,23411584,12372992,0.6542367303723258,1806253
3097,1371547,miss,1024,973824,23411584,12374016,0.654218009478673,1806253
3098,1371565,insert,1024,974848,23411584,12374016,0.654218009478673,1806253
3099,1371565,hit,1024,974848,23412608,12374016,0.6542279036994381,1806253
3100,1371570,miss,1024,974848,23412608,12375040,0.6542091841296751,1806253
3101,1371588,insert,1024,975872,23412608,12375040,0.6542091841296751,1806253
3102,1371588,hit,1024,975872,23413632,12375040,0.6542190780367598,1806253
3103,1371593,miss,1024,975872,23413632,12376064,0.6542003597907062,1806253
3104,1371611,insert,1024,976896,23413632,12376064,0.6542003597907062,1806253
3105,1371611,miss,1024,976896,23413632,12377088,0.6541816426157395,1806253
3106,1371629,insert,1024,977920,23413632,12377088,0.6541816426157395,1806253
3107,1371629,hit,1024,977920,23414656,12377088,0.6541915364615929,1806253
3108,1380971,miss,1024,977920,23414656,12378112,0.6541728206100182,1806253
3109,1380989,insert,1024,978944,23414656,12378112,0.6541728206100182,1806253
3110,1380989,hit,1024,978944,23415680,12378112,0.6541827141421619,1806253
3111,1380994,miss,1024,978944,23415680,12379136,0.6541639996137988,1806253
3112,1381012,insert,1024,979968,23415680,12379136,0.6541639996137988,1806253
3113,1381012,hit,1024,979968,23416704,12379136,0.6541738928322397,1806253
3114,1381017,miss,1024,979968,23416704,12380160,0.6541551796269081,1806253
3115,1381035,insert,1024,980992,23416704,12380160,0.6541551796269081,1806253
3116,1381035,miss,1024,980992,23416704,12381184,0.6541364674921605,1806253
3117,1381053,insert,1024,982016,23416704,12381184,0.6541364674921605,1806253
3118,1381053,hit,1024,982016,23417728,12381184,0.6541463606491728,1806253
3119,1390395,miss,1024,982016,23417728,12382208,0.6541276498371393,1806253
3120,1390413,insert,1024,983040,23417728,12382208,0.6541276498371393,1806253
3121,1390413,hit,1024,983040,23418752,12382208,0.6541375426804198,1806253
3122,1390418,miss,1024,983040,23418752,12383232,0.6541188331909203,1806253
3123,1390436,insert,1024,984064,23418752,12383232,0.6541188331909203,1806253
3124,1390436,hit,1024,984064,23419776,12383232,0.6541287257204758,1806253
3125,1390441,miss,1024,984064,23419776,12384256,0.6541100175533303,1806253
3126,1390459,insert,1024,985088,23419776,12384256,0.6541100175533303,1806253
3127,1390459,miss,1024,985088,23419776,12385280,0.6540913104562663,1806253
3128,1390477,insert,1024,986112,23419776,12385280,0.6540913104562663,1806253
3129,1390477,hit,1024,986112,23420800,12385280,0.6541012029241962,1806253
3130,1397236,miss,1024,986112,23420800,12386304,0.6540824971491691,1806253
3131,1397254,insert,1024,987136,23420800,12386304,0.6540824971491691,1806253
3132,1397254,hit,18432,987136,23439232,12386304,0.6542604694037236,1806253
3133,1397330,miss,1024,987136,23439232,12387328,0.6542417692348916,1806253
3134,1397348,insert,1024,988160,23439232,12387328,0.6542417692348916,1806253
3135,1397348,hit,18432,988160,23457664,12387328,0.6544195629894407,1806253
3136,1397442,miss,1024,988160,23457664,12388352,0.6544008684256571,1806253
3137,1397460,insert,1024,989184,23457664,12388352,0.6544008684256571,1806253
3138,1397460,hit,18432,989184,23476096,12388352,0.6545784839627254,1806253
3139,1397554,miss,1024,989184,23476096,12389376,0.6545597950028372,1806253
3140,1397572,insert,1024,990208,23476096,12389376,0.6545597950028372,1806253
3141,1397778,miss,1024,990208,23476096,12390400,0.6545411071101007,1806253
3142,1397796,insert,1024,991232,23476096,12390400,0.6545411071101007,1806253
3143,1397890,miss,1024,991232,23476096,12391424,0.6545224202844244,1806253
3144,1397908,insert,1024,992256,23476096,12391424,0.6545224202844244,1806253
3145,1398002,miss,1024,992256,23476096,12392448,0.654503734525717,1806253
3146,1398020,insert,1024,993280,23476096,12392448,0.654503734525717,1806253
3147,1398114,miss,1024,993280,23476096,12393472,0.654485049833887,1806253
3148,1398132,insert,1024,994304,23476096,12393472,0.654485049833887,1806253
3149,1398356,miss,1024,994304,23476096,12394496,0.6544663662088431,1806253
3150,1398374,insert,1024,995328,23476096,12394496,0.6544663662088431,1806253
3151,1398450,miss,1024,995328,23476096,12395520,0.654447683650494,1806253
3152,1398468,insert,1024,996352,23476096,12395520,0.654447683650494,1806253
3153,1398562,miss,1024,996352,23476096,12396544,0.6544290021587483,1806253
3154,1398580,insert,1024,997376,23476096,12396544,0.6544290021587483,1806253
3155,1398692,miss,1024,997376,23476096,12397568,0.6544103217335145,1806253
3156,1398710,insert,1024,998400,23476096,12397568,0.6544103217335145,1806253
3157,1398916,miss,1024,998400,23476096,12398592,0.6543916423747016,1806253
3158,1398934,insert,1024,999424,23476096,12398592,0.6543916423747016,1806253
3159,1399010,miss,1024,999424,23476096,12399616,0.6543729640822181,1806253
3160,1399028,insert,1024,1000448,23476096,12399616,0.6543729640822181,1806253
3161,1399122,miss,1024,1000448,23476096,12400640,0.6543542868559726,1806253
3162,1399140,insert,1024,1001472,23476096,12400640,0.6543542868559726,1806253
3163,1399252,miss,1024,1001472,23476096,12401664,0.654335610695874,1806253
3164,1399270,insert,1024,1002496,23476096,12401664,0.654335610695874,1806253
3165,1399476,miss,1024,1002496,23476096,12402688,0.6543169356018309,1806253
3166,1399494,insert,1024,1003520,23476096,12402688,0.6543169356018309,1806253
3167,1399570,miss,1024,1003520,23476096,12403712,0.654298261573752,1806253
3168,1399588,insert,1024,1004544,23476096,12403712,0.654298261573752,1806253
3169,1399682,miss,1024,1004544,23476096,12404736,0.6542795886115461,1806253
3170,1399700,insert,1024,1005568,23476096,12404736,0.6542795886115461,1806253
3171,1399823,miss,1024,1005568,23476096,12405760,0.654260916715122,1806253
3172,1399830,miss,1024,1005568,23476096,12406784,0.6542422458843883,1806253
3173,1399860,insert,1024,1006592,23476096,12406784,0.6542422458843883,1806253
3174,1399874,insert,1024,1007616,23476096,12406784,0.6542422458843883,1806253
3175,1399874,hit,1024,1007616,23477120,12406784,0.6542521125906479,1806253
3176,1399879,miss,1024,1007616,23477120,12407808,0.6542334430767145,1806253
3177,1399913,insert,1024,1008640,23477120,12407808,0.6542334430767145,1806253
3178,1399913,hit,1024,1008640,23478144,12407808,0.654243309471071,1806253
3179,1399918,miss,1024,1008640,23478144,12408832,0.654224641273759,1806253
3180,1399936,insert,1024,1009664,23478144,12408832,0.654224641273759,1806253
3181,1399936,miss,1024,1009664,23478144,12409856,0.6542059741417744,1806253
3182,1399954,insert,1024,1010688,23478144,12409856,0.6542059741417744,1806253
3183,1399954,hit,18432,1010688,23496576,12409856,0.6543834820457795,1806253
3184,1400028,hit,18432,1010688,23515008,12409856,0.6545608078015271,1806253
3185,1400036,miss,1024,1010688,23515008,12410880,0.6545421507743943,1806253
3186,1400054,insert,1024,1011712,23515008,12410880,0.6545421507743943,1806253
3187,1400130,miss,1024,1011712,23515008,12411904,0.6545234948107981,1806253
3188,1400152,insert,1024,1012736,23515008,12411904,0.6545234948107981,1806253
3189,1400242,miss,1024,1012736,23515008,12412928,0.6545048399106478,1806253
3190,1400260,insert,1024,1013760,23515008,12412928,0.6545048399106478,1806253
3191,1400411,miss,1024,1013760,23515008,12413952,0.6544861860738524,1806253
3192,1400429,insert,1024,1014784,23515008,12413952,0.6544861860738524,1806253
3193,1400638,miss,1024,1014784,23515008,12414976,0.6544675333003209,1806253
3194,1400656,insert,1024,1015808,23515008,12414976,0.6544675333003209,1806253
3195,1400728,miss,1024,1015808,23515008,12416000,0.6544488815899626,1806253
3196,1400746,insert,1024,1016832,23515008,12416000,0.6544488815899626,1806253
3197,1400840,miss,1024,1016832,23515008,12417024,0.6544302309426865,1806253
3198,1400858,insert,1024,1017856,23515008,12417024,0.6544302309426865,1806253
3199,1400970,miss,1024,1017856,23515008,12418048,0.6544115813584016,1806253
3200,1400988,insert,1024,1018880,23515008,12418048,0.6544115813584016,1806253
3201,1400988,miss,4096,1018880,23515008,12422144,0.6543369936493576,1806253
3202,1401057,insert,4096,1022976,23515008,12422144,0.6543369936493576,1806253
3203,1401057,miss,1024,1022976,23515008,12423168,0.6543183493786663,1806253
3204,1401075,insert,1024,1024000,23515008,12423168,0.6543183493786663,1806253
3205,1407175,miss,1024,1024000,23515008,12424192,0.6542997061704211,1806253
3206,1407193,insert,1024,1025024,23515008,12424192,0.6542997061704211,1806253
3207,1407193,hit,1024,1025024,23516032,12424192,0.6543095557779495,1806253
3208,1407339,miss,1024,1025024,23516032,12425216,0.6542909138825674,1806253
3209,1407357,insert,1024,1026048,23516032,12425216,0.6542909138825674,1806253
3210,1407357,hit,1024,1026048,23517056,12425216,0.654300763179356,1806253
3211,1408406,miss,1024,1026048,23517056,12426240,0.654282122596659,1806253
3212,1408424,insert,1024,1027072,23517056,12426240,0.654282122596659,1806253
3213,1408424,hit,1024,1027072,23518080,12426240,0.6542919715827146,1806253
3214,1409373,miss,1024,1027072,23518080,12427264,0.6542733323125243,1806253
3215,1409391,insert,1024,1028096,23518080,12427264,0.6542733323125243,1806253
3216,1410082,miss,1024,1028096,23518080,12428288,0.6542546941042834,1806253
3217,1410100,insert,1024,1029120,23518080,12428288,0.6542546941042834,1806253
3218,1410100,hit,1024,1029120,23519104,12428288,0.6542645430299923,1806253
3219,1416651,miss,1024,1029120,23519104,12429312,0.6542459061339448,1806253
3220,1416669,insert,1024,1030144,23519104,12429312,0.6542459061339448,1806253
3221,1416669,hit,4096,1030144,23523200,12429312,0.6542852972276318,1806253
3222,1418667,miss,1024,1030144,23523200,12430336,0.654266662394486,1806253
3223,1418685,insert,1024,1031168,23523200,12430336,0.654266662394486,1806253
3224,1418685,hit,1024,1031168,23524224,12430336,0.6542765090158245,1806253
3225,1418690,miss,1024,1031168,23524224,12431360,0.6542578754943877,1806253
3226,1418708,insert,1024,1032192,23524224,12431360,0.6542578754943877,1806253
3227,1418708,hit,1024,1032192,23525248,12431360,0.6542677218051269,1806253
3228,1418713,miss,1024,1032192,23525248,12432384,0.6542490895952214,1806253
3229,1418731,insert,1024,1033216,23525248,12432384,0.6542490895952214,1806253
3230,1418731,miss,1024,1033216,23525248,12433408,0.6542304584465003,1806253
3231,1418749,insert,1024,1034240,23525248,12433408,0.6542304584465003,1806253
3232,1419506,miss,1024,1034240,23525248,12434432,0.654211828358873,1806253
3233,1419524,insert,1024,1035264,23525248,12434432,0.654211828358873,1806253
3234,1419524,hit,1024,1035264,23526272,12434432,0.6542216748593132,1806253
3235,1427124,miss,1024,1035264,23526272,12435456,0.6542030460827689,1806253
3236,1427142,insert,1024,1036288,23526272,12435456,0.6542030460827689,1806253
3237,1427142,hit,1024,1036288,23527296,12435456,0.654212892272538,1806253
3238,1428091,miss,1024,1036288,23527296,12436480,0.654194264806899,1806253
3239,1428109,insert,1024,1037312,23527296,12436480,0.654194264806899,1806253
3240,1428109,miss,1024,1037312,23527296,12437504,0.6541756384019931,1806253
3241,1428127,insert,1024,1038336,23527296,12437504,0.6541756384019931,1806253
3242,1435335,miss,1024,1038336,23527296,12438528,0.6541570130577294,1806253
3243,1435353,insert,1024,1039360,23527296,12438528,0.6541570130577294,1806253
3244,1435353,hit,4096,1039360,23531392,12438528,0.6541963952102201,1806253
3245,1435370,hit,1024,1039360,23532416,12438528,0.6542062393469573,1806253
3246,1435499,miss,1024,1039360,23532416,12439552,0.6541876163127911,1806253
3247,1435517,insert,1024,1040384,23532416,12439552,0.6541876163127911,1806253
3248,1435517,hit,4096,1040384,23536512,12439552,0.6542269882553022,1806253
3249,1435534,hit,1024,1040384,23537536,12439552,0.6542368298401472,1806253
3250,1436548,miss,1024,1040384,23537536,12440576,0.6542182091155867,1806253
3251,1436566,insert,1024,1041408,23537536,12440576,0.6542182091155867,1806253
3252,1437515,miss,1024,1041408,23537536,12441600,0.6541995894509529,1806253
3253,1437533,insert,1024,1042432,23537536,12441600,0.6541995894509529,1806253
3254,1437533,miss,1024,1042432,23537536,12442624,0.6541809708461552,1806253
3255,1437551,insert,1024,1043456,23537536,12442624,0.6541809708461552,1806253
3256,1438354,miss,1024,1043456,23537536,12443648,0.6541623533011032,1806253
3257,1438372,insert,1024,1044480,23537536,12443648,0.6541623533011032,1806253
3258,1438372,miss,1024,1044480,23537536,12444672,0.6541437368157063,1806253
3259,1438390,insert,1024,1045504,23537536,12444672,0.6541437368157063,1806253
3260,1444759,miss,1024,1045504,23537536,12445696,0.654125121389874,1806253
3261,1444777,insert,1024,1046528,23537536,12445696,0.654125121389874,1806253
3262,1444777,hit,1024,1046528,23538560,12445696,0.6541349639131069,1806253
3263,1444923,miss,1024,1046528,23538560,12446720,0.6541163497963611,1806253
3264,1444941,insert,1024,1047552,23538560,12446720,0.6541163497963611,1806253
3265,1444941,hit,1024,1047552,23539584,12446720,0.6541261920090488,1806253
3266,1445972,miss,1024,1047552,23539584,12447744,0.6541075792012122,1806253
3267,1445990,insert,1024,1048576,23539584,12447744,0.6541075792012122,1806253
3268,1446939,miss,1024,1048576,23539584,12448768,0.6540889674525802,1806253
3269,1446957,insert,1024,1048576,23539584,12448768,0.6540889674525802,1806253
3270,1446957,hit,4096,1048576,23543680,12448768,0.6541283326991262,1806253
3271,1446974,hit,1024,1048576,23544704,12448768,0.6541381726108556,1806253
3272,1447778,miss,1024,1048576,23544704,12449792,0.654119563168769,1806253
3273,1447796,insert,1024,1048576,23544704,12449792,0.654119563168769,1806253
3274,1447796,miss,1024,1048576,23544704,12450816,0.6541009547854845,1806253
3275,1447814,insert,1024,1048576,23544704,12450816,0.6541009547854845,1806253
3276,1454183,miss,1024,1048576,23544704,12451840,0.6540823474609118,1806253
3277,1454201,insert,1024,1048576,23544704,12451840,0.6540823474609118,1806253
3278,1454201,hit,1024,1048576,23545728,12451840,0.6540921875611152,1806253
3279,1454347,miss,1024,1048576,23545728,12452864,0.6540735815445227,1806253
3280,1454365,insert,1024,754432,23545728,12452864,0.6540735815445227,1806253
3281,1454365,hit,1024,754432,23546752,12452864,0.654083421334272,1806253
3282,1455396,miss,1024,754432,23546752,12453888,0.6540648166254822,1806253
3283,1455414,insert,1024,755456,23546752,12453888,0.6540648166254822,1806253
3284,1456363,miss,1024,755456,23546752,12454912,0.6540462129750447,1806253
3285,1456381,insert,1024,756480,23546752,12454912,0.6540462129750447,1806253
3286,1456381,hit,1024,756480,23547776,12454912,0.6540560527036203,1806253
3287,1457202,miss,1024,756480,23547776,12455936,0.654037450360674,1806253
3288,1457220,insert,1024,757504,23547776,12455936,0.654037450360674,1806253
3289,1457220,miss,1024,757504,23547776,12456960,0.654018849075855,1806253
3290,1457238,insert,1024,758528,23547776,12456960,0.654018849075855,1806253
3291,1463607,miss,1024,758528,23547776,12457984,0.654000248849073,1806253
3292,1463625,insert,1024,759552,23547776,12457984,0.654000248849073,1806253
3293,1463625,hit,1024,759552,23548800,12457984,0.6540100887654948,1806253
3294,1463771,miss,1024,759552,23548800,12459008,0.653991489845758,1806253
3295,1463789,insert,1024,760576,23548800,12459008,0.653991489845758,1806253
3296,1463789,hit,1024,760576,23549824,12459008,0.6540013294516189,1806253
3297,1464820,miss,1024,760576,23549824,12460032,0.6539827318387499,1806253
3298,1464838,insert,1024,761600,23549824,12460032,0.6539827318387499,1806253
3299,1465787,miss,1024,761600,23549824,12461056,0.6539641352835588,1806253
3300,1465805,insert,1024,762624,23549824,12461056,0.6539641352835588,1806253
3301,1465805,hit,1024,762624,23550848,12461056,0.6539739748278791,1806253
3302,1466626,miss,1024,762624,23550848,12462080,0.6539553795792444,1806253
3303,1466644,insert,1024,763648,23550848,12462080,0.6539553795792444,1806253
3304,1466644,hit,1024,763648,23551872,12462080,0.6539652188129756,1806253
3305,1473031,miss,1024,763648,23551872,12463104,0.6539466248707204,1806253
3306,1473049,insert,1024,764672,23551872,12463104,0.6539466248707204,1806253
3307,1473049,hit,1024,764672,23552896,12463104,0.6539564637938694,1806253
3308,1473195,miss,1024,764672,23552896,12464128,0.6539378711578169,1806253
3309,1473213,insert,1024,765696,23552896,12464128,0.6539378711578169,1806253
3310,1473213,miss,2048,765696,23552896,12466176,0.653900689057175,1806253
3311,1473248,insert,2048,767744,23552896,12466176,0.653900689057175,1806253
3312,1474244,miss,1024,767744,23552896,12467200,0.6538820995924053,1806253
3313,1474262,insert,1024,768768,23552896,12467200,0.6538820995924053,1806253
3314,1474262,hit,1024,768768,23553920,12467200,0.6538919389513708,1806253
3315,1474396,miss,2048,768768,23553920,12469248,0.6538547636898565,1806253
3316,1474431,insert,2048,770816,23553920,12469248,0.6538547636898565,1806253
3317,1474431,miss,2048,770816,23553920,12471296,0.6538175926551002,1806253
3318,1474466,insert,2048,772864,23553920,12471296,0.6538175926551002,1806253
3319,1475211,miss,1024,772864,23553920,12472320,0.6537990087225312,1806253
3320,1475229,insert,1024,773888,23553920,12472320,0.6537990087225312,1806253
3321,1475229,hit,1024,773888,23554944,12472320,0.6538088487652018,1806253
3322,1476050,miss,1024,773888,23554944,12473344,0.6537902661375417,1806253
3323,1476068,insert,1024,774912,23554944,12473344,0.6537902661375417,1806253
3324,1476068,miss,2048,774912,23554944,12475392,0.6537531040509864,1806253
3325,1476103,insert,2048,776960,23554944,12475392,0.6537531040509864,1806253
3326,1476103,miss,2048,776960,23554944,12477440,0.6537159461888505,1806253
3327,1476138,insert,2048,779008,23554944,12477440,0.6537159461888505,1806253
3328,1476138,miss,2048,779008,23554944,12479488,0.6536787925504141,1806253
3329,1476173,insert,2048,781056,23554944,12479488,0.6536787925504141,1806253
3330,1476173,miss,2048,781056,23554944,12481536,0.6536416431349565,1806253
3331,1476208,insert,2048,783104,23554944,12481536,0.6536416431349565,1806253
3332,1477251,miss,2048,783104,23554944,12483584,0.6536044979417583,1806253
3333,1477286,insert,2048,785152,23554944,12483584,0.6536044979417583,1806253
3334,1477286,miss,2048,785152,23554944,12485632,0.6535673569700995,1806253
3335,1477321,insert,2048,787200,23554944,12485632,0.6535673569700995,1806253
3336,1479395,miss,2048,787200,23554944,12487680,0.6535302202192604,1806253
3337,1479430,insert,2048,789248,23554944,12487680,0.6535302202192604,1806253
3338,1481539,miss,2048,789248,23554944,12489728,0.6534930876885217,1806253
3339,1481574,insert,2048,791296,23554944,12489728,0.6534930876885217,1806253
3340,1481574,miss,2048,791296,23554944,12491776,0.6534559593771638,1806253
3341,1481609,insert,2048,793344,23554944,12491776,0.6534559593771638,1806253
3342,1482455,miss,1024,793344,23554944,12492800,0.6534373968035281,1806253
3343,1482490,insert,1024,794368,23554944,12492800,0.6534373968035281,1806253
3344,1482611,miss,2048,794368,23554944,12494848,0.6534002748198936,1806253
3345,1482646,insert,2048,796416,23554944,12494848,0.6534002748198936,1806253
3346,1482646,miss,2048,796416,23554944,12496896,0.6533631570538425,1806253
3347,1482681,insert,2048,798464,23554944,12496896,0.6533631570538425,1806253
3348,1483693,miss,1024,798464,23554944,12497920,0.6533445997521862,1806253
3349,1483709,miss,2048,798464,23554944,12499968,0.6533074883111627,1806253
3350,1483713,insert,1024,799488,23554944,12499968,0.6533074883111627,1806253
3351,1483713,miss,2048,799488,23554944,12502016,0.6532703810859263,1806253
3352,1483779,insert,2048,801536,23554944,12502016,0.6532703810859263,1806253
3353,1483779,miss,2048,801536,23554944,12504064,0.6532332780757585,1806253
3354,1483783,insert,2048,803584,23554944,12504064,0.6532332780757585,1806253
3355,1483783,miss,2048,803584,23554944,12506112,0.6531961792799412,1806253
3356,1483849,insert,2048,805632,23554944,12506112,0.6531961792799412,1806253
3357,1483851,insert,2048,807680,23554944,12506112,0.6531961792799412,1806253
3358,1483851,miss,2048,807680,23554944,12508160,0.6531590846977565,1806253
3359,1483886,insert,2048,809728,23554944,12508160,0.6531590846977565,1806253
3360,1483886,miss,2048,809728,23554944,12510208,0.6531219943284864,1806253
3361,1483921,insert,2048,811776,23554944,12510208,0.6531219943284864,1806253
3362,1483921,miss,2048,811776,23554944,12512256,0.6530849081714134,1806253
3363,1483956,insert,2048,813824,23554944,12512256,0.6530849081714134,1806253
3364,1483956,miss,2048,813824,23554944,12514304,0.6530478262258198,1806253
3365,1483991,insert,2048,815872,23554944,12514304,0.6530478262258198,1806253
3366,1483991,miss,2048,815872,23554944,12516352,0.6530107484909885,1806253
3367,1484026,insert,2048,817920,23554944,12516352,0.6530107484909885,1806253
3368,1484026,miss,2048,817920,23554944,12518400,0.6529736749662022,1806253
3369,1484061,insert,2048,819968,23554944,12518400,0.6529736749662022,1806253
3370,1484061,miss,2048,819968,23554944,12520448,0.6529366056507439,1806253
3371,1484096,insert,2048,822016,23554944,12520448,0.6529366056507439,1806253
3372,1484635,miss,1024,822016,23554944,12521472,0.6529180725712886,1806253
3373,1484653,insert,1024,823040,23554944,12521472,0.6529180725712886,1806253
3374,1484653,miss,2048,823040,23554944,12523520,0.6528810095684783,1806253
3375,1484688,insert,2048,825088,23554944,12523520,0.6528810095684783,1806253
3376,1484688,miss,2048,825088,23554944,12525568,0.6528439507732041,1806253
3377,1484723,insert,2048,827136,23554944,12525568,0.6528439507732041,1806253
3378,1484723,miss,2048,827136,23554944,12527616,0.6528068961847496,1806253
3379,1484736,miss,2048,827136,23554944,12529664,0.6527698458023986,1806253
3380,1484763,miss,2048,827136,23554944,12531712,0.652732799625435,1806253
3381,1484789,insert,2048,829184,23554944,12531712,0.652732799625435,1806253
3382,1484789,miss,2048,829184,23554944,12533760,0.6526957576531427,1806253
3383,1484828,insert,2048,831232,23554944,12533760,0.6526957576531427,1806253
3384,1484828,miss,2048,831232,23554944,12535808,0.652658719884806,1806253
3385,1484868,insert,2048,833280,23554944,12535808,0.652658719884806,1806253
3386,1484868,miss,2048,833280,23554944,12537856,0.6526216863197092,1806253
3387,1484869,miss,2048,833280,23554944,12539904,0.652584656957137,1806253
3388,1484902,insert,2048,835328,23554944,12539904,0.652584656957137,1806253
3389,1484902,miss,2048,835328,23554944,12541952,0.6525476317963739,1806253
3390,1484954,insert,2048,837376,23554944,12541952,0.6525476317963739,1806253
3391,1484995,insert,2048,839424,23554944,12541952,0.6525476317963739,1806253
3392,1484995,insert,2048,841472,23554944,12541952,0.6525476317963739,1806253
3393,1484995,miss,2048,841472,23554944,12544000,0.6525106108367048,1806253
3394,1485011,insert,2048,843520,23554944,12544000,0.6525106108367048,1806253
3395,1485011,miss,2048,843520,23554944,12546048,0.6524735940774148,1806253
3396,1485065,insert,2048,845568,23554944,12546048,0.6524735940774148,1806253
3397,1485073,insert,2048,847616,23554944,12546048,0.6524735940774148,1806253
3398,1485073,miss,2048,847616,23554944,12548096,0.652436581517789,1806253
3399,1485108,insert,2048,849664,23554944,12548096,0.652436581517789,1806253
3400,1485108,miss,2048,849664,23554944,12550144,0.6523995731571129,1806253
3401,1485143,insert,2048,851712,23554944,12550144,0.6523995731571129,1806253
3402,1485143,miss,2048,851712,23554944,12552192,0.6523625689946718,1806253
3403,1485178,insert,2048,853760,23554944,12552192,0.6523625689946718,1806253
3404,1485178,miss,2048,853760,23554944,12554240,0.6523255690297516,1806253
3405,1485213,insert,2048,855808,23554944,12554240,0.6523255690297516,1806253
3406,1485213,miss,2048,855808,23554944,12556288,0.6522885732616378,1806253
3407,1485248,insert,2048,857856,23554944,12556288,0.6522885732616378,1806253
3408,1485248,miss,2048,857856,23554944,12558336,0.6522515816896167,1806253
3409,1485307,insert,2048,859904,23554944,12558336,0.6522515816896167,1806253
3410,1485858,miss,2048,859904,23554944,12560384,0.6522145943129742,1806253
3411,1485885,miss,2048,859904,23554944,12562432,0.6521776111309969,1806253
3412,1485888,miss,2048,859904,23554944,12564480,0.652140632142971,1806253
3413,1485908,insert,2048,861952,23554944,12564480,0.652140632142971,1806253
3414,1485908,miss,2048,861952,23554944,12566528,0.6521036573481833,1806253
3415,1485941,miss,2048,861952,23554944,12568576,0.6520666867459206,1806253
3416,1486004,insert,2048,864000,23554944,12568576,0.6520666867459206,1806253
3417,1486004,miss,2048,864000,23554944,12570624,0.6520297203354699,1806253
3418,1486010,insert,2048,866048,23554944,12570624,0.6520297203354699,1806253
3419,1486010,miss,2048,866048,23554944,12572672,0.6519927581161181,1806253
3420,1486037,insert,2048,868096,23554944,12572672,0.6519927581161181,1806253
3421,1486070,insert,2048,870144,23554944,12572672,0.6519927581161181,1806253
3422,1486070,miss,2048,870144,23554944,12574720,0.6519558000871528,1806253
3423,1486118,insert,2048,872192,23554944,12574720,0.6519558000871528,1806253
3424,1486121,insert,2048,874240,23554944,12574720,0.6519558000871528,1806253
3425,1486138,insert,2048,876288,23554944,12574720,0.6519558000871528,1806253
3426,1486188,miss,2048,876288,23554944,12576768,0.6519188462478611,1806253
3427,1486223,insert,2048,878336,23554944,12576768,0.6519188462478611,1806253
3428,1486884,miss,2048,878336,23554944,12578816,0.6518818965975309,1806253
3429,1486938,miss,2048,878336,23554944,12580864,0.6518449511354499,1806253
3430,1486946,miss,2048,878336,23554944,12582912,0.6518080098609059,1806253
3431,1487021,insert,2048,880384,23554944,12582912,0.6518080098609059,1806253
3432,1487021,miss,2048,880384,23554944,12584960,0.6517710727731872,1806253
3433,1487048,miss,2048,880384,23554944,12587008,0.6517341398715819,1806253
3434,1487124,insert,2048,882432,23554944,12587008,0.6517341398715819,1806253
3435,1487124,miss,2048,882432,23554944,12589056,0.6516972111553785,1806253
3436,1487136,insert,2048,884480,23554944,12589056,0.6516972111553785,1806253
3437,1487136,miss,2048,884480,23554944,12591104,0.6516602866238654,1806253
3438,1487204,insert,2048,886528,23554944,12591104,0.6516602866238654,1806253
3439,1487220,insert,2048,888576,23554944,12591104,0.6516602866238654,1806253
3440,1487220,miss,2048,888576,23554944,12593152,0.6516233662763317,1806253
3441,1487258,insert,2048,890624,23554944,12593152,0.6516233662763317,1806253
3442,1487258,miss,4608,890624,23554944,12597760,0.6515403107883715,1806253
3443,1487264,insert,2048,892672,23554944,12597760,0.6515403107883715,1806253
3444,1487295,miss,2048,892672,23554944,12599808,0.6515034040338598,1806253
3445,1487309,insert,2048,894720,23554944,12599808,0.6515034040338598,1806253
3446,1487370,insert,2048,896768,23554944,12599808,0.6515034040338598,1806253
3447,1487370,miss,4608,896768,23554944,12604416,0.6514203791217543,1806253
3448,1487453,insert,4608,901376,23554944,12604416,0.6514203791217543,1806253
3449,1487453,miss,4608,901376,23554944,12609024,0.6513373753676588,1806253
3450,1487763,miss,4608,901376,23554944,12613632,0.6512543927634862,1806253
3451,1487835,insert,4608,905984,23554944,12613632,0.6512543927634862,1806253
3452,1487835,miss,2048,905984,23554944,12615680,0.6512175183928262,1806253
3453,1487940,insert,2048,908032,23554944,12615680,0.6512175183928262,1806253
3454,1487940,miss,2048,908032,23554944,12617728,0.6511806481976228,1806253
3455,1487994,miss,2048,908032,23554944,12619776,0.6511437821771668,1806253
3456,1488045,insert,2048,910080,23554944,12619776,0.6511437821771668,1806253
3457,1488080,insert,2048,912128,23554944,12619776,0.6511437821771668,1806253
3458,1488080,miss,2048,912128,23554944,12621824,0.6511069203307492,1806253
3459,1488100,miss,2048,912128,23554944,12623872,0.6510700626576613,1806253
3460,1488162,miss,2048,912128,23554944,12625920,0.6510332091571942,1806253
3461,1488180,insert,2048,914176,23554944,12625920,0.6510332091571942,1806253
3462,1488180,miss,2048,914176,23554944,12627968,0.6509963598286396,1806253
3463,1488214,miss,2048,914176,23554944,12630016,0.6509595146712889,1806253
3464,1488220,insert,2048,916224,23554944,12630016,0.6509595146712889,1806253
3465,1488220,hit,4608,916224,23559552,12630016,0.6510039578256364,1806253
3466,1488239,hit,4608,916224,23564160,12630016,0.6510483896635746,1806253
3467,1488261,miss,2048,916224,23564160,12632064,0.6510115530282938,1806253
3468,1488313,insert,2048,918272,23564160,12632064,0.6510115530282938,1806253
3469,1488313,miss,2048,918272,23564160,12634112,0.6509747205612467,1806253
3470,1488337,insert,2048,920320,23564160,12634112,0.6509747205612467,1806253
3471,1488337,miss,2048,920320,23564160,12636160,0.6509378922617258,1806253
3472,1488379,insert,2048,922368,23564160,12636160,0.6509378922617258,1806253
3473,1488387,miss,2048,922368,23564160,12638208,0.650901068129024,1806253
3474,1488434,insert,2048,924416,23564160,12638208,0.650901068129024,1806253
3475,1488434,miss,2048,924416,23564160,12640256,0.6508642481624342,1806253
3476,1488486,insert,2048,926464,23564160,12640256,0.6508642481624342,1806253
3477,1488505,insert,2048,928512,23564160,12640256,0.6508642481624342,1806253
3478,1488505,miss,2048,928512,23564160,12642304,0.6508274323612491,1806253
3479,1488554,insert,2048,930560,23564160,12642304,0.6508274323612491,1806253
3480,1488596,insert,2048,932608,23564160,12642304,0.6508274323612491,1806253
3481,1488667,insert,2048,934656,23564160,12642304,0.6508274323612491,1806253
3482,1488667,miss,2048,934656,23564160,12644352,0.6507906207247621,1806253
3483,1488824,insert,2048,936704,23564160,12644352,0.6507906207247621,1806253
3484,1489184,miss,2048,936704,23564160,12646400,0.6507538132522668,1806253
3485,1489244,miss,2048,936704,23564160,12648448,0.6507170099430563,1806253
3486,1489259,insert,2048,938752,23564160,12648448,0.6507170099430563,1806253
3487,1489259,miss,2048,938752,23564160,12650496,0.6506802107964246,1806253
3488,1489289,miss,2048,938752,23564160,12652544,0.6506434158116653,1806253
3489,1489323,miss,2048,938752,23564160,12654592,0.6506066249880724,1806253
3490,1489381,insert,2048,940800,23564160,12654592,0.6506066249880724,1806253
3491,1489381,miss,4608,940800,23564160,12659200,0.650523860845598,1806253
3492,1489406,insert,2048,942848,23564160,12659200,0.650523860845598,1806253
3493,1489446,insert,2048,944896,23564160,12659200,0.650523860845598,1806253
3494,1489446,miss,2048,944896,23564160,12661248,0.6504870835409224,1806253
3495,1489479,insert,2048,946944,23564160,12661248,0.6504870835409224,1806253
3496,1489560,insert,2048,948992,23564160,12661248,0.6504870835409224,1806253
3497,1489560,hit,4608,948992,23568768,12661248,0.6505315371652057,1806253
3498,1489579,hit,4608,948992,23573376,12661248,0.6505759794830491,1806253
3499,1489598,miss,2048,948992,23573376,12663296,0.6505392106648205,1806253
3500,1489638,insert,4608,953600,23573376,12663296,0.6505392106648205,1806253
3501,1489638,miss,4608,953600,23573376,12667904,0.6504564960178006,1806253
3502,1489716,miss,2048,953600,23573376,12669952,0.6504197407037234,1806253
3503,1489777,insert,2048,955648,23573376,12669952,0.6504197407037234,1806253
3504,1489777,miss,2048,955648,23573376,12672000,0.650382989543273,1806253
3505,1489878,insert,2048,957696,23573376,12672000,0.650382989543273,1806253
3506,1489910,insert,2048,959744,23573376,12672000,0.650382989543273,1806253
3507,1489910,miss,2048,959744,23573376,12674048,0.6503462425357455,1806253
3508,1489957,insert,4608,964352,23573376,12674048,0.6503462425357455,1806253
3509,1489970,miss,2048,964352,23573376,12676096,0.6503094996804367,1806253
3510,1490009,insert,2048,966400,23573376,12676096,0.6503094996804367,1806253
3511,1490009,miss,2048,966400,23573376,12678144,0.6502727609766432,1806253
3512,1490075,insert,2048,968448,23573376,12678144,0.6502727609766432,1806253
3513,1490100,insert,2048,970496,23573376,12678144,0.6502727609766432,1806253
3514,1490100,miss,2048,970496,23573376,12680192,0.6502360264236613,1806253
3515,1490170,insert,2048,972544,23573376,12680192,0.6502360264236613,1806253
3516,1490170,miss,2048,972544,23573376,12682240,0.6501992960207875,1806253
3517,1490213,miss,2048,972544,23573376,12684288,0.6501625697673187,1806253
3518,1490243,insert,2048,974592,23573376,12684288,0.6501625697673187,1806253
3519,1490243,miss,2048,974592,23573376,12686336,0.6501258476625518,1806253
3520,1490262,miss,2048,974592,23573376,12688384,0.6500891297057837,1806253
3521,1490294,miss,2048,974592,23573376,12690432,0.6500524158963118,1806253
3522,1490298,insert,2048,976640,23573376,12690432,0.6500524158963118,1806253
3523,1490340,insert,2048,978688,23573376,12690432,0.6500524158963118,1806253
3524,1490340,miss,2048,978688,23573376,12692480,0.6500157062334334,1806253
3525,1490368,insert,2048,980736,23573376,12692480,0.6500157062334334,1806253
3526,1490368,miss,2048,980736,23573376,12694528,0.6499790007164461,1806253
3527,1490400,insert,2048,982784,23573376,12694528,0.6499790007164461,1806253
3528,1490430,insert,2048,984832,23573376,12694528,0.6499790007164461,1806253
3529,1490430,hit,4608,984832,23577984,12694528,0.6500234668059384,1806253
3530,1490439,insert,2048,986880,23577984,12694528,0.6500234668059384,1806253
3531,1490449,hit,4608,986880,23582592,12694528,0.6500679215990685,1806253
3532,1490474,miss,2048,986880,23582592,12696576,0.6500312245308382,1806253
3533,1490509,insert,2048,988928,23582592,12696576,0.6500312245308382,1806253
3534,1490648,miss,2048,988928,23582592,12698624,0.6499945316055559,1806253
3535,1490705,insert,2048,990976,23582592,12698624,0.6499945316055559,1806253
3536,1490721,miss,2048,990976,23582592,12700672,0.64995784282252,1806253
3537,1490826,insert,2048,993024,23582592,12700672,0.64995784282252,1806253
3538,1490826,hit,4608,993024,23587200,12700672,0.6500022927770468,1806253
3539,1490845,hit,4608,993024,23591808,12700672,0.6500467314440898,1806253
3540,1491218,miss,2048,993024,23591808,12702720,0.6500100511019181,1806253
3541,1491253,insert,2048,995072,23591808,12702720,0.6500100511019181,1806253
3542,1491253,hit,4608,995072,23596416,12702720,0.6500544806355721,1806253
3543,1491272,hit,4608,995072,23601024,12702720,0.6500988988904285,1806253
3544,1491291,miss,2048,995072,23601024,12704768,0.6500622269857107,1806253
3545,1491325,miss,2048,995072,23601024,12706816,0.6500255592180642,1806253
3546,1491327,insert,2048,997120,23601024,12706816,0.6500255592180642,1806253
3547,1491327,miss,2048,997120,23601024,12708864,0.649988895586789,1806253
3548,1491395,insert,2048,999168,23601024,12708864,0.649988895586789,1806253
3549,1491396,insert,2048,1001216,23601024,12708864,0.649988895586789,1806253
3550,1491396,miss,2048,1001216,23601024,12710912,0.649952236091185,1806253
3551,1491431,insert,2048,1003264,23601024,12710912,0.649952236091185,1806253
3552,1491431,miss,2048,1003264,23601024,12712960,0.6499155807305528,1806253
3553,1491466,insert,2048,1005312,23601024,12712960,0.6499155807305528,1806253
3554,1491466,miss,2048,1005312,23601024,12715008,0.6498789295041926,1806253
3555,1491501,insert,2048,1007360,23601024,12715008,0.6498789295041926,1806253
3556,1491501,miss,2048,1007360,23601024,12717056,0.649842282411405,1806253
3557,1491536,insert,2048,1009408,23601024,12717056,0.649842282411405,1806253
3558,1491536,hit,2048,1009408,23603072,12717056,0.6498620269179668,1806253
3559,1492140,miss,2048,1009408,23603072,12719104,0.64982538491086,1806253
3560,1492175,insert,2048,1011456,23603072,12719104,0.64982538491086,1806253
3561,1492175,hit,4608,1011456,23607680,12719104,0.6498698040542207,1806253
3562,1500860,miss,2048,1011456,23607680,12721152,0.6498331683220644,1806253
3563,1500895,insert,2048,1013504,23607680,12721152,0.6498331683220644,1806253
3564,1500895,miss,2048,1013504,23607680,12723200,0.6497965367202776,1806253
3565,1500930,insert,2048,1015552,23607680,12723200,0.6497965367202776,1806253
3566,1500930,hit,2048,1015552,23609728,12723200,0.6498162768494739,1806253
3567,1500939,miss,2048,1015552,23609728,12725248,0.6497796503292035,1806253
3568,1500974,insert,2048,1017600,23609728,12725248,0.6497796503292035,1806253
3569,1500974,hit,2048,1017600,23611776,12725248,0.6497993891849811,1806253
3570,1500983,miss,2048,1017600,23611776,12727296,0.649762767744867,1806253
3571,1501018,insert,2048,1019648,23611776,12727296,0.649762767744867,1806253
3572,1510348,miss,2048,1019648,23611776,12729344,0.6497261504323477,1806253
3573,1510383,insert,2048,1021696,23611776,12729344,0.6497261504323477,1806253
3574,1510383,miss,2048,1021696,23611776,12731392,0.6496895372467254,1806253
3575,1510418,insert,2048,1023744,23611776,12731392,0.6496895372467254,1806253
3576,1510418,miss,2048,1023744,23611776,12733440,0.6496529281873026,1806253
3577,1510453,insert,2048,1025792,23611776,12733440,0.6496529281873026,1806253
3578,1510453,miss,2048,1025792,23611776,12735488,0.6496163232533816,1806253
3579,1510488,insert,2048,1027840,23611776,12735488,0.6496163232533816,1806253
3580,1510488,miss,2048,1027840,23611776,12737536,0.6495797224442652,1806253
3581,1510523,insert,2048,1029888,23611776,12737536,0.6495797224442652,1806253
3582,1510523,miss,2048,1029888,23611776,12739584,0.6495431257592563,1806253
3583,1510558,insert,2048,1031936,23611776,12739584,0.6495431257592563,1806253
3584,1510558,miss,2048,1031936,23611776,12741632,0.6495065331976578,1806253
3585,1510593,insert,2048,1033984,23611776,12741632,0.6495065331976578,1806253
3586,1510593,hit,2048,1033984,23613824,12741632,0.6495262774313709,1806253
3587,1519836,miss,2048,1033984,23613824,12743680,0.6494896899413117,1806253
3588,1519871,insert,2048,1036032,23613824,12743680,0.6494896899413117,1806253
3589,1519871,hit,2048,1036032,23615872,12743680,0.6495094328995032,1806253
3590,1519880,miss,2048,1036032,23615872,12745728,0.6494728504796269,1806253
3591,1519915,insert,2048,1038080,23615872,12745728,0.6494728504796269,1806253
3592,1519915,hit,2048,1038080,23617920,12745728,0.6494925921623705,1806253
3593,1519924,miss,2048,1038080,23617920,12747776,0.6494560148113211,1806253
3594,1519959,insert,2048,1040128,23617920,12747776,0.6494560148113211,1806253
3595,1519959,miss,2048,1040128,23617920,12749824,0.6494194415798792,1806253
3596,1519994,insert,2048,1042176,23617920,12749824,0.6494194415798792,1806253
3597,1519994,hit,2048,1042176,23619968,12749824,0.6494391829351127,1806253
3598,1529324,miss,2048,1042176,23619968,12751872,0.6494026147701079,1806253
3599,1529359,insert,2048,1044224,23619968,12751872,0.6494026147701079,1806253
3600,1529359,hit,2048,1044224,23622016,12751872,0.6494223548497208,1806253
3601,1529368,miss,2048,1044224,23622016,12753920,0.6493857917497986,1806253
3602,1529403,insert,2048,1046272,23622016,12753920,0.6493857917497986,1806253
3603,1529403,hit,2048,1046272,23624064,12753920,0.6494055305538646,1806253
3604,1529412,miss,2048,1046272,23624064,12755968,0.6493689725176712,1806253
3605,1529447,insert,2048,1048320,23624064,12755968,0.6493689725176712,1806253
3606,1529447,miss,2048,1048320,23624064,12758016,0.6493324185972874,1806253
3607,1529482,insert,2048,984832,23624064,12758016,0.6493324185972874,1806253
3608,1529482,hit,2048,984832,23626112,12758016,0.6493521570724465,1806253
3609,1538812,miss,2048,984832,23626112,12760064,0.649315608213405,1806253
3610,1538847,insert,2048,986880,23626112,12760064,0.649315608213405,1806253
3611,1538847,hit,2048,986880,23628160,12760064,0.6493353454128457,1806253
3612,1538856,miss,2048,986880,23628160,12762112,0.6492988016137939,1806253
3613,1538891,insert,2048,988928,23628160,12762112,0.6492988016137939,1806253
3614,1538891,hit,2048,988928,23630208,12762112,0.6493185375375904,1806253
3615,1538900,miss,2048,988928,23630208,12764160,0.6492819987971765,1806253
3616,1538935,insert,2048,990976,23630208,12764160,0.6492819987971765,1806253
3617,1538935,miss,2048,990976,23630208,12766208,0.6492454641687797,1806253
3618,1538970,insert,2048,993024,23630208,12766208,0.6492454641687797,1806253
3619,1538970,hit,2048,993024,23632256,12766208,0.6492651997622757,1806253
3620,1548300,miss,2048,993024,23632256,12768256,0.6492286701901336,1806253
3621,1548335,insert,2048,995072,23632256,12768256,0.6492286701901336,1806253
3622,1548335,hit,2048,995072,23634304,12768256,0.6492484045078148,1806253
3623,1548344,miss,2048,995072,23634304,12770304,0.6492118799905771,1806253
3624,1548379,insert,2048,997120,23634304,12770304,0.6492118799905771,1806253
3625,1548379,hit,2048,997120,23636352,12770304,0.649231613032518,1806253
3626,1548388,miss,2048,997120,23636352,12772352,0.6491950935688345,1806253
3627,1548423,insert,2048,999168,23636352,12772352,0.6491950935688345,1806253
3628,1548423,miss,2048,999168,23636352,12774400,0.6491585782133805,1806253
3629,1548458,insert,2048,1001216,23636352,12774400,0.6491585782133805,1806253
3630,1548458,hit,2048,1001216,23638400,12774400,0.6491783109236312,1806253
3631,1557788,miss,2048,1001216,23638400,12776448,0.6491418006193518,1806253
3632,1557823,insert,2048,1003264,23638400,12776448,0.6491418006193518,1806253
3633,1557823,hit,2048,1003264,23640448,12776448,0.6491615320536929,1806253
3634,1557832,miss,2048,1003264,23640448,12778496,0.6491250267992394,1806253
3635,1557867,insert,2048,1005312,23640448,12778496,0.6491250267992394,1806253
3636,1557867,hit,2048,1005312,23642496,12778496,0.6491447569577457,1806253
3637,1557876,miss,2048,1005312,23642496,12780544,0.6491082567517703,1806253
3638,1557911,insert,2048,1007360,23642496,12780544,0.6491082567517703,1806253
3639,1557911,miss,2048,1007360,23642496,12782592,0.649071760650242,1806253
3640,1557946,insert,2048,1009408,23642496,12782592,0.649071760650242,1806253
3641,1557946,hit,4608,1009408,23647104,12782592,0.6491161496379217,1806253
3642,1557965,hit,4608,1009408,23651712,12782592,0.6491605273974769,1806253
3643,1558841,miss,2048,1009408,23651712,12784640,0.6491240396404119,1806253
3644,1558876,insert,2048,1011456,23651712,12784640,0.6491240396404119,1806253
3645,1558982,miss,2048,1011456,23651712,12786688,0.6490875559848951,1806253
3646,1559017,insert,2048,1013504,23651712,12786688,0.6490875559848951,1806253
3647,1559193,miss,2048,1013504,23651712,12788736,0.6490510764302349,1806253
3648,1559256,insert,2048,1015552,23651712,12788736,0.6490510764302349,1806253
3649,1559334,miss,2048,1015552,23651712,12790784,0.6490146009757399,1806253
3650,1559397,insert,2048,1017600,23651712,12790784,0.6490146009757399,1806253
3651,1559397,hit,4608,1017600,23656320,12790784,0.6490589759888742,1806253
3652,1559749,miss,2048,1017600,23656320,12792832,0.649022506751323,1806253
3653,1559784,insert,2048,1019648,23656320,12792832,0.649022506751323,1806253
3654,1559890,miss,2048,1019648,23656320,12794880,0.6489860416117987,1806253
3655,1559925,insert,2048,1021696,23656320,12794880,0.6489860416117987,1806253
3656,1560073,miss,2048,1021696,23656320,12796928,0.6489495805696107,1806253
3657,1560108,insert,2048,1023744,23656320,12796928,0.6489495805696107,1806253
3658,1560214,miss,2048,1023744,23656320,12798976,0.6489131236240683,1806253
3659,1560277,insert,2048,1025792,23656320,12798976,0.6489131236240683,1806253
3660,1560566,miss,2048,1025792,23656320,12801024,0.648876670774481,1806253
3661,1560629,insert,2048,1027840,23656320,12801024,0.648876670774481,1806253
3662,1560770,miss,2048,1027840,23656320,12803072,0.6488402220201588,1806253
3663,1560805,insert,2048,1029888,23656320,12803072,0.6488402220201588,1806253
3664,1560918,miss,2048,1029888,23656320,12805120,0.6488037773604114,1806253
3665,1560981,insert,2048,1031936,23656320,12805120,0.6488037773604114,1806253
3666,1561122,miss,2048,1031936,23656320,12807168,0.6487673367945491,1806253
3667,1561157,insert,2048,1033984,23656320,12807168,0.6487673367945491,1806253
3668,1561474,miss,2048,1033984,23656320,12809216,0.648730900321882,1806253
3669,1561509,insert,2048,1036032,23656320,12809216,0.648730900321882,1806253
3670,1561622,miss,2048,1036032,23656320,12811264,0.6486944679417205,1806253
3671,1561685,insert,2048,1038080,23656320,12811264,0.6486944679417205,1806253
3672,1561798,miss,2048,1038080,23656320,12813312,0.6486580396533752,1806253
3673,1561861,insert,2048,1040128,23656320,12813312,0.6486580396533752,1806253
3674,1561974,miss,2048,1040128,23656320,12815360,0.6486216154561567,1806253
3675,1562037,insert,2048,1042176,23656320,12815360,0.6486216154561567,1806253
3676,1562354,miss,2048,1042176,23656320,12817408,0.6485851953493759,1806253
3677,1562389,insert,2048,1044224,23656320,12817408,0.6485851953493759,1806253
3678,1562530,miss,2048,1044224,23656320,12819456,0.6485487793323438,1806253
3679,1562565,insert,2048,1046272,23656320,12819456,0.6485487793323438,1806253
3680,1562678,miss,2048,1046272,23656320,12821504,0.6485123674043715,1806253
3681,1562741,insert,2048,1048320,23656320,12821504,0.6485123674043715,1806253
3682,1562854,miss,2048,1048320,23656320,12823552,0.6484759595647704,1806253
3683,1562917,insert,2048,1048576,23656320,12823552,0.6484759595647704,1806253
3684,1563234,miss,2048,1048576,23656320,12825600,0.648439555812852,1806253
3685,1563269,insert,2048,1048576,23656320,12825600,0.648439555812852,1806253
3686,1563410,miss,2048,1048576,23656320,12827648,0.6484031561479278,1806253
3687,1563445,insert,2048,1048576,23656320,12827648,0.6484031561479278,1806253
3688,1563558,miss,2048,1048576,23656320,12829696,0.6483667605693096,1806253
3689,1563621,insert,2048,1048576,23656320,12829696,0.6483667605693096,1806253
3690,1563734,miss,2048,1048576,23656320,12831744,0.6483303690763095,1806253
3691,1563797,insert,2048,1048576,23656320,12831744,0.6483303690763095,1806253
3692,1564114,miss,2048,1048576,23656320,12833792,0.6482939816682394,1806253
3693,1564149,insert,2048,1048576,23656320,12833792,0.6482939816682394,1806253
3694,1564290,miss,2048,1048576,23656320,12835840,0.6482575983444115,1806253
3695,1564325,insert,2048,1048576,23656320,12835840,0.6482575983444115,1806253
3696,1564438,miss,2048,1048576,23656320,12837888,0.6482212191041384,1806253
3697,1564473,insert,2048,975360,23656320,12837888,0.6482212191041384,1806253
3698,1564614,miss,2048,975360,23656320,12839936,0.6481848439467325,1806253
3699,1564649,insert,2048,977408,23656320,12839936,0.6481848439467325,1806253
3700,1564649,miss,1024,977408,23656320,12840960,0.64816665789889,1806253
3701,1564667,insert,1024,978432,23656320,12840960,0.64816665789889,1806253
3702,1564667,miss,2048,978432,23656320,12843008,0.6481302888644963,1806253
3703,1564702,insert,2048,980480,23656320,12843008,0.6481302888644963,1806253
3704,1564871,miss,2048,980480,23656320,12845056,0.648093923911252,1806253
3705,1564934,insert,2048,982528,23656320,12845056,0.648093923911252,1806253
3706,1564934,hit,1024,982528,23657344,12845056,0.6481037959147892,1806253
3707,1564939,miss,4096,982528,23657344,12849152,0.648031079181086,1806253
3708,1565010,insert,4096,986624,23657344,12849152,0.648031079181086,1806253
3709,1565345,miss,2048,986624,23657344,12851200,0.6479947269329612,1806253
3710,1565380,insert,2048,988672,23657344,12851200,0.6479947269329612,1806253
3711,1565380,hit,1024,988672,23658368,12851200,0.6480045997805287,1806253
3712,1565385,miss,4096,988672,23658368,12855296,0.6479319084493959,1806253
3713,1565443,miss,2048,988672,23658368,12857344,0.647895568899218,1806253
3714,1565465,insert,4096,992768,23658368,12857344,0.647895568899218,1806253
3715,1565489,insert,2048,994816,23658368,12857344,0.647895568899218,1806253
3716,1565489,hit,1024,994816,23659392,12857344,0.6479054425893924,1806253
3717,1567487,miss,2048,994816,23659392,12859392,0.647869107580362,1806253
3718,1567522,insert,2048,996864,23659392,12859392,0.647869107580362,1806253
3719,1567522,hit,1024,996864,23660416,12859392,0.6478789811819383,1806253
3720,1569622,miss,2048,996864,23660416,12861440,0.6478426507130415,1806253
3721,1569657,insert,2048,998912,23660416,12861440,0.6478426507130415,1806253
3722,1569657,hit,2048,998912,23662464,12861440,0.647862397185142,1806253
3723,1576764,miss,2048,998912,23662464,12863488,0.647826071720184,1806253
3724,1576799,insert,2048,1000960,23662464,12863488,0.647826071720184,1806253
3725,1576799,hit,2048,1000960,23664512,12863488,0.6478458169075777,1806253
3726,1576808,miss,2048,1000960,23664512,12865536,0.6478094964452278,1806253
3727,1576843,insert,2048,1003008,23664512,12865536,0.6478094964452278,1806253
3728,1576843,hit,2048,1003008,23666560,12865536,0.6478292403479943,1806253
3729,1576852,miss,2048,1003008,23666560,12867584,0.6477929248869222,1806253
3730,1576887,insert,2048,1005056,23666560,12867584,0.6477929248869222,1806253
3731,1576887,hit,2048,1005056,23668608,12867584,0.6478126675051412,1806253
3732,1583671,miss,2048,1005056,23668608,12869632,0.6477763570440175,1806253
3733,1583734,insert,2048,1007104,23668608,12869632,0.6477763570440175,1806253
3734,1584241,miss,2048,1007104,23668608,12871680,0.6477400506531311,1806253
3735,1584276,insert,2048,1009152,23668608,12871680,0.6477400506531311,1806253
3736,1586252,miss,2048,1009152,23668608,12873728,0.6477037483317979,1806253
3737,1586287,insert,2048,1011200,23668608,12873728,0.6477037483317979,1806253
3738,1586287,hit,2048,1011200,23670656,12873728,0.6477234915219805,1806253
3739,1586296,miss,2048,1011200,23670656,12875776,0.6476871941972339,1806253
3740,1586331,insert,2048,1013248,23670656,12875776,0.6476871941972339,1806253
3741,1586331,miss,2048,1013248,23670656,12877824,0.6476509009403401,1806253
3742,1586366,insert,2048,1015296,23670656,12877824,0.6476509009403401,1806253
3743,1588598,miss,2048,1015296,23670656,12879872,0.6476146117506155,1806253
3744,1588633,insert,2048,1017344,23670656,12879872,0.6476146117506155,1806253
3745,1588633,miss,2048,1017344,23670656,12881920,0.6475783266273765,1806253
3746,1588668,insert,2048,1019392,23670656,12881920,0.6475783266273765,1806253
3747,1593701,miss,2048,1019392,23670656,12883968,0.6475420455699394,1806253
3748,1593736,insert,2048,1021440,23670656,12883968,0.6475420455699394,1806253
3749,1598086,miss,2048,1021440,23670656,12886016,0.6475057685776211,1806253
3750,1598121,insert,2048,1023488,23670656,12886016,0.6475057685776211,1806253
3751,1598121,miss,2048,1023488,23670656,12888064,0.6474694956497383,1806253
3752,1598156,insert,2048,1025536,23670656,12888064,0.6474694956497383,1806253
3753,1603189,miss,2048,1025536,23670656,12890112,0.647433226785608,1806253
3754,1603224,insert,2048,1027584,23670656,12890112,0.647433226785608,1806253
3755,1607574,miss,2048,1027584,23670656,12892160,0.6473969619845473,1806253
3756,1607609,insert,2048,1029632,23670656,12892160,0.6473969619845473,1806253
3757,1607609,miss,2048,1029632,23670656,12894208,0.6473607012458736,1806253
3758,1607644,insert,2048,1031680,23670656,12894208,0.6473607012458736,1806253
3759,1612677,miss,2048,1031680,23670656,12896256,0.6473244445689043,1806253
3760,1612712,insert,2048,1033728,23670656,12896256,0.6473244445689043,1806253
3761,1617062,miss,2048,1033728,23670656,12898304,0.6472881919529568,1806253
3762,1617097,insert,2048,1035776,23670656,12898304,0.6472881919529568,1806253
3763,1617097,miss,2048,1035776,23670656,12900352,0.647251943397349,1806253
3764,1617132,insert,2048,1037824,23670656,12900352,0.647251943397349,1806253
3765,1622165,miss,2048,1037824,23670656,12902400,0.6472156989013989,1806253
3766,1622200,insert,2048,1039872,23670656,12902400,0.6472156989013989,1806253
3767,1626550,miss,2048,1039872,23670656,12904448,0.6471794584644244,1806253
3768,1626585,insert,2048,1041920,23670656,12904448,0.6471794584644244,1806253
3769,1626585,hit,2048,1041920,23672704,12904448,0.6471992133231149,1806253
3770,1631653,miss,2048,1041920,23672704,12906496,0.6471629778672032,1806253
3771,1631688,insert,2048,1043968,23672704,12906496,0.6471629778672032,1806253
3772,1632935,miss,4096,1043968,23672704,12910592,0.6470905191265435,1806253
3773,1633004,insert,4096,1048064,23672704,12910592,0.6470905191265435,1806253
3774,1633004,miss,4096,1048064,23672704,12914688,0.6470180766095599,1806253
3775,1633073,insert,4096,978432,23672704,12914688,0.6470180766095599,1806253
3776,1635079,miss,4096,978432,23672704,12918784,0.6469456503108045,1806253
3777,1635148,insert,4096,982528,23672704,12918784,0.6469456503108045,1806253
3778,1635148,miss,4096,982528,23672704,12922880,0.6468732402248315,1806253
3779,1635217,insert,4096,986624,23672704,12922880,0.6468732402248315,1806253
3780,1635217,miss,4096,986624,23672704,12926976,0.6468008463461976,1806253
3781,1635286,insert,4096,990720,23672704,12926976,0.6468008463461976,1806253
3782,1636038,miss,2048,990720,23672704,12929024,0.6467646554829324,1806253
3783,1636073,insert,2048,992768,23672704,12929024,0.6467646554829324,1806253
3784,1636073,miss,4096,992768,23672704,12933120,0.6466922859051063,1806253
3785,1636142,insert,4096,996864,23672704,12933120,0.6466922859051063,1806253
3786,1636142,miss,4096,996864,23672704,12937216,0.6466199325210217,1806253
3787,1636211,insert,4096,1000960,23672704,12937216,0.6466199325210217,1806253
3788,1636211,miss,4096,1000960,23672704,12941312,0.6465475953252438,1806253
3789,1636280,insert,4096,1005056,23672704,12941312,0.6465475953252438,1806253
3790,1636280,miss,4096,1005056,23672704,12945408,0.6464752743123403,1806253
3791,1636349,insert,4096,1009152,23672704,12945408,0.6464752743123403,1806253
3792,1637223,miss,4096,1009152,23672704,12949504,0.6464029694768814,1806253
3793,1637292,insert,4096,1013248,23672704,12949504,0.6464029694768814,1806253
3794,1637292,miss,4096,1013248,23672704,12953600,0.6463306808134395,1806253
3795,1637320,miss,4096,1013248,23672704,12957696,0.6462584083165895,1806253
3796,1637402,insert,4096,1017344,23672704,12957696,0.6462584083165895,1806253
3797,1637430,insert,4096,1021440,23672704,12957696,0.6462584083165895,1806253
3798,1637430,miss,4096,1021440,23672704,12961792,0.6461861519809089,1806253
3799,1637499,insert,4096,1025536,23672704,12961792,0.6461861519809089,1806253
3800,1638295,miss,4096,1025536,23672704,12965888,0.6461139118009775,1806253
3801,1638364,insert,4096,1029632,23672704,12965888,0.6461139118009775,1806253
3802,1638364,miss,4096,1029632,23672704,12969984,0.6460416877713775,1806253
3803,1638433,insert,4096,1033728,23672704,12969984,0.6460416877713775,1806253
3804,1639464,miss,4096,1033728,23672704,12974080,0.6459694798866935,1806253
3805,1639533,insert,4096,1037824,23672704,12974080,0.6459694798866935,1806253
3806,1639533,miss,4096,1037824,23672704,12978176,0.6458972881415126,1806253
3807,1639602,insert,4096,1041920,23672704,12978176,0.6458972881415126,1806253
3808,1640439,miss,4096,1041920,23672704,12982272,0.6458251125304243,1806253
3809,1640508,insert,4096,1046016,23672704,12982272,0.6458251125304243,1806253
3810,1640508,miss,4096,1046016,23672704,12986368,0.6457529530480204,1806253
3811,1640536,miss,4096,1046016,23672704,12990464,0.6456808096888954,1806253
3812,1640618,insert,4096,1048576,23672704,12990464,0.6456808096888954,1806253
3813,1640646,insert,4096,1048576,23672704,12990464,0.6456808096888954,1806253
3814,1640646,miss,4096,1048576,23672704,12994560,0.6456086824476459,1806253
3815,1640715,insert,4096,1048576,23672704,12994560,0.6456086824476459,1806253
3816,1641511,miss,4096,1048576,23672704,12998656,0.6455365713188712,1806253
3817,1641580,insert,4096,1048576,23672704,12998656,0.6455365713188712,1806253
3818,1641580,miss,4096,1048576,23672704,13002752,0.6454644762971727,1806253
3819,1641608,miss,4096,1048576,23672704,13006848,0.6453923973771545,1806253
3820,1641690,insert,4096,1048576,23672704,13006848,0.6453923973771545,1806253
3821,1641718,insert,4096,975360,23672704,13006848,0.6453923973771545,1806253
3822,1641718,miss,4096,975360,23672704,13010944,0.6453203345534229,1806253
3823,1641788,insert,4096,979456,23672704,13010944,0.6453203345534229,1806253
3824,1641881,miss,4096,979456,23672704,13015040,0.6452482878205866,1806253
3825,1641950,insert,4096,983552,23672704,13015040,0.6452482878205866,1806253
3826,1641950,miss,4096,983552,23672704,13019136,0.6451762571732571,1806253
3827,1642024,insert,4096,987648,23672704,13019136,0.6451762571732571,1806253
3828,1642356,miss,4096,987648,23672704,13023232,0.6451042426060477,1806253
3829,1642466,insert,4096,991744,23672704,13023232,0.6451042426060477,1806253
3830,1642466,miss,4096,991744,23672704,13027328,0.6450322441135746,1806253
3831,1642563,insert,4096,995840,23672704,13027328,0.6450322441135746,1806253
3832,1642588,miss,4096,995840,23672704,13031424,0.6449602616904562,1806253
3833,1642657,insert,4096,999936,23672704,13031424,0.6449602616904562,1806253
3834,1642657,miss,4096,999936,23672704,13035520,0.6448882953313132,1806253
3835,1642680,miss,4096,999936,23672704,13039616,0.644816345030769,1806253
3836,1642772,insert,4096,1004032,23672704,13039616,0.644816345030769,1806253
3837,1642795,insert,4096,1008128,23672704,13039616,0.644816345030769,1806253
3838,1642795,miss,4096,1008128,23672704,13043712,0.644744410783449,1806253
3839,1642870,insert,4096,1012224,23672704,13043712,0.644744410783449,1806253
3840,1643022,miss,4096,1012224,23672704,13047808,0.6446724925839814,1806253
3841,1643096,insert,4096,1016320,23672704,13047808,0.6446724925839814,1806253
3842,1643096,miss,4096,1016320,23672704,13051904,0.6446005904269966,1806253
3843,1643255,insert,4096,1020416,23672704,13051904,0.6446005904269966,1806253
3844,1643433,miss,4096,1020416,23672704,13056000,0.6445287043071272,1806253
3845,1643548,insert,4096,1024512,23672704,13056000,0.6445287043071272,1806253
3846,1643548,miss,4096,1024512,23672704,13060096,0.6444568342190087,1806253
3847,1643640,insert,4096,1028608,23672704,13060096,0.6444568342190087,1806253
3848,1643745,miss,4096,1028608,23672704,13064192,0.6443849801572784,1806253
3849,1643798,miss,4096,1028608,23672704,13068288,0.6443131421165765,1806253
3850,1643830,insert,4096,1032704,23672704,13068288,0.6443131421165765,1806253
3851,1643830,miss,4096,1032704,23672704,13072384,0.6442413200915453,1806253
3852,1643967,insert,4096,1036800,23672704,13072384,0.6442413200915453,1806253
3853,1643967,miss,4096,1036800,23672704,13076480,0.6441695140768295,1806253
3854,1644031,insert,4096,1040896,23672704,13076480,0.6441695140768295,1806253
3855,1644094,miss,4096,1040896,23672704,13080576,0.6440977240670764,1806253
3856,1644206,insert,4096,1044992,23672704,13080576,0.6440977240670764,1806253
3857,1644292,insert,4096,1048576,23672704,13080576,0.6440977240670764,1806253
3858,1644292,miss,4096,1048576,23672704,13084672,0.6440259500569355,1806253
3859,1644447,insert,4096,1048576,23672704,13084672,0.6440259500569355,1806253
3860,1644447,miss,4096,1048576,23672704,13088768,0.6439541920410586,1806253
3861,1644614,insert,4096,1048576,23672704,13088768,0.6439541920410586,1806253
3862,1644636,miss,4096,1048576,23672704,13092864,0.6438824500141002,1806253
3863,1644678,miss,4096,1048576,23672704,13096960,0.6438107239707167,1806253
3864,1644845,miss,4096,1048576,23672704,13101056,0.6437390139055674,1806253
3865,1644863,insert,4096,1048576,23672704,13101056,0.6437390139055674,1806253
3866,1644863,miss,4096,1048576,23672704,13105152,0.6436673198133137,1806253
3867,1644919,insert,4096,1048576,23672704,13105152,0.6436673198133137,1806253
3868,1644919,miss,4096,1048576,23672704,13109248,0.6435956416886195,1806253
3869,1644923,miss,4096,1048576,23672704,13113344,0.6435239795261508,1806253
3870,1645239,miss,4096,1048576,23672704,13117440,0.6434523333205763,1806253
3871,1645249,insert,4096,1048576,23672704,13117440,0.6434523333205763,1806253
3872,1645249,miss,4096,1048576,23672704,13121536,0.6433807030665669,1806253
3873,1645290,insert,4096,1048576,23672704,13121536,0.6433807030665669,1806253
3874,1645403,insert,4096,1048576,23672704,13121536,0.6433807030665669,1806253
3875,1645410,insert,4096,975872,23672704,13121536,0.6433807030665669,1806253
3876,1645410,miss,1152,975872,23672704,13122688,0.6433605599309826,1806253
3877,1645533,insert,1152,977024,23672704,13122688,0.6433605599309826,1806253
3878,1645533,miss,1152,977024,23672704,13123840,0.6433404180566523,1806253
3879,1645640,insert,1152,978176,23672704,13123840,0.6433404180566523,1806253
3880,1645640,miss,4096,978176,23672704,13127936,0.6432688127163005,1806253
3881,1645689,insert,4096,982272,23672704,13127936,0.6432688127163005,1806253
3882,1645689,miss,4096,982272,23672704,13132032,0.6431972233138692,1806253
3883,1645695,insert,4096,986368,23672704,13132032,0.6431972233138692,1806253
3884,1645969,miss,4096,986368,23672704,13136128,0.6431256498440374,1806253
3885,1645992,insert,4096,990464,23672704,13136128,0.6431256498440374,1806253
3886,1646006,miss,4096,990464,23672704,13140224,0.6430540923014871,1806253
3887,1646029,insert,4096,994560,23672704,13140224,0.6430540923014871,1806253
3888,1646182,miss,4096,994560,23672704,13144320,0.6429825506809024,1806253
3889,1646384,insert,4096,998656,23672704,13144320,0.6429825506809024,1806253
3890,1646384,miss,4096,998656,23672704,13148416,0.6429110249769697,1806253
3891,1646441,insert,4096,1002752,23672704,13148416,0.6429110249769697,1806253
3892,1646441,miss,4096,1002752,23672704,13152512,0.642839515184378,1806253
3893,1646461,miss,4096,1002752,23672704,13156608,0.6427680212978184,1806253
3894,1646651,insert,4096,1006848,23672704,13156608,0.6427680212978184,1806253
3895,1646651,hit,1152,1006848,23673856,13156608,0.6427791949620836,1806253
3896,1646656,hit,1152,1006848,23675008,13156608,0.6427903679273806,1806253
3897,1646661,miss,4096,1006848,23675008,13160704,0.642718891927486,1806253
3898,1646847,insert,4096,1010944,23675008,13160704,0.642718891927486,1806253
3899,1646896,insert,4096,1015040,23675008,13160704,0.642718891927486,1806253
3900,1646910,insert,4096,1019136,23675008,13160704,0.642718891927486,1806253
3901,1646910,miss,4096,1019136,23675008,13164800,0.6426474318215774,1806253
3902,1646991,miss,4096,1019136,23675008,13168896,0.6425759876043537,1806253
3903,1647043,miss,4096,1019136,23675008,13172992,0.6425045592705168,1806253
3904,1647087,insert,4096,1023232,23675008,13172992,0.6425045592705168,1806253
3905,1647377,insert,4096,1027328,23675008,13172992,0.6425045592705168,1806253
3906,1647491,insert,4096,1031424,23675008,13172992,0.6425045592705168,1806253
3907,1647491,miss,4096,1031424,23675008,13177088,0.64243314681477,1806253
3908,1647551,insert,4096,1035520,23675008,13177088,0.64243314681477,1806253
3909,1647598,miss,4096,1035520,23675008,13181184,0.64236175023182,1806253
3910,1647916,insert,4096,1039616,23675008,13181184,0.64236175023182,1806253
3911,1647998,insert,4096,1043712,23675008,13181184,0.64236175023182,1806253
3912,1647998,hit,1152,1043712,23676160,13181184,0.6423729284454137,1806253
3913,1648003,hit,1152,1043712,23677312,13181184,0.6423841059602649,1806253
3914,1648008,miss,4096,1043712,23677312,13185280,0.6423127272222203,1806253
3915,1648113,miss,4096,1043712,23677312,13189376,0.6422413643449609,1806253
3916,1648145,miss,4096,1043712,23677312,13193472,0.6421700173232009,1806253
3917,1648481,insert,4096,1047808,23677312,13193472,0.6421700173232009,1806253
3918,1648481,miss,4096,1047808,23677312,13197568,0.6420986861516567,1806253
3919,1648499,miss,4096,1047808,23677312,13201664,0.6420273708250468,1806253
3920,1648532,miss,4096,1047808,23677312,13205760,0.6419560713380924,1806253
3921,1648683,insert,4096,1048320,23677312,13205760,0.6419560713380924,1806253
3922,1648683,miss,4096,1048320,23677312,13209856,0.641884787685517,1806253
3923,1648737,insert,4096,1048320,23677312,13209856,0.641884787685517,1806253
3924,1648737,miss,4096,1048320,23677312,13213952,0.6418135198620465,1806253
3925,1649126,insert,4096,1048320,23677312,13213952,0.6418135198620465,1806253
3926,1649126,miss,4096,1048320,23677312,13218048,0.6417422678624087,1806253
3927,1649146,insert,4096,1035520,23677312,13218048,0.6417422678624087,1806253
3928,1649175,insert,4096,1039616,23677312,13218048,0.6417422678624087,1806253
3929,1649285,insert,4096,1043712,23677312,13218048,0.6417422678624087,1806253
3930,1649288,miss,4096,1043712,23677312,13222144,0.6416710316813343,1806253
3931,1649327,insert,4096,1047808,23677312,13222144,0.6416710316813343,1806253
3932,1649327,hit,1152,1047808,23678464,13222144,0.6416822183526082,1806253
3933,1649591,insert,4096,1048320,23678464,13222144,0.6416822183526082,1806253
3934,1649591,miss,4096,1048320,23678464,13226240,0.641610998966419,1806253
3935,1649605,miss,4096,1048320,23678464,13230336,0.6415397953875499,1806253
3936,1649666,miss,4096,1048320,23678464,13234432,0.6414686076107385,1806253
3937,1649750,insert,4096,1048320,23678464,13234432,0.6414686076107385,1806253
3938,1649750,miss,4096,1048320,23678464,13238528,0.6413974356307253,1806253
3939,1650154,insert,4096,1048320,23678464,13238528,0.6413974356307253,1806253
3940,1650154,miss,4096,1048320,23678464,13242624,0.6413262794422526,1806253
3941,1650175,insert,4096,1048320,23678464,13242624,0.6413262794422526,1806253
3942,1650245,insert,4096,1048320,23678464,13242624,0.6413262794422526,1806253
3943,1650318,insert,4096,1048320,23678464,13242624,0.6413262794422526,1806253
3944,1650318,miss,4096,1048320,23678464,13246720,0.6412551390400655,1806253
3945,1650626,insert,4096,1048320,23678464,13246720,0.6412551390400655,1806253
3946,1650626,miss,4096,1048320,23678464,13250816,0.6411840144189109,1806253
3947,1650635,miss,4096,1048320,23678464,13254912,0.6411129055735387,1806253
3948,1650694,miss,4096,1048320,23678464,13259008,0.6410418124987005,1806253
3949,1650787,insert,4096,1047808,23678464,13259008,0.6410418124987005,1806253
3950,1650787,miss,4096,1047808,23678464,13263104,0.6409707351891506,1806253
3951,1650787,miss,4096,1047808,23678464,13267200,0.6408996736396455,1806253
3952,1651214,insert,4096,1047808,23678464,13267200,0.6408996736396455,1806253
3953,1651214,miss,4096,1047808,23678464,13271296,0.6408286278449441,1806253
3954,1651228,insert,4096,1048320,23678464,13271296,0.6408286278449441,1806253
3955,1651295,insert,4096,1047808,23678464,13271296,0.6408286278449441,1806253
3956,1651376,insert,4096,1047808,23678464,13271296,0.6408286278449441,1806253
3957,1651376,insert,4096,1047808,23678464,13271296,0.6408286278449441,1806253
3958,1651376,hit,1152,1047808,23679616,13271296,0.6408398255501786,1806253
3959,1651376,hit,1152,1047808,23680768,13271296,0.6408510225572244,1806253
3960,1651386,miss,4096,1047808,23680768,13275392,0.6407799944582987,1806253
3961,1651386,hit,1152,1047808,23681920,13275392,0.6407911917403517,1806253
3962,1651391,miss,4096,1047808,23681920,13279488,0.6407201803567656,1806253
3963,1651695,miss,4096,1047808,23681920,13283584,0.6406491847101558,1806253
3964,1651705,insert,4096,1047808,23681920,13283584,0.6406491847101558,1806253
3965,1651705,miss,4096,1047808,23681920,13287680,0.6405782047952913,1806253
3966,1651753,miss,4096,1047808,23681920,13291776,0.640507240606944,1806253
3967,1651905,insert,4096,1047808,23681920,13291776,0.640507240606944,1806253
3968,1651905,miss,4096,1047808,23681920,13295872,0.6404362921398876,1806253
3969,1651912,insert,4096,1047808,23681920,13295872,0.6404362921398876,1806253
3970,1651912,miss,4096,1047808,23681920,13299968,0.6403653593888987,1806253
3971,1652259,insert,4096,1047808,23681920,13299968,0.6403653593888987,1806253
3972,1652268,insert,4096,1047808,23681920,13299968,0.6403653593888987,1806253
3973,1652268,miss,1152,1047808,23681920,13301120,0.6403454123836223,1806253
3974,1652310,insert,4096,1047808,23681920,13301120,0.6403454123836223,1806253
3975,1652394,insert,1152,1047936,23681920,13301120,0.6403454123836223,1806253
3976,1652394,miss,1152,1047936,23681920,13302272,0.6403254666209823,1806253
3977,1652415,insert,4096,1047936,23681920,13302272,0.6403254666209823,1806253
3978,1652415,miss,4096,1047936,23681920,13306368,0.6402545584158964,1806253
3979,1652420,insert,4096,1047936,23681920,13306368,0.6402545584158964,1806253
3980,1652420,miss,4096,1047936,23681920,13310464,0.6401836659135026,1806253
3981,1652514,insert,1152,1048064,23681920,13310464,0.6401836659135026,1806253
3982,1652752,miss,4096,1048064,23681920,13314560,0.6401127891085855,1806253
3983,1652781,insert,4096,1033728,23681920,13314560,0.6401127891085855,1806253
3984,1652786,insert,4096,1037824,23681920,13314560,0.6401127891085855,1806253
3985,1652786,miss,4096,1037824,23681920,13318656,0.6400419279959317,1806253
3986,1652800,miss,4096,1037824,23681920,13322752,0.6399710825703305,1806253
3987,1652876,miss,4096,1037824,23681920,13326848,0.6399002528265734,1806253
3988,1653210,insert,4096,1041920,23681920,13326848,0.6399002528265734,1806253
3989,1653245,insert,4096,1046016,23681920,13326848,0.6399002528265734,1806253
3990,1653245,miss,4096,1046016,23681920,13330944,0.639829438759454,1806253
3991,1653262,insert,4096,1048064,23681920,13330944,0.639829438759454,1806253
3992,1653325,insert,4096,1032704,23681920,13330944,0.639829438759454,1806253
3993,1653325,miss,4096,1032704,23681920,13335040,0.6397586403637684,1806253
3994,1653559,insert,4096,1036800,23681920,13335040,0.6397586403637684,1806253
3995,1653559,miss,4096,1036800,23681920,13339136,0.6396878576343149,1806253
3996,1653564,miss,4096,1036800,23681920,13343232,0.6396170905658942,1806253
3997,1653612,miss,4096,1036800,23681920,13347328,0.6395463391533093,1806253
3998,1653619,insert,4096,1040896,23681920,13347328,0.6395463391533093,1806253
3999,1653699,miss,4096,1040896,23681920,13351424,0.6394756033913653,1806253
4000,1653849,insert,4096,1044992,23681920,13351424,0.6394756033913653,1806253
4001,1653849,miss,4096,1044992,23681920,13355520,0.63940488327487,1806253
4002,1653856,insert,4096,1048064,23681920,13355520,0.63940488327487,1806253
4003,1653892,insert,4096,1048064,23681920,13355520,0.63940488327487,1806253
4004,1653934,insert,4096,1048064,23681920,13355520,0.63940488327487,1806253
4005,1653934,hit,4096,1048064,23686016,13355520,0.6394447573664331,1806253
4006,1653959,miss,4096,1048064,23686016,13359616,0.639374056298999,1806253
4007,1653977,insert,4096,1048064,23686016,13359616,0.639374056298999,1806253
4008,1653977,miss,4096,1048064,23686016,13363712,0.6393033708641531,1806253
4009,1654097,insert,4096,1048064,23686016,13363712,0.6393033708641531,1806253
4010,1654097,hit,4096,1048064,23690112,13363712,0.6393432429538176,1806253
4011,1654106,insert,4096,1048064,23690112,13363712,0.6393432429538176,1806253
4012,1654106,hit,4096,1048064,23694208,13363712,0.6393831062293837,1806253
4013,1654269,miss,4096,1048064,23694208,13367808,0.6393124432302874,1806253
4014,1654338,insert,4096,1048064,23694208,13367808,0.6393124432302874,1806253
4015,1654338,hit,4096,1048064,23698304,13367808,0.639352301099182,1806253
4016,1659742,miss,4096,1048064,23698304,13371904,0.6392816571193773,1806253
4017,1659811,insert,4096,1048064,23698304,13371904,0.6392816571193773,1806253
4018,1659811,miss,4096,1048064,23698304,13376000,0.6392110287491843,1806253
4019,1659880,insert,4096,1048064,23698304,13376000,0.6392110287491843,1806253
4020,1659880,hit,4096,1048064,23702400,13376000,0.6392508846120653,1806253
4021,1662401,miss,4096,1048064,23702400,13380096,0.6391802752436082,1806253
4022,1662470,insert,4096,1031680,23702400,13380096,0.6391802752436082,1806253
4023,1662470,miss,4096,1031680,23702400,13384192,0.6391096814719455,1806253
4024,1662539,insert,4096,1035776,23702400,13384192,0.6391096814719455,1806253
4025,1662539,hit,4096,1035776,23706496,13384192,0.6391495353227203,1806253
4026,1669358,miss,4096,1035776,23706496,13388288,0.6390789605352601,1806253
4027,1669427,insert,4096,1039872,23706496,13388288,0.6390789605352601,1806253
4028,1669427,hit,4096,1039872,23710592,13388288,0.6391188089775217,1806253
4029,1669444,miss,4096,1039872,23710592,13392384,0.6390482531643823,1806253
4030,1669513,insert,4096,1043968,23710592,13392384,0.6390482531643823,1806253
4031,1669513,hit,4096,1043968,23714688,13392384,0.6390880961990211,1806253
4032,1672017,miss,4096,1043968,23714688,13396480,0.6390175593503282,1806253
4033,1672086,insert,4096,1048064,23714688,13396480,0.6390175593503282,1806253
4034,1672086,miss,4096,1048064,23714688,13400576,0.6389470380703745,1806253
4035,1672155,insert,4096,1033728,23714688,13400576,0.6389470380703745,1806253
4036,1672155,hit,4096,1033728,23718784,13400576,0.6389868790841221,1806253
4037,1678974,miss,4096,1033728,23718784,13404672,0.6389163767511301,1806253
4038,1679043,insert,4096,1037824,23718784,13404672,0.6389163767511301,1806253
4039,1679043,hit,4096,1037824,23722880,13404672,0.6389562123567963,1806253
4040,1679060,miss,4096,1037824,23722880,13408768,0.6388857289609122,1806253
4041,1679129,insert,4096,1041920,23722880,13408768,0.6388857289609122,1806253
4042,1679129,hit,4096,1041920,23726976,13408768,0.638925559159391,1806253
4043,1681633,miss,4096,1041920,23726976,13412864,0.6388550946907687,1806253
4044,1681702,insert,4096,1046016,23726976,13412864,0.6388550946907687,1806253
4045,1681702,miss,4096,1046016,23726976,13416960,0.6387846457629046,1806253
4046,1681771,insert,4096,1048064,23726976,13416960,0.6387846457629046,1806253
4047,1681771,hit,4096,1048064,23731072,13416960,0.638824473931755,1806253
4048,1688590,miss,4096,1048064,23731072,13421056,0.638754043913716,1806253
4049,1688659,insert,4096,1048064,23731072,13421056,0.638754043913716,1806253
4050,1688659,hit,4096,1048064,23735168,13421056,0.6387938666749344,1806253
4051,1688676,miss,4096,1048064,23735168,13425152,0.6387234555568951,1806253
4052,1688745,insert,4096,1048064,23735168,13425152,0.6387234555568951,1806253
4053,1688745,hit,4096,1048064,23739264,13425152,0.6387632729113785,1806253
4054,1691249,miss,4096,1048064,23739264,13429248,0.6386928806835205,1806253
4055,1691318,insert,4096,1048064,23739264,13429248,0.6386928806835205,1806253
4056,1691318,miss,4096,1048064,23739264,13433344,0.6386225039685136,1806253
4057,1691387,insert,4096,1048064,23739264,13433344,0.6386225039685136,1806253
4058,1691387,hit,4096,1048064,23743360,13433344,0.6386623192846789,1806253
4059,1698206,miss,4096,1048064,23743360,13437440,0.6385919614424649,1806253
4060,1698275,insert,4096,1048064,23743360,13437440,0.6385919614424649,1806253
4061,1698275,hit,4096,1048064,23747456,13437440,0.6386317713514649,1806253
4062,1698292,miss,4096,1048064,23747456,13441536,0.638561432372246,1806253
4063,1698361,insert,4096,1048064,23747456,13441536,0.638561432372246,1806253
4064,1698361,hit,4096,1048064,23751552,13441536,0.6386012368749806,1806253
4065,1700865,miss,4096,1048064,23751552,13445632,0.6385309167489668,1806253
4066,1700934,insert,4096,1048064,23751552,13445632,0.6385309167489668,1806253
4067,1700934,miss,4096,1048064,23751552,13449728,0.6384606121079704,1806253
4068,1701003,insert,4096,1048064,23751552,13449728,0.6384606121079704,1806253
4069,1701003,hit,4096,1048064,23755648,13449728,0.6385004145637447,1806253
4070,1707822,miss,4096,1048064,23755648,13453824,0.6384301287586128,1806253
4071,1707891,insert,4096,1048064,23755648,13453824,0.6384301287586128,1806253
4072,1707891,hit,4096,1048064,23759744,13453824,0.6384699258077055,1806253
4073,1707908,miss,4096,1048064,23759744,13457920,0.638399658828668,1806253
4074,1707977,insert,4096,1048064,23759744,13457920,0.638399658828668,1806253
4075,1707977,hit,4096,1048064,23763840,13457920,0.638439450471982,1806253
4076,1710481,miss,4096,1048064,23763840,13462016,0.6383692023092766,1806253
4077,1710550,insert,4096,1048064,23763840,13462016,0.6383692023092766,1806253
4078,1710550,miss,4096,1048064,23763840,13466112,0.6382989696038287,1806253
4079,1710619,insert,4096,1048064,23763840,13466112,0.6382989696038287,1806253
4080,1710619,hit,4096,1048064,23767936,13466112,0.6383387591915872,1806253
4081,1715272,miss,4096,1048064,23767936,13470208,0.6382685452851785,1806253
4082,1715341,insert,4096,1048064,23767936,13470208,0.6382685452851785,1806253
4083,1715341,hit,1152,1048064,23769088,13470208,0.6382797354708317,1806253
4084,1715346,hit,1152,1048064,23770240,13470208,0.638290924964168,1806253
4085,1717438,miss,4096,1048064,23770240,13474304,0.6382207283837332,1806253
4086,1717507,insert,4096,1048064,23770240,13474304,0.6382207283837332,1806253
4087,1717507,miss,4096,1048064,23770240,13478400,0.6381505472414564,1806253
4088,1717576,insert,4096,1047040,23770240,13478400,0.6381505472414564,1806253
4089,1717576,hit,1152,1047040,23771392,13478400,0.6381617379232615,1806253
4090,1717581,hit,1152,1047040,23772544,13478400,0.6381729279129141,1806253
4091,1719561,miss,4096,1047040,23772544,13482496,0.63810276408239,1806253
4092,1719716,insert,4096,1048064,23772544,13482496,0.63810276408239,1806253
4093,1719716,hit,1152,1048064,23773696,13482496,0.6381139543193249,1806253
4094,1720150,miss,4096,1048064,23773696,13486592,0.6380438068540962,1806253
4095,1720230,insert,4096,1048064,23773696,13486592,0.6380438068540962,1806253
4096,1720230,hit,1152,1048064,23774848,13486592,0.6380549973377304,1806253
4097,1720235,hit,1152,1048064,23776000,13486592,0.6380661871294407,1806253
4098,1720304,miss,4096,1048064,23776000,13490688,0.6379960569611123,1806253
4099,1720426,insert,4096,1048064,23776000,13490688,0.6379960569611123,1806253
4100,1720473,miss,4096,1048064,23776000,13494784,0.6379259422071722,1806253
4101,1720572,insert,4096,1048064,23776000,13494784,0.6379259422071722,1806253
4102,1720788,miss,4096,1048064,23776000,13498880,0.637855842862539,1806253
4103,1720898,insert,4096,1048064,23776000,13498880,0.637855842862539,1806253
4104,1721111,miss,4096,1048064,23776000,13502976,0.6377857589221335,1806253
4105,1721240,insert,4096,1048064,23776000,13502976,0.6377857589221335,1806253
4106,1721240,hit,1152,1048064,23777152,13502976,0.6377969517701226,1806253
4107,1721818,miss,4096,1048064,23777152,13507072,0.6377268841641976,1806253
4108,1721935,insert,4096,1048064,23777152,13507072,0.6377268841641976,1806253
4109,1721993,miss,4096,1048064,23777152,13511168,0.6376568319516674,1806253
4110,1722092,insert,4096,1048064,23777152,13511168,0.6376568319516674,1806253
4111,1722297,miss,4096,1048064,23777152,13515264,0.6375867951274597,1806253
4112,1722396,insert,4096,1048064,23777152,13515264,0.6375867951274597,1806253
4113,1722631,miss,4096,1048064,23777152,13519360,0.6375167736865045,1806253
4114,1722760,insert,4096,1048064,23777152,13519360,0.6375167736865045,1806253
4115,1723338,miss,4096,1048064,23777152,13523456,0.6374467676237342,1806253
4116,1723455,insert,4096,1048064,23777152,13523456,0.6374467676237342,1806253
4117,1723513,miss,4096,1048064,23777152,13527552,0.6373767769340831,1806253
4118,1723612,insert,4096,1047040,23777152,13527552,0.6373767769340831,1806253
4119,1723817,miss,4096,1047040,23777152,13531648,0.6373068016124882,1806253
4120,1723916,insert,4096,1047040,23777152,13531648,0.6373068016124882,1806253
4121,1724151,miss,4096,1047040,23777152,13535744,0.6372368416538883,1806253
4122,1724280,insert,4096,1047040,23777152,13535744,0.6372368416538883,1806253
4123,1724858,miss,4096,1047040,23777152,13539840,0.6371668970532245,1806253
4124,1725010,insert,4096,1047040,23777152,13539840,0.6371668970532245,1806253
4125,1725033,miss,4096,1047040,23777152,13543936,0.6370969678054402,1806253
4126,1725154,insert,4096,1047040,23777152,13543936,0.6370969678054402,1806253
4127,1725337,miss,4096,1047040,23777152,13548032,0.6370270539054811,1806253
4128,1725436,insert,4096,1047040,23777152,13548032,0.6370270539054811,1806253
4129,1725682,miss,4096,1047040,23777152,13552128,0.636957155348295,1806253
4130,1725820,insert,4096,1048064,23777152,13552128,0.636957155348295,1806253
4131,1726387,miss,4096,1048064,23777152,13556224,0.6368872721288319,1806253
4132,1726495,insert,4096,1047040,23777152,13556224,0.6368872721288319,1806253
4133,1726553,miss,4096,1047040,23777152,13560320,0.636817404242044,1806253
4134,1726652,insert,4096,1047040,23777152,13560320,0.636817404242044,1806253
4135,1726857,miss,4096,1047040,23777152,13564416,0.636747551682886,1806253
4136,1726958,insert,4096,1047040,23777152,13564416,0.636747551682886,1806253
4137,1727191,miss,4096,1047040,23777152,13568512,0.6366777144463143,1806253
4138,1727320,insert,4096,1047040,23777152,13568512,0.6366777144463143,1806253
4139,1727662,miss,4096,1047040,23777152,13572608,0.636607892527288,1806253
4140,1727731,insert,4096,1047040,23777152,13572608,0.636607892527288,1806253
4141,1727731,miss,4096,1047040,23777152,13576704,0.6365380859207681,1806253
4142,1727800,insert,4096,1047040,23777152,13576704,0.6365380859207681,1806253
4143,1727898,miss,4096,1047040,23777152,13580800,0.6364682946217181,1806253
4144,1728015,insert,4096,1048064,23777152,13580800,0.6364682946217181,1806253
4145,1728015,miss,4096,1048064,23777152,13584896,0.6363985186251032,1806253
4146,1728073,miss,4096,1048064,23777152,13588992,0.6363287579258914,1806253
4147,1728095,insert,4096,1048064,23777152,13588992,0.6363287579258914,1806253
4148,1728194,insert,4096,1048064,23777152,13588992,0.6363287579258914,1806253
4149,1728377,miss,4096,1048064,23777152,13593088,0.6362590125190526,1806253
4150,1728476,insert,4096,1048064,23777152,13593088,0.6362590125190526,1806253
4151,1728722,miss,4096,1048064,23777152,13597184,0.6361892823995589,1806253
4152,1728860,insert,4096,1048064,23777152,13597184,0.6361892823995589,1806253
4153,1728860,miss,4096,1048064,23777152,13601280,0.6361195675623846,1806253
4154,1728996,insert,4096,1048064,23777152,13601280,0.6361195675623846,1806253
4155,1729356,miss,4096,1048064,23777152,13605376,0.6360498680025064,1806253
4156,1729425,insert,4096,1048064,23777152,13605376,0.6360498680025064,1806253
4157,1729494,hit,4096,1048064,23781248,13605376,0.6360897416145411,1806253
4158,1730321,miss,4096,1048064,23781248,13609472,0.6360200605925749,1806253
4159,1730390,insert,4096,1048064,23781248,13609472,0.6360200605925749,1806253
4160,1730390,miss,4096,1048064,23781248,13613568,0.6359503948354767,1806253
4161,1730459,insert,4096,1048064,23781248,13613568,0.6359503948354767,1806253
4162,1734573,miss,4096,1048064,23781248,13617664,0.635880744338231,1806253
4163,1734642,insert,4096,1048064,23781248,13617664,0.635880744338231,1806253
4164,1734642,hit,4096,1048064,23785344,13617664,0.6359206190047603,1806253
4165,1736670,miss,4096,1048064,23785344,13621760,0.6358509870210749,1806253
4166,1736739,insert,4096,1048064,23785344,13621760,0.6358509870210749,1806253
4167,1736739,hit,4096,1048064,23789440,13621760,0.6358908562141818,1806253
4168,1736756,miss,4096,1048064,23789440,13625856,0.6358212427345222,1806253
4169,1736825,insert,4096,1048064,23789440,13625856,0.6358212427345222,1806253
4170,1736825,hit,4096,1048064,23793536,13625856,0.635861106455177,1806253
4171,1736842,miss,4096,1048064,23793536,13629952,0.6357915114700159,1806253
4172,1736911,insert,4096,1048064,23793536,13629952,0.6357915114700159,1806253
4173,1736911,miss,4096,1048064,23793536,13634048,0.6357219317175269,1806253
4174,1736980,insert,4096,1048064,23793536,13634048,0.6357219317175269,1806253
4175,1744189,miss,4096,1048064,23793536,13638144,0.6356523671927095,1806253
4176,1744258,insert,4096,1048064,23793536,13638144,0.6356523671927095,1806253
4177,1744258,hit,4096,1048064,23797632,13638144,0.6356922319441167,1806253
4178,1746286,miss,4096,1048064,23797632,13642240,0.6356226858895244,1806253
4179,1746355,insert,4096,1048064,23797632,13642240,0.6356226858895244,1806253
4180,1746355,hit,4096,1048064,23801728,13642240,0.6356625451661533,1806253
4181,1746372,miss,4096,1048064,23801728,13646336,0.6355930175722836,1806253
4182,1746441,insert,4096,1048064,23801728,13646336,0.6355930175722836,1806253
4183,1746441,hit,4096,1048064,23805824,13646336,0.6356328713751089,1806253
4184,1746458,miss,4096,1048064,23805824,13650432,0.6355633622324666,1806253
4185,1746527,insert,4096,1048064,23805824,13650432,0.6355633622324666,1806253
4186,1746527,miss,4096,1048064,23805824,13654528,0.6354938682903994,1806253
4187,1746596,insert,4096,1045504,23805824,13654528,0.6354938682903994,1806253
4188,1753805,miss,4096,1045504,23805824,13658624,0.6354243895439218,1806253
4189,1753874,insert,4096,1044992,23805824,13658624,0.6354243895439218,1806253
4190,1753874,hit,4096,1044992,23809920,13658624,0.6354642443538772,1806253
4191,1755902,miss,4096,1044992,23809920,13662720,0.6353947840344315,1806253
4192,1755971,insert,4096,1047040,23809920,13662720,0.6353947840344315,1806253
4193,1755971,hit,4096,1047040,23814016,13662720,0.6354346333682848,1806253
4194,1755988,miss,4096,1047040,23814016,13666816,0.6353651914664007,1806253
4195,1756057,insert,4096,1047040,23814016,13666816,0.6353651914664007,1806253
4196,1756057,hit,4096,1047040,23818112,13666816,0.6354050353251313,1806253
4197,1756074,miss,4096,1047040,23818112,13670912,0.6353356118313456,1806253
4198,1756143,insert,4096,1047040,23818112,13670912,0.6353356118313456,1806253
4199,1756143,miss,4096,1047040,23818112,13675008,0.6352662035061366,1806253
4200,1756212,insert,4096,1047040,23818112,13675008,0.6352662035061366,1806253
4201,1763421,miss,4096,1047040,23818112,13679104,0.6351968103445333,1806253
4202,1763490,insert,4096,1047040,23818112,13679104,0.6351968103445333,1806253
4203,1763490,hit,4096,1047040,23822208,13679104,0.6352366551868905,1806253
4204,1765518,miss,4096,1047040,23822208,13683200,0.635167280409268,1806253
4205,1765587,insert,4096,1047040,23822208,13683200,0.635167280409268,1806253
4206,1765587,hit,4096,1047040,23826304,13683200,0.635207119774231,1806253
4207,1765604,miss,4096,1047040,23826304,13687296,0.6351377633711507,1806253
4208,1765673,insert,4096,1047040,23826304,13687296,0.6351377633711507,1806253
4209,1765673,hit,4096,1047040,23830400,13687296,0.6351775972597038,1806253
4210,1765690,miss,4096,1047040,23830400,13691392,0.6351082592217344,1806253
4211,1765759,insert,4096,1047040,23830400,13691392,0.6351082592217344,1806253
4212,1765759,miss,4096,1047040,23830400,13695488,0.635038936320441,1806253
4213,1765828,insert,4096,1047040,23830400,13695488,0.635038936320441,1806253
4214,1773037,miss,4096,1047040,23830400,13699584,0.6349696285508675,1806253
4215,1773106,insert,4096,1047040,23830400,13699584,0.6349696285508675,1806253
4216,1773106,hit,4096,1047040,23834496,13699584,0.6350094633996624,1806253
4217,1775134,miss,4096,1047040,23834496,13703680,0.6349401739711594,1806253
4218,1775203,insert,4096,1047040,23834496,13703680,0.6349401739711594,1806253
4219,1775203,hit,4096,1047040,23838592,13703680,0.6349800033413002,1806253
4220,1775220,miss,4096,1047040,23838592,13707776,0.634910732244461,1806253
4221,1775289,insert,4096,1046528,23838592,13707776,0.634910732244461,1806253
4222,1775289,hit,4096,1046528,23842688,13707776,0.6349505561369362,1806253
4223,1775306,miss,4096,1046528,23842688,13711872,0.6348813033623614,1806253
4224,1775375,insert,4096,1048576,23842688,13711872,0.6348813033623614,1806253
4225,1775375,miss,4096,1048576,23842688,13715968,0.6348120656926595,1806253
4226,1775444,insert,4096,1048576,23842688,13715968,0.6348120656926595,1806253
4227,1782653,miss,4096,1048576,23842688,13720064,0.6347428431228894,1806253
4228,1782722,insert,4096,1048064,23842688,13720064,0.6347428431228894,1806253
4229,1782722,hit,4096,1048064,23846784,13720064,0.6347826679523393,1806253
4230,1784750,miss,4096,1048064,23846784,13724160,0.63471346368087,1806253
4231,1784819,insert,4096,1048064,23846784,13724160,0.63471346368087,1806253
4232,1784819,hit,4096,1048064,23850880,13724160,0.6347532830304372,1806253
4233,1784836,miss,4096,1048064,23850880,13728256,0.6346840970478939,1806253
4234,1784905,insert,4096,1048064,23850880,13728256,0.6346840970478939,1806253
4235,1784905,hit,4096,1048064,23854976,13728256,0.6347239109185714,1806253
4236,1784922,miss,4096,1048064,23854976,13732352,0.6346547432155859,1806253
4237,1784991,insert,4096,1048064,23854976,13732352,0.6346547432155859,1806253
4238,1784991,miss,4096,1048064,23854976,13736448,0.6345855905857677,1806253
4239,1785060,insert,4096,1048064,23854976,13736448,0.6345855905857677,1806253
4240,1792220,miss,4096,1048064,23854976,13740544,0.6345164530241901,1806253
4241,1792269,miss,4096,1048064,23854976,13744640,0.6344473305259287,1806253
4242,1792309,insert,4096,1048064,23854976,13744640,0.6344473305259287,1806253
4243,1792358,insert,4096,1048064,23854976,13744640,0.6344473305259287,1806253
4244,1792358,miss,4096,1048064,23854976,13748736,0.6343782230860613,1806253
4245,1792427,insert,4096,1048064,23854976,13748736,0.6343782230860613,1806253
4246,1793594,miss,4096,1048064,23854976,13752832,0.6343091306996674,1806253
4247,1793663,insert,4096,1048064,23854976,13752832,0.6343091306996674,1806253
4248,1794366,miss,4096,1048064,23854976,13756928,0.6342400533618293,1806253
4249,1794435,insert,4096,1048064,23854976,13756928,0.6342400533618293,1806253
4250,1797025,miss,4096,1048064,23854976,13761024,0.6341709910676308,1806253
4251,1797124,insert,4096,1048064,23854976,13761024,0.6341709910676308,1806253
